tree
version=v4
num_class=1
num_tree_per_iteration=1
label_index=0
max_feature_idx=22
objective=regression
feature_names=Column_0 Column_1 Column_2 Column_3 Column_4 Column_5 Column_6 Column_7 Column_8 Column_9 Column_10 Column_11 Column_12 Column_13 Column_14 Column_15 Column_16 Column_17 Column_18 Column_19 Column_20 Column_21 Column_22
monotone_constraints=0 0 0 0 0 0 0 1 1 0 0 0 0 0 0 0 0 0 0 0 0 0 0
feature_infos=[40:400] [-10.177777777777775:9.5777777777777775] [-6.5022222222222208:7.0680000000000005] [40:400] [0:75.808395039853508] [40:400] [0:97.862102362395248] [0:2283] [0:2283] [0:1440] [43.166666666666664:165.66666666666669] [0:675.00996159100009] [-1:1] [-1:1] [0:6] [0:492] [0:492] [0:576] [0:576] [-7.716444444444444:6.8364444444444414] [-3.8823780670766501:6.1976366232900117] [-31.37282836211407:96.8296872837969] [-97.560000000000016:32.799999999999997]
tree_sizes=2863 2908 2910 2892 2881 2893 2858 2886 2893 2873 2889 2875 2882 2868 2884 2891 2883 2875 2883 2888 2888 2882 2871 2859 2876 2885 2882 2874 2893 2872 2854 2882 2875 2851 2871 2890 2884 2869 2902 2907 2857 2904 2889 2885 2931 2903 2902 2876 2913 2895 2912 2898 2929 2932 2894 2896 2920 2910 2904 2914 2885 2904 2874 2902 2895 2909 2872 2920 2848 2887 2895 2920 2889 2923 2906 2943 2879 2893 2904 2910 2878 2928 2904 2879 2882 2927 2863 2874 2897 2916 2900 2862 2861 2887 2901 2904 2899 2878 2882 2862 2873 2856 2887 2881 2850 2910 2903 2866 2847 2827 2880 2847 2858 2865 2834 2880 2825 2894 2873 2853 2853 2868 2871 2839 2889 2880 2839 2839 2912 2850 2875 2859 2886 2874 2843 2913 2826 2859 2899 2846 2850 2888 2850 2883 2903 2871 2856 2854 2892 2876 2869 2907 2847 2838 2852 2875 2929 2866 2790 2832 2853 2846 2859 2873 2871 2792 2864 2846 2843 2850 2849 2887 2803 2847 2866 2862 2856 2833 2805 2875 2812 2840 2785 2866 2881 2845 2825 2852 2814 2867 2855 2843 2898 2864 2821 2818 2824 2840 2815 2821 2844 2800 2826 2858 2857 2839 2908 2823 2825 2827 2834 2795 2819 2875 2812 2819 2844 2813 2823 2823 2870 2790 2831 2843 2804 2833 2840 2815 2830 2822 2807 2826 2817 2776 2827 2840 2849 2828 2835 2848 2829 2900 2844 2845 2878 2837 2840 2855 2814 2874 2842 2795 2839 2836 2807 2812 2820 2809 2821 2805 2897 2823 2834 2850 2833 2808 2802 2797 2820 2841 2848 2834 2788 2885 2814 2852 2813 2847 2831 2802 2808 2805 2826 2859 2845 2844 2777 2814 2800 2802 2825 2814 2852 2809 2808 2807 2810 2835 2837 2834

Tree=0
num_leaves=31
num_cat=0
split_feature=0 0 0 0 0 0 0 3 20 20 9 9 20 17 9 9 9 22 0 1 13 20 20 12 0 2 12 2 20 7
split_gain=8.62384e+07 1.89275e+07 1.71809e+07 4.52358e+06 3.99629e+06 3.68975e+06 2.00773e+06 1.93535e+06 1.51272e+06 1.47022e+06 1.46441e+06 1.26871e+06 1.20743e+06 1.19145e+06 1.05106e+06 823198 765051 689175 663963 639151 599104 530138 503714 493120 475745 434233 412711 408562 381490 380089
threshold=158.21333333333334 225.62000000000003 124.02000000000002 100.25333333333336 288.90000000000003 184.22000000000003 138.22000000000003 64.737777777777794 0.80857950365463005 0.28105261530676334 37.500000000000007 32.500000000000007 0.46774783196903785 0.21500000000000005 52.500000000000007 27.500000000000004 77.500000000000014 -35.299999999999983 112.81333333333335 -0.40799999999999975 -0.88186879444286459 2.4007353610803159 -0.17771412670701431 0.49049438445969384 202.30000000000004 0.22666666666666671 0.39271506111191362 -0.34000000000000025 1.2566697942800695 65.550000000000011
decision_type=2 2 2 2 2 2 2 2 8 8 2 2 8 2 2 2 2 10 2 8 2 8 10 2 2 10 2 10 8 2
left_child=2 5 3 7 19 9 15 -1 11 14 17 23 13 -8 26 -4 -9 -5 -12 -3 -6 29 -17 -7 -10 -22 -2 -13 -11 -21
right_child=1 4 6 10 20 8 12 16 24 28 18 27 -14 -15 -16 22 -18 -19 -20 21 25 -23 -24 -25 -26 -27 -28 -29 -30 -31
leaf_value=134.32262397930165 141.33361143050911 141.58312039942527 139.24141206447871 139.11887082532431 143.70220751598833 142.15988031415378 138.81894715256527 137.30022566065654 139.61632404983621 139.38167836319161 137.02919285989736 140.45386805605057 138.20227126874408 140.36040851075495 139.88385404447433 138.25933210992625 136.35577183718507 137.76708521880224 137.44170940839194 142.94615458584121 144.83604401109204 141.50967844892105 137.76211294952776 146.33049420392578 140.57699698253586 146.946305996441 144.37062894119958 141.3927770667606 138.72298739784793 144.96517991959425
leaf_weight=1080 440 1516 1318 1426 345 126 13120 2567 2615 4969 18777 1684 8038 1386 5439 8297 13019 2783 20300 2253 403 608 13193 162 2541 617 150 3714 3942 260
leaf_count=1080 440 1516 1318 1426 345 126 13120 2567 2615 4969 18777 1684 8038 1386 5439 8297 13019 2783 20300 2253 403 608 13193 162 2541 617 150 3714 3942 260
internal_value=138.314 140.597 137.625 137.069 143.125 140.008 138.359 136.369 140.71 139.498 137.339 141.272 138.694 138.966 140.101 138.028 136.511 138.225 137.243 142.425 145.503 142.835 137.954 144.506 140.09 146.113 142.106 141.1 139.09 143.155
internal_weight=137088 31784 105304 59952 6002 25782 45352 16666 10842 14940 43286 5686 22544 14506 6029 22808 15586 4209 39077 4637 1365 3121 21490 288 5156 1020 590 5398 8911 2513
internal_count=137088 31784 105304 59952 6002 25782 45352 16666 10842 14940 43286 5686 22544 14506 6029 22808 15586 4209 39077 4637 1365 3121 21490 288 5156 1020 590 5398 8911 2513
is_linear=0
shrinkage=1


Tree=1
num_leaves=31
num_cat=0
split_feature=0 0 0 0 0 0 0 0 20 20 17 20 9 9 9 9 22 9 20 1 13 0 20 12 0 7 2 2 12 20
split_gain=7.78908e+07 1.8331e+07 1.41039e+07 3.91671e+06 3.60665e+06 3.52756e+06 2.04148e+06 1.65003e+06 1.4909e+06 1.36523e+06 1.27774e+06 1.14928e+06 1.19712e+06 1.14501e+06 908051 684618 682273 619593 595560 607006 540692 506361 489276 445041 431198 394669 392118 368727 350381 338652
threshold=155.22000000000003 225.62000000000003 121.02000000000002 184.22000000000003 288.90000000000003 98.373333333333349 133.90000000000006 63.63333333333334 0.060504060316375043 0.80857950365463005 0.015000000000000001 0.35676723823772977 37.500000000000007 32.500000000000007 42.500000000000007 27.500000000000004 -35.439999999999976 77.500000000000014 2.2916584839663652 0.15466666666666648 -0.88186879444286459 109.05333333333334 1.2566697942800695 0.49049438445969384 206.02000000000004 33.500000000000007 0.21333333333333401 -0.34000000000000025 0.39271506111191362 -0.27867952599616358
decision_type=2 2 2 2 2 2 2 2 8 8 2 8 2 2 2 2 8 2 10 10 2 2 8 2 2 2 10 10 2 8
left_child=2 3 5 8 18 7 15 -1 14 13 21 12 -8 23 28 -4 -12 -9 19 -3 -6 -7 25 -5 -11 -10 -22 -15 -2 -17
right_child=1 4 6 9 20 10 11 17 22 24 16 -13 -14 27 -16 29 -18 -19 -20 -21 26 -23 -24 -25 -26 -27 -28 -29 -30 -31
leaf_value=-3.7928216516675444 3.0009884484132923 3.6213168295732965 0.69454831910922588 3.6536884450250202 5.1188992315098858 -1.3467602906870195 2.053304323947716 -0.9782528336443943 0.8974701728654616 1.3077360389242467 0.62711736451860745 -0.18553520020601577 0.37521481941221518 2.0329768154338761 1.5424186508394295 -0.21356597012828843 -0.6326043046607438 -1.9110859932665318 2.7391819687822236 4.9036134487545908 6.1882027646005158 -0.95608928611038557 0.33008421050416903 7.6157716586266035 2.2382307327950604 2.3462147058549503 8.1961512400065697 2.9249404246120942 6.0523579591885213 -0.63417245661096067
leaf_weight=1082 355 2114 1299 126 345 13854 1145 2118 6989 3054 1487 10120 14803 1684 5157 7332 3878 11157 885 1638 400 20668 4388 162 2102 504 620 3714 128 13780
leaf_count=1082 355 2114 1299 126 345 13854 1145 2118 6989 3054 1487 10120 14803 1684 5157 7332 3878 11157 885 1638 400 20668 4388 162 2102 504 620 3714 128 13780
internal_value=1.08853e-08 2.06058 -0.689347 1.52935 4.57092 -1.24321 -0.0696141 -1.91529 1.06716 2.27628 -1.00131 0.231231 0.495695 2.81057 1.73658 -0.41955 -0.283451 -1.76225 3.90592 4.18113 6.82997 -1.11287 0.749375 5.88236 1.68708 0.994917 7.40872 2.64668 3.80963 -0.4881
internal_weight=137088 34365 102723 28363 6002 54244 48479 14357 17521 10842 39887 26068 15948 5686 5640 22411 5365 13275 4637 3752 1365 34522 11881 288 5156 7493 1020 5398 483 21112
internal_count=137088 34365 102723 28363 6002 54244 48479 14357 17521 10842 39887 26068 15948 5686 5640 22411 5365 13275 4637 3752 1365 34522 11881 288 5156 7493 1020 5398 483 21112
is_linear=0
shrinkage=0.05


Tree=2
num_leaves=31
num_cat=0
split_feature=0 0 0 0 0 0 0 5 20 9 20 20 9 9 7 9 17 0 22 13 20 20 13 1 0 2 12 20 20 1
split_gain=7.04899e+07 1.59949e+07 1.39378e+07 4.03748e+06 2.66456e+06 2.64168e+06 1.75505e+06 1.64668e+06 1.35537e+06 1.23748e+06 1.16619e+06 1.04445e+06 1.02529e+06 1.00123e+06 920220 784492 650671 645328 582881 518431 513189 501671 488092 392500 361978 343670 328698 317121 308198 307519
threshold=162.82000000000002 126.02000000000002 232.82000000000002 101.09000000000002 288.90000000000003 188.90000000000003 143.02000000000004 66.465000000000018 0.28105261530676334 37.500000000000007 1.0511170783707202 0.55138505709939833 32.500000000000007 47.500000000000007 51.500000000000007 32.500000000000007 0.03500000000000001 114.21333333333335 -35.299999999999983 -0.82531082829576841 -0.073496190527007496 -0.057947102411244081 -0.87137607974597309 0.13333333333333383 265.42000000000002 0.22666666666666671 0.49049438445969384 1.3908040050119592 1.3216508390461235 0.37333333333333324
decision_type=2 2 2 2 2 2 2 2 8 2 8 8 2 2 2 2 2 2 10 2 10 10 2 10 2 10 2 10 8 8
left_child=1 3 5 7 19 8 15 -1 14 18 12 13 26 -8 -2 21 -9 -11 -5 -4 -17 -3 -6 -14 27 -24 -7 -21 -10 -12
right_child=2 6 4 9 22 10 11 16 28 17 29 -13 23 -15 -16 20 -18 -19 -20 24 -22 -23 25 -25 -26 -27 -28 -29 -30 -31
leaf_value=-3.6244458815643785 1.7218208918573561 1.805035387148028 2.9645274665231485 0.77396317046270169 4.9408692796817526 3.7184636557644062 2.2050925256528355 -1.7320908100880346 1.109019402490296 -1.1253037218490818 1.2832752193233716 -0.0011629263027818568 2.3183796956949503 0.62632864976883262 4.8477926758378143 0.057802582758201798 -0.83095874036454254 -0.73100530841633748 -0.45188022455706478 4.4957449176932585 -0.41165749354881742 0.10974371414387292 5.916392773094068 3.1994440337570165 5.3675448182068912 7.8179110328091959 7.282796497709433 3.242250540995435 0.48372320278721831 2.1438219572036377
leaf_weight=1076 5026 805 1051 1468 371 110 1098 14358 4513 20378 2201 6907 3453 11761 247 10257 2328 21144 2857 1190 13461 953 393 1994 591 601 157 876 3498 1965
leaf_count=1076 5026 805 1051 1468 371 110 1098 14358 4513 20378 2201 6907 3453 11761 247 10257 2328 21144 2857 1190 13461 953 393 1994 591 601 157 876 3498 1965
internal_value=-4.00358e-09 -0.577466 2.22608 -1.08863 4.59981 1.70622 0.14121 -1.72862 1.24574 -0.84068 2.32536 0.494759 2.7892 0.761136 1.86825 -0.133098 -1.60637 -0.924517 -0.0358021 3.90455 -0.208636 0.886029 6.48848 2.64091 4.27639 7.0661 5.81434 3.96425 0.835984 1.68917
internal_weight=137088 108851 28237 63609 5073 23164 45242 17762 13284 45847 9880 19766 5714 12859 5273 25476 16686 41522 4325 3708 23718 1758 1365 5447 2657 994 267 2066 8011 4166
internal_count=137088 108851 28237 63609 5073 23164 45242 17762 13284 45847 9880 19766 5714 12859 5273 25476 16686 41522 4325 3708 23718 1758 1365 5447 2657 994 267 2066 8011 4166
is_linear=0
shrinkage=0.05


Tree=3
num_leaves=31
num_cat=0
split_feature=0 0 0 0 0 0 0 5 20 17 20 20 9 7 9 9 22 17 0 20 13 1 0 1 20 12 13 0 0 20
split_gain=6.36171e+07 1.44461e+07 1.25789e+07 3.48956e+06 2.40687e+06 2.40477e+06 1.76642e+06 1.45406e+06 1.32612e+06 1.12223e+06 975639 966129 928383 883029 847270 749630 652223 601421 542356 468281 467884 449939 388667 377733 371525 360181 343068 332054 326685 318994
threshold=162.82000000000002 125.02000000000002 232.82000000000002 100.25333333333336 191.58000000000001 288.90000000000003 142.22000000000003 46.57694444444445 0.28105261530676334 0.015000000000000001 1.3216508390461235 0.55138505709939833 47.500000000000007 51.500000000000007 37.500000000000007 27.500000000000004 -35.299999999999983 0.03500000000000001 114.21333333333335 -0.10579075337078632 -0.82531082829576841 -0.66666666666666707 82.053333333333356 -0.1919999999999992 -0.057947102411244081 0.49049438445969384 -0.91080963307804841 335.52000000000004 265.42000000000002 1.194340573802289
decision_type=2 2 2 2 2 2 2 2 8 2 8 8 2 2 2 2 10 2 2 10 2 10 2 8 10 2 2 2 2 8
left_child=1 3 4 7 8 20 15 -1 13 18 14 12 -8 -2 25 24 -11 22 -5 -17 -4 -7 -9 -16 -3 -6 -23 -28 -22 -10
right_child=2 6 5 9 10 21 11 17 29 16 -12 -13 -14 -15 23 19 -18 -19 -20 -21 28 26 -24 -25 -26 -27 27 -29 -30 -31
leaf_value=-4.2217687380755384 1.6728770021876362 1.7141155248524154 2.8163010986119539 -1.0962709912307966 3.2892753455998767 4.4573093415049225 2.0603529724194725 -2.2150921840300439 1.1282946064300272 0.59734541850397116 1.5440451243860784 -0.012234989583701244 0.57738254176790005 4.6342701861691298 2.0235510113919757 0.028570531842948135 -0.53719114511272281 -0.81078391897515667 -0.72427961895178117 -0.41289640008518991 3.7660409257234244 4.6704212844371797 -1.5682296314375235 2.8592315926333525 0.1551797724989559 6.5223635482027182 6.2991492521350283 8.3003933336641698 5.0991675433471118 0.5183234759558959
leaf_weight=540 5413 743 1051 20571 159 301 1153 2943 4316 1858 3072 7229 12463 264 2405 10324 3981 2175 18711 14365 2066 182 11008 3089 787 188 549 333 591 4258
leaf_count=540 5413 743 1051 20571 159 301 1153 2943 4316 1858 3072 7229 12463 264 2405 10324 3981 2175 18711 14365 2066 182 11008 3089 787 188 549 333 591 4258
internal_value=-6.30398e-09 -0.548593 2.11477 -1.05131 1.62091 4.36982 0.11139 -1.66958 1.21784 -0.822944 2.26538 0.454932 0.70296 1.81059 2.64475 -0.161737 -0.176176 -1.58412 -0.919082 -0.228292 3.70933 6.16405 -1.70469 2.49341 0.912232 5.04092 6.64688 7.05472 4.06257 0.825372
internal_weight=137088 108851 28237 61787 23164 5073 47064 16666 14251 45121 8913 20845 13616 5677 5841 26219 5839 16126 39282 24689 3708 1365 13951 5494 1530 347 1064 882 2657 8574
internal_count=137088 108851 28237 61787 23164 5073 47064 16666 14251 45121 8913 20845 13616 5677 5841 26219 5839 16126 39282 24689 3708 1365 13951 5494 1530 347 1064 882 2657 8574
is_linear=0
shrinkage=0.05


Tree=4
num_leaves=31
num_cat=0
split_feature=0 0 0 0 0 0 0 20 5 17 20 9 20 7 20 9 0 1 9 22 13 12 0 20 2 9 1 1 20 20
split_gain=5.7547e+07 1.36007e+07 1.04063e+07 3.34801e+06 2.6045e+06 2.293e+06 1.68803e+06 1.22861e+06 1.05173e+06 1.0309e+06 959133 924742 888961 998689 690538 623030 605470 587344 581782 560032 550386 424678 393062 349016 321520 316832 316507 315652 324988 296840
threshold=155.22000000000003 217.10000000000002 120.08666666666669 276.64000000000004 92.02000000000001 179.90000000000006 133.90000000000006 0.71433137407171987 46.57694444444445 0.015000000000000001 0.052292206952866939 37.500000000000007 0.35676723823772977 62.500000000000007 1.5417110684248796 42.500000000000007 106.42000000000003 0.78666666666666607 27.500000000000004 -35.439999999999976 -0.84915165824291594 0.49049438445969384 335.52000000000004 1.1053750793047967 -0.25999999999999962 77.500000000000014 -0.30666666666666581 -0.19999999999999948 1.7321893040363345 -0.22421976750533421
decision_type=2 2 2 2 2 2 2 8 2 2 8 2 8 2 10 2 2 10 2 8 2 2 2 10 10 2 8 8 8 10
left_child=2 5 4 14 8 10 18 11 -1 16 15 21 13 -8 17 -2 -6 -3 29 -11 -5 -7 -22 26 -13 -10 -12 -9 -29 -4
right_child=1 3 6 20 9 7 12 27 25 19 23 24 -14 -15 -16 -17 -18 -19 -20 -21 22 -23 -24 -25 -26 -27 -28 28 -30 -31
leaf_value=-4.0106802210984407 3.2114873274060707 3.1449533934873513 1.4363891587646012 4.271639921217143 -1.2770876052153246 3.0557881960087578 0.35133876849320811 0.74608307596022694 -0.93964855446302831 0.4607341813803727 0.28636730825820322 1.6254339068827428 -0.16642977566260198 2.3568553540593666 2.3429459760009457 1.2547551724996548 -0.86538162171880628 4.7033450085430344 -0.43993975067506119 -0.61779337105436849 5.5868156841248275 6.5292733606610982 7.5952789403721246 0.25040965116048824 2.4254222184462169 -1.8543125158364082 1.0644590300359607 1.9966720602741774 1.042337998467834 -0.028425933654357857
leaf_weight=540 447 2713 611 588 14624 177 15301 1952 1092 1657 1867 1958 10120 647 2089 4524 22936 778 22880 4399 900 175 334 4430 3503 7119 4357 1851 1722 797
leaf_count=540 447 2713 611 588 14624 177 15301 1952 1092 1657 1867 1958 10120 647 2089 4524 22936 778 22880 4399 900 175 334 4430 3503 7119 4357 1851 1722 797
internal_value=7.91251e-10 1.77116 -0.592524 3.66962 -1.08602 1.24998 -0.0793231 1.79127 -1.87324 -0.928071 0.857207 2.2987 0.200109 0.432701 3.06198 1.43071 -1.02568 3.49225 -0.379234 -0.322694 5.53056 4.78266 6.13044 0.58962 2.13859 -1.73267 0.831057 1.25739 1.53673 0.607229
internal_weight=137088 34365 102723 7402 52367 26963 50356 11338 8751 43616 15625 5813 26068 15948 5580 4971 37560 3491 24288 6056 1822 352 1234 10654 5461 8211 6224 5525 3573 1408
internal_count=137088 34365 102723 7402 52367 26963 50356 11338 8751 43616 15625 5813 26068 15948 5580 4971 37560 3491 24288 6056 1822 352 1234 10654 5461 8211 6224 5525 3573 1408
is_linear=0
shrinkage=0.05


Tree=5
num_leaves=31
num_cat=0
split_feature=0 0 0 0 0 0 20 0 7 0 9 0 20 9 20 7 7 0 12 2 1 1 22 5 2 1 20 12 20 20
split_gain=5.19758e+07 1.37358e+07 8.83651e+06 3.25697e+06 1.74219e+06 1.51596e+06 1.49368e+06 1.34146e+06 1.17698e+06 1.00657e+06 985384 901457 771406 723322 713671 883073 572342 492870 485530 433517 402992 373397 368309 323420 318642 301958 274698 270443 260452 239869
threshold=169.05333333333337 128.02000000000004 237.02000000000004 103.04666666666668 288.90000000000003 147.89000000000004 0.74863456345676804 69.940000000000012 51.500000000000007 202.30000000000004 27.500000000000004 200.46000000000001 0.89911467959439662 37.500000000000007 0.026086703696261426 0.92500000000000016 42.500000000000007 116.00666666666667 0.49049438445969384 -0.63466666666666605 -1.0000000180025095e-35 0.18666666666666604 -11.589999999999991 46.57694444444445 -0.47199999999999959 0.40000000000000052 2.1136786078016985 0.27982901403099242 2.661009335256407 -0.63657842917674168
decision_type=2 2 2 2 2 2 8 2 2 2 2 2 8 2 8 2 2 2 2 10 10 10 10 2 10 8 10 2 10 8
left_child=1 3 6 7 21 14 8 23 11 -8 22 19 13 -7 15 -3 -9 29 -10 -2 -6 26 -5 -1 -15 -11 -4 -17 -23 -12
right_child=2 5 4 10 20 12 9 16 18 25 17 -13 -14 24 -16 27 -18 -19 -20 -21 -22 28 -24 -25 -26 -27 -28 -29 -30 -31
leaf_value=-3.8101461700156882 0.74142422509952866 0.12401771398961253 3.2441695462724178 0.41440829448501876 4.5087898441080645 2.103762924802516 0.79050250727901361 -1.3933278241818308 3.1343558297120984 1.4504489561369136 -0.68939949401286205 2.7147151237015201 0.0469784404969028 0.10894525077942985 -0.2551317526869063 1.1276068601744731 -0.37101047738791482 -0.57035304444035473 6.1220154112363616 1.807972349585147 6.2663088244654368 4.3261238895820062 -0.85180881718777524 -2.3124122540291223 0.7901906326894016 2.3884094638782933 1.6350644311708651 2.8903504922572112 2.6520175503058869 -1.0346873548769027
leaf_weight=540 1139 12009 1386 2679 539 953 5941 17398 315 1962 7937 2666 5002 2074 14618 890 1486 21509 223 5827 826 1238 731 1084 9957 1525 328 288 286 13732
leaf_count=540 1139 12009 1386 2679 539 953 5941 17398 315 1962 7937 2666 5002 2074 14618 890 1486 21509 223 5827 826 1238 731 1084 9957 1525 328 288 286 13732
internal_value=-4.42821e-10 -0.450781 2.10269 -0.906416 4.07411 0.216845 1.63967 -1.43147 2.05995 1.1863 -0.675287 1.93282 0.574544 0.777785 -0.0145368 0.252167 -1.31288 -0.73991 4.33589 1.63358 5.57231 3.44254 0.14297 -2.81043 0.672752 1.86066 2.93624 1.55857 4.01195 -0.908214
internal_weight=137088 112887 24201 67096 4603 45791 19598 20508 10170 9428 46588 9632 17986 12984 27805 13187 18884 43178 538 6966 1365 3238 3410 1624 12031 3487 1714 1178 1524 21669
internal_count=137088 112887 24201 67096 4603 45791 19598 20508 10170 9428 46588 9632 17986 12984 27805 13187 18884 43178 538 6966 1365 3238 3410 1624 12031 3487 1714 1178 1524 21669
is_linear=0
shrinkage=0.05


Tree=6
num_leaves=31
num_cat=0
split_feature=0 0 0 0 0 0 0 7 20 20 5 9 0 20 7 7 13 20 9 20 22 0 0 1 20 1 12 0 13 22
split_gain=4.70086e+07 1.03917e+07 9.32478e+06 2.4734e+06 2.38596e+06 1.7604e+06 1.20144e+06 974198 945411 883089 848751 787956 740031 722038 768983 609412 489911 484634 581523 425164 416862 392188 333054 331005 302294 298003 294468 288775 287730 273424
threshold=158.21333333333334 232.82000000000002 123.78000000000002 92.02000000000001 185.40666666666669 276.64000000000004 138.22000000000003 28.500000000000004 0.83129363600621597 0.17220931508337387 46.57694444444445 32.500000000000007 107.81333333333335 0.46774783196903785 56.70000000000001 51.500000000000007 -0.89194178735545482 -0.17003284281113076 47.500000000000007 1.6836083523061911 -34.979999999999983 335.52000000000004 208.02000000000004 1.8133333333333332 -0.56978889325060822 -0.30666666666666581 0.49049438445969384 210.26000000000005 -0.69930991848440816 -70.36999999999999
decision_type=2 2 2 2 2 2 2 2 8 8 2 2 2 8 2 2 2 10 2 8 8 2 2 10 8 8 2 2 2 10
left_child=2 4 3 10 9 19 17 12 11 15 -1 26 -5 14 -8 28 -7 18 -4 23 -9 29 -10 -3 -14 -11 -6 -13 -2 -18
right_child=1 5 6 7 8 16 13 20 22 25 -12 27 24 -15 -16 -17 21 -19 -20 -21 -22 -23 -24 -25 -26 -27 -28 -29 -30 -31
leaf_value=-3.6196389965657838 0.41255854121707564 3.2888400048506004 1.2984907639343619 -1.1098538744581463 2.9415071222461577 3.5786869088644226 0.41967606328499613 0.72377288359925274 1.021489529618679 0.17664823059145932 -1.573222220312446 1.927630274913199 -0.45737585744632581 -0.094298797178242466 2.2222288850695651 3.7623639856411226 2.2790865313732764 -0.40844368744630088 -0.070062489414632168 2.3040259185134859 -0.37652813505478561 6.8559772624051512 1.8126063691014711 5.4432948945137447 -0.80675102040314572 0.78039369483934895 6.1964292591917305 2.7278796072494682 1.4363419376489321 5.2133351160516952
leaf_weight=540 812 1876 855 17645 119 453 13888 1209 3051 2881 8211 4031 8844 8038 618 259 87 14225 8424 1178 2989 374 2359 197 19818 7034 167 1565 4433 908
leaf_count=540 812 1876 855 17645 119 453 13888 1209 3051 2881 8211 4031 8844 8038 618 259 87 14225 8424 1178 2989 374 2359 197 19818 7034 167 1565 4433 908
internal_value=-7.22736e-06 1.68529 -0.508683 -0.923451 1.29129 3.75983 0.0250547 -0.788985 1.8435 0.886891 -1.6995 2.28226 -0.855104 0.285833 0.49647 1.39476 5.00399 -0.225073 0.0560409 3.06255 -0.0596477 5.47562 1.36645 3.49358 -0.698274 0.604963 4.84211 2.15143 1.27785 4.95677
internal_weight=137088 31784 105304 59256 26711 5073 46048 50505 11292 15419 8751 5882 46307 22544 14506 5504 1822 23504 9279 3251 4198 1369 5410 2073 28662 9915 286 5596 5245 995
internal_count=137088 31784 105304 59256 26711 5073 46048 50505 11292 15419 8751 5882 46307 22544 14506 5504 1822 23504 9279 3251 4198 1369 5410 2073 28662 9915 286 5596 5245 995
is_linear=0
shrinkage=0.05


Tree=7
num_leaves=31
num_cat=0
split_feature=0 0 0 0 0 0 20 0 3 9 7 20 9 7 20 20 0 8 1 22 1 20 13 2 13 2 9 22 1 13
split_gain=4.24917e+07 1.18517e+07 6.69162e+06 2.68738e+06 1.40802e+06 1.35684e+06 1.20918e+06 1.09569e+06 1.05027e+06 878300 762122 716397 690299 636599 561935 506942 490436 455835 449220 412824 394801 379326 302551 294153 288808 287797 271844 263807 257972 230725
threshold=171.98000000000002 128.02000000000004 245.82000000000002 101.09000000000002 148.82000000000002 206.02000000000004 0.45370804270178872 306.10000000000008 64.737777777777794 32.500000000000007 51.500000000000007 0.8751983419358661 32.500000000000007 56.20000000000001 1.3216508390461235 0.19026807442144339 116.00666666666667 28.500000000000004 0.2106666666666667 -15.880000000000001 0.15466666666666648 0.079290475033259755 -0.91959550581536675 -0.40333333333333354 -0.60003553868615123 -0.79466666666666541 37.500000000000007 -63.249999999999993 1.3040000000000018 0.06540312923014284
decision_type=2 2 2 2 2 2 8 2 2 2 2 8 2 2 8 8 2 2 10 10 10 10 2 10 2 10 2 10 10 2
left_child=1 3 5 8 13 6 10 20 -1 19 25 12 -6 15 18 -3 -11 -10 -7 -5 29 -15 -9 -14 28 -2 -20 -24 -8 -4
right_child=2 4 7 9 11 14 24 22 17 16 -12 -13 23 21 -16 -17 -18 -19 26 -21 -22 -23 27 -25 -26 -27 -28 -29 -30 -31
leaf_value=-2.8574209196975939 0.68908310124664385 0.12696472270994391 2.373009562704774 0.38732119403919618 2.1123464069181157 2.194772572306575 0.14678045442796253 3.3597329095107358 -1.353454390286748 -0.8485929214075596 4.3535936939943998 0.073378674225825419 0.17596040010313801 1.9325700740745981 1.6241328920380824 -0.30802904802050424 -0.51859499033586465 -0.59756087283790837 5.4411482923108041 -0.70940794229489013 4.0456337262131825 0.45723581203578911 4.2110328322395372 0.78444861338976746 1.1079233949779395 1.8423654404101997 3.1021038002806578 6.3685919577557115 1.3213147114132671 3.7078631378828533
leaf_weight=1080 608 15586 905 2938 876 2353 1873 147 14366 23885 288 5436 2502 629 2408 11745 21299 2316 139 1212 1356 944 188 9633 4601 4905 1168 575 623 504
leaf_count=1080 608 15586 905 2938 876 2353 1873 147 14366 23885 288 5436 2502 629 2408 11745 21299 2316 139 1212 1356 944 188 9633 4601 4905 1168 575 623 504
internal_value=1.69919e-07 -0.391533 1.97914 -0.818972 0.214146 1.60076 1.31069 3.93189 -1.34634 -0.629101 1.84616 0.555437 0.756841 -0.00367211 2.21733 -0.0599659 -0.693037 -1.24851 2.60762 0.0670234 3.43661 0.974438 5.43681 0.65899 0.872996 1.71518 3.35086 5.83698 0.439943 2.85049
internal_weight=137088 114447 22641 67096 47351 18966 12898 3675 17762 49334 5801 18447 13011 28904 6068 27331 45184 16682 3660 4150 2765 1573 910 12135 7097 5513 1307 763 2496 1409
internal_count=137088 114447 22641 67096 47351 18966 12898 3675 17762 49334 5801 18447 13011 28904 6068 27331 45184 16682 3660 4150 2765 1573 910 12135 7097 5513 1307 763 2496 1409
is_linear=0
shrinkage=0.05


Tree=8
num_leaves=31
num_cat=0
split_feature=0 0 0 0 0 0 0 20 7 7 5 20 20 15 15 1 20 7 0 13 1 22 20 9 1 20 20 11 12 1
split_gain=3.84343e+07 9.01262e+06 7.08678e+06 1.89303e+06 1.80417e+06 1.72033e+06 1.31004e+06 908412 1.01335e+06 716794 689668 674251 654819 731039 476461 469526 461812 454590 427747 421798 353741 336394 330684 306050 269584 271067 263106 250352 250329 237567
threshold=155.82000000000002 225.62000000000003 119.01333333333335 179.90000000000006 276.64000000000004 91.180000000000021 133.90000000000006 1.6836083523061911 57.500000000000007 52.500000000000007 46.57694444444445 0.052292206952866939 0.35676723823772977 1.0000000180025095e-35 0.12500000000000003 -0.81333333333333391 1.5417110684248796 0.23500000000000001 106.42000000000003 -0.83146961230254512 1.5768888888888892 -28.679999999999996 -0.10579075337078632 62.500000000000007 -0.46666666666666617 1.2566697942800695 -0.55123890259000119 61.468149423599165 0.4126824757997184 0.18666666666666604
decision_type=2 2 2 2 2 2 2 8 2 2 2 8 8 2 2 10 8 2 2 2 10 8 10 2 8 8 8 2 2 8
left_child=2 3 5 11 16 10 14 8 15 18 -1 17 13 -8 -4 -5 20 -2 -7 -6 -3 -11 -16 -21 -13 -26 -20 -12 -10 -18
right_child=1 4 6 7 19 9 12 -9 28 21 27 24 -14 -15 22 -17 29 -19 26 23 -22 -23 -24 -25 25 -27 -28 -29 -30 -31
leaf_value=-3.2957860574898898 1.0207332532606468 2.8568717112107413 -0.39851860751254647 0.86183439906759995 3.48204215855562 -1.0242268264965355 0.25660878383518693 0.74731071383339542 2.7250259694451731 0.70823309197225892 -1.8679148499393461 -0.006131702714970981 -0.1393023053910605 1.3649100685636044 0.89904309269755789 1.7977082260612371 1.3116394746877638 2.5604531771772439 -0.46830981957156426 7.0755761064678797 4.7094542045363861 -0.41141801438497372 -0.19498088536292305 4.7619770348685693 0.83693697303141412 0.23758818270641979 -0.82016601910704667 -1.2520216145081993 4.8258748600221413 2.524732201080921
leaf_weight=540 4270 2250 23636 1623 627 16520 14577 2859 271 1053 2413 2258 10343 1657 1244 7691 719 540 8428 166 291 1675 1553 1029 5029 3019 14375 5218 294 920
leaf_count=540 4270 2250 23636 1623 627 16520 14577 2859 271 1053 2413 2258 10343 1657 1244 7691 719 540 8428 166 291 1675 1553 1029 5029 3019 14375 5218 294 920
internal_value=-4.15745e-05 1.46186 -0.479489 1.08318 3.21928 -0.905106 -0.0762562 1.5322 1.75935 -0.776109 -1.56897 0.704787 0.171631 0.369733 -0.325494 1.63463 2.64695 1.19359 -0.830482 4.53231 3.06903 0.00764559 0.2916 5.08336 0.476653 0.612107 -0.69012 -1.44677 3.81542 1.99257
internal_weight=137088 33856 103232 27854 6002 50222 53010 12738 9879 42051 8171 15116 26577 16234 26433 9314 4180 4810 39323 1822 2541 2728 2797 1195 10306 8048 22803 7631 565 1639
internal_count=137088 33856 103232 27854 6002 50222 53010 12738 9879 42051 8171 15116 26577 16234 26433 9314 4180 4810 39323 1822 2541 2728 2797 1195 10306 8048 22803 7631 565 1639
is_linear=0
shrinkage=0.05


Tree=9
num_leaves=31
num_cat=0
split_feature=0 0 0 0 0 0 9 0 20 0 9 20 7 9 20 0 20 22 13 8 1 20 2 1 2 2 13 12 2 7
split_gain=3.47634e+07 7.85514e+06 6.90103e+06 2.12501e+06 1.3617e+06 1.33167e+06 859788 834759 796362 761603 738470 607468 554534 551691 465108 429823 421968 394679 379952 343573 337618 331288 259039 248302 247610 245300 246650 234563 233483 231942
threshold=162.82000000000002 127.01333333333335 232.82000000000002 99.29000000000002 191.58000000000001 288.90000000000003 27.500000000000004 69.940000000000012 0.28105261530676334 144.25333333333336 32.500000000000007 1.2875072631166227 51.500000000000007 42.500000000000007 -0.065864614504566474 112.81333333333335 0.83129363600621597 -12.909999999999998 -0.82531082829576841 28.500000000000004 -0.66666666666666707 -0.073496190527007496 -0.34000000000000025 -0.21333333333333324 -0.74933333333333307 2.8933333333333349 0.37256073532439549 0.49049438445969384 -0.65333333333333254 70.250000000000014
decision_type=2 2 2 2 2 2 2 2 8 2 2 8 2 2 10 2 8 10 2 2 10 10 8 8 10 10 2 2 10 2
left_child=1 3 4 7 8 18 14 -1 12 21 17 13 24 27 -3 -12 28 -5 29 -9 -7 -8 -15 -10 -2 26 -22 -6 -11 -4
right_child=2 6 5 10 11 20 9 19 23 16 15 -13 -14 22 -16 -17 -18 -19 -20 -21 25 -23 -24 -25 -26 -27 -28 -29 -30 -31
leaf_value=-2.3367957239153938 0.32258872381205506 1.8455942219063997 1.74970124389543 0.31781680717744298 2.524376312437369 3.0902616369770066 0.092883654874543073 -1.2388651733374667 0.21365222736818082 -0.14555373033832311 -0.8260296042210753 1.1256278782120723 3.5912451507015661 1.3471938632671365 0.45691167834833935 -0.51671453952688451 -0.10259501679285801 -0.76732098056594333 3.060336258407339 -0.5196712447116586 4.1224601668982883 -0.28434654743994775 2.0925622172154337 0.78243277708876735 1.3685150110580242 6.9214505267395099 5.8694738646414777 4.9172716959887204 0.53686523312154011 4.8787465019831586
leaf_weight=1624 642 1006 988 3178 199 301 10163 11897 2899 1410 20029 3163 264 1719 1505 25569 4496 1138 2657 1930 623 13620 3621 5675 4771 142 299 211 11286 63
leaf_count=1624 642 1006 988 3178 199 301 10163 11897 2899 1410 20029 3163 264 1719 1505 25569 4496 1138 2657 1930 623 13620 3621 5675 4771 142 299 211 11286 63
internal_value=-5.31222e-05 -0.405584 1.56323 -0.752028 1.19743 3.23352 0.115165 -1.26443 0.894257 0.0601279 -0.593413 1.68218 1.3536 1.98833 1.01327 -0.652582 0.313667 0.0316985 2.74201 -1.13848 4.5687 -0.123148 1.85262 0.590119 1.24446 4.98695 4.68901 3.75584 0.461077 1.93727
internal_weight=137088 108851 28237 65365 23164 5073 43486 15451 14251 40975 49914 8913 5677 5750 2511 45598 17192 4316 3708 13827 1365 23783 5340 8574 5413 1064 922 410 12696 1051
internal_count=137088 108851 28237 65365 23164 5073 43486 15451 14251 40975 49914 8913 5677 5750 2511 45598 17192 4316 3708 13827 1365 23783 5340 8574 5413 1064 922 410 12696 1051
is_linear=0
shrinkage=0.05


Tree=10
num_leaves=31
num_cat=0
split_feature=0 0 0 0 0 0 20 0 0 9 20 9 7 7 20 9 20 1 7 13 20 20 0 2 1 2 20 22 2 7
split_gain=3.14588e+07 8.86114e+06 4.88644e+06 2.00639e+06 1.13429e+06 1.08912e+06 955066 881047 700818 648880 591959 620033 558140 526384 472298 406569 384863 384802 343406 311332 297366 297208 300697 268001 266142 259998 253944 246869 238562 223739
threshold=172.87333333333336 128.02000000000004 251.18000000000004 103.85333333333334 208.02000000000004 148.30000000000004 0.45370804270178872 69.940000000000012 306.10000000000008 22.500000000000004 0.89911467959439662 27.500000000000004 51.500000000000007 56.20000000000001 1.3216508390461235 82.500000000000014 0.035458934595948656 0.9333333333333339 43.500000000000007 -0.6835516316989646 0.079290475033259755 -0.81790529251607436 117.12666666666668 0.16666666666666682 -0.19999999999999948 -0.47199999999999959 1.5417110684248796 -35.299999999999983 -0.25999999999999962 38.850000000000009
decision_type=2 2 2 2 2 2 8 2 2 2 8 2 2 2 8 2 8 10 2 2 10 8 2 10 10 10 10 10 10 2
left_child=1 3 4 7 6 13 12 -1 18 27 11 -7 28 16 17 -9 -3 -6 19 -4 -15 -11 -23 -10 -8 -13 29 -5 -2 -26
right_child=2 5 8 9 14 10 24 15 23 21 -12 25 -14 20 -16 -17 -18 -19 -20 -21 -22 22 -24 -25 26 -27 -28 -29 -30 -31
leaf_value=-2.2199559824256769 1.0740997486213606 0.13343423543742824 2.2262977169819145 0.83822100857516968 2.1113781479077631 2.001155402990058 0.35041474573381137 -0.52554103498089499 3.6227630761536691 -0.27598386404402225 0.041437128648552139 0.088776892053825246 3.7578465853128011 1.7425235534832486 1.4499482153074355 -1.1141379406504286 -0.24590681478802734 3.4762576764392854 4.9330807713774947 3.4513692065825525 0.41255990112808849 -0.76827208965018079 -0.47603235758676432 5.3846189645429456 1.1827886575437934 0.6710141935090389 0.59873487533881853 -0.13247416987004199 1.7630547309187847 2.7874579448021053
leaf_weight=1624 1950 12948 996 1022 2972 800 2497 3572 352 7416 5613 2333 293 617 2464 16422 13826 625 222 1082 925 17861 17355 558 2202 10763 2180 1824 3533 241
leaf_count=1624 1950 12948 996 1022 2972 800 2497 3572 352 7416 5613 2333 293 617 2464 16422 13826 625 222 1082 925 17861 17355 558 2202 10763 2180 1824 3533 241
internal_value=-5.04647e-05 -0.332706 1.72455 -0.703382 1.41907 0.187333 1.15392 -1.09995 3.52858 -0.514871 0.474794 0.649839 1.63165 -0.0107204 1.98323 -1.00898 -0.0624562 2.34853 3.06388 2.86418 0.887576 -0.563669 -0.624252 4.70311 0.766363 0.567291 0.991027 0.216103 1.51803 1.34109
internal_weight=137088 114921 22167 67096 18957 47825 12896 21618 3210 45478 19509 13896 5776 28316 6061 19994 26774 3597 2300 2078 1542 42632 35216 910 7120 13096 4623 2846 5483 2443
internal_count=137088 114921 22167 67096 18957 47825 12896 21618 3210 45478 19509 13896 5776 28316 6061 19994 26774 3597 2300 2078 1542 42632 35216 910 7120 13096 4623 2846 5483 2443
is_linear=0
shrinkage=0.05


Tree=11
num_leaves=31
num_cat=0
split_feature=0 0 0 0 0 0 0 20 9 7 5 20 20 9 1 7 15 20 13 13 0 0 20 12 13 1 12 21 22 20
split_gain=2.84354e+07 6.99624e+06 4.96161e+06 1.78673e+06 1.26582e+06 1.14431e+06 956376 806206 626659 558402 537156 498668 491462 560500 487778 442216 404790 347708 343024 297263 293402 292811 292160 271727 253453 249879 245925 259948 240149 236595
threshold=154.22000000000003 214.66000000000005 118.01333333333335 276.64000000000004 90.346666666666678 175.82000000000002 133.90000000000006 0.56574425922519189 32.500000000000007 40.250000000000007 46.57694444444445 1.024555271276103 0.19942735473465689 67.500000000000014 -0.17333333333333198 22.500000000000004 0.025000000000000005 1.5417110684248796 -0.89194178735545482 -0.78661891169205833 105.45333333333336 335.52000000000004 -0.057947102411244081 0.60003553868615167 -0.74455857214455057 -0.19999999999999948 0.65106671239330416 1.7973800327715355 -33.649999999999991 1.7321893040363345
decision_type=2 2 2 2 2 2 2 8 2 2 2 8 8 2 8 2 2 8 2 2 2 2 10 2 2 10 2 10 8 10
left_child=2 5 4 14 10 11 16 8 23 20 -1 15 13 -8 24 19 -4 26 -5 -2 -6 -20 -18 -7 -3 -9 -16 -28 -11 -27
right_child=1 3 6 18 9 7 12 25 -10 28 -12 -13 -14 -15 17 -17 22 -19 21 -21 -22 -23 -24 -25 -26 29 27 -29 -30 -31
leaf_value=-2.903159140158031 -0.0417716165553811 0.94045699742282052 -0.35777647629454901 2.7160825785422169 -0.90300356721097319 2.2649315907743324 1.2788032997650691 0.40312707599099395 1.4869396504655568 0.63502438365633695 -1.2672124648031953 0.089838569161751175 -0.10786791200583845 0.2266338643216681 2.6727837037248623 1.8994830040536455 0.75082458331856827 1.9162675569602676 3.855051538230589 0.75298749774803042 -0.61854565232181913 5.4960887101005751 -0.2198814834287699 5.1048057288454292 1.9809334864066945 1.3659169689934842 2.6472485909671906 5.3972429030719296 -0.32464882532987405 0.62898089757939168
leaf_weight=540 1372 946 25263 453 15287 166 1413 2376 5694 932 7087 4286 11520 12145 1723 751 1494 1495 995 8259 22272 374 1611 171 1535 2456 159 187 2169 1957
leaf_count=540 1372 946 25263 453 15287 166 1413 2376 5694 932 7087 4286 11520 12145 1723 751 1494 1495 995 8259 22272 374 1611 171 1535 2456 159 187 2169 1957
internal_value=-8.00808e-05 1.22145 -0.424596 2.53621 -0.791957 0.845174 -0.0926959 1.19025 1.61093 -0.681082 -1.38304 0.543576 0.132259 0.33629 2.12252 0.730892 -0.291561 2.49726 3.90873 0.639769 -0.734324 4.30337 0.247183 3.70594 1.5842 0.816532 2.91706 4.13352 -0.0362208 1.03911
internal_weight=137088 35355 101733 7867 48287 27488 53446 12820 6031 40660 7627 14668 25078 13558 6045 10382 28368 3564 1822 9631 37559 1369 3105 337 2481 6789 2069 346 3101 4413
internal_count=137088 35355 101733 7867 48287 27488 53446 12820 6031 40660 7627 14668 25078 13558 6045 10382 28368 3564 1822 9631 37559 1369 3105 337 2481 6789 2069 346 3101 4413
is_linear=0
shrinkage=0.05


Tree=12
num_leaves=31
num_cat=0
split_feature=0 0 0 0 0 20 0 9 0 7 20 15 1 0 15 0 1 12 20 0 1 5 1 20 22 22 7 20 12 20
split_gain=2.56836e+07 6.58224e+06 4.252e+06 1.79244e+06 1.09277e+06 980150 893949 777102 640237 574507 466818 507262 445993 429466 399227 395623 390669 349164 339353 308174 278680 273753 267192 266454 262992 260367 223239 217746 215008 209561
threshold=152.78000000000003 210.26000000000005 116.30000000000003 265.42000000000002 77.620000000000019 0.31252773141979123 132.47333333333339 27.500000000000004 173.82000000000002 42.500000000000007 0.19942735473465689 0.17500000000000002 -0.43733333333333385 175.82000000000002 1.0000000180025095e-35 102.72666666666669 -0.41599999999999909 0.54643492068321309 1.5417110684248796 335.52000000000004 1.8133333333333332 46.57694444444445 -0.0080000000000000644 1.6836083523061911 -33.649999999999991 -28.679999999999996 41.500000000000007 0.97544610542335242 0.52803643325367289 -0.40728618852397874
decision_type=2 2 2 2 2 8 2 2 2 2 8 2 8 2 2 2 10 2 8 2 10 2 10 10 10 8 2 10 2 8
left_child=2 5 4 12 21 7 14 17 -9 15 11 -8 27 -7 -4 -6 -5 -2 20 -18 -14 -1 -15 26 -16 -11 -24 -3 -13 -17
right_child=1 3 6 16 9 13 10 8 -10 25 -12 28 18 22 24 29 19 -19 -20 -21 -22 -23 23 -25 -26 -27 -28 -29 -30 -31
leaf_value=-2.7580011365921409 1.7812459494092783 1.7928176059603396 -0.37324125679281811 2.5425793093659741 -0.95962796340075451 0.26319841402207733 0.19553587346828782 0.6701650095283016 1.4258100230558912 0.49879370924811239 -0.14027653841540752 0.88804711627837796 2.3178734157468726 0.43983289840732565 0.81105219040937893 -0.50145163229567091 3.5936182410953799 4.0667752020375829 1.6294408358467516 5.2868345620507062 3.7757971251716742 -1.5001536652902994 1.2225189490254018 0.56491234079451302 -0.12358190549844757 -0.41579630092564468 2.7602151301962543 0.74934199402315749 2.4394958838921483 -0.8053802041171747
leaf_weight=540 406 1010 26533 701 15886 8833 12778 6538 4907 1242 11636 919 2385 3142 1175 12885 1241 284 1756 343 380 2174 2095 1632 2094 1891 266 990 295 10131
leaf_count=540 406 1010 26533 701 15886 8833 12778 6538 4907 1242 11636 919 2385 3142 1175 12885 1241 284 1756 343 380 2174 2095 1632 2094 1891 266 990 295 10131
internal_value=-7.60762e-05 1.12743 -0.415485 2.32026 -0.778028 0.753665 -0.122802 1.09239 0.994145 -0.715245 0.0937282 0.288331 1.89799 0.49625 -0.309006 -0.767702 3.52534 2.72196 2.17302 3.96027 2.51824 -1.75043 0.784763 1.05618 0.21236 -0.0638901 1.39576 1.2763 1.26505 -0.635232
internal_weight=137088 36909 100179 8806 44749 28103 55430 12135 11445 42035 25628 13992 6521 15968 29802 38902 2285 690 4521 1584 2765 2714 7135 3993 3269 3133 2361 2000 1214 23016
internal_count=137088 36909 100179 8806 44749 28103 55430 12135 11445 42035 25628 13992 6521 15968 29802 38902 2285 690 4521 1584 2765 2714 7135 3993 3269 3133 2361 2000 1214 23016
is_linear=0
shrinkage=0.05


Tree=13
num_leaves=31
num_cat=0
split_feature=0 0 0 0 0 0 0 9 7 20 7 20 5 20 12 0 1 2 7 20 9 13 22 2 20 20 2 13 1 11
split_gain=2.32286e+07 5.34987e+06 4.62529e+06 1.30805e+06 1.00425e+06 794297 785954 678999 569244 505943 584073 474228 457531 452788 449636 388247 363927 325216 325205 317124 325070 310789 264304 259807 258538 243322 240445 276867 233749 212959
threshold=163.53333333333339 124.02000000000002 237.02000000000004 92.02000000000001 194.22000000000003 138.22000000000003 306.10000000000008 22.500000000000004 52.500000000000007 0.55138505709939833 51.500000000000007 1.1625669391053355 46.57694444444445 1.024555271276103 0.37256073532439576 109.42000000000003 0.9333333333333339 -0.93333333333333302 65.550000000000011 -0.17003284281113076 37.500000000000007 0.021814885034560704 -28.679999999999996 -0.53177777777777768 2.5247640580662885 -0.29403757983087703 2.1900000000000008 0.45201865172701733 0.37333333333333324 64.104761061000019
decision_type=2 2 2 2 2 2 2 2 2 8 2 8 2 10 2 2 10 10 2 10 2 2 8 10 10 8 10 2 8 2
left_child=1 3 4 12 7 19 18 14 15 10 23 17 -1 16 -2 -5 -6 -9 21 20 -3 24 -10 -7 -4 -17 27 -8 -15 -14
right_child=2 5 6 8 13 9 26 11 22 -11 -12 -13 29 28 -16 25 -18 -19 -20 -21 -22 -23 -24 -25 -26 -27 -28 -29 -30 -31
leaf_value=-2.6201009779561453 1.3515708059490985 1.0922337624525467 2.1671967088175048 -0.753386033099119 1.5851614055915961 -0.14601741807088273 3.0081966741478063 -0.062638213652046318 0.65252680839713939 -0.0626105776652187 1.7170124216711249 0.25891556232948415 -1.4631176724043196 0.65895768921167808 4.243227339908481 -0.31731860680428048 2.8303188719168979 0.97128094113933694 3.9179843432201844 -0.30910781137826032 -0.016301488317966593 2.8708656514323878 -0.24756999410531022 0.41604984418038171 0.7702966197110791 -0.61731476108073802 5.8564151606002417 5.034002932601088 1.4455232483067124 -0.92994180182854425
leaf_weight=540 356 719 1641 20963 3957 2398 502 832 1284 8967 802 4448 2890 1985 216 13576 689 8859 328 13844 8245 1309 1917 14414 415 13461 154 254 1802 5321
leaf_count=540 356 719 1641 20963 3957 2398 502 832 1284 8967 802 4448 2890 1985 216 13576 689 8859 328 13844 8245 1309 1917 14414 415 13461 154 254 1802 5321
internal_value=-8.44534e-05 -0.327952 1.29192 -0.645393 1.00403 0.0573818 2.73946 0.754661 -0.548839 0.243121 0.398764 0.686337 -1.21032 1.43904 2.44353 -0.591892 1.76982 0.882516 2.41514 -0.159084 0.0726138 2.26865 0.0967522 0.335879 1.88523 -0.466679 4.05565 3.68882 1.03324 -1.1176
internal_weight=137088 109341 27747 59952 23144 49389 4603 14711 51201 26581 17614 14139 8751 8433 572 48000 4646 9691 3693 22808 8964 3365 3201 16812 2056 27037 910 756 3787 8211
internal_count=137088 109341 27747 59952 23144 49389 4603 14711 51201 26581 17614 14139 8751 8433 572 48000 4646 9691 3693 22808 8964 3365 3201 16812 2056 27037 910 756 3787 8211
is_linear=0
shrinkage=0.05


Tree=14
num_leaves=31
num_cat=0
split_feature=0 0 0 0 0 0 0 20 9 9 20 17 20 15 1 9 22 1 13 20 0 20 1 20 7 22 9 2 12 2
split_gain=2.10222e+07 5.46083e+06 3.43014e+06 1.34779e+06 949189 874511 822839 632617 466592 457182 429154 413626 401597 417602 393404 361071 305692 299320 263527 262660 262417 230574 228128 209636 241589 204793 194681 193426 188496 186634
threshold=152.25333333333336 214.66000000000005 113.02000000000002 276.64000000000004 175.82000000000002 131.42000000000004 74.140000000000015 0.45370804270178872 22.500000000000004 27.500000000000004 0.017536152681557709 0.015000000000000001 0.19942735473465689 0.17500000000000002 0.18666666666666604 42.500000000000007 -26.410000000000004 0.58133333333333481 -0.81279832427823695 2.0371132148740947 97.366666666666688 -0.34121951646271459 -0.21333333333333324 2.1136786078016985 38.850000000000009 -75.070000000000007 42.500000000000007 -0.15333333333333291 0.37256073532439576 -0.41200000000000031
decision_type=2 2 2 2 2 2 2 8 2 2 8 2 8 2 10 2 10 10 2 10 2 10 10 10 2 10 2 10 2 10
left_child=2 4 6 14 10 8 -1 9 -4 28 15 20 13 29 18 -2 -13 25 -3 26 -8 -10 -9 24 -24 -5 -16 -11 -6 -7
right_child=1 3 5 17 7 12 11 22 21 27 -12 16 -14 -15 19 -17 -18 -19 -20 -21 -22 -23 23 -25 -26 -27 -28 -29 -30 -31
leaf_value=-1.6978111735629451 2.185551648483878 0.74072195087086401 0.45786070791798628 0.58145802364899557 1.9880595522842581 -0.21907019053422172 -0.98120211097392274 0.32349446033852908 -0.18735164600607018 0.97316985459595662 0.28098647829000328 0.098089454769140938 -0.14592546682375204 1.0997358580192251 3.8892470960577534 0.70037552152870597 -0.67370248070232086 4.1626049463961339 1.7343882175670864 1.4998946120925618 -0.66593564267789884 -0.46074157488302597 0.98039196395058692 0.37933814033307423 2.3670275466069581 3.0582695699791689 2.3831375539582171 1.5804954671207878 4.6349527556879995 0.25223006448611635
leaf_weight=2164 448 935 1855 91 124 2612 9533 2475 12410 2304 11539 2630 12119 1297 245 4730 2505 724 2330 808 21457 20374 3064 1314 350 1007 1727 3042 147 10728
leaf_count=2164 448 935 1855 91 124 2612 9533 2475 12410 2304 11539 2630 12119 1297 245 4730 2505 724 2330 808 21457 20374 3064 1314 350 1007 1727 3042 147 10728
internal_value=-9.97655e-05 1.0107 -0.379376 2.18132 0.698906 -0.147752 -0.750777 1.02257 -0.313602 1.42031 0.450691 -0.694047 0.0669607 0.243224 1.82203 0.828873 -0.278413 3.37339 1.44983 2.25916 -0.762916 -0.357253 0.712409 0.915996 1.12255 2.853 2.57026 1.31875 3.42383 0.159948
internal_weight=137088 37404 99684 7867 29537 61395 38289 12820 34639 5617 16717 36125 26756 14637 6045 5178 5135 1822 3265 2780 30990 32784 7203 4728 3414 1098 1972 5346 271 13340
internal_count=137088 37404 99684 7867 29537 61395 38289 12820 34639 5617 16717 36125 26756 14637 6045 5178 5135 1822 3265 2780 30990 32784 7203 4728 3414 1098 1972 5346 271 13340
is_linear=0
shrinkage=0.05


Tree=15
num_leaves=31
num_cat=0
split_feature=0 0 0 0 20 7 7 0 0 5 0 17 22 6 20 0 13 12 7 20 13 0 8 2 13 22 20 2 2 20
split_gain=1.89885e+07 4.98342e+06 3.33831e+06 1.19531e+06 731278 758140 715347 586359 580882 489099 484231 481724 380616 353570 336844 299044 296226 288762 271533 269482 269184 255265 223307 216601 207863 211266 205490 203501 158510 156231
threshold=169.05333333333337 127.01333333333335 241.50000000000003 97.90000000000002 1.3216508390461235 57.500000000000007 51.500000000000007 306.10000000000008 146.98000000000002 66.465000000000018 197.26000000000002 0.015000000000000001 -35.299999999999983 5.0864716591531112 0.8751983419358661 202.30000000000004 -0.69930991848440816 0.44228869021900152 43.500000000000007 -0.024666841675587411 0.043619387365335889 110.96666666666668 75.500000000000014 -0.53177777777777768 -0.91959550581536675 -63.249999999999993 2.5247640580662885 -0.30266666666666725 -0.63466666666666605 -0.40728618852397874
decision_type=2 2 2 2 8 2 2 2 2 2 2 2 10 2 8 2 2 2 2 10 2 2 2 10 2 10 10 8 10 8
left_child=1 3 4 9 5 10 8 18 19 -1 16 21 -13 -8 23 -6 -2 -7 20 28 26 -5 -11 -10 -9 -26 -4 -12 -3 -23
right_child=2 6 7 11 15 17 13 24 14 22 27 12 -14 -15 -16 -17 -18 -19 -20 -21 -22 29 -24 -25 25 -27 -28 -29 -30 -31
leaf_value=-1.9943549220876422 0.26348613390542902 -0.38650283832910159 1.99972884091697 -0.65411150863294498 0.27690545800674704 1.9296209930353534 2.0075242220610381 1.9626506280331384 -0.061289055884899163 -0.93558473626643535 1.0858611515919732 0.50642464744292859 -0.30585062323181189 0.60903867165870951 -0.070306367905259834 0.98090079928877538 1.0317320910204606 3.7966443434230288 3.6275869929733631 -0.22335521942488323 2.7149319679702768 -0.25668351939343564 -0.052258045911503181 0.4785653002241822 2.5609311154389633 4.491718811063663 0.70343245738521132 1.77337583603391 0.16234067879676681 -0.50230288674239931
leaf_weight=1073 1539 1500 1428 17381 3785 411 565 147 2010 11962 1682 2111 4552 2259 4773 2508 6794 351 321 14641 1094 10415 761 11077 188 575 389 2989 10697 17110
leaf_count=1073 1539 1500 1428 17381 3785 411 565 147 2010 11962 1682 2111 4552 2259 4773 2508 6794 351 321 14641 1094 10415 761 11077 188 575 389 2989 10697 17110
internal_value=-9.47752e-05 -0.27256 1.27083 -0.555821 1.00398 1.2081 0.117056 2.56314 0.0682958 -0.969207 1.11828 -0.44523 -0.0485021 0.888835 0.289251 0.557474 0.889847 2.74096 2.24747 -0.0787443 2.09529 -0.504095 -0.88275 0.420386 3.68429 4.01598 1.72221 1.52581 0.0948433 -0.409365
internal_weight=137088 112887 24201 65365 20059 13766 47522 4142 44698 13796 13004 51569 6663 2824 17860 6293 8333 762 3232 26838 2911 44906 12723 13087 910 763 1817 4671 12197 27525
internal_count=137088 112887 24201 65365 20059 13766 47522 4142 44698 13796 13004 51569 6663 2824 17860 6293 8333 762 3232 26838 2911 44906 12723 13087 910 763 1817 4671 12197 27525
is_linear=0
shrinkage=0.05


Tree=16
num_leaves=31
num_cat=0
split_feature=0 0 0 0 0 0 7 0 20 20 7 7 20 0 7 1 20 1 1 6 20 1 0 13 12 22 20 19 11 22
split_gain=1.71812e+07 4.137e+06 3.21439e+06 865759 855085 829007 610559 499250 476918 416169 453053 397665 336362 335787 318000 294630 285155 265502 256232 256051 238623 231240 229405 226661 207177 199772 191105 184390 183399 177431
threshold=155.82000000000002 225.62000000000003 120.08666666666669 185.40666666666669 89.420000000000016 276.64000000000004 50.500000000000007 136.62000000000003 0.052292206952866939 1.6836083523061911 57.500000000000007 56.20000000000001 2.4007353610803159 43.160000000000004 0.23500000000000001 1.8133333333333332 0.49475425559322989 0.58133333333333481 -0.57066666666666621 6.6020561533478075 -0.24784217989547955 -0.30666666666666581 106.42000000000003 -0.72982064943493985 0.39271506111191362 -27.759999999999987 -0.6271811727206863 0.080000000000001181 63.444751175549726 -75.070000000000007
decision_type=2 2 2 2 2 2 2 2 8 8 2 2 10 2 2 10 8 10 10 2 8 8 2 2 2 8 8 10 2 10
left_child=2 3 4 8 13 12 7 20 14 10 18 22 15 -1 23 -3 -9 29 -5 -8 -4 -10 -6 -2 -16 -13 -24 -23 -15 -7
right_child=1 5 6 9 11 17 19 16 21 -11 -12 25 -14 28 24 -17 -18 -19 -20 -21 -22 27 26 -25 -26 -27 -28 -29 -30 -31
leaf_value=-2.3037510917499637 -0.087779986710443986 1.8144252721731666 -0.030445477776543252 0.67073186833332199 -0.69245635067821032 0.45369777497681946 1.300050650925106 0.22856965110111183 -0.018169284432185111 0.49986262587846397 2.7412256134457547 0.5455044183503861 0.74526400356673261 -1.3531932148706505 1.4503993826740713 3.2817764313930335 -0.16110401507353389 3.801461980720334 1.3340815456110464 0.31125131249510146 -0.33896305086505174 0.29787577444515262 -0.25076073903340462 0.89140113434986368 3.6230612492972405 -0.25017567636107657 -0.54991265162409142 0.78824816181773427 -0.80459697733155133 2.7591195975886262
leaf_weight=541 685 3135 10032 1974 17573 91 1045 14357 3441 2362 482 1208 661 2418 451 384 6976 724 5545 1753 16702 5527 7766 4307 145 1663 17080 2935 4118 1007
leaf_count=541 685 3135 10032 1974 17573 91 1045 14357 3441 2362 482 1208 661 2418 451 384 6976 724 5545 1753 16702 5527 7766 4307 145 1663 17080 2935 4118 1007
internal_value=1.45086e-05 0.977447 -0.320544 0.720881 -0.595519 2.16811 -0.0374501 -0.0792452 0.506315 1.08303 1.25519 -0.515652 1.78015 -1.10664 0.887367 1.97455 0.101144 3.05817 1.15993 0.680549 -0.223191 0.327426 -0.554196 0.757038 1.97898 0.0538449 -0.456408 0.467959 -1.00755 2.56805
internal_weight=137088 33856 103232 27854 52367 6002 50865 48067 17491 10363 8001 45290 4180 7077 5588 3519 21333 1822 7519 2798 26734 11903 42419 4992 596 2871 24846 8462 6536 1098
internal_count=137088 33856 103232 27854 52367 6002 50865 48067 17491 10363 8001 45290 4180 7077 5588 3519 21333 1822 7519 2798 26734 11903 42419 4992 596 2871 24846 8462 6536 1098
is_linear=0
shrinkage=0.05


Tree=17
num_leaves=31
num_cat=0
split_feature=0 0 0 0 20 7 9 0 9 0 5 1 22 20 2 0 12 0 22 2 13 8 13 0 12 6 20 13 20 7
split_gain=1.55399e+07 4.39851e+06 2.5378e+06 1.04898e+06 627642 673718 622064 469176 455439 453175 431596 404473 303941 298895 290795 290638 243438 226876 226699 218637 217409 203476 201103 195300 194155 191952 191028 176693 176426 166661
threshold=172.87333333333336 128.82000000000002 251.18000000000004 99.820000000000007 1.5417110684248796 41.500000000000007 22.500000000000004 146.98000000000002 22.500000000000004 202.30000000000004 66.465000000000018 -0.013333333333333286 -37.309999999999988 1.024555271276103 -0.84533333333333227 335.52000000000004 0.34202014332566882 114.21333333333335 -12.909999999999998 -0.34933333333333244 -0.84915165824291594 75.500000000000014 0.39271506111191351 206.02000000000004 0.76604444311897824 6.6020561533478075 0.035458934595948656 -0.043619387365336 -0.87892005414260954 43.500000000000007
decision_type=2 2 2 2 8 2 2 2 2 2 2 10 8 8 10 2 2 2 10 10 2 2 2 2 2 2 8 2 8 2
left_child=1 3 4 10 5 9 12 26 18 14 -1 22 25 19 -2 29 -7 28 -5 -9 -11 -12 -4 -6 -16 -3 -8 -26 -10 -13
right_child=2 6 11 8 23 16 7 13 17 20 21 15 -14 -15 24 -17 -18 -19 -20 -21 -22 -23 -24 -25 27 -27 -28 -29 -30 -31
leaf_value=-1.8095003025199472 0.019190057866202977 2.5966199879432175 1.4748642979654933 0.41172163880012652 0.25749760258269644 1.7837835500129722 0.099579792212380017 0.038781272068741213 -0.28684713165537362 0.74997864217218446 -0.81985228099058716 2.5110183769034209 0.55522527937346866 -0.057451425495856648 0.81674220885717319 4.451831864085916 3.4316020500311297 -0.31930727257331704 -0.55241502583125845 0.49151889905816476 1.633579978241356 -0.051985406436601711 2.766883233332798 0.88046947013636301 1.7837835500129722 0.95025411788982184 -0.18167657754414557 0.98935989558180237 -0.61382617452638311 3.9941890742495527
leaf_weight=1076 927 373 969 2563 2973 508 11509 3450 5429 853 14093 1290 1469 4985 5619 292 390 26295 800 11745 3786 919 437 2181 667 337 12698 1053 17180 222
leaf_count=1076 927 373 969 2563 2973 508 11509 3450 5429 853 14093 1290 1469 4985 5619 292 390 26295 800 11745 3786 919 437 2181 667 337 12698 1053 17180 222
internal_value=-1.84366e-05 -0.23382 1.21209 -0.489133 0.991939 1.16774 0.140957 0.100467 -0.380464 1.0756 -0.842179 2.51219 0.965764 0.278508 0.853628 3.00768 2.49197 -0.419168 0.18237 0.388726 1.47111 -0.772845 1.87644 0.521118 0.959028 1.81518 -0.0479558 1.42385 -0.53531 2.72879
internal_weight=137088 114921 22167 68355 18957 13803 46566 44387 52267 12905 16088 3210 2179 20180 8266 1804 898 48904 3363 15195 4639 15012 1406 5154 7339 710 24207 1720 22609 1512
internal_count=137088 114921 22167 68355 18957 13803 46566 44387 52267 12905 16088 3210 2179 20180 8266 1804 898 48904 3363 15195 4639 15012 1406 5154 7339 710 24207 1720 22609 1512
is_linear=0
shrinkage=0.05


Tree=18
num_leaves=31
num_cat=0
split_feature=0 0 0 0 9 0 7 20 12 0 0 17 19 13 13 20 22 20 20 5 20 22 17 5 0 8 7 1 21 2
split_gain=1.40789e+07 3.69065e+06 2.3116e+06 1.03356e+06 666982 649486 521996 512297 443144 422824 385899 340859 335550 300602 294734 266956 255574 229054 221596 210634 209423 209216 209401 205693 199972 190688 179231 169785 169093 162526
threshold=152.25333333333336 210.26000000000005 116.30000000000003 265.42000000000002 27.500000000000004 82.053333333333356 57.500000000000007 0.32281667363025324 0.54643492068321309 132.82000000000002 173.82000000000002 0.015000000000000001 0.39466666666666728 -0.81915204428899169 -0.36243803828370164 1.1053750793047967 -26.410000000000004 0.19942735473465689 -0.28652794047939667 158.33500000000004 0.088307547312667947 -75.070000000000007 21.500000000000004 46.57694444444445 175.82000000000002 91.500000000000014 65.550000000000011 -0.43733333333333385 -14.976087351554186 -0.60177777777777797
decision_type=2 2 2 2 2 2 2 8 2 2 2 2 10 2 2 10 10 8 8 2 10 10 2 2 2 2 2 10 10 10
left_child=2 4 5 12 8 23 9 10 -2 18 -6 28 15 -5 25 -3 -13 29 -4 -10 -8 -15 -23 -1 -16 -9 -14 -17 -7 -11
right_child=1 3 6 13 7 11 20 14 19 17 -12 16 26 21 24 27 -18 -19 -20 -21 -22 22 -24 -25 -26 -27 -28 -29 -30 -31
leaf_value=-2.1066860142902093 0.93607420935740682 1.6075495090318341 -0.081514741922071851 1.8612666330908458 0.5009111071367417 -0.77143920044328729 1.0214030016438411 -0.06038054363223791 1.6983091359386646 -0.30288551935018043 1.0791953494208431 0.15951877358924194 1.9756043255335833 0.98360984926777228 0.28047284733947608 0.31247777300953977 -0.50759217341029472 -0.14516509007682074 -0.36623202410028766 3.6963431390283774 0.22132952543678922 3.0358712103679757 5.1907006348333056 -1.0529728445431681 0.7515053622731388 0.86630681318059133 3.8915055726374783 1.1614911710157547 -0.51553002303090745 0.22132952543678922
leaf_weight=540 931 2697 11112 807 6917 8514 1355 5457 251 1600 4949 2977 834 112 5249 832 2773 10367 17751 278 1450 1242 124 3254 3948 618 143 2015 26691 11300
leaf_count=540 931 2697 11112 807 6917 8514 1355 5457 251 1600 4949 2977 834 112 5249 832 2773 10367 17751 278 1450 1242 124 3254 3948 618 143 2015 26691 11300
internal_value=5.93536e-05 0.827254 -0.310325 1.72229 0.551651 -0.577101 -0.0930148 0.495643 1.5927 -0.128767 0.742098 -0.519124 1.40164 2.63738 0.304153 1.25107 -0.162203 0.0298344 -0.256618 2.74832 0.571426 3.06114 3.23148 -1.20295 0.482673 0.0338899 2.25603 0.913378 -0.577419 0.170472
internal_weight=137088 37404 99684 8806 28598 44749 54935 27138 1460 52130 11866 40955 6521 2285 15272 5544 5750 23267 28863 529 2805 1478 1366 3794 9197 6075 977 2847 35205 12900
internal_count=137088 37404 99684 8806 28598 44749 54935 27138 1460 52130 11866 40955 6521 2285 15272 5544 5750 23267 28863 529 2805 1478 1366 3794 9197 6075 977 2847 35205 12900
is_linear=0
shrinkage=0.05


Tree=19
num_leaves=31
num_cat=0
split_feature=0 0 0 0 9 0 0 7 12 0 13 9 20 22 20 0 9 6 1 20 9 13 1 20 0 2 20 11 13 1
split_gain=1.27428e+07 2.76226e+06 2.75436e+06 676898 632324 566965 527005 509228 472620 447007 384355 325682 280156 278818 267253 262306 244093 237652 234402 232364 224471 241944 216997 194530 180195 160628 159834 159671 157394 156115
threshold=160.82000000000002 232.82000000000002 121.02000000000002 90.346666666666678 27.500000000000004 194.22000000000003 288.90000000000003 51.500000000000007 0.45201865172701788 137.82000000000002 -0.66746801135786449 27.500000000000004 0.49475425559322989 -7.3200000000000065 2.5247640580662885 43.160000000000004 337.50000000000006 5.0864716591531112 0.50133333333333174 0.044063630745740441 72.500000000000014 0.35222909080468506 0.83199999999999996 -0.33342573629608835 107.81333333333335 -0.53177777777777768 -0.892910519457909 61.468149423599165 -0.19509032201612839 0.16000000000000136
decision_type=2 2 2 2 2 2 2 2 2 2 2 2 8 10 10 2 2 2 10 8 2 2 10 8 2 10 8 2 2 8
left_child=2 4 3 15 8 10 14 9 -2 23 29 13 25 -5 18 -1 22 -9 -3 -12 -8 -22 -7 -4 -13 -11 -26 -17 -14 -6
right_child=1 6 7 11 5 16 20 17 -10 12 19 24 28 -15 -16 27 -18 -19 -20 -21 21 -23 -24 -25 26 -27 -28 -29 -30 -31
leaf_value=-2.0021388519217918 1.0295160522558788 1.5478549875425858 0.023771331457933843 0.21525407636916674 -0.23663411585291705 0.60310115389833718 4.2390036911417397 1.4376161981200388 3.1449874310321615 -0.15138739572636561 0.90592096038216841 -0.59042274519755 -0.4014534822214233 -0.78024903297778714 0.68343909355795729 -1.2017410424322603 1.4013365288719397 0.38816033523308446 2.4679551696687638 0.44713386775138447 2.011524069608738 3.5597724282932237 1.3303064947404699 -0.26826636358982181 -0.049314439195846542 0.30129796413567178 -0.43301728940391071 -0.69511413202241978 0.054917948985229038 0.40468446172513989
leaf_weight=541 667 2094 8313 3169 2210 3794 231 708 437 2192 4302 18608 3033 904 580 2305 2495 2266 1034 7699 755 379 1406 18157 3121 13419 20815 4781 5010 1663
leaf_count=541 667 2094 8313 3169 2210 3794 231 708 437 2192 4302 18608 3033 904 580 2305 2495 2266 1034 7699 755 379 1406 18157 3121 13419 20815 4781 5010 1663
internal_value=8.57816e-05 0.91583 -0.25368 -0.504267 0.697351 0.642568 1.97842 0.00231556 1.86689 -0.0354012 0.471827 -0.432824 0.122552 -0.00569726 1.66922 -0.940935 0.99479 0.637997 1.85201 0.611595 2.81836 2.52897 0.799726 -0.176551 -0.473715 0.246065 -0.382987 -0.859914 -0.117179 0.0387371
internal_weight=137088 29746 107342 54244 24673 23569 5073 53098 1104 50124 15874 46617 23654 4073 3708 7627 7695 2974 3128 12001 1365 1134 5200 26470 42544 15611 23936 7086 8043 3873
internal_count=137088 29746 107342 54244 24673 23569 5073 53098 1104 50124 15874 46617 23654 4073 3708 7627 7695 2974 3128 12001 1365 1134 5200 26470 42544 15611 23936 7086 8043 3873
is_linear=0
shrinkage=0.05


Tree=20
num_leaves=31
num_cat=0
split_feature=0 0 0 0 20 9 9 0 0 7 0 12 22 5 0 20 20 12 0 1 1 20 1 12 1 2 22 13 20 13
split_gain=1.15212e+07 2.82877e+06 2.20591e+06 701834 543061 486186 482171 442332 381933 326922 325609 304056 280193 251649 250883 241870 230211 227248 213842 212402 193916 192004 189394 188666 174428 173775 166820 157030 155571 153894
threshold=165.82000000000002 125.02000000000002 237.02000000000004 92.02000000000001 0.73215004873171041 32.500000000000007 22.500000000000004 306.10000000000008 142.22000000000003 51.500000000000007 195.74000000000004 0.49049438445969384 -1.9200000000000228 46.57694444444445 202.30000000000004 1.2566697942800695 2.2916584839663652 0.31107263240371752 108.10000000000001 0.50133333333333174 -0.26666666666666639 -0.40728618852397874 0.14666666666666736 0.68355163169896505 -0.35199999999999859 0.16666666666666682 -33.219999999999992 -0.50938662908026078 0.8751983419358661 -0.54643492068321275
decision_type=2 2 2 2 8 2 2 2 2 2 2 2 10 2 2 8 8 2 2 10 10 8 10 2 8 10 8 2 10 2
left_child=1 3 4 13 5 11 12 16 28 18 22 -2 17 -1 27 20 19 -3 -5 -4 29 -20 23 -7 -16 -9 -11 -6 -8 -10
right_child=2 6 7 9 14 10 8 25 15 26 -12 -13 -14 -15 24 -17 -18 -19 21 -21 -22 -23 -24 -25 -26 -27 -28 -29 -30 -31
leaf_value=-1.9080350786006008 1.3501722282888193 0.58379999653383219 1.6020398780269156 -0.54490438826805332 -0.00027073871309518508 0.32235063886843884 -0.064853277720890501 2.0550953249574047 -0.37018749266612516 0.6368484826457248 1.2955338356421311 3.5218180073340215 -0.76614952418854032 -0.79373660266200385 0.28370548278852192 -0.23216139228315646 0.95423472188322056 1.6973740110083353 -0.18490813159483194 2.5147446045320114 0.35236432122998806 -0.43665923701644105 1.0637258604496083 1.0202122146298265 1.0466259008628727 3.4738115691636624 -0.1341046807080625 0.48950967111951926 -0.47176064406850915 0.18264403368616586
leaf_weight=540 371 1326 1921 18664 2729 3440 22338 352 1860 1014 3379 285 263 8211 1080 3081 818 700 13070 954 13053 18010 2391 1348 2446 558 2278 4088 2625 3895
leaf_count=540 371 1326 1921 18664 2729 3440 22338 352 1860 1014 3379 285 263 8211 1080 3081 818 700 13070 954 13053 18010 2391 1348 2446 558 2278 4088 2625 3895
internal_value=0.000128923 -0.222467 0.944017 -0.447643 0.731854 0.972868 0.0606559 1.93763 0.0260375 -0.379192 0.890804 2.29365 0.769237 -0.862497 0.470543 0.17849 1.69433 0.968549 -0.411127 1.9049 0.24576 -0.330791 0.700307 0.518825 0.812946 2.92503 0.103364 0.293439 -0.107642 0.00397042
internal_weight=137088 110928 26160 61787 21557 11214 49141 4603 46852 53036 10558 656 2289 8751 10343 21889 3693 2026 49744 2875 18808 31080 7179 4788 3526 910 3292 6817 24963 5755
internal_count=137088 110928 26160 61787 21557 11214 49141 4603 46852 53036 10558 656 2289 8751 10343 21889 3693 2026 49744 2875 18808 31080 7179 4788 3526 910 3292 6817 24963 5755
is_linear=0
shrinkage=0.05


Tree=21
num_leaves=31
num_cat=0
split_feature=0 0 0 0 20 7 0 0 9 1 0 1 13 9 12 13 19 21 20 22 0 6 20 0 22 20 20 20 2 13
split_gain=1.04395e+07 2.85139e+06 1.65034e+06 787451 542324 479411 421226 404619 366829 337223 324239 289531 253378 244815 228941 226742 220292 219978 191424 191326 196839 189092 185551 176412 172839 172065 161797 158360 144037 140178
threshold=150.69333333333336 210.26000000000005 110.96666666666668 265.42000000000002 -0.065864614504566474 51.500000000000007 77.620000000000019 130.82000000000002 32.500000000000007 -0.63999999999999846 175.82000000000002 -0.43733333333333385 -0.86046863722869238 27.500000000000004 0.39271506111191362 -0.79989897227935869 0.63466666666666616 -10.976990320969973 1.6836083523061911 -63.249999999999993 335.52000000000004 7.0212193536539065 -0.28652794047939667 175.82000000000002 -63.249999999999993 0.20872672682733337 1.5417110684248796 1.9021980816004682 -0.33333333333333304 -0.45201865172701744
decision_type=2 2 2 2 8 2 2 2 2 10 2 10 2 2 2 2 10 10 10 10 2 2 8 2 8 10 10 10 10 2
left_child=2 4 6 11 8 7 -1 22 14 29 -11 27 -5 -12 -2 -9 26 -8 -15 -14 -21 -7 -4 -10 28 -17 -13 -3 -19 -6
right_child=1 3 5 12 9 21 17 15 23 10 13 16 19 18 -16 25 -18 24 -20 20 -22 -23 -24 -25 -26 -27 -28 -29 -30 -31
leaf_value=-1.1535782295541033 1.3684522350339428 0.90475852162708659 -0.13849340497548146 1.4762199286250288 -0.39309586079546982 0.81656526113367645 -0.71747358134129335 -0.36282332127041317 0.53756111105784099 0.25707004972553649 2.0842713029034114 1.5673273940210264 1.6444197426744218 0.80463445700673464 3.5903780414695627 0.1430802491045074 2.4948717127629054 -0.53915213507824578 0.23111141785072259 2.5995811272571476 4.1479680291537582 0.1430802491045074 -0.36800458857110474 1.0413505593416446 -0.45087094380552806 -0.10864155114806238 0.92402735954174064 -0.27650347346581561 0.73553470997626569 0.2010108325307873
leaf_weight=2714 360 1665 15851 684 1903 1741 8741 3714 4700 11197 301 2455 379 4701 171 11965 435 361 2107 961 261 1749 19815 2757 21765 9019 1624 342 574 2076
leaf_count=2714 360 1665 15851 684 1903 1741 8741 3714 4700 11197 301 2455 379 4701 171 11965 435 361 2107 961 261 1749 19815 2757 21765 9019 1624 342 574 2076
internal_value=0.000122477 0.691113 -0.275395 1.483 0.460763 -0.125338 -0.555933 -0.15828 0.814239 0.334061 0.424741 1.20312 2.28174 0.688832 2.08399 -0.0027194 1.42527 -0.504344 0.627135 2.62589 2.93029 0.444441 -0.266003 0.723822 -0.422275 0.0610161 1.31121 0.703467 0.243383 -0.0831272
internal_weight=137088 39079 98009 8806 30273 63854 34155 60364 7988 22285 18306 6521 2285 7109 531 24698 4514 31441 6808 1601 1222 3490 35666 7457 22700 20984 4079 2007 935 3979
internal_count=137088 39079 98009 8806 30273 63854 34155 60364 7988 22285 18306 6521 2285 7109 531 24698 4514 31441 6808 1601 1222 3490 35666 7457 22700 20984 4079 2007 935 3979
is_linear=0
shrinkage=0.05


Tree=22
num_leaves=31
num_cat=0
split_feature=0 0 0 0 19 9 13 0 9 20 7 8 13 12 19 8 17 10 0 8 20 22 13 7 9 13 12 22 0 0
split_gain=9.42964e+06 2.68085e+06 1.5783e+06 697813 464630 439472 410517 317654 317554 308855 285547 280483 280140 272554 242982 242132 220003 218032 217983 200780 183760 182240 172877 165931 159112 155985 195957 146871 138922 132623
threshold=172.87333333333336 129.78000000000003 257.78000000000003 103.85333333333334 0.28533333333333394 17.500000000000004 -0.70710678118654757 63.63333333333334 517.50000000000011 -0.78381179898186304 42.500000000000007 70.250000000000014 -0.83146961230254512 0.49049438445969384 0.17333333333333109 60.875000000000007 21.500000000000004 73.044444444444466 202.30000000000004 28.500000000000004 0.44091330651956245 -75.070000000000007 -0.52803643325367244 41.500000000000007 952.50000000000011 -0.31107263240371763 0.6993099184844086 -0.39999999999999852 335.52000000000004 117.12666666666668
decision_type=2 2 2 2 10 2 2 2 2 8 2 2 2 2 10 2 2 10 2 2 8 10 2 2 2 2 2 10 2 2
left_child=1 3 4 7 6 13 11 -1 14 15 -6 -2 -4 -3 22 -5 21 -10 20 -9 25 -14 -7 -16 -20 26 -8 -15 -23 -11
right_child=2 5 12 9 10 8 18 19 17 29 -12 -13 16 27 23 -17 -18 -19 24 -21 -22 28 -24 -25 -26 -27 -28 -29 -30 -31
leaf_value=-1.4465383933165048 0.05670736960494463 0.48199306881101978 1.3455920995571846 -0.083274157279439376 1.1177791881288721 -0.29244284366101281 0.71144598973198581 -0.6308702859772537 0.13259544830242245 -0.42810222288738897 2.3835669769457621 1.1270691216642899 0.51994922822671585 2.1430634847492169 0.15872815997775372 0.88271770665045313 4.0798032805869466 0.56068183156024776 1.0421615094604275 -0.18154086677071385 0.40796587494578873 2.1762000925187546 0.0090227714618258594 0.8836086588594263 2.6482901206053793 0.77201621551533828 2.6243407767616969 -0.65705549797186491 3.4229880354093276 -0.24372653201773684
leaf_weight=1082 3451 1119 906 8544 2976 6772 260 17642 7496 18569 524 744 141 471 7246 702 180 4931 4253 2894 3703 1251 15971 886 160 3070 276 52 272 20544
leaf_count=1082 3451 1119 906 8544 2976 6772 260 17642 7496 18569 524 744 141 471 7246 702 180 4931 4253 2894 3703 1251 15971 886 160 3070 276 52 272 20544
internal_value=0.000272258 -0.181854 0.944472 -0.375391 0.785696 0.11948 0.671003 -0.611544 0.0890342 -0.269823 1.30729 0.24654 2.06555 0.922391 0.00313202 -0.00993149 2.41928 0.302459 0.822907 -0.567549 0.655368 2.23966 -0.0807422 0.237706 1.10039 0.909424 1.69644 1.86466 2.39887 -0.331259
internal_weight=137088 114921 22167 69977 19417 44944 15917 21618 43302 48359 3500 4195 2750 1642 30875 9246 1844 12427 11722 20536 7309 1664 22743 8132 4413 3606 536 523 1523 39113
internal_count=137088 114921 22167 69977 19417 44944 15917 21618 43302 48359 3500 4195 2750 1642 30875 9246 1844 12427 11722 20536 7309 1664 22743 8132 4413 3606 536 523 1523 39113
is_linear=0
shrinkage=0.05


Tree=23
num_leaves=31
num_cat=0
split_feature=0 0 0 0 9 0 0 0 20 22 20 7 9 20 7 2 8 22 9 13 22 7 6 1 21 20 12 13 13 8
split_gain=8.59285e+06 2.30715e+06 1.39604e+06 530625 436375 434020 356764 354219 317754 311282 307627 344443 278576 266938 234794 223997 209132 193177 188153 189559 187966 179289 176839 173377 155694 153241 145755 144388 144000 143377
threshold=151.82000000000002 225.62000000000003 110.96666666666668 182.07333333333335 32.500000000000007 288.90000000000003 130.82000000000002 74.140000000000015 0.017536152681557709 -47.609999999999992 1.9021980816004682 57.500000000000007 47.500000000000007 2.4007353610803159 43.500000000000007 -0.61999999999999944 75.500000000000014 -70.36999999999999 72.500000000000014 0.3007057995042734 -9.7599999999999962 58.500000000000007 9.6492065925656121 -0.30666666666666581 -11.614859429318033 1.2566697942800695 0.39271506111191362 -0.89194178735545482 -0.72982064943493985 60.375000000000007
decision_type=2 2 2 2 2 2 2 2 8 8 10 2 2 10 2 8 2 10 2 2 10 2 2 10 10 10 2 2 2 2
left_child=2 3 7 8 9 13 -6 -1 12 -4 11 15 26 14 17 -5 24 -3 -7 -20 21 -11 -8 -10 -9 29 -2 -19 -14 -25
right_child=1 5 4 10 6 18 22 16 23 20 -12 -13 28 -15 -16 -17 -18 27 19 -21 -22 -23 -24 25 -26 -27 -28 -29 -30 -31
leaf_value=-1.1224348335027654 1.2049050453023582 0.15261778984440874 1.2192341471600692 0.27653411570766534 -0.24843496049859742 3.624168540453498 0.080939849107733358 -0.67363179871383272 -0.09930506449930783 -0.01424898366771808 0.19490153343517205 2.0683216012279892 -0.099333568490782717 0.47137932397793458 2.7604238560286962 0.90543626498165042 0.061035798900715865 0.74156439358049697 1.5951002598589707 2.9602420463577497 -0.52306744254689519 0.75709125652001796 -0.21101055438723604 0.34852353174489714 -0.42144674125934628 0.023057979054265612 3.0477711455083232 1.6280992032830657 0.61122380409657728 1.0675257008510339
leaf_weight=2164 439 302 855 1754 34889 231 18201 8532 3917 1627 2137 554 838 789 328 7344 1807 555 749 385 790 1403 7254 5773 21652 3445 142 2663 4781 788
leaf_count=2164 439 302 855 1754 34889 231 18201 8532 3917 1627 2137 554 838 789 328 7344 1807 555 749 385 790 1403 7254 5773 21652 3445 142 2663 4781 788
internal_value=0.000258646 0.640492 -0.244501 0.471339 -0.108536 1.53986 -0.14459 -0.50333 0.315283 0.356842 0.737715 0.857896 0.613025 1.30917 1.48095 0.78419 -0.461452 1.36173 2.32352 2.05857 0.16382 0.34291 -0.00225827 0.182697 -0.492731 0.293091 1.65531 1.4752 0.505254 0.434878
internal_weight=137088 37914 99174 31912 65019 6002 60344 34155 20123 4675 11789 9652 6200 4637 3848 9098 31991 3520 1365 1134 3820 3030 25455 13923 30184 10006 581 3218 5619 6561
internal_count=137088 37914 99174 31912 65019 6002 60344 34155 20123 4675 11789 9652 6200 4637 3848 9098 31991 3520 1365 1134 3820 3030 25455 13923 30184 10006 581 3218 5619 6561
is_linear=0
shrinkage=0.05


Tree=24
num_leaves=31
num_cat=0
split_feature=0 0 0 0 9 13 0 7 0 12 20 13 9 20 1 8 22 0 1 11 6 5 20 1 22 22 11 9 11 9
split_gain=7.76228e+06 1.79844e+06 1.57391e+06 439232 433234 399049 364147 338148 320015 294778 264614 246797 243866 240001 221120 217217 209865 207967 184769 184208 179823 175825 160036 156505 154382 151482 151123 242222 142682 272434
threshold=158.21333333333334 228.90000000000003 121.02000000000002 89.420000000000016 32.500000000000007 -0.6835516316989646 306.10000000000008 51.500000000000007 183.18000000000004 0.44228869021900152 2.4007353610803159 -0.77296446310592981 22.500000000000004 -0.47993440382934138 1.8133333333333332 70.250000000000014 -7.3200000000000065 136.62000000000003 -1.6159999999999994 61.468149423599165 5.0864716591531112 150.66833333333335 0.71433137407171987 -0.33066666666666694 -38.909999999999982 -70.36999999999999 84.292559318500011 572.50000000000011 67.614569664001394 242.50000000000003
decision_type=2 2 2 2 2 2 2 2 2 2 10 2 2 8 10 2 10 2 8 2 2 2 10 10 10 8 2 2 2 2
left_child=2 4 3 19 9 15 10 11 -7 -2 14 23 16 -13 25 18 -5 -15 -6 -1 -9 -11 26 -4 -8 -3 -10 -28 -14 -30
right_child=1 6 7 12 5 8 24 20 22 21 -12 13 28 17 -16 -17 -18 -19 -20 -21 -22 -23 -24 -25 -26 -27 27 -29 29 -31
leaf_value=-1.1004722219214025 0.75674182783669253 0.085406773920274459 -0.580947178333725 0.25692993488628829 -0.95245125988912693 0.39514836433772799 1.8974195555470013 1.2230809999441981 0.83182876226289992 0.894867097279057 0.53276377512618556 0.24268620494474044 -0.48621714261281462 -0.17235229097014881 2.5608960587259162 0.75373838893765077 -0.67637336360723488 0.078404697179598914 0.076614082917275145 -0.56944842965982001 0.2967737038346529 2.7186851426873204 0.57098563017075199 -0.12170429968076622 3.2325622122892193 1.4546846847269859 1.185309330698838 3.1050087218432085 -0.44644784116844011 -0.1268972350481522
leaf_weight=2557 924 216 2964 2819 481 10379 555 694 3125 190 860 7227 16711 16361 438 1103 766 16717 4683 4520 2138 434 3660 4959 355 3113 1074 194 14569 12302
leaf_count=2557 924 216 2964 2819 481 10379 555 694 3125 190 860 7227 16711 16361 438 1103 766 16717 4683 4520 2138 434 3660 4959 355 3113 1074 194 14569 12302
internal_value=0.000245714 0.685076 -0.206457 -0.394001 0.512329 0.461474 1.50395 -0.00721862 0.578663 1.32375 1.32413 -0.0383989 -0.338889 0.0117493 1.50479 0.116807 0.0575128 -0.0456244 -0.0192381 -0.761313 0.523771 2.16336 0.815183 -0.293507 2.41827 1.36584 1.01863 1.47902 -0.371497 -0.300152
internal_weight=137088 31784 105304 54244 26247 24699 5537 51060 18432 1548 4627 48228 47167 40305 3767 6267 3585 33078 5164 7077 2832 624 8053 7923 910 3329 4393 1268 43582 26871
internal_count=137088 31784 105304 54244 26247 24699 5537 51060 18432 1548 4627 48228 47167 40305 3767 6267 3585 33078 5164 7077 2832 624 8053 7923 910 3329 4393 1268 43582 26871
is_linear=0
shrinkage=0.05


Tree=25
num_leaves=31
num_cat=0
split_feature=0 0 0 0 20 9 3 7 19 13 0 19 7 8 13 1 12 12 22 22 20 0 20 12 13 1 0 20 6 22
split_gain=7.03686e+06 2.04942e+06 1.05313e+06 562732 473800 360643 303595 280761 275767 252555 243380 237025 218911 218208 213643 211471 200042 197390 195206 182785 164996 157178 149113 141507 160613 137992 136947 131379 126873 124990
threshold=148.82000000000002 208.02000000000004 110.96666666666668 265.42000000000002 -0.065864614504566474 17.500000000000004 70.963333333333352 0.23500000000000001 0.093333333333333712 -0.89194178735545482 129.40666666666669 0.39466666666666728 38.850000000000009 70.250000000000014 -0.66746801135786449 -0.41599999999999909 0.04361938736533582 0.39271506111191362 -63.249999999999993 -9.7599999999999962 0.83129363600621597 172.87333333333336 -0.80698351772053112 0.72982064943493996 1.0000000180025095e-35 -0.30666666666666581 335.52000000000004 0.80857950365463005 6.1497548056899243 -41.969999999999978
decision_type=2 2 2 2 8 2 2 2 10 2 2 10 2 2 2 10 2 2 8 10 10 2 8 2 2 10 2 8 2 8
left_child=2 4 6 9 7 19 -1 23 14 13 22 27 -10 -3 -6 -5 18 -9 -8 28 25 -16 -7 -2 -25 -12 -17 -11 29 -4
right_child=1 3 5 15 8 10 16 17 12 11 20 -13 -14 -15 21 26 -18 -19 -20 -21 -22 -23 -24 24 -26 -27 -28 -29 -30 -31
leaf_value=-1.125151198554768 0.42528771570985813 -0.0038709489932242536 1.7719879280056869 1.1601327747626022 -0.18285125244286582 0.036965110177486042 0.37298711061296858 1.0768876501507005 0.39666765601615372 1.321938304434964 -0.17125639747191582 1.886592392352376 1.2500111831932283 1.5852599632399886 0.085487388268049858 1.9587597553881666 -0.5582486945626407 2.8002079653582386 -0.35007203137555748 -0.52228684651342283 -0.31693347914546621 0.45619929584086161 -0.26659416284560927 1.0593461966396001 0.51876226747137355 0.11202244695774355 3.0874923264667524 0.78453290100240058 0.1511563693166236 0.66730861643111516
leaf_weight=1619 5084 994 342 701 4168 4701 989 620 6265 1817 5918 859 854 276 7188 1241 14932 227 16615 392 3949 4748 29011 980 1683 15714 343 3040 799 1019
leaf_count=1619 5084 994 342 701 4168 4701 989 620 6265 1817 5918 859 854 276 7188 1241 14932 227 16615 392 3949 4748 29011 980 1683 15714 343 3040 799 1019
internal_value=0.000316888 0.547885 -0.234042 1.20206 0.357268 -0.110972 -0.456886 0.674443 0.239893 0.979274 -0.136022 1.12098 0.499035 0.341483 0.125335 1.88319 -0.423633 1.53875 -0.30945 0.471021 -0.0197312 0.232952 -0.224264 0.579947 0.87521 0.0345241 2.20318 0.985576 0.651288 0.944899
internal_weight=137088 41088 96000 9271 31817 61845 34155 8594 23223 6986 59293 5716 7119 1270 16104 2285 32536 847 17604 2552 25581 11936 33712 7747 2663 21632 1584 4857 2160 1361
internal_count=137088 41088 96000 9271 31817 61845 34155 8594 23223 6986 59293 5716 7119 1270 16104 2285 32536 847 17604 2552 25581 11936 33712 7747 2663 21632 1584 4857 2160 1361
is_linear=0
shrinkage=0.05


Tree=26
num_leaves=31
num_cat=0
split_feature=0 0 0 0 20 1 7 13 1 20 20 12 13 8 9 11 6 0 13 0 1 13 0 20 1 0 20 20 0 22
split_gain=6.3744e+06 1.61971e+06 1.22107e+06 415367 409318 407936 357109 323689 286534 271343 252690 218755 221952 209938 207162 204147 190890 182957 175636 166437 161170 191714 144930 144581 134816 127813 125339 113476 110589 108957
threshold=167.45333333333335 124.02000000000002 245.82000000000002 97.90000000000002 1.0004845928774697 0.21400000000000055 51.500000000000007 -0.79989897227935869 0.6213333333333334 -0.892910519457909 -0.34121951646271459 0.6993099184844086 -0.10886687485196482 60.375000000000007 27.500000000000004 61.468149423599165 5.0864716591531112 141.02000000000004 0.06540312923014284 208.02000000000004 0.52533333333333221 -0.36243803828370164 335.52000000000004 -0.42358609360135419 -0.29199999999999965 197.26000000000002 1.3216508390461235 -1.7752876166739306 107.45333333333336 -63.249999999999993
decision_type=2 2 2 2 10 10 2 2 10 8 8 2 2 2 2 2 2 2 2 2 8 2 2 8 10 2 8 10 2 8
left_child=1 3 4 15 5 11 7 24 18 13 -9 19 23 -5 -7 27 -8 -12 -4 -2 21 -6 -10 -13 -3 -22 -19 -1 -11 -17
right_child=2 6 8 9 20 14 16 10 22 28 17 12 -14 -15 -16 29 -18 26 -20 -21 25 -23 -24 -25 -26 -27 -28 -29 -30 -31
leaf_value=-1.272146561852197 0.27538577830128608 -0.5512310605942633 0.88826312779304917 -0.097096671121156441 -0.20390648930883046 2.3639055753324896 1.3377904062042945 0.29102152128571362 1.9382899003942038 -0.47710768899400718 -0.12565750695521027 3.8541038288010494 0.62921773928679681 0.73705312124981348 1.0568812058780512 0.21032603988826765 0.36472671543009283 0.16733887667488068 1.7902279044735943 0.8530323371102615 0.28150702088770058 0.40598459480296567 3.4758767831901261 1.4893472991948595 -0.11796549600654377 0.89119237717100708 -0.23893519312797126 -0.69962377222994876 -0.27679050120991688 -0.4974225894482216
leaf_weight=1259 4976 3008 1455 8172 2322 329 640 9486 1186 9137 15474 72 1302 831 3861 578 2372 14343 858 1664 1784 2895 176 632 4454 1659 2188 2769 28016 9190
leaf_count=1259 4976 3008 1455 8172 2322 329 640 9486 1186 9137 15474 72 1302 831 3861 578 2372 14343 858 1664 1784 2895 176 632 4454 1659 2188 2769 28016 9190
internal_value=0.000454029 -0.161239 0.719386 -0.338329 0.575394 0.754605 0.0430691 0.0105564 1.56163 -0.266377 0.0650814 0.558382 1.01595 -0.0201025 1.15951 -0.579055 0.571487 -0.0020957 1.22284 0.420145 0.309763 0.134532 2.13698 1.7312 -0.292619 0.575282 0.113566 -0.878573 -0.326054 -0.455543
internal_weight=137088 111917 25171 59952 21496 12836 51965 48953 3675 46156 41491 8646 2006 9003 4190 13796 3012 32005 2313 6640 8660 5217 1362 704 7462 3443 16531 4028 37153 9768
internal_count=137088 111917 25171 59952 21496 12836 51965 48953 3675 46156 41491 8646 2006 9003 4190 13796 3012 32005 2313 6640 8660 5217 1362 704 7462 3443 16531 4028 37153 9768
is_linear=0
shrinkage=0.05


Tree=27
num_leaves=31
num_cat=0
split_feature=0 0 0 0 20 7 9 0 1 22 19 0 2 2 20 12 8 7 0 9 13 20 20 12 0 22 8 3 20 22
split_gain=5.7931e+06 1.62562e+06 902567 467591 396368 336711 298881 275970 245997 214265 210127 196696 189596 189380 179126 178030 173390 170291 167263 157580 154163 150998 142601 140137 122570 119942 117428 114136 113636 113198
threshold=150.21333333333334 208.02000000000004 113.02000000000002 276.64000000000004 0.30244390247164804 0.23500000000000001 22.500000000000004 82.053333333333356 -0.18133333333333182 -47.379999999999988 -0.17777777777777518 135.82000000000002 -0.74933333333333307 -0.13333333333333319 1.5417110684248796 0.51877325816052167 75.500000000000014 65.550000000000011 174.82000000000002 42.500000000000007 -0.91080963307804841 2.0371132148740947 -0.20045595046099729 -0.076279435988900135 179.90000000000006 -22.359999999999996 92.500000000000014 45.906666666666673 0.83129363600621597 -9.7599999999999962
decision_type=2 2 2 2 8 2 2 2 10 8 10 2 10 10 10 2 2 2 2 2 2 10 10 2 2 10 2 2 8 10
left_child=2 4 7 8 5 12 9 27 21 -4 -6 22 -2 -12 19 -7 -9 20 -14 23 -5 -3 26 -10 -15 -16 -8 -1 -13 -11
right_child=1 3 6 17 10 15 11 16 14 29 13 28 18 24 25 -17 -18 -19 -20 -21 -22 -23 -24 -25 -26 -27 -28 -29 -30 -31
leaf_value=-1.4737512976151927 -0.11366547542265648 0.71213801758748696 1.2787929904714634 0.73640960214901607 -0.056026899786149865 0.90172997715600056 -0.083648890493890946 -0.37813084482468962 1.1834172463373227 0.36195502561899323 0.019534772496326167 0.091013902093604798 0.37519019602515868 0.3259079694124789 0.56540398724139818 2.146103010383936 0.11668671480447224 3.4160626903768412 0.78680889281583888 1.292798858615424 1.9117223468384985 -0.29436744259242181 -0.26020871209378177 3.5888284678427165 0.78732247061266791 1.5564577602138816 1.0033853741096599 -0.68883445161189716 -0.2415410475583899 -0.51535723842433367
leaf_weight=540 1317 2599 566 354 6315 930 17599 32623 102 1971 3688 14101 6924 4820 1446 416 1872 151 3835 2331 1317 435 21149 149 2052 387 252 3254 3141 452
leaf_count=540 1317 2599 566 354 6315 930 17599 32623 102 1971 3688 14101 6924 4820 1446 416 1872 151 3835 2331 1317 435 21149 149 2052 387 252 3254 3141 452
internal_value=0.000433783 0.510704 -0.206605 1.09006 0.33342 0.536203 -0.0843049 -0.395796 0.914442 0.4029 0.17213 -0.110198 0.452595 0.308571 1.15263 1.28632 -0.351278 1.80804 0.52191 1.42098 1.66273 0.56783 -0.17237 2.61133 0.463688 0.774644 -0.0683034 -0.800552 0.0304319 0.198296
internal_weight=137088 39568 97520 9271 30297 13422 59231 38289 7449 2989 16875 56242 12076 10560 4415 1346 34495 1822 10759 2582 1671 3034 39000 251 6872 1833 17851 3794 17242 2423
internal_count=137088 39568 97520 9271 30297 13422 59231 38289 7449 2989 16875 56242 12076 10560 4415 1346 34495 1822 10759 2582 1671 3034 39000 251 6872 1833 17851 3794 17242 2423
is_linear=0
shrinkage=0.05


Tree=28
num_leaves=31
num_cat=0
split_feature=0 0 0 19 1 13 0 7 7 0 17 22 0 20 20 8 20 11 13 20 11 11 2 22 7 21 9 22 8 11
split_gain=5.24211e+06 1.32556e+06 958647 368031 309774 298111 295924 262431 244886 241451 214848 238695 192421 184901 169549 156362 150936 148049 145786 140805 157142 137968 174450 127856 125266 119766 156555 136978 183361 117555
threshold=154.77333333333337 225.62000000000003 119.01333333333335 0.20000000000000015 -0.41599999999999909 -0.69930991848440816 82.053333333333356 42.500000000000007 51.500000000000007 306.10000000000008 0.015000000000000001 -60.899999999999999 185.40666666666669 -0.10579075337078632 2.4007353610803159 70.250000000000014 0.088307547312667947 123.97882544994347 -0.78661891169205833 0.017536152681557709 72.027331000888537 66.408199812500001 -0.54399999999999993 -58.079999999999991 43.500000000000007 -14.976087351554186 232.50000000000003 1.6200000000000119 24.260000000000002 70.613968670367996
decision_type=2 2 2 10 10 2 2 2 2 2 2 8 2 8 10 2 10 2 2 10 2 2 10 10 2 10 2 10 2 2
left_child=2 3 6 5 17 15 -1 18 13 14 25 -12 19 21 24 -2 -10 -3 -5 20 -7 -4 -23 -11 -6 -8 27 -27 -29 -28
right_child=1 4 8 7 9 12 10 -9 16 23 11 -13 -14 -15 -16 -17 -18 -19 -20 -21 -22 22 -24 -25 -26 26 29 28 -30 -31
leaf_value=-0.7605240781753706 -0.16597009474986135 0.93737334710298104 -0.13520020166494334 0.11913014888001916 1.3395072929879923 0.28072334914812613 -0.49785699990070331 1.5487074970870121 0.82796121439062942 1.3853173505233116 1.1170284262624397 -0.11338186908802506 0.62743221343569533 -0.13900126918866493 0.59334076161292282 0.53035210380379927 0.1829170238693521 -0.073413880583143132 0.7344977217403087 0.1510236946152298 0.95910062997472856 -0.24165161298258703 0.1829170238693521 2.8273727042673475 2.4147912510056968 -0.48334970647245196 -0.35784903241146265 -0.4137834516127325 0.99059744921984683 -0.0984340531980782
leaf_weight=3794 4286 1406 6441 1234 2419 2346 9636 836 1296 238 422 5977 5851 28305 712 993 1546 488 4374 7596 1342 2546 11872 434 305 11239 7294 596 381 10883
leaf_count=3794 4286 1406 6441 1234 2419 2346 9636 836 1296 238 422 5977 5851 28305 712 993 1546 488 4374 7596 1342 2546 11872 434 305 11239 7294 596 381 10883
internal_value=0.000412094 0.529886 -0.18014 0.389274 1.20596 0.293534 -0.335949 0.722287 -0.0296751 1.44986 -0.301254 -0.032239 0.394746 -0.0557615 1.28034 -0.0349892 0.421596 0.676938 0.599091 0.274093 0.527573 0.0571922 0.14314 2.31664 1.4599 -0.344258 -0.295561 -0.433985 0.133882 -0.202531
internal_weight=137088 34860 102228 28858 6002 22414 50222 6444 52006 4108 46428 6399 17135 49164 3436 5279 2842 1894 5608 11284 3688 20859 14418 672 2724 40029 30393 12216 977 18177
internal_count=137088 34860 102228 28858 6002 22414 50222 6444 52006 4108 46428 6399 17135 49164 3436 5279 2842 1894 5608 11284 3688 20859 14418 672 2724 40029 30393 12216 977 18177
is_linear=0
shrinkage=0.05


Tree=29
num_leaves=31
num_cat=0
split_feature=0 0 0 0 20 1 9 9 20 22 13 11 2 12 20 8 12 11 9 12 11 9 9 0 22 8 13 13 9 22
split_gain=4.76027e+06 1.37359e+06 818651 386140 330792 397932 276211 255758 250349 208082 204040 201002 197875 193994 206664 193627 178997 178419 175480 159295 252725 305741 210551 159514 144989 223045 137920 133210 165271 131929
threshold=173.82000000000002 128.82000000000002 257.78000000000003 99.820000000000007 1.5417110684248796 0.9333333333333339 17.500000000000004 512.50000000000011 -0.86580610064640362 -9.7599999999999962 -0.81279832427823695 70.14998999114691 -1.3999999999999995 -0.10886687485196471 -0.55123890259000119 60.875000000000007 0.45201865172701788 61.468149423599165 52.500000000000007 0.76604444311897824 70.14998999114691 602.50000000000011 62.500000000000007 206.02000000000004 1.6200000000000119 25.750000000000004 -0.076279435988900565 -0.27982901403099208 97.500000000000014 -75.070000000000007
decision_type=2 2 2 2 8 10 2 2 8 8 2 2 8 2 10 2 2 2 2 2 2 2 2 2 8 2 2 2 2 10
left_child=1 3 4 17 5 12 9 13 15 16 -4 -9 -2 14 -8 -5 -3 -1 -12 23 -21 22 -22 -14 27 -26 -23 28 -15 -20
right_child=2 6 10 8 -6 -7 7 11 -10 -11 18 -13 19 24 -16 -17 -18 -19 29 20 21 26 -24 -25 25 -27 -28 -29 -30 -31
leaf_value=-0.75439138460324484 -0.35169073743660401 0.55254805921262606 0.9129085825921428 -0.038221528960480422 0.22370879172090552 1.3262680764271202 0.52465708513876652 0.055005802589629761 -0.25526605711280637 -0.55644381602243953 3.3724250098953221 0.44614057168822818 0.37234284554143321 -0.12647330172466187 0.021338820026860536 0.78392334584613588 1.7377906175177671 -0.38178929439866138 0.16661655761464669 0.66910383135848517 2.2764551537047173 3.6783929265967203 -0.26225094476485639 0.81285534416844196 0.02140464617807776 1.6287615584158432 0.97130247761805855 -0.097341832526006491 -0.74566198625024915 1.7894759185014317
leaf_weight=4436 546 963 992 8506 5207 2094 2320 6839 42979 275 163 6320 5734 2060 16867 782 476 11652 137 1547 145 218 187 3203 1405 255 60 7002 2260 1458
leaf_count=4436 546 963 992 8506 5207 2094 2320 6839 42979 275 163 6320 5734 2060 16867 782 476 11652 137 1547 145 218 187 3203 1405 255 60 7002 2260 1458
internal_value=0.00051907 -0.127221 0.680104 -0.270328 0.563061 0.69172 0.080721 0.0571613 -0.204396 0.703775 1.48625 0.24286 0.577567 -0.0188002 0.0821977 0.0309987 0.944609 -0.484528 1.80978 0.623301 1.00896 1.87084 0.846521 0.530221 -0.168072 0.268318 3.09413 -0.232054 -0.450401 1.65008
internal_weight=137088 115397 21691 68355 18941 13734 47042 45328 52267 1714 2750 13159 11640 32169 19187 9288 1439 16088 1758 11094 2157 610 332 8937 12982 1660 278 11322 4320 1595
internal_count=137088 115397 21691 68355 18941 13734 47042 45328 52267 1714 2750 13159 11640 32169 19187 9288 1439 16088 1758 11094 2157 610 332 8937 12982 1660 278 11322 4320 1595
is_linear=0
shrinkage=0.05


Tree=30
num_leaves=31
num_cat=0
split_feature=0 0 0 0 20 15 22 19 19 11 7 9 11 12 22 7 9 1 13 6 9 13 22 12 20 10 9 11 2 7
split_gain=4.33968e+06 1.26813e+06 667632 398535 363459 263583 306052 215223 213972 203497 194989 181128 379779 230309 190503 162772 160215 160212 196015 151420 150245 136218 134064 133848 126854 120977 150285 116841 116243 115309
threshold=148.82000000000002 202.30000000000004 108.10000000000001 265.42000000000002 -0.090475807079254955 0.015000000000000001 -52.379999999999995 0.37599999999999922 0.0026666666666671228 65.082075417041793 0.23500000000000001 277.50000000000006 86.96458448700001 0.15212338618991691 -9.7599999999999962 38.850000000000009 327.50000000000006 2.1413333333333333 0.054511258297739194 7.0212193536539065 602.50000000000011 -0.5 -63.249999999999993 0.39271506111191362 -1.7752876166739306 79.841666666666683 192.50000000000003 62.122620647500007 -0.72933333333333261 65.550000000000011
decision_type=2 2 2 2 8 2 8 10 10 2 2 2 2 2 8 2 2 10 2 2 2 2 8 2 10 8 2 2 10 2
left_child=2 4 9 7 10 11 -7 16 21 24 27 13 -13 -4 20 -10 -3 18 -5 -8 -14 -6 -11 -12 -1 -20 -27 -2 -29 -9
right_child=1 3 5 17 8 6 19 29 15 22 23 12 14 -15 -16 -17 -18 -19 25 -21 -22 -23 -24 -25 -26 26 -28 28 -30 -31
leaf_value=-1.0059509843496457 0.15188340979754644 0.47930788277643566 -0.15839062189082198 0.9486492499650464 -0.20143860941899328 0.92920366320759062 0.26271128350381123 1.1424823454106494 0.27180310574153982 0.29760594820560837 0.90568832124239484 -0.15806580888668989 0.13252956274269226 -0.53544987789262011 -0.34078238763865698 0.95683032424088688 0.99844270977417615 2.5554450592462579 1.2256441694708997 -0.21219814149379357 0.58139902122680831 0.14431357574572953 -0.32310470546592879 2.3669450803944065 -0.49835235930979493 4.6011910934970812 2.0988685353838727 -0.04200563274485504 0.68555737634103586 2.4902689556441002
leaf_weight=1467 2045 5016 19107 1270 4290 1147 3677 1081 8633 912 593 25888 4672 5139 1307 964 2112 303 302 3088 3102 8479 18848 213 7646 73 337 624 4567 186
leaf_count=1467 2045 5016 19107 1270 4290 1147 3677 1081 8633 912 593 25888 4672 5139 1307 964 2112 303 302 3088 3102 8479 18848 213 7646 73 337 624 4567 186
internal_value=0.000493117 0.430502 -0.183551 0.89921 0.26588 -0.0970736 0.173979 0.739861 0.162225 -0.384601 0.554161 -0.13329 -0.0604745 -0.238309 0.217738 0.340613 0.633126 1.48465 1.32096 0.0459308 0.311639 0.0281512 -0.294457 1.29185 -0.580065 1.98504 2.5444 0.471992 0.598098 1.34034
internal_weight=137088 41088 96000 10680 30408 67127 7912 8395 22366 28873 8042 59215 34969 24246 9081 9597 7128 2285 1982 6765 7774 12769 19760 806 9113 712 410 7236 5191 1267
internal_count=137088 41088 96000 10680 30408 67127 7912 8395 22366 28873 8042 59215 34969 24246 9081 9597 7128 2285 1982 6765 7774 12769 19760 806 9113 712 410 7236 5191 1267
is_linear=0
shrinkage=0.05


Tree=31
num_leaves=31
num_cat=0
split_feature=0 0 0 1 9 17 0 20 15 1 22 20 9 11 0 1 13 12 17 20 20 20 22 0 13 0 1 12 10 12
split_gain=3.93327e+06 875657 871573 317553 286036 250241 265845 245638 322645 238644 226206 206749 194719 213437 183488 181799 180566 153964 145080 144052 131698 127736 123867 120766 112544 109900 105080 104232 101693 105642
threshold=160.82000000000002 232.82000000000002 121.02000000000002 -0.21333333333333324 22.500000000000004 0.015000000000000001 92.02000000000001 0.83129363600621597 1.0000000180025095e-35 -0.41599999999999909 -53.29999999999999 2.0371132148740947 532.50000000000011 87.340591907501036 335.52000000000004 1.2613333333333341 -0.75894212529897775 0.44228869021900152 13.750000000000002 -0.17771412670701431 0.22849727115147936 2.5247640580662885 -70.36999999999999 43.160000000000004 -0.564573334685324 185.40666666666669 -0.29199999999999965 0.25881904510252091 82.14166666666668 0.84915165824291627
decision_type=2 2 2 10 2 2 2 8 2 10 8 10 2 2 2 10 2 2 2 10 8 10 8 2 2 2 10 2 10 2
left_child=2 3 5 16 17 6 23 8 12 22 18 15 24 -14 21 25 -2 -5 -7 27 -18 28 -3 -1 26 -6 -4 -10 -11 -30
right_child=1 9 7 4 11 10 -8 -9 19 14 -12 -13 13 -15 -16 -17 20 -19 -20 -21 -22 -23 -24 -25 -26 -27 -28 -29 29 -31
leaf_value=-1.3248166125710212 -0.20868142340680451 -0.6935402160757278 -0.47347559615687518 0.85322787454943594 0.33811167016889154 1.7429331289440164 -0.27054662910498384 -0.24821160126977282 0.56264713445824865 1.0872344028768586 -0.10885501238348393 0.047065517801385605 0.041103549905979392 0.50100456313356401 2.4368006385232897 0.96767276294062965 0.58047310541524999 2.511799334760175 0.32266484271722068 0.21608002849643249 0.11363366297449096 0.60060873979695539 0.74996051611142522 -0.53749247885872442 -0.014096202073534791 0.66591215832332984 -0.076541859586571295 1.4191887327192449 1.5845511311576566 3.3256239117289845
leaf_weight=522 2534 166 2951 299 6236 261 39232 8197 1408 1339 6376 2327 9546 3429 343 2248 2425 263 578 2874 4007 660 1419 7275 20385 4334 3833 475 1051 95
leaf_count=522 2534 166 2951 299 6236 261 39232 8197 1408 1339 6376 2327 9546 3429 343 2248 2425 263 578 2874 4007 660 1419 7275 20385 4334 3833 475 1051 95
internal_value=0.000468461 0.509234 -0.140518 0.386223 0.521748 -0.281479 -0.323543 0.00348604 0.0494353 1.10751 -0.00729781 0.480646 0.00329705 0.162645 1.33868 0.559358 0.148804 1.62939 0.764488 0.438792 0.289642 1.21892 0.59878 -0.590203 -0.0728022 0.472519 -0.249206 0.778716 1.38314 1.72888
internal_weight=137088 29746 107342 24673 15707 54244 47029 53098 44901 5073 7215 15145 40144 12975 3488 12818 8966 562 839 4757 6432 3145 1585 7797 27169 10570 6784 1883 2485 1146
internal_count=137088 29746 107342 24673 15707 54244 47029 53098 44901 5073 7215 15145 40144 12975 3488 12818 8966 562 839 4757 6432 3145 1585 7797 27169 10570 6784 1883 2485 1146
is_linear=0
shrinkage=0.05


Tree=32
num_leaves=31
num_cat=0
split_feature=0 0 0 1 20 7 2 19 13 19 0 6 11 0 17 22 9 7 7 12 13 13 9 21 8 18 12 12 18 12
split_gain=3.5974e+06 1.12024e+06 503749 343847 319615 320460 239419 233830 199782 179879 164641 161407 161361 150383 146772 167569 135872 133187 127745 118097 155348 117201 115105 123213 110383 124448 109405 106633 102646 98646.6
threshold=146.02000000000004 202.30000000000004 105.12666666666669 0.9333333333333339 1.2566697942800695 51.500000000000007 -0.84533333333333227 0.058666666666666381 -0.91080963307804841 0.29866666666666708 265.42000000000002 8.5193053451924943 64.104761061000019 335.52000000000004 0.015000000000000001 -36.249999999999993 32.500000000000007 70.250000000000014 51.500000000000007 0.65106671239330416 -0.1413247892049839 0.054511258297739194 337.50000000000006 8.3887896825396826 93.500000000000014 45.800000000000004 1.0000000180025095e-35 0.65106671239330416 23.550000000000004 0.16288578192842371
decision_type=2 2 2 10 8 2 10 10 2 10 2 2 2 2 2 10 2 2 2 2 2 2 2 10 2 2 2 2 2 2
left_child=2 4 12 8 5 6 -2 11 17 19 22 18 -1 16 -9 -16 -5 -3 -4 -8 -21 26 -10 -24 -14 -26 -6 -25 -7 -12
right_child=1 3 7 13 21 28 9 14 10 -11 29 -13 24 -15 15 -17 -18 -19 -20 20 -22 -23 23 27 25 -27 -28 -29 -30 -31
leaf_value=-0.56792919781984874 -0.22300113330299698 0.0052317771167707987 -0.14936663404818565 2.3035361652601378 -0.0060093582036207056 1.5252857522104686 0.17616601310193802 -0.045729782462950209 0.47489986894028835 0.66062746993216903 1.7427989150466296 -0.37231618834579588 -0.31101480126165448 2.850498832127192 0.67480093391935103 0.040435277181701368 1.0928728777729426 2.4133546995123232 0.40497931747366045 0.66062746993216903 0.25790572830895897 0.15073858527515543 0.82262135252916502 1.4539271862705379 1.2018286729090173 0.053442674034677867 -0.53722930949868775 4.1096833161279269 0.66062746993216903 0.8417378696397857
leaf_weight=7440 2244 1334 32123 258 2111 626 13120 22427 3436 3107 609 8797 15834 149 1615 2929 2278 60 1074 2073 4373 3429 1753 146 290 247 1792 51 757 606
leaf_count=7440 2244 1334 32123 258 2111 626 13120 22427 3436 3107 609 8797 15834 149 1615 2929 2278 60 1074 2073 4373 3429 1753 146 290 247 1792 51 757 606
internal_value=0.000445038 0.371059 -0.176569 0.817183 0.22939 0.310774 0.269655 -0.108109 0.652773 0.318415 0.767632 -0.181893 -0.374852 1.30674 0.00677233 0.265898 1.21604 0.108881 -0.131432 0.262269 0.43752 -0.0625366 0.649031 0.955858 -0.287105 0.4179 -0.24991 2.14146 1.0516 1.29338
internal_weight=137088 44312 92776 10680 33632 26300 24917 68965 7995 22673 6601 41994 23811 2685 26971 4544 2536 1394 33197 19566 6446 7332 5386 1950 16371 537 3903 197 1383 1215
internal_count=137088 44312 92776 10680 33632 26300 24917 68965 7995 22673 6601 41994 23811 2685 26971 4544 2536 1394 33197 19566 6446 7332 5386 1950 16371 537 3903 197 1383 1215
is_linear=0
shrinkage=0.05


Tree=33
num_leaves=31
num_cat=0
split_feature=0 0 0 0 20 1 1 20 8 20 21 22 2 3 9 13 17 13 18 12 11 9 13 9 20 8 14 9 20 18
split_gain=3.28519e+06 1.00365e+06 536390 288566 271746 308344 234511 227869 296810 225747 165308 164642 161766 148376 146401 145830 148410 134592 127525 123466 220599 139213 123553 122554 127557 120619 117742 104911 104625 104030
threshold=175.82000000000002 131.8066666666667 257.78000000000003 101.52666666666669 1.5417110684248796 0.9333333333333339 -0.48799999999999905 0.32281667363025324 51.500000000000007 -0.81790529251607436 -7.7851117077273306 -70.36999999999999 -1.3999999999999995 45.906666666666673 37.500000000000007 -0.81279832427823695 21.500000000000004 -0.5 16.250000000000004 0.87137607974597331 70.14998999114691 607.50000000000011 -0.35222909080468495 542.50000000000011 -0.55123890259000119 75.500000000000014 4.5000000000000009 22.500000000000004 1.9682081144963646 15.150000000000002
decision_type=2 2 2 2 8 10 10 10 2 8 10 10 8 2 2 2 2 2 2 2 2 2 2 2 10 2 2 2 10 2
left_child=1 3 4 13 5 12 17 8 10 14 -8 26 -2 -1 18 -13 -17 -3 -5 -14 -21 -22 -23 24 -12 -15 -4 -7 -9 -27
right_child=2 6 11 9 -6 27 7 28 -10 -11 23 15 19 25 -16 16 -18 -19 -20 20 21 22 -24 -25 -26 29 -28 -29 -30 -31
leaf_value=-1.2033003555265842 -0.36364207092478784 -0.39050410527346457 0.72978009480134687 1.3635742959530299 0.16680080147226897 2.5093323275990733 0.053025797150374969 0.045593475648610132 0.96405346989099083 -0.20534412661159746 0.58574614426786109 0.83843758179271521 0.47009643210489038 -0.39496391519783053 -0.012662240158271552 1.4891548140696202 3.1361147131746181 0.017480372066518868 0.23450601328374862 0.6112725927709789 0.95493751183065056 4.7298941430591404 2.0694232687193401 0.58574614426786109 0.11704351635756466 1.6165228818808128 -1.5366355930641296 1.0755182063385764 -0.40825725571319293 -0.013393983746317685
leaf_weight=540 519 3393 202 361 4964 137 8742 14051 1399 45198 1388 864 8949 16702 8838 1453 151 5001 814 1137 171 63 142 2583 4925 109 80 1855 1396 961
leaf_count=540 519 3393 202 361 4964 137 8742 14051 1399 45198 1388 864 8949 16702 8838 1453 151 5001 814 1137 171 63 142 2583 4925 109 80 1855 1396 961
internal_value=0.00050316 -0.102683 0.581107 -0.214804 0.481417 0.601802 0.0895719 0.147263 0.263041 -0.157757 0.207439 1.23134 0.49798 -0.386803 0.0570488 1.36212 1.6442 -0.147434 0.581394 0.540723 0.958462 2.00834 2.88703 0.359179 0.238085 -0.361994 0.0868253 1.17413 0.00457738 0.152644
internal_weight=137088 116401 20687 73523 17937 12973 42878 34484 19037 55211 17638 2750 10981 18312 10013 2468 1604 8394 1175 10462 1513 376 205 8896 6313 17772 282 1992 15447 1070
internal_count=137088 116401 20687 73523 17937 12973 42878 34484 19037 55211 17638 2750 10981 18312 10013 2468 1604 8394 1175 10462 1513 376 205 8896 6313 17772 282 1992 15447 1070
is_linear=0
shrinkage=0.05


Tree=34
num_leaves=31
num_cat=0
split_feature=0 0 0 1 20 7 20 9 13 19 0 0 12 0 12 22 20 20 2 8 9 12 7 2 11 10 12 5 6 22
split_gain=2.9815e+06 974124 394440 341304 273634 230543 193723 238741 189589 166205 162002 151362 146999 138681 136668 134428 131205 122963 120416 132032 115406 111014 109260 105419 129491 95600.8 155112 92243.5 91057.9 90351.7
threshold=144.25333333333336 195.74000000000004 110.65333333333335 0.9333333333333339 0.017536152681557709 0.23500000000000001 -0.34121951646271459 42.500000000000007 -0.91080963307804841 -0.06666666666666661 63.63333333333334 265.42000000000002 0.04361938736533582 288.90000000000003 0.39271506111191362 -63.249999999999993 1.5026984154760863 0.74863456345676804 -0.11333333333333327 60.375000000000007 32.500000000000007 -0.84915165824291616 70.250000000000014 -0.84533333333333227 72.455140113830623 77.716666666666683 0.84915165824291627 116.68500000000002 8.2683665152166608 -18.729999999999997
decision_type=2 2 2 8 8 2 8 2 2 10 2 2 2 2 2 8 8 10 8 2 2 2 2 10 2 10 2 2 2 10
left_child=2 4 10 8 5 23 7 -4 22 -6 -1 17 15 16 -7 28 20 25 -11 -20 -5 -9 -3 -2 -25 -10 -27 -8 -12 -18
right_child=1 3 6 13 9 14 27 21 11 18 12 -13 -14 -15 -16 -17 29 -19 19 -21 -22 -23 -24 24 -26 26 -28 -29 -30 -31
leaf_value=-0.90410322551452138 -0.21934354179616206 -0.031354240008356904 0.56134946601318425 2.5342043326996468 -0.06115167602310867 0.72885755681950659 -0.30172750285369898 0.2551746225474506 0.60317866878072079 0.006525600490348323 0.73521969085588268 1.1682143618536596 -0.39740287657036677 1.9660614380539121 1.9675565236122883 -0.21820482467003452 0.47693728917184369 0.36406084509626613 0.2337505077396832 0.77150035899605451 1.1855005140985839 -0.073738968755925074 1.9616437748074533 0.19647587474801728 0.56827011831153207 1.0150431914289439 3.3131938279420141 -0.11207533900652362 -0.25559187137390954 1.5413449724433852
leaf_weight=1082 859 1532 1965 185 10410 825 8281 3083 2072 4470 642 1213 14959 454 305 16570 1090 3621 6104 1404 1112 15280 72 5357 4161 893 80 28400 363 244
leaf_count=1082 859 1532 1965 185 10410 825 8281 3083 2072 4470 642 1213 14959 454 305 16570 1090 3621 6104 1404 1112 15280 72 5357 4161 893 80 28400 363 244
internal_value=0.000584801 0.32624 -0.166377 0.702215 0.186832 0.384991 -0.0862762 0.0375356 0.5536 0.0849821 -0.30222 0.654472 -0.282202 1.15904 1.0632 -0.184149 1.01978 0.560987 0.211986 0.33431 1.37788 -0.018517 0.058107 0.311138 0.359014 0.795164 1.204 -0.154891 0.377344 0.671627
internal_weight=137088 46463 90625 12568 33895 11507 57009 20328 9483 22388 33616 7879 32534 3085 1130 17575 2631 6666 11978 7508 1297 18363 1604 10377 9518 3045 973 36681 1005 1334
internal_count=137088 46463 90625 12568 33895 11507 57009 20328 9483 22388 33616 7879 32534 3085 1130 17575 2631 6666 11978 7508 1297 18363 1604 10377 9518 3045 973 36681 1005 1334
is_linear=0
shrinkage=0.05


Tree=35
num_leaves=31
num_cat=0
split_feature=0 0 0 19 6 9 13 11 1 6 22 9 22 9 13 22 5 19 8 13 22 7 12 1 8 9 13 11 6 11
split_gain=2.7163e+06 689159 552906 265707 212805 262546 211998 211234 173414 171417 180847 162206 158853 157294 235480 163841 156143 135835 128863 127333 126727 125552 120906 106686 104473 99218.9 110905 151351 127928 133016
threshold=165.82000000000002 123.78000000000002 245.82000000000002 0.22399999999999909 8.6077213379299167 77.500000000000014 -0.65106671239330405 66.655650735736614 0.6213333333333334 5.3979092471740264 -52.379999999999995 22.500000000000004 -36.839999999999982 527.50000000000011 -0.30070579950427329 -66.999999999999986 102.83666666666669 0.21600000000000114 70.250000000000014 0.31107263240371752 -75.070000000000007 75.500000000000014 0.52803643325367289 -1.6159999999999994 50.500000000000007 352.50000000000006 -0.076279435988900565 62.262162506580204 7.7783643210328384 70.14998999114691
decision_type=2 2 2 10 2 2 2 2 10 2 10 2 10 2 2 8 2 10 2 2 10 2 2 8 2 2 2 2 2 2
left_child=1 7 3 6 5 12 18 16 20 10 -9 -5 -3 -7 15 -15 -1 -6 23 -11 -4 -12 -17 -2 -14 -8 27 -27 29 -29
right_child=2 4 8 11 17 13 25 9 -10 19 21 -13 24 14 -16 22 -18 -19 -20 -21 -22 -23 -24 -25 -26 26 -28 28 -30 -31
leaf_value=-0.54968299674461718 -0.88724901281224877 1.0252492055194016 -0.41347488338271021 1.7414684660689428 -0.20417211840557203 -0.037941655947553873 0.25610140356985728 0.35011028775146458 1.4750433546068384 -0.3482399588168662 -0.14005835731421631 0.61472944670668295 0.0081473978532970569 2.511093772061241 0.057326296037809511 -0.1475233629928949 -0.25811136807667123 0.10382882570868282 0.55608500190201171 -0.043853818701338428 0.88022593571896268 0.46054927186995764 0.64464333438293941 -0.037448374946305006 0.66109840442186329 -0.010103629212475047 0.43560816577150724 1.0969480780935754 0.49472913663705875 2.7769877448235749
leaf_weight=6708 412 1041 208 344 12483 18880 7044 2432 1362 12947 17021 4470 1419 104 8524 595 14554 5019 840 4677 2105 917 2529 3566 1078 265 4809 255 261 219
leaf_count=6708 412 1041 208 344 12483 18880 7044 2432 1362 12947 17021 4470 1419 104 8524 595 14554 5019 840 4677 2105 917 2529 3566 1078 265 4809 255 261 219
internal_value=0.000555561 -0.107527 0.458867 0.365936 0.0259316 0.0985514 0.276225 -0.223905 1.02745 -0.153285 -0.0544988 0.695244 0.506362 0.0514492 0.195059 0.558761 -0.3501 -0.115848 -0.0066368 -0.267463 0.763888 -0.109355 0.493767 -0.125462 0.290038 0.382257 0.535233 1.01433 1.38368 1.87317
internal_weight=137088 110928 26160 22485 51672 34170 17671 59256 3675 37994 20370 4814 3538 30632 11752 3228 21262 17502 4818 17624 2313 17938 3124 3978 2497 12853 5809 1000 735 474
internal_count=137088 110928 26160 22485 51672 34170 17671 59256 3675 37994 20370 4814 3538 30632 11752 3228 21262 17502 4818 17624 2313 17938 3124 3978 2497 12853 5809 1000 735 474
is_linear=0
shrinkage=0.05


Tree=36
num_leaves=31
num_cat=0
split_feature=0 0 0 5 20 20 7 1 13 8 16 9 22 22 22 13 1 20 9 11 12 1 21 5 6 14 13 22 8 12
split_gain=2.46637e+06 759294 403830 254671 236369 206866 223541 204946 204697 194445 229764 158365 153763 150445 145438 131297 123253 122063 119323 285489 188971 117471 116667 116323 112191 108556 107824 106185 102863 102676
threshold=175.82000000000002 135.82000000000002 251.18000000000004 103.90166666666669 1.0004845928774697 1.2566697942800695 56.20000000000001 0.21400000000000055 -0.81279832427823695 75.500000000000014 20.625000000000004 17.500000000000004 -70.36999999999999 -30.719999999999992 -4.1500000000000048 -0.86046863722869238 3.0226666666666655 -0.51440356441519419 262.50000000000006 83.812499821186051 0.13052619222005182 -1.0799999999999985 1.7973800327715355 46.57694444444445 6.1497548056899243 4.5000000000000009 0.054511258297739194 -9.6200000000000028 28.500000000000004 0.65106671239330416
decision_type=2 2 2 2 8 8 2 10 2 2 2 2 10 10 10 2 10 10 2 2 2 8 10 2 2 2 2 8 2 2
left_child=1 3 4 9 7 6 8 29 -3 23 13 14 25 -11 24 -14 -17 -10 20 -20 26 -6 -9 -1 -5 -4 -13 -21 -22 -2
right_child=2 5 12 11 21 -7 -8 22 17 10 -12 18 15 -15 -16 16 -18 -19 19 27 28 -23 -24 -25 -26 -27 -28 -29 -30 -31
leaf_value=-1.1104395798739319 0.29650904242826953 -0.21043633063918243 0.54540524854146422 0.59956903920623372 -0.38278058549666505 -0.18615820319156906 0.7306226208563078 0.65218718809350718 0.4239334062749065 2.2869640825630237 -0.076294929224021368 -0.25385994587856997 0.59763842128746802 0.45881740564809131 -0.70158525586292431 1.2274656623215794 2.5966966416852344 0.12470429353680337 -0.17681480348312975 0.22064218255646104 -0.59138806572792724 0.26358782894500293 1.2630111117065244 -0.35326929085867187 -0.10559420500726752 -1.5134396947920323 -0.0092847679100144798 -0.22475372908435906 -0.0879070940831857 0.74504466265189428
leaf_weight=522 5052 4111 235 1717 786 5442 1563 1996 3732 178 990 10459 816 306 363 1891 180 22072 22775 8100 4450 6651 1285 17946 840 88 7918 1603 1314 1707
leaf_count=522 5052 4111 235 1717 786 5442 1563 1996 3732 178 990 10459 816 306 363 1891 180 22072 22775 8100 4450 6651 1285 17946 840 88 7918 1603 1314 1707
internal_value=0.000527783 -0.0888789 0.503599 -0.175914 0.408923 0.09849 0.147701 0.56718 0.117244 -0.330562 0.222081 -0.124117 1.01907 1.13115 0.234961 1.13482 1.34647 0.169449 -0.142635 -0.0800553 -0.226827 0.195275 0.891416 -0.374671 0.367916 -0.0155185 -0.148481 0.14706 -0.476611 0.409788
internal_weight=137088 116401 20687 79481 17477 36920 31478 10040 29915 19942 1474 59539 3210 484 2920 2887 2071 25804 56619 32478 24141 7437 3281 18468 2557 323 18377 9703 5764 6759
internal_count=137088 116401 20687 79481 17477 36920 31478 10040 29915 19942 1474 59539 3210 484 2920 2887 2071 25804 56619 32478 24141 7437 3281 18468 2557 323 18377 9703 5764 6759
is_linear=0
shrinkage=0.05


Tree=37
num_leaves=31
num_cat=0
split_feature=0 0 0 20 1 19 2 20 19 8 9 3 6 13 9 12 5 15 22 12 11 7 22 18 8 12 22 13 12 7
split_gain=2.24722e+06 712000 329088 252958 230899 188523 178055 174013 157233 150036 141596 136537 135359 129307 128009 157524 124809 113569 115267 113182 111618 111168 101239 99375.4 97742.6 89070.1 86856.7 86638.4 85480.2 84697.3
threshold=146.98000000000002 208.02000000000004 107.81333333333335 -0.11329065797405026 0.47466666666666751 0.058666666666666381 -0.25333333333333286 2.2916584839663652 0.10666666666666727 60.375000000000007 17.500000000000004 298.72666666666674 8.1829090181925359 -0.91080963307804841 37.500000000000007 0.44228869021900152 72.52166666666669 0.12500000000000003 -53.29999999999999 0.04361938736533582 62.122620647500007 60.375000000000007 -63.249999999999993 23.550000000000004 80.500000000000014 0.47136869107721086 -70.36999999999999 0.32143946530316164 0.4126824757997184 56.20000000000001
decision_type=2 2 2 8 10 10 10 10 10 2 2 2 2 2 2 2 2 2 8 2 2 2 8 2 2 2 8 2 2 2
left_child=2 3 16 10 13 12 -5 8 -8 -10 28 14 21 24 15 -6 -1 -7 -19 22 -12 -4 29 -11 -3 -9 -15 -14 -2 -18
right_child=1 4 5 6 11 17 7 25 9 23 20 -13 27 26 -16 -17 19 18 -20 -21 -22 -23 -24 -25 -26 -27 -28 -29 -30 -31
leaf_value=-0.70637121536518122 0.78416127131937385 -0.12576071054450838 -0.10904184833705935 -0.10864488620023578 0.43060961583304025 -0.01403521768906886 0.14729883781003764 -0.10085050192235567 0.34194157146286736 1.5886636208759271 0.080103392239764759 2.0682336784609636 -0.42842989017558974 -0.045254511035995065 0.8072289463298189 2.6570729064179024 0.19707761044866684 0.89799383268669475 0.15968218163943509 -0.3673775247939528 0.49604356352037637 0.46241874705285646 -0.19309992787239982 0.6895777962493943 1.7003876809643792 -0.9826041176915169 0.67861033349938804 -0.11190788723329398 2.3396417212236176 1.8188715783754983
leaf_weight=1615 231 1011 29859 6662 126 21604 12351 1386 3712 454 2207 283 5819 458 2745 215 763 631 3259 12030 5992 876 13805 527 79 361 4354 3440 143 90
leaf_count=1615 231 1011 29859 6662 126 21604 12351 1386 3712 454 2207 283 5819 458 2745 215 763 631 3259 12030 5992 876 13805 527 79 361 4354 3440 143 90
internal_value=0.000462467 0.298413 -0.137081 0.192576 0.686853 -0.0755097 0.113456 0.192197 0.240911 0.487278 0.427481 1.01712 -0.143241 0.498328 0.920729 1.83439 -0.279547 0.0307453 0.279444 -0.253718 0.384081 -0.0927542 -0.160436 1.03721 0.00659316 -0.283056 0.609714 -0.310832 1.3789 0.368193
internal_weight=137088 43297 93791 34026 9271 65488 25453 18791 17044 4693 8573 3369 39994 5902 3086 341 28303 25494 3890 26688 8199 30735 14658 981 1090 1747 4812 9259 374 853
internal_count=137088 43297 93791 34026 9271 65488 25453 18791 17044 4693 8573 3369 39994 5902 3086 341 28303 25494 3890 26688 8199 30735 14658 981 1090 1747 4812 9259 374 853
is_linear=0
shrinkage=0.05


Tree=38
num_leaves=31
num_cat=0
split_feature=0 0 0 19 13 20 15 1 21 22 8 9 9 11 0 20 11 8 18 22 20 11 9 9 20 22 9 13 8 13
split_gain=2.04842e+06 483060 450304 229358 203868 192838 213005 158553 158025 139345 137282 130278 128989 197903 127610 124809 155718 120374 136521 118955 114022 112084 108267 122485 107611 102262 101800 124607 107936 101266
threshold=159.41333333333338 232.82000000000002 118.01333333333335 0.37599999999999922 -0.71473537162315159 0.80857950365463005 1.0000000180025095e-35 -0.41599999999999909 -10.217999444360027 -49.619999999999997 70.250000000000014 22.500000000000004 537.50000000000011 70.14998999114691 335.52000000000004 0.31252773141979123 74.962799121731521 90.500000000000014 13.750000000000002 -65.299999999999983 2.5247640580662885 123.97882544994347 882.50000000000011 1182.5000000000002 -0.66453833535919371 -9.6200000000000028 252.50000000000003 0.032717136199948357 40.250000000000007 -0.54643492068321275
decision_type=2 2 2 10 2 8 2 10 10 8 2 2 2 2 2 8 2 2 2 8 10 2 2 2 10 10 2 2 2 2
left_child=2 3 8 4 10 6 12 21 -1 -8 -2 -5 24 -14 20 16 -6 26 25 -15 -9 -3 -18 -24 -4 -19 27 28 -10 -26
right_child=1 7 5 11 15 -7 9 14 17 -11 -12 -13 13 19 -16 -17 22 18 -20 -21 -22 -23 23 -25 29 -27 -28 -29 -30 -31
leaf_value=-0.35040842046166792 -0.18016015250092685 0.63810053059091265 0.16980167495147849 1.6048820777082005 0.28310894544138365 -0.23181454950585972 0.82433745013304316 1.0493298626984555 -0.41006694168192698 0.19493526447901177 0.47350720721051887 0.55360263057134118 -0.056880330383100898 1.2500415866022501 1.9098222938640472 0.18437151290271084 0.67816474280521755 2.5701726601674011 0.093468748076291103 0.26892215827939631 0.30999873405661099 -0.32436748850239439 2.6911401916163187 -0.022118178944466479 -0.28394379624431271 0.2682497207758327 -0.077984529063624339 -0.030218392404072127 -0.049241740308946041 -0.049983327106024433
leaf_weight=15106 4295 1178 4164 326 4488 8363 1118 2485 10295 4120 988 3069 7627 325 343 10007 2314 104 1514 6253 660 407 141 59 6011 90 14146 4437 2595 20060
leaf_count=15106 4295 1178 4164 326 4488 8363 1118 2485 10295 4120 988 3069 7627 325 343 10007 2314 104 1514 6253 660 407 141 59 6011 90 14146 4437 2595 20060
internal_value=0.000414851 0.359758 -0.103541 0.271704 0.213397 -0.0096882 0.0277055 0.805621 -0.216352 0.329275 -0.0579146 0.65455 -0.00783956 0.116438 0.994052 0.297667 0.459585 -0.155321 0.253485 0.317396 0.894176 0.390956 0.77463 1.89073 -0.0662278 1.50227 -0.177507 -0.258758 -0.337426 -0.103926
internal_weight=137088 30760 106328 25687 22292 58041 49678 5073 48287 5238 5283 3395 44440 14205 3488 17009 7002 33181 1708 6578 3145 1585 2514 200 30235 194 31473 17327 12890 26071
internal_count=137088 30760 106328 25687 22292 58041 49678 5073 48287 5238 5283 3395 44440 14205 3488 17009 7002 33181 1708 6578 3145 1585 2514 200 30235 194 31473 17327 12890 26071
is_linear=0
shrinkage=0.05


Tree=39
num_leaves=31
num_cat=0
split_feature=0 0 0 20 7 19 3 6 9 2 9 13 12 7 13 22 20 19 6 11 8 13 18 12 17 12 13 8 12 14
split_gain=1.87221e+06 578251 313532 210628 249232 190295 192040 185946 211230 158381 139971 172823 139307 125545 143103 124506 118229 115317 113668 131328 99001.6 97263.1 96933.7 92828.9 96944.4 87930.1 101731 85598.9 84957.3 84832.2
threshold=175.82000000000002 130.82000000000002 257.78000000000003 2.1136786078016985 42.500000000000007 0.09066666666666863 75.38666666666667 8.5193053451924943 82.500000000000014 -0.15333333333333291 527.50000000000011 -0.29026740676763257 0.51877325816052167 43.500000000000007 0.25881904510252057 -36.839999999999982 -0.065864614504566474 0.46666666666666717 5.7407633322006175 67.614569664001394 92.500000000000014 -0.83743052905771542 13.750000000000002 0.31107263240371752 65.500000000000014 -0.10886687485196471 -0.47136869107721074 39.500000000000007 0.15212338618991691 2.5000000000000004
decision_type=2 2 2 8 2 10 2 2 2 10 2 2 2 2 2 10 8 10 2 2 2 2 2 2 2 2 2 2 2 2
left_child=1 5 3 4 9 6 -1 8 15 21 -10 12 -12 14 -4 -3 -14 25 19 -8 -7 -2 -22 -6 -25 -9 27 -27 -17 -30
right_child=2 7 13 -5 23 20 18 17 10 -11 11 -13 16 -15 -16 28 -18 -19 -20 -21 22 -23 -24 24 -26 26 -28 -29 29 -31
leaf_value=-0.77988310969885166 -0.18521436248603546 1.0259566724487446 0.56910127073849437 -0.044009823045718807 0.78360439591309017 -0.07335829118470423 -0.26158406617544305 -0.022636982254079785 -0.00051461199217425779 0.51881752812311432 -0.29730351078511286 0.11877348409584504 1.1361614045850632 2.0283662040873121 1.3748340653252162 0.077025018041134791 0.40169020556113644 0.25393606584034556 -0.32323592486305386 -0.057613394417751797 1.5391595132467224 0.29433808645550674 0.21619321877017403 2.3107545073123745 0.89052345043170122 -0.64110229849443678 -0.027734039013837017 -0.084466634228195586 1.4100673983283973 0.27538766465636705
leaf_weight=1503 1392 936 1693 2706 539 23415 14810 9441 14486 8414 373 7211 1036 240 817 1240 1163 2460 14172 16893 164 4398 889 274 214 2126 2392 1023 295 373
leaf_count=1503 1392 936 1693 2706 539 23415 14810 9441 14486 8414 373 7211 1036 240 817 1240 1163 2460 14172 16893 164 4398 889 274 214 2126 2392 1023 295 373
internal_value=0.000394109 -0.0775025 0.4387 0.362483 0.434702 -0.165263 -0.223741 0.0640127 0.145939 0.380316 0.0981646 0.244282 0.596164 0.935831 0.831366 0.55362 0.747717 -0.0633394 -0.20552 -0.152898 -0.0520299 0.179047 0.422239 1.18689 1.68795 -0.115435 -0.273549 -0.460271 0.321908 0.776481
internal_weight=137088 116401 20687 17937 15231 71846 47378 44555 27113 14204 24269 9783 2572 2750 2510 2844 2199 17442 45875 31703 24468 5790 1053 1027 488 14982 5541 3149 1908 668
internal_count=137088 116401 20687 17937 15231 71846 47378 44555 27113 14204 24269 9783 2572 2750 2510 2844 2199 17442 45875 31703 24468 5790 1053 1027 488 14982 5541 3149 1908 668
is_linear=0
shrinkage=0.05


Tree=40
num_leaves=31
num_cat=0
split_feature=0 0 1 5 20 1 22 9 9 9 20 8 22 13 9 11 12 11 21 12 12 18 16 3 20 8 16 16 12 22
split_gain=1.71044e+06 612543 238487 226938 215973 169453 164199 141943 140014 135939 129081 178690 128570 128460 124917 268601 193906 123308 115845 136893 113067 112335 132325 112164 130278 108936 160663 105583 161207 100751
threshold=142.22000000000003 195.74000000000004 0.96488888888888869 104.61500000000002 -0.27867952599616358 -0.63999999999999846 -63.249999999999993 42.500000000000007 17.500000000000004 337.50000000000006 1.3216508390461235 60.375000000000007 -4.1500000000000048 -0.61734245059638992 262.50000000000006 83.812499821186051 0.13052619222005182 162.48812430800004 7.3495232928275067 0.81279832427823739 -0.24825246871434756 23.550000000000004 13.937500000000002 281.31666666666678 2.199700411570332 75.500000000000014 24.750000000000004 40.437500000000007 0.45201865172701788 -9.7599999999999962
decision_type=2 2 8 2 8 10 8 2 2 2 10 2 10 2 2 2 2 2 10 2 2 2 2 2 10 2 2 2 2 8
left_child=3 4 9 6 7 -6 13 -2 12 17 11 -7 -5 -1 16 -16 -10 23 -11 -20 -19 22 -13 24 27 -8 -27 -3 -29 -17
right_child=1 2 -4 8 5 10 25 -9 14 18 -12 21 -14 -15 15 29 -18 20 19 -21 -22 -23 -24 -25 -26 26 -28 28 -30 -31
leaf_value=1.0534434886592807 1.113482086743623 0.30876194390773254 0.92681984528442229 0.35876145481320454 -0.20074269304419035 0.13505247747784155 -0.33790049423639335 0.31227682755405878 -0.10918878921222197 0.57423201007166613 -0.085169979749819824 1.9646406710911348 -0.61326276541677949 -0.11681583101399567 -0.13126796606817312 0.22987620187477187 -0.4218838405260763 0.41489906674174626 1.1366793617742872 3.9458119714260103 -0.72907732151575966 0.38308352295608872 0.61925779294011418 0.9032434698463192 -0.26984617616707041 0.86659861367190194 -0.11408185938869222 0.61222148061578363 2.8841917263989405 -0.18873488889716408
leaf_weight=396 604 3393 3001 2761 4731 17029 18642 6521 21063 2731 5597 283 388 575 25256 9274 6484 366 327 50 527 1233 516 845 883 494 972 344 101 1701
leaf_count=396 604 3393 3001 2761 4731 17029 18642 6521 21063 2731 5597 283 388 575 25256 9274 6484 366 327 50 527 1233 516 845 883 494 972 344 101 1701
internal_value=0.000364503 0.236858 0.537932 -0.131531 0.133229 0.0733548 -0.274599 0.380197 -0.0864705 0.415945 0.125944 0.187935 0.238995 0.360447 -0.10254 -0.0415244 -0.182791 0.285204 0.687649 1.50924 -0.260214 0.631115 1.09578 0.37271 0.277751 -0.305265 0.109737 0.403735 1.12788 0.164996
internal_weight=137088 49082 12568 88006 36514 29389 21079 7125 66927 9567 24658 19061 3149 971 63778 36231 27547 6459 3108 377 893 2032 799 5566 4721 20108 1466 3838 445 10975
internal_count=137088 49082 12568 88006 36514 29389 21079 7125 66927 9567 24658 19061 3149 971 63778 36231 27547 6459 3108 377 893 2032 799 5566 4721 20108 1466 3838 445 10975
is_linear=0
shrinkage=0.05


Tree=41
num_leaves=31
num_cat=0
split_feature=0 0 1 13 11 19 22 9 9 13 12 16 8 6 0 20 11 9 13 15 18 20 0 22 8 9 0 20 6 22
split_gain=1.54913e+06 517051 260861 202707 188408 172202 159696 203243 193461 213520 157222 152491 148327 135121 134665 134814 150229 252555 136629 122716 121301 208614 120664 115743 138587 172602 114426 147878 104420 100299
threshold=179.90000000000006 137.02000000000004 1.3040000000000018 -0.78661891169205833 55.731569353178706 0.06133333333333444 -14.469999999999997 27.500000000000004 237.50000000000003 -0.31107263240371763 0.065403129230143103 0.13500000000000004 70.250000000000014 3.9837375644911792 257.78000000000003 0.73215004873171041 70.14998999114691 797.50000000000011 -0.35222909080468495 0.12500000000000003 12.500000000000002 -0.68529830228461142 90.346666666666678 1.6200000000000119 22.500000000000004 37.500000000000007 335.52000000000004 2.4007353610803159 5.6259690073881936 -8.0799999999999894
decision_type=2 2 10 2 2 10 8 2 2 2 2 2 2 2 2 8 2 2 2 2 2 10 2 10 2 2 2 10 2 10
left_child=1 4 3 12 -1 13 7 20 10 -10 -9 22 29 -3 15 16 -5 -18 -19 -7 21 -6 -11 -8 -25 -26 27 -4 -22 -2
right_child=2 5 26 14 6 19 23 8 9 11 -12 -13 -14 -15 -16 -17 17 18 -20 -21 28 -23 -24 24 25 -27 -28 -29 -30 -31
leaf_value=-0.32622995270127536 -0.038948680022393205 0.18514952390457837 0.9909582259478894 0.3156834755973747 1.4186580675654115 0.16259965097774892 -0.28725283767321746 -0.12778909349007003 0.22018141195071636 -0.60903367085911164 -0.47045585065549722 1.9059506944606177 0.7253347374965966 -0.075674646362142842 0.93353734467559457 0.1900531041805984 0.68390708262758693 3.7906102363924377 1.2565556925941599 0.56929100454377346 0.33192573036770434 0.13904026727665805 -0.070772374982566152 -0.1899251715046768 0.080298792430757299 0.80452768654297702 2.3544756712019441 0.19493497060682222 -0.30832007451574545 -1.2167788472414638
leaf_weight=11355 3084 7178 2200 3093 552 11681 16105 12969 7683 1106 4512 95 638 16110 1252 4804 2350 103 110 2205 1715 753 17770 3827 657 1062 120 794 1013 192
leaf_count=11355 3084 7178 2200 3093 552 11681 16105 12969 7683 1106 4512 95 638 16110 1252 4804 2350 103 110 2205 1715 753 17770 3827 657 1062 120 794 1013 192
internal_value=0.000265387 -0.0666181 0.422652 0.339375 -0.137342 0.0878167 -0.106622 -0.0559245 -0.0869716 -0.00219469 -0.216234 -0.092254 0.027855 0.00471851 0.443481 0.384824 0.550255 0.833334 2.48194 0.227179 0.283839 0.680304 -0.102311 -0.219413 -0.0224117 0.350523 0.840534 0.779855 0.0941805 -0.107979
internal_weight=137088 118348 18740 15626 81174 37174 69819 48168 44135 26654 17481 18971 3914 23288 11712 10460 5656 2563 213 13886 4033 1305 18876 21651 5546 1719 3114 2994 2728 3276
internal_count=137088 118348 18740 15626 81174 37174 69819 48168 44135 26654 17481 18971 3914 23288 11712 10460 5656 2563 213 13886 4033 1305 18876 21651 5546 1719 3114 2994 2728 3276
is_linear=0
shrinkage=0.05


Tree=42
num_leaves=31
num_cat=0
split_feature=0 0 0 2 20 19 22 13 20 17 8 0 19 0 1 12 12 22 22 6 22 22 2 2 22 20 7 1 20 19
split_gain=1.41239e+06 381860 295128 188806 193198 179803 172622 170033 162854 229726 153103 129220 126853 113158 99691 97807.5 91410.4 114757 89221.9 89056.2 97350.6 86161.3 84721.2 83989.4 83786.8 80801.5 78931.8 77002.1 76916.7 81470.3
threshold=155.82000000000002 219.78000000000003 114.21333333333335 -0.34000000000000025 1.0511170783707202 0.40266666666666573 -70.36999999999999 -0.90159026428466893 -0.10579075337078632 0.015000000000000001 92.500000000000014 306.10000000000008 0.23466666666666647 43.160000000000004 0.96488888888888869 0.81279832427823739 0.04361938736533582 -63.249999999999993 -38.909999999999982 5.0411638867687047 -33.649999999999991 -68.739999999999981 -1.3999999999999995 -0.24666666666666612 -61.550000000000004 2.2916584839663652 65.550000000000011 1.1733333333333336 -0.49713219330105846 0.15733333333333382
decision_type=2 2 2 10 10 10 10 2 8 2 2 2 10 2 10 2 2 8 10 2 8 10 8 10 10 10 2 10 10 8
left_child=2 3 13 22 5 -5 26 10 9 14 21 12 25 -1 -4 -14 17 23 -13 20 -11 -8 -2 -15 -23 -9 -3 -21 29 -19
right_child=1 6 8 4 -6 -7 7 11 -10 19 -12 18 15 16 -16 -17 -18 28 -20 27 -22 24 -24 -25 -26 -27 -28 -29 -30 -31
leaf_value=-0.91508289122848141 -0.52992684563527415 -0.33773762794091039 -0.0010051869883012231 0.32144753607086851 0.065859031215408204 0.91659969596589341 0.96445870439443082 0.68902707272299069 -0.096970541367963903 1.2359001957966889 1.9562023418041592 0.97624155414542035 1.0335520247357282 -0.12399161513188404 0.64920386191240098 2.5846358895040398 -0.26709182742920351 -0.15376475210788607 2.1587225106963213 0.099138770747566995 0.38925736806028532 -1.710976203040379 0.02825815041172048 0.73214545740713943 -0.040219061403973577 0.057501950175553901 1.3622525462469497 1.0331058336349652 -0.28757004232036276 0.1174215043163726
leaf_weight=541 769 603 24570 11531 7338 1426 106 2747 34311 617 107 378 937 501 604 114 18876 9784 276 1526 755 82 5860 669 884 621 77 258 6357 3863
leaf_count=541 769 603 24570 11531 7338 1426 106 2747 34311 617 107 378 937 501 604 114 18876 9784 276 1526 755 82 5860 669 884 621 77 258 6357 3863
internal_value=0.000141015 0.280385 -0.0917679 0.19518 0.270853 0.386948 0.611322 0.693609 -0.023714 0.0650084 0.152726 0.819314 0.722234 -0.19679 0.0145953 1.2018 -0.187088 -0.115766 1.47527 0.467131 0.77 -0.0272849 -0.0364943 0.365543 -0.182043 0.572585 -0.145239 0.234208 -0.143917 -0.0770012
internal_weight=137088 33856 103232 26924 20295 12957 6932 6252 62641 28330 1179 5073 4419 40591 25174 1051 40050 21174 654 3156 1372 1072 6629 1170 966 3368 680 1784 20004 13647
internal_count=137088 33856 103232 26924 20295 12957 6932 6252 62641 28330 1179 5073 4419 40591 25174 1051 40050 21174 654 3156 1372 1072 6629 1170 966 3368 680 1784 20004 13647
is_linear=0
shrinkage=0.05


Tree=43
num_leaves=31
num_cat=0
split_feature=0 0 20 19 0 0 19 1 20 8 18 9 6 20 2 11 9 7 13 13 10 16 13 13 6 9 13 8 18 5
split_gain=1.28751e+06 469399 201563 192542 182207 160789 169864 151154 122528 159230 126158 121815 115738 111494 104959 101661 119667 94762.2 91799 91519.5 90730.1 90548.2 111796 90298.5 89655.6 83566.7 83548 82959.1 94469.8 84724.4
threshold=142.22000000000003 202.30000000000004 -0.27867952599616358 0.09066666666666863 90.346666666666678 335.52000000000004 0.28000000000000019 -0.19999999999999948 2.199700411570332 58.500000000000007 30.500000000000004 42.500000000000007 5.9130010838978757 2.5247640580662885 -0.49333333333333346 67.463221374017067 612.50000000000011 65.550000000000011 -0.83743052905771542 -0.78661891169205833 93.53666666666669 13.937500000000002 -0.22706275313213795 -0.60003553868615123 6.738821042781173 1422.5000000000002 -0.92794370089704259 92.500000000000014 13.750000000000002 118.00055555555558
decision_type=2 2 8 10 2 2 10 10 10 2 2 2 2 10 8 2 2 2 2 2 10 2 2 2 2 2 2 2 2 2
left_child=3 2 11 4 -1 6 13 18 9 19 21 -2 15 14 20 -6 -17 -8 -4 -9 -3 22 24 -14 -11 -13 -7 -5 29 -29
right_child=1 5 7 27 12 26 17 8 -10 10 -12 25 23 -15 -16 16 -18 -19 -20 -21 -22 -23 -24 -25 -26 -27 -28 28 -30 -31
leaf_value=-0.45641925628082314 1.0339070084643038 0.24018260617234338 -0.38868055452214811 -0.029527969507229537 -0.18207834356970862 -0.46795879510732796 0.73783940566271866 -0.21753929726793172 -0.27186636708323952 3.5648835940147516 0.32648993940606252 0.33701006891229823 -0.3969422244374875 -0.062086105246609818 0.54612377341619256 -0.07087991443779007 0.2496590362388291 1.7597530277709965 -0.014027258101081241 0.16387420372844685 -0.82224400954043608 0.58836617123642154 0.32648993940606252 -0.15891928115014325 1.5287463678486113 -0.49086428007751243 1.6615998032814812 2.1503681812435391 0.20021727058411837 0.17136248807546811
leaf_weight=4988 613 1387 2026 28690 16234 52 1734 1766 1610 67 1532 6426 6352 1329 5279 16154 3552 261 8472 14373 235 799 118 10691 280 320 403 128 1151 66
leaf_count=4988 613 1387 2026 28690 16234 52 1734 1766 1610 67 1532 6426 6352 1329 5279 16154 3552 261 8472 14373 235 799 118 10691 280 320 403 128 1151 66
internal_value=0.000150148 0.205332 0.123789 -0.114282 -0.167516 0.498538 0.457613 0.0680157 0.146883 0.182489 0.530842 0.359062 -0.140318 0.357276 0.438037 -0.0894286 -0.0131029 0.871533 -0.0863313 0.122138 0.0862552 0.911208 1.46594 -0.247631 1.92189 0.297739 1.41822 -0.0115358 0.372253 1.39294
internal_weight=137088 49082 38402 88006 57971 10680 10225 31043 20545 18935 2796 7359 52983 8230 6901 35940 19706 1995 10498 16139 1622 1264 465 17043 347 6746 455 30035 1345 194
internal_count=137088 49082 38402 88006 57971 10680 10225 31043 20545 18935 2796 7359 52983 8230 6901 35940 19706 1995 10498 16139 1622 1264 465 17043 347 6746 455 30035 1345 194
is_linear=0
shrinkage=0.05


Tree=44
num_leaves=31
num_cat=0
split_feature=0 0 1 0 6 9 9 20 21 9 13 12 6 7 13 7 22 8 22 13 13 20 9 18 13 12 2 20 12 8
split_gain=1.18252e+06 341218 239039 182951 170865 184584 154393 147868 134335 114783 182837 126568 109612 120419 110320 109174 104399 103703 100034 96043.6 94866.6 90578.8 89837.1 88232.1 85165.9 84559.5 76471.8 85881.8 76140.1 75378.1
threshold=170.02000000000004 125.02000000000002 0.16000000000000136 245.82000000000002 8.6077213379299167 82.500000000000014 242.50000000000003 2.0371132148740947 -10.831673728642214 527.50000000000011 -0.31107263240371763 0.51877325816052167 5.3979092471740264 40.250000000000007 0.33172980431441496 42.500000000000007 -36.839999999999982 92.500000000000014 -66.999999999999986 0.17364817766693066 -0.91959550581536675 -0.66453833535919371 32.500000000000007 12.500000000000002 -0.69930991848440816 -0.23768589232617351 -1.092666666666666 1.0786474164004323 -0.36243803828370141 50.500000000000007
decision_type=2 2 10 2 2 2 2 10 10 2 2 2 2 2 2 2 10 2 8 2 2 10 2 2 2 2 8 10 2 2
left_child=1 8 6 7 5 16 15 22 -1 21 11 -11 13 -10 -14 20 -3 19 -13 26 -2 28 -4 25 -23 -15 -6 -28 -7 -18
right_child=2 4 3 -5 17 9 -8 -9 12 10 -12 18 14 23 -16 -17 29 -19 -20 -21 -22 24 -24 -25 -26 -27 27 -29 -30 -31
leaf_value=-0.25675125874736454 -0.37383823479936856 0.8458424934983948 1.0965263290727472 0.95592493069101625 -0.58943205656394126 0.59484217708630538 0.36215727369068418 0.0043087116810927003 -0.062089227507007183 -0.19201507514260743 0.056875758483063699 2.153872931418273 -0.25878593996844912 0.72784523014096347 0.012725007087443155 0.8030540300963358 0.017531509696065265 0.30472655687731187 0.58532630338945502 0.0072392771884077084 0.075230097316142219 -0.34805538796382673 0.45569694705670261 0.22075323513254977 -0.016114298020266739 3.0676364431194232 -0.082975748605069788 -0.45127985524554426 -0.06118665670516367 0.56784285195964812
leaf_weight=19038 1528 1075 601 1829 1309 1025 6279 1814 21360 540 8535 106 13990 159 5107 420 1426 1490 2475 7214 5106 2240 6076 2082 14069 51 6128 2134 778 1104
leaf_count=19038 1528 1075 601 1829 1309 1025 6279 1814 21360 540 8535 106 13990 159 5107 420 1426 1490 2475 7214 5106 2240 6076 2082 14069 51 6128 2134 778 1104
internal_value=6.68485e-05 -0.0669902 0.321659 0.502328 0.0278591 0.0951569 0.181817 0.404622 -0.146275 0.0542359 0.176625 0.504103 -0.0970752 -0.0251328 -0.186177 0.0212904 0.433059 -0.0950373 0.649745 -0.130524 -0.0282032 -0.0245277 0.513378 0.319278 -0.0617056 1.29608 -0.234361 -0.178105 0.311764 0.257667
internal_weight=137088 113435 23653 10320 51648 33373 13333 8491 61787 29768 11656 3121 42749 23652 19097 7054 3605 18275 2581 16785 6634 18112 6677 2292 16309 210 9571 8262 1803 2530
internal_count=137088 113435 23653 10320 51648 33373 13333 8491 61787 29768 11656 3121 42749 23652 19097 7054 3605 18275 2581 16785 6634 18112 6677 2292 16309 210 9571 8262 1803 2530
is_linear=0
shrinkage=0.05


Tree=45
num_leaves=31
num_cat=0
split_feature=0 0 1 19 20 8 13 3 9 0 19 6 6 21 21 12 22 22 20 11 10 12 9 13 9 22 9 22 22 8
split_gain=1.08214e+06 370891 193545 160398 152031 152580 184731 151815 127906 112980 128043 105363 99727.6 97763 95887.3 182730 89453.4 122691 88815.8 88004.3 90628.1 79490.5 77650.5 90854.7 83252.7 113104 75608.8 75505.1 75412.4 73917.4
threshold=182.07333333333335 137.82000000000002 0.48800000000000104 0.09066666666666863 1.2566697942800695 56.20000000000001 -0.81279832427823695 75.38666666666667 332.50000000000006 306.10000000000008 -0.24266666666666759 5.1876091688181853 5.9711173514037874 -10.674429140792816 5.3344215629162202 0.72982064943493996 -75.070000000000007 -68.739999999999981 -0.34927226671950495 120.00419992208474 75.738888888888908 0.51877325816052167 692.50000000000011 -0.41268247579971828 17.500000000000004 -4.9099999999999993 27.500000000000004 -58.079999999999991 -78.529999999999987 92.500000000000014
decision_type=2 2 10 10 8 2 2 2 2 2 8 2 2 10 10 2 8 10 10 2 10 2 2 2 2 10 2 10 10 2
left_child=1 3 8 7 5 6 -3 -1 16 10 -4 21 13 -9 -10 -16 28 -18 -8 20 -19 -7 24 -24 25 -15 -12 -11 -2 -5
right_child=2 4 9 29 -6 11 18 12 14 27 26 -13 -14 22 15 -17 17 19 -20 -21 -22 -23 23 -25 -26 -27 -28 -29 -30 -31
leaf_value=-0.65913407190077633 -0.10549582395544077 -0.26126156376113641 0.18986975292715094 -0.033750256160362022 -0.14969515978218204 0.54304691506823632 0.26677240308297562 -0.20402207677608353 0.37377438916046191 0.54165868720197996 1.5106046773460549 0.32611894855391566 -0.25190435298217062 0.41208946009319797 0.65227440196476816 3.0239964000052879 0.79532523280812317 -0.039057385708483799 0.080632519383893084 -0.18065431574636417 0.43238120912475975 1.8134161786850957 0.45175530382617168 -0.080780830348843327 -0.10939939430344646 -0.78771507440349176 0.64429334853633446 1.9573577220084108 -1.2618256888491042 0.36188039356590013
leaf_weight=1503 564 3390 1761 26808 6162 272 5300 14475 3901 153 272 2706 16381 1501 452 99 724 1763 19026 1850 2417 225 1635 1570 16882 226 3402 245 188 1235
leaf_count=1503 564 3390 1761 26808 6162 272 5300 14475 3901 153 272 2706 16381 1501 452 99 724 1763 19026 1850 2417 225 1635 1570 16882 226 3402 245 188 1235
internal_value=6.35061e-05 -0.0541861 0.363833 -0.113394 0.0770886 0.122285 0.0845266 -0.163641 0.248653 0.599958 0.540411 0.449018 -0.149501 -0.103276 0.460983 1.07841 0.122714 0.18031 0.132715 0.106467 0.233542 1.11816 -0.0364245 0.190887 -0.0755741 0.25508 0.70843 1.41313 -0.394578 -0.0163269
internal_weight=137088 119297 17791 82216 37081 30919 27716 54173 11958 5833 5435 3203 52670 36289 4452 551 7506 6754 24326 6030 4180 497 21814 3205 18609 1727 3674 398 752 28043
internal_count=137088 119297 17791 82216 37081 30919 27716 54173 11958 5833 5435 3203 52670 36289 4452 551 7506 6754 24326 6030 4180 497 21814 3205 18609 1727 3674 398 752 28043
is_linear=0
shrinkage=0.05


Tree=46
num_leaves=31
num_cat=0
split_feature=0 0 19 6 1 0 9 9 20 8 12 13 12 20 18 21 12 0 20 0 9 11 19 13 1 5 2 9 22 12
split_gain=976936 367483 184635 181640 173645 117495 113091 111330 106767 139751 106554 100358 106740 99312.9 99038.2 94517.1 126446 94171.6 101696 93878 92686.8 160167 83250.9 81776.4 81473.3 80936.1 80630.2 76326.7 76326.3 73663.3
threshold=186.53333333333339 126.02000000000002 0.21600000000000114 7.0953023277710567 0.9333333333333339 82.053333333333356 327.50000000000006 77.500000000000014 -0.892910519457909 60.375000000000007 0.49049438445969384 -0.47136869107721074 -0.15212338618991697 -0.34121951646271459 14.500000000000002 5.3344215629162202 0.77296446310593014 276.64000000000004 2.1136786078016985 98.373333333333349 567.50000000000011 87.340591907501036 -0.24266666666666759 -0.65106671239330405 -1.7093333333333318 103.56500000000001 0.40400000000000041 702.50000000000011 -75.070000000000007 0.79989897227935891
decision_type=2 2 10 2 10 2 2 2 8 2 2 2 2 10 2 10 2 2 10 2 2 2 8 2 10 2 10 2 10 2
left_child=1 5 3 7 6 23 17 10 9 19 -3 12 -5 26 -11 -8 -17 18 24 -7 -9 -22 -6 -1 -2 -10 -4 -27 -19 -24
right_child=4 2 13 11 22 8 15 20 25 14 -12 -13 -14 -15 -16 16 -18 28 -20 -21 21 -23 29 -25 -26 27 -28 -29 -30 -31
leaf_value=-0.12709492056676913 -0.46750101182905041 0.21952855024627277 0.38120187903737818 -0.065467830442233962 0.34939656397710717 -0.18980363420201662 0.39100501212300842 -0.019021507853926242 -0.29647785362117246 1.7365074108530214 1.0718855461116554 -0.025658175713204848 -0.43641187274115822 0.1408419003978558 0.32881409479253154 0.76330850220260704 2.8214745062318718 -0.64673991079377657 -0.2940058719915794 0.06245234003801773 0.065823117876262424 0.55999196343991287 0.72872776938171513 -0.59768528230880758 0.24944838609407227 -0.15262854976201817 1.1978671666030754 0.05476058686428098 0.81277802436203328 1.499138941220008
leaf_weight=1587 429 1273 2343 3760 1289 6692 3856 15255 8192 138 515 11884 4005 9123 1321 491 88 101 1313 8217 6929 2148 1978 2207 5192 30050 347 5205 792 368
leaf_count=1587 429 1273 2343 3760 1289 6692 3856 15255 8192 138 515 11884 4005 9123 1321 491 88 101 1313 8217 6929 2148 1978 2207 5192 30050 347 5205 792 368
internal_value=0.000162604 -0.0481795 0.0433306 -0.00215542 0.3687 -0.131019 0.278726 0.0842366 -0.113905 -0.00507048 0.465034 -0.116999 -0.256792 0.219565 0.461961 0.480449 1.07612 0.164424 0.102185 -0.0507744 0.0562542 0.182764 0.672209 -0.400841 0.19473 -0.154906 0.486549 -0.12201 0.647704 0.849577
internal_weight=137088 121191 57582 45769 15897 63609 12262 26120 59815 16368 1788 19649 7765 11813 1459 4435 579 7827 6934 14909 24332 9077 3635 3794 5621 43447 2690 35255 893 2346
internal_count=137088 121191 57582 45769 15897 63609 12262 26120 59815 16368 1788 19649 7765 11813 1459 4435 579 7827 6934 14909 24332 9077 3635 3794 5621 43447 2690 35255 893 2346
is_linear=0
shrinkage=0.05


Tree=47
num_leaves=31
num_cat=0
split_feature=0 0 0 20 19 12 22 13 22 12 8 21 1 2 9 22 9 11 8 13 9 22 13 14 13 11 9 2 14 14
split_gain=901191 278334 188492 181750 164221 129568 124243 122758 114663 110736 105345 96747.2 98950.2 96376.4 99317 95302.8 91315.6 161186 109492 166475 112319 93252.2 126446 84142.3 84090.3 101474 85775.7 82202.8 81367.8 77563.8
threshold=151.82000000000002 225.62000000000003 104.85333333333334 -0.66453833535919371 0.093333333333333712 -0.55557023301960229 -70.36999999999999 -0.90159026428466893 -68.739999999999981 0.86046863722869271 65.550000000000011 3.8108030532962691 2.1413333333333333 -0.34000000000000025 17.500000000000004 -61.550000000000004 587.50000000000011 66.880922496318888 44.500000000000007 0.021814885034560704 212.50000000000003 -8.4700000000000006 -0.60003553868615123 1.0000000180025095e-35 0.22706275313213803 178.95372528020729 127.50000000000001 -0.27199999999999963 4.5000000000000009 4.5000000000000009
decision_type=2 2 2 8 10 2 10 2 10 2 2 10 10 8 2 10 2 2 2 2 2 8 2 2 2 2 2 10 2 2
left_child=2 4 -1 5 9 -4 29 8 28 27 -7 23 24 -6 -15 -10 18 -18 19 20 -5 22 -19 -9 25 -13 -27 -2 -8 -3
right_child=1 6 3 16 13 10 7 11 15 -11 -12 12 -14 14 -16 -17 17 21 -20 -21 -22 -23 -24 -25 -26 26 -28 -29 -30 -31
leaf_value=-0.20368213089204346 -0.14913104504507707 0.16177790492917377 0.32485317467995561 -0.38397918489446548 0.0845572460055527 -0.031964799140260756 0.20873854398154298 1.2614352846162715 -1.8223091199994088 0.34370495082779606 0.64734995667142137 0.86066164141828416 1.8424876001395594 1.2337331766404318 0.37526533489152214 0.071408772109899418 -0.13097415054845105 0.79618596799896768 0.069040093803131627 -0.065910765250492845 -0.10131488428424262 -0.20887604385377331 0.18133460996265832 0.41824918020019369 1.542102133264998 -1.3289850588549268 0.67385387316059608 0.0883489133726863 2.9438202498251935 -1.1756177609824405
leaf_weight=23248 4969 413 4967 9223 3118 9076 52 338 72 3193 609 863 292 355 6612 860 7098 1026 7129 25500 5678 1100 4520 2374 320 110 104 13665 57 147
leaf_count=23248 4969 413 4967 9223 3118 9076 52 338 72 3193 609 863 292 355 6612 860 7098 1026 7129 25500 5678 1100 4520 2374 320 110 104 13665 57 147
internal_value=0.000154474 0.207492 -0.0791102 -0.0409672 0.14874 0.117231 0.519871 0.592846 0.10457 0.0716409 0.010751 0.708342 1.0054 0.315605 0.419008 -0.074887 -0.0787959 0.0347134 -0.111619 -0.143497 -0.27627 0.21167 0.295081 0.523337 0.830434 0.618982 -0.355643 0.0250218 1.63901 -0.189288
internal_weight=137088 37914 99174 75926 31912 14652 6002 5442 1041 21827 9685 4401 1689 10085 6967 932 61274 13744 47530 40401 14901 6646 5546 2712 1397 1077 214 18634 109 560
internal_count=137088 37914 99174 75926 31912 14652 6002 5442 1041 21827 9685 4401 1689 10085 6967 932 61274 13744 47530 40401 14901 6646 5546 2712 1397 1077 214 18634 109 560
is_linear=0
shrinkage=0.05


Tree=48
num_leaves=31
num_cat=0
split_feature=0 0 1 20 8 0 20 13 19 2 13 22 9 18 5 7 19 9 0 16 22 22 9 13 11 11 7 13 9 13
split_gain=820469 218186 212553 155757 165924 150543 148334 137922 96782.5 113113 90896 90783.3 151454 118479 96141.3 88909.7 87036.7 85728.8 84652.7 77083.6 76473.5 75062.6 74800.2 148384 127355 73464.5 71354.9 70142.6 69610.2 113075
threshold=162.82000000000002 116.30000000000003 0.16000000000000136 0.83129363600621597 57.500000000000007 245.82000000000002 1.024555271276103 -0.77296446310592981 0.19466666666666596 -0.47199999999999959 0.37256073532439549 -16.569999999999993 32.500000000000007 12.500000000000002 66.465000000000018 70.250000000000014 0.70666666666666711 12.500000000000002 219.78000000000003 2.0500000000000003 4.2700000000000005 -11.819999999999991 562.50000000000011 -0.10886687485196482 70.14998999114691 133.08750027418139 26.500000000000004 -0.54643492068321275 222.50000000000003 0.021814885034560704
decision_type=2 2 10 8 2 2 10 2 10 10 2 10 2 2 2 2 10 2 2 2 10 10 2 2 2 2 2 2 2 2
left_child=1 11 7 4 8 6 16 21 9 27 -5 12 13 15 -13 -1 -4 -9 22 -20 -16 -2 -19 24 -24 -6 -15 -3 -14 -30
right_child=2 3 5 10 25 -7 -8 17 -10 -11 -12 14 28 26 20 -17 -18 18 19 -21 -22 -23 23 -25 -26 -27 -28 -29 29 -31
leaf_value=0.5648721029753766 -0.078743189672406413 -0.51126227528655066 0.43524919209850249 -0.34248054817814677 0.49693388163059959 0.81596371231253384 0.12677269246712813 1.258968972145625 0.14147584130162388 -0.0025741757574626947 -0.025531197026439436 -0.81437837248746581 -0.26381375859568768 -0.50576660808927698 -0.26605861541475034 2.0817189620111303 1.0797461751034345 0.025785365218941134 0.5931290401042717 -0.18117213488751374 0.059209481986759439 -0.99074326909447952 0.45407528545876796 0.1399234431481553 1.8601724230046348 0.15706088701345819 0.21385236756245016 -0.10928451982073768 0.038676023543942416 -0.20239313902106001
leaf_weight=604 3765 1788 4801 4853 2572 1829 4966 190 9979 35762 4237 710 7325 436 12342 115 588 6445 1897 387 2117 240 440 2435 254 2150 1641 2761 9639 9820
leaf_count=604 3765 1788 4801 4853 2572 1829 4966 190 9979 35762 4237 710 7325 436 12342 115 588 6445 1897 387 2117 240 440 2435 254 2150 1641 2761 9639 9820
internal_value=0.00014675 -0.0621542 0.240311 -0.0030084 0.0286736 0.397774 0.323909 0.120799 0.00206519 -0.032446 -0.194745 -0.146879 -0.0958803 0.254291 -0.246329 0.807483 0.505571 0.205298 0.188415 0.461932 -0.218435 -0.133395 0.123165 0.323743 0.968699 0.312057 0.0627913 -0.267283 -0.132435 -0.0829797
internal_weight=137088 108851 28237 64102 55012 12184 10355 16053 50290 40311 9090 44749 29580 2796 15169 719 5389 12048 11858 2284 14459 4005 9574 3129 694 4722 2077 4549 26784 19459
internal_count=137088 108851 28237 64102 55012 12184 10355 16053 50290 40311 9090 44749 29580 2796 15169 719 5389 12048 11858 2284 14459 4005 9574 3129 694 4722 2077 4549 26784 19459
is_linear=0
shrinkage=0.05


Tree=49
num_leaves=31
num_cat=0
split_feature=0 0 20 8 13 19 7 13 0 22 10 2 16 6 13 8 12 19 18 9 6 22 13 12 17 11 11 9 22 9
split_gain=755225 284184 161668 172596 153423 148075 133796 121911 118220 99364.1 115484 98929 96964.8 112158 92889.8 91133.1 99357.8 89154.1 84249.9 82818.5 79950.8 79586.6 75319.7 73195.7 76662 106922 69123.8 68591.6 96489.4 93123.8
threshold=142.22000000000003 210.26000000000005 1.2566697942800695 56.20000000000001 -0.79989897227935869 0.050666666666666145 43.500000000000007 -0.90159026428466893 89.420000000000016 -70.36999999999999 76.570833333333354 -1.4866666666666666 13.937500000000002 6.6678818589252247 0.054511258297739194 56.20000000000001 -0.22706275313213778 0.19466666666666596 13.250000000000002 202.50000000000003 3.8219898035621629 -78.529999999999987 -0.61734245059638992 0.56457333468532445 65.500000000000014 142.06520128250133 66.655650735736614 87.500000000000014 -53.29999999999999 262.50000000000006
decision_type=2 2 8 2 2 10 2 2 2 10 10 8 2 2 2 2 2 10 2 2 2 10 2 2 2 2 2 2 10 2
left_child=5 2 3 4 11 8 7 -3 -1 21 -11 -2 13 -5 15 16 -4 -6 -17 -13 26 -9 -22 -8 25 -25 -10 28 -7 -29
right_child=1 6 14 12 17 27 23 9 20 10 -12 19 -14 -15 -16 18 -18 -19 -20 -21 22 -23 -24 24 -26 -27 -28 29 -30 -31
leaf_value=-0.40214633479271678 -1.0497537634458001 -0.058072688776313879 -0.22257334408069229 1.8234002856101605 0.10854176652662154 0.5645533268677877 0.69247023987238721 0.23025072412461639 -0.14167430836929604 0.24239901708247114 0.69247023987238721 -0.28692907522802891 0.32163255699083215 0.59464619989680367 0.085118757955526411 0.96373106700618105 -0.80147129195424138 0.30311920925746877 -0.1059075505226087 0.22809067989745602 -0.31042652537351578 -0.96478723153324408 -0.12221301456353445 2.8614591186627365 0.69247023987238721 0.69247023987238721 0.031354865357739896 -0.1571722488424781 0.050966558513445254 0.025998400631918522
leaf_weight=4038 304 1472 1393 252 19683 1061 396 449 11363 2388 3497 2258 2366 706 3898 205 1124 5089 1805 1193 7910 202 16206 156 161 85 11731 11442 6624 17631
leaf_count=4038 304 1472 1393 252 19683 1061 396 449 11363 2388 3497 2258 2366 706 3898 205 1124 5089 1805 1193 7910 202 16206 156 161 85 11731 11442 6624 17631
internal_value=8.75248e-05 0.157234 0.100977 0.152497 0.112767 -0.0875547 0.414535 0.353012 -0.142483 0.445594 0.510434 -0.18506 0.493472 0.917868 -0.0937989 -0.247857 -0.448332 0.157912 0.00318495 -0.108888 -0.120273 -0.14056 -0.183947 1.03193 1.51948 2.08391 -0.0537811 -0.0109743 0.121873 -0.0460904
internal_weight=137088 49082 40276 31851 28527 88006 8806 8008 51248 6536 5885 3755 3324 958 8425 4527 2517 24772 2010 3451 47210 651 24116 798 402 241 23094 36758 7685 29073
internal_count=137088 49082 40276 31851 28527 88006 8806 8008 51248 6536 5885 3755 3324 958 8425 4527 2517 24772 2010 3451 47210 651 24116 798 402 241 23094 36758 7685 29073
is_linear=0
shrinkage=0.05


Tree=50
num_leaves=31
num_cat=0
split_feature=0 0 19 19 0 9 20 13 2 21 9 6 7 13 20 12 12 21 18 21 16 18 7 0 16 11 11 9 13 20
split_gain=689522 247208 151376 148001 141603 125748 121973 112642 105764 96168.9 95876.6 90434.5 96033.1 90150.6 89613.3 83861.6 78274.6 91192.4 76532 66190.9 65246 94085.4 111160 69257.1 65184.7 99613.3 63932.1 84510.1 149932 77138.4
threshold=182.07333333333335 121.96666666666668 0.28533333333333394 0.026666666666666897 335.52000000000004 87.500000000000014 2.5247640580662885 -0.79989897227935869 -0.193333333333333 -10.070195419143024 187.50000000000003 5.3979092471740264 40.250000000000007 0.33172980431441496 0.12627304216350485 1.0000000180025095e-35 0.60003553868615167 10.479286811039318 12.500000000000002 -7.0302772959232263 35.500000000000007 16.750000000000004 43.500000000000007 228.90000000000003 44.500000000000007 173.72042959681445 49.308840209500012 597.50000000000011 -0.36243803828370164 -0.63657842917674168
decision_type=2 2 10 10 2 2 10 2 8 10 2 2 2 2 10 2 2 10 2 8 2 2 2 2 2 2 2 2 2 10
left_child=1 9 4 7 6 14 8 -3 -2 -1 15 12 -11 -13 -5 -7 -4 -18 -14 -12 21 23 -23 -10 25 -22 -9 29 -29 -28
right_child=2 3 16 5 -6 10 -8 26 20 11 19 13 18 -15 -16 -17 17 -19 -20 -21 24 22 -24 -25 -26 -27 27 28 -30 -31
leaf_value=-0.21522382007772742 0.051950014822872218 -0.24654684008180375 0.46253072209997603 0.54952898321521049 1.1513569819305711 -0.0052317139432391151 -0.18495305346413257 -0.37890911664272114 0.29066841440357361 -0.041601700311146343 0.0047542457269730987 -0.22809984382417836 1.2467906409098457 0.035707509988466744 0.14985959889585665 -0.44080559769855454 0.73870248116451298 2.027895822005565 0.21560885057287316 0.2058197877806181 1.4177657148356491 -0.46542665776842879 0.8067443786312043 0.68170015065079337 0.11761553873576878 -0.4720957309366709 0.274773403763169 0.626807000215444 0.044273926610576997 -0.065781535453561704
leaf_weight=17932 4299 5725 2510 2430 398 4143 1837 1097 4810 18794 7329 12631 198 4355 3317 1507 587 179 1972 9271 436 705 227 1481 239 83 1813 1394 5320 20069
leaf_count=17932 4299 5725 2510 2430 398 4143 1837 1097 4810 18794 7329 12631 198 4355 3317 1507 587 179 1972 9271 436 705 227 1481 239 83 1813 1394 5320 20069
internal_value=0.000174789 -0.0431294 0.29055 0.0244363 0.221261 0.11035 0.195039 -0.0434763 0.251883 -0.119803 0.0564957 -0.0747152 -0.00523837 -0.160463 0.318852 -0.12141 0.597547 1.03996 0.309698 0.117048 0.359578 0.313266 -0.155574 0.382723 0.800887 1.11553 -0.00432299 0.0100469 0.165223 -0.0375654
internal_weight=137088 119297 17791 63415 14515 27997 14117 35418 12280 55882 22250 37950 20964 16986 5747 5650 3276 766 2170 16600 7981 7223 932 6291 758 519 29693 28596 6714 21882
internal_count=137088 119297 17791 63415 14515 27997 14117 35418 12280 55882 22250 37950 20964 16986 5747 5650 3276 766 2170 16600 7981 7223 932 6291 758 519 29693 28596 6714 21882
is_linear=0
shrinkage=0.05


Tree=51
num_leaves=31
num_cat=0
split_feature=0 0 20 19 19 0 3 20 2 20 8 12 21 13 2 2 9 8 18 9 22 18 13 10 20 12 11 11 2 13
split_gain=633239 223130 134776 131924 125176 116945 104065 100604 99383.1 105114 93748.8 84503.8 84201.1 80208.5 80153.3 78655.7 77858.1 77727.7 108490 76439 71827.3 71331.6 71093.4 70014.5 69218.8 69112.4 62859.9 68769 61960.1 60111.9
threshold=144.25333333333336 195.74000000000004 -0.27867952599616358 0.024000000000000923 0.28533333333333394 335.52000000000004 70.963333333333352 2.2916584839663652 -0.67066666666666641 2.199700411570332 56.20000000000001 0.51877325816052167 12.904708888043624 0.78661891169205844 -0.36666666666666636 0.68133333333333412 472.50000000000006 56.20000000000001 13.750000000000002 1152.5000000000002 1.6200000000000119 30.500000000000004 -0.95032354012166609 93.53666666666669 0.44091330651956245 0.25881904510252091 161.08231949749691 52.509766127500008 -0.43999999999999978 -0.48098876891938808
decision_type=2 2 8 10 8 2 2 10 10 10 2 2 8 2 8 10 2 2 2 2 10 2 2 10 10 2 2 2 10 2
left_child=3 2 13 6 5 7 -1 14 -4 10 16 -11 -8 19 23 -6 25 -5 22 26 -20 24 -19 -3 -12 -10 27 -2 -9 -27
right_child=1 4 8 17 15 -7 12 28 9 11 21 -13 -14 -15 -16 -17 -18 18 20 -21 -22 -23 -24 -25 -26 29 -28 -29 -30 -31
leaf_value=-0.66192236251185632 -0.11297497145831586 0.16301273334919503 -0.23463286467356373 -0.037893640735675325 0.45321105500407521 1.093789132594613 -0.089099185404065043 -0.9828000245198526 0.042489517003687173 -0.14579875636316228 1.2413118271418473 -1.064346730991854 -0.25380206703827302 -0.047245800789633502 0.39696302022394375 1.0615591578255759 0.18970476488634347 1.958209942047261 0.066325129477060568 -0.227287847859032 0.6487925563976511 0.20064871738193193 0.52785078140411101 -0.61363760073084483 0.42402673484904208 -0.56968620720937657 -0.032340542499963314 0.58175354184424144 -0.014629834048895979 -0.071630562370099973
leaf_weight=916 395 1855 3039 37961 1598 398 36848 183 9735 1442 335 303 9830 1398 5690 796 6948 121 4096 470 545 1780 308 344 1143 928 607 3627 1704 1745
leaf_count=916 395 1855 3039 37961 1598 398 36848 183 9735 1442 335 303 9830 1398 5690 796 6948 121 4096 470 545 1780 308 344 1143 928 607 3627 1704 1745
internal_value=0.00016605 0.150247 0.083526 -0.0767795 0.330187 0.253643 -0.134141 0.219439 0.0349742 0.0686101 0.0974623 -0.305294 -0.123784 0.28827 0.297885 0.655486 0.0556954 -0.0133351 0.170544 0.380259 0.100223 0.345602 0.931285 0.0415176 0.609271 -0.0193447 0.441945 0.513524 -0.108522 -0.244543
internal_weight=137088 46463 33895 90625 12568 10174 47594 9776 27398 24359 22614 1745 46678 6497 7889 2394 19356 43031 5070 5099 4641 3258 429 2199 1478 12408 4629 4022 1887 2673
internal_count=137088 46463 33895 90625 12568 10174 47594 9776 27398 24359 22614 1745 46678 6497 7889 2394 19356 43031 5070 5099 4641 3258 429 2199 1478 12408 4629 4022 1887 2673
is_linear=0
shrinkage=0.05


Tree=52
num_leaves=31
num_cat=0
split_feature=0 0 20 7 11 13 22 9 9 13 12 16 19 2 9 10 22 0 22 8 9 9 22 12 22 9 18 22 13 21
split_gain=577156 229250 132875 123321 119371 110433 107945 117782 142514 176254 141404 134524 103583 98169.8 92954.4 86822.8 117474 86246 78389.1 97781.2 151880 76769.5 76368.2 75729.1 81965.2 79238.3 74956.9 97111.8 74409.8 73003.5
threshold=138.22000000000003 194.22000000000003 -0.27867952599616358 43.500000000000007 56.070489384742999 -0.89194178735545482 -14.469999999999997 17.500000000000004 237.50000000000003 -0.33172980431441507 0.15212338618991691 0.13500000000000004 -0.19999999999999982 -0.13333333333333319 42.500000000000007 75.738888888888908 -70.36999999999999 90.346666666666678 1.6200000000000119 22.500000000000004 37.500000000000007 1422.5000000000002 -78.529999999999987 -0.36243803828370141 -34.939999999999991 837.50000000000011 23.550000000000004 -54.340000000000003 0.087155742747658027 -8.2457019111565817
decision_type=2 2 8 2 2 2 8 2 2 2 2 2 10 8 2 10 10 2 10 2 2 2 8 2 10 2 2 10 2 10
left_child=4 2 14 5 -1 -3 7 26 10 23 -9 17 -4 -14 -2 -7 22 -11 -8 28 -21 -16 -17 -10 25 -25 27 -6 -20 -19
right_child=1 3 12 -5 6 15 18 8 9 11 -12 -13 13 -15 21 16 -18 29 19 20 -22 -23 -24 24 -26 -27 -28 -29 -30 -31
leaf_value=-0.22390183370015287 0.79270775466425891 -0.059831077018801762 -0.11939992064884719 0.80200552941751979 1.3186166174167568 0.16185892369161692 -0.20602197105246886 -0.066440211057325074 0.0072559940369776718 -0.48088999976447155 -0.39324000600962444 1.7871634607315063 -0.060575733661074639 0.15283524548956604 0.23075414021794322 0.17805238039262836 0.53173110498086229 -0.1153462529725567 -0.34285122673489038 0.096599438998575565 0.75526782766747824 -0.52113304649031034 -1.1117040293495781 0.448886051354695 0.17858051792820306 1.2555948796298273 -0.02140958802703356 0.32930559157577938 0.089650692689755368 0.090128862612775418
leaf_weight=12732 713 2183 9137 1158 298 4178 16134 14760 2306 1101 4267 100 8258 15509 7319 341 5003 9796 1999 671 1078 356 173 1859 2938 364 1161 1480 1979 7737
leaf_count=12732 713 2183 9137 1158 298 4178 16134 14760 2306 1101 4267 100 8258 15509 7319 341 5003 9796 1999 671 1078 356 173 1859 2938 364 1161 1480 1979 7737
internal_value=5.13161e-05 0.126675 0.0689649 0.309474 -0.0830711 0.261457 -0.0574663 -0.0156452 -0.0355763 0.0400584 -0.139728 -0.0418143 0.0236789 0.0786842 0.24661 0.3338 0.464011 -0.0516295 -0.149612 0.00930494 0.320886 0.195878 -0.256049 0.245469 0.351906 0.580979 0.291073 0.495118 -0.127688 -0.0246738
internal_weight=137088 54328 41292 13036 82760 11878 70028 48167 45228 26201 19027 18734 32904 23767 8388 9695 5517 18634 21861 5727 1749 7675 514 7467 5161 2223 2939 1778 3978 17533
internal_count=137088 54328 41292 13036 82760 11878 70028 48167 45228 26201 19027 18734 32904 23767 8388 9695 5517 18634 21861 5727 1749 7675 514 7467 5161 2223 2939 1778 3978 17533
is_linear=0
shrinkage=0.05


Tree=53
num_leaves=31
num_cat=0
split_feature=0 19 0 20 1 11 13 6 9 13 5 2 2 20 3 2 22 9 13 8 8 11 9 9 22 9 13 22 9 12
split_gain=528498 173173 151519 150368 154933 141518 111979 99213.5 89534.5 78848 76901.3 75613.7 74020.8 128138 94116.8 88182.3 73674.9 97403.3 73423.9 70423.8 65768.8 65644.3 65483.7 64789 127638 75763.7 175763 121912 62580.4 82770.9
threshold=167.45333333333335 0.11733333333333276 276.64000000000004 2.1136786078016985 1.3502222222222222 56.070489384742999 -0.82531082829576841 4.9879029417258645 17.500000000000004 -0.52803643325367244 108.51500000000001 -1.3999999999999995 -0.11333333333333327 -0.47993440382934138 115.20833333333336 0.68133333333333412 -18.729999999999997 367.50000000000006 -0.84915165824291594 40.250000000000007 82.90000000000002 177.20532494592166 47.500000000000007 12.500000000000002 -4.9099999999999993 702.50000000000011 -0.61734245059638992 -24.459999999999997 207.50000000000003 -0.22706275313213778
decision_type=2 10 2 10 10 2 2 2 2 2 2 8 8 10 2 10 10 2 2 2 2 2 2 2 10 2 2 8 2 2
left_child=1 5 3 4 6 -1 11 23 -8 19 -11 -2 18 15 -15 -14 20 -18 -3 28 -5 -6 -4 24 -7 -25 27 -27 29 -9
right_child=2 12 22 16 21 7 8 9 -10 10 -12 -13 13 14 -16 -17 17 -19 -20 -21 -22 -23 -24 25 -26 26 -28 -29 -30 -31
leaf_value=-0.24512339171095965 -0.68306242216705515 -0.21890869063995516 1.760158268477374 -0.38177273455980099 0.71631216742900228 0.49435551576748238 1.1233027652255705 -0.18816011765746762 0.21570387644433731 -0.28766069802138378 -0.016557740788819855 0.0063718628257846662 0.28110755829792938 -0.17671693050932002 0.12983374393064231 1.1832427744377236 -0.015559797951207746 1.3030500366124844 0.030522417336013637 -0.011947437714284481 0.31269302583239938 -0.072656909247866441 0.56545069784445667 -0.051628100106697265 -0.83160280412329191 1.1438460451940036 0.002979291945076578 0.18467760952627835 -0.15452568482258874 -0.58006523161961199
leaf_weight=12036 467 3789 123 2127 1986 1337 277 2459 14291 3138 15719 2680 4823 3702 7736 287 631 180 13330 2871 406 304 1699 27913 210 646 4893 680 3368 2980
leaf_count=12036 467 3789 123 2127 1986 1337 277 2459 14291 3138 15719 2680 4823 3702 7736 287 631 180 13330 2871 406 304 1699 27913 210 646 4893 680 3368 2980
internal_value=-5.57306e-05 -0.0466137 0.206954 0.172685 0.224563 -0.0874102 0.174534 -0.058742 0.232961 -0.124901 -0.0616721 -0.0959369 0.0482068 0.123614 0.0306162 0.331775 -0.137663 0.277103 -0.0246849 -0.226999 -0.270461 0.611576 0.646103 -0.00212157 0.314361 -0.0164658 0.141354 0.651965 -0.297104 -0.402883
internal_weight=137088 111917 25171 23349 20005 78250 17715 66214 14568 30535 18857 3147 33667 16548 11438 5110 3344 811 17119 11678 2533 2290 1822 35679 1547 34132 6219 1326 8807 5439
internal_count=137088 111917 25171 23349 20005 78250 17715 66214 14568 30535 18857 3147 33667 16548 11438 5110 3344 811 17119 11678 2533 2290 1822 35679 1547 34132 6219 1326 8807 5439
is_linear=0
shrinkage=0.05


Tree=54
num_leaves=31
num_cat=0
split_feature=0 0 19 2 19 0 20 21 6 8 20 14 7 11 19 20 2 18 2 16 13 12 13 3 10 22 22 6 21 9
split_gain=486400 198567 151194 133600 99764.6 99534.2 89849.7 133244 87619.1 86922.9 99495.9 79440.9 79629.4 86412.9 76439.9 71292.4 108988 67250.8 84021.5 70163.8 65845.9 65255 129290 93222.8 68650.1 63509.5 85100.5 62376 60797.8 90253.1
threshold=138.22000000000003 241.50000000000003 0.21600000000000114 -0.34000000000000025 0.13866666666666608 89.420000000000016 0.32281667363025324 -5.6595914665941249 6.5356305482051251 62.500000000000007 1.1053750793047967 1.0000000180025095e-35 43.500000000000007 121.52027564747299 -0.19999999999999982 -0.66453833535919371 -0.056999999999999544 23.550000000000004 -0.11866666666666649 13.937500000000002 0.3007057995042734 0.58244304235731448 -0.16288578192842348 181.06666666666669 81.010000000000034 -70.36999999999999 -68.739999999999981 2.2509674681720102 -9.4650069945731001 682.50000000000011
decision_type=2 2 10 10 10 2 10 10 2 2 10 2 2 2 10 10 10 2 10 2 2 2 2 2 10 10 10 2 10 2
left_child=4 2 3 25 5 -1 7 -5 28 10 -4 12 13 20 -8 16 -6 18 -11 -20 -3 -9 23 27 -25 -2 -27 -23 -7 -30
right_child=1 11 9 6 15 8 14 21 -10 17 -12 -13 -14 -15 -16 -17 -18 -19 19 -21 -22 22 -24 24 -26 26 -28 -29 29 -31
leaf_value=-0.32110297214662653 -0.5312046044143145 0.46700302177797193 0.27032916356251713 0.053274374909892619 0.013708973732167916 -0.12387869722672358 -0.10330100775333118 0.26056481775643653 -0.19231786820417621 0.36218049757744786 -0.16241982820573286 0.35743503431953072 2.6001366962247818 -0.23953489030858408 0.11017640556812491 -0.056548051629083398 0.40725125318665611 0.36218049757744786 1.6944795476065744 0.70457533005625006 1.6871942223776593 1.5177520187346123 0.070258832611679214 1.1539441400194275 3.4485717148077293 0.90376544552171056 -0.11497302783696191 0.55179360373814157 -0.0390381024026163 0.24366220457240298
leaf_weight=5099 898 184 6678 8365 6108 16812 7690 4438 15231 326 1658 3526 67 152 9222 13777 2471 1111 324 400 213 223 639 70 61 211 7205 667 19974 3288
leaf_count=5099 898 184 6678 8365 6108 16812 7690 4438 15231 326 1658 3526 67 152 9222 13777 2471 1111 324 400 213 223 639 70 61 211 7205 667 19974 3288
internal_value=-1.8248e-05 0.116224 0.0887628 0.0441311 -0.076326 -0.109723 0.0913539 0.18285 -0.0902347 0.257515 0.184257 0.448959 0.972846 0.774252 0.0131068 0.0139108 0.127061 0.540104 0.836811 1.14757 1.1624 0.360598 0.628036 0.977124 2.22243 -0.134076 -0.0859879 0.793826 -0.0514357 0.000920569
internal_weight=137088 54328 50186 39689 82760 60404 31375 14463 55305 10497 8336 4142 616 549 16912 22356 8579 2161 1050 724 397 6098 1660 1021 131 8314 7416 890 40074 23262
internal_count=137088 54328 50186 39689 82760 60404 31375 14463 55305 10497 8336 4142 616 549 16912 22356 8579 2161 1050 724 397 6098 1660 1021 131 8314 7416 890 40074 23262
is_linear=0
shrinkage=0.05


Tree=55
num_leaves=31
num_cat=0
split_feature=0 2 0 20 5 22 19 6 13 15 22 13 8 17 22 13 9 13 22 11 22 22 7 0 22 21 22 12 20 12
split_gain=446881 151415 141581 156930 132929 135095 124473 109382 141763 135764 157469 99203.4 154564 96170.1 93798.3 82349.7 81270.4 248355 124288 80621.5 83964.2 76953.1 83495.1 73185.3 66166 65346.3 63451.1 104890 63235.6 75831.9
threshold=158.21333333333334 -0.13333333333333319 306.10000000000008 2.4007353610803159 104.9616666666667 -78.07999999999997 0.35999999999999982 9.2636569117074181 0.31107263240371752 0.1125 -37.040000000000006 -0.61734245059638992 93.500000000000014 3.9000000000000008 -62.099999999999994 -0.78661891169205833 622.50000000000011 -0.29026740676763257 -66.999999999999986 49.308840209500012 -31.059999999999999 -11.819999999999991 42.500000000000007 85.206666666666692 -30.020000000000003 6.8997808012093715 -58.410000000000004 0.66746801135786471 -0.81790529251607436 -0.98279651670771895
decision_type=2 10 2 10 2 8 10 2 2 2 10 2 2 2 8 2 2 2 8 2 8 10 2 2 10 10 10 2 10 2
left_child=4 15 3 6 5 -1 -3 9 -9 16 13 12 14 -11 -7 21 28 18 -18 -20 26 22 -2 -13 -14 -15 -21 -28 29 -6
right_child=1 2 -4 -5 7 11 -8 8 -10 10 -12 23 24 25 -16 -17 17 -19 19 20 -22 -23 -24 -25 -26 -27 27 -29 -30 -31
leaf_value=0.98861216258390161 -0.19783005351880203 0.22157479224070273 0.97160977414825622 -0.154211750764287 0.80982210085358786 0.51712317158183418 0.61199322145366108 -0.21584856028002231 0.05448550193533537 1.2786723250331844 0.071037736123674547 -0.4976455106314564 1.9978873352373929 0.67401792191095999 -0.12047453972629951 0.10159911850626331 1.9718280660069507 -0.074675846594103881 -0.11808497617021203 0.12223719194531442 0.21583423244819194 -1.1793952794775289 1.0052057890000901 -0.20103817022715309 0.51712317158183418 -0.068904487165985753 1.7618516892571994 0.61851477812594846 -0.06980227807874928 0.064876742857117642
leaf_weight=253 2820 14886 651 2428 369 428 2366 13594 7539 438 4085 2604 121 880 7782 8293 115 9052 916 455 2769 188 152 10329 159 446 237 1306 36823 4604
leaf_count=253 2820 14886 651 2428 369 428 2366 13594 7539 438 4085 2604 121 880 7782 8293 115 9052 916 455 2769 188 152 10329 159 446 237 1306 36823 4604
internal_value=-7.85946e-05 0.164239 0.246148 0.22215 -0.0496748 -0.160018 0.275118 -0.0210744 -0.119409 0.0121781 0.24152 -0.173583 -0.0407854 0.636317 -0.0801837 0.0188375 -0.0115027 0.0889718 0.344463 0.311532 0.394085 -0.198359 -0.136302 -0.260759 1.11443 0.424136 0.64112 0.794128 -0.047201 0.120152
internal_weight=137088 31784 20331 19680 105304 21676 17252 83628 21133 62495 5849 21423 8490 1764 8210 11453 56646 14850 5798 5683 4767 3160 2972 12933 280 1326 1998 1543 41796 4973
internal_count=137088 31784 20331 19680 105304 21676 17252 83628 21133 62495 5849 21423 8490 1764 8210 11453 56646 14850 5798 5683 4767 3160 2972 12933 280 1326 1998 1543 41796 4973
is_linear=0
shrinkage=0.05


Tree=56
num_leaves=31
num_cat=0
split_feature=0 19 11 6 13 2 19 5 2 9 0 20 11 8 12 20 20 2 0 0 20 13 12 21 2 22 9 9 13 18
split_gain=417675 176231 130622 110027 104474 101429 106233 99352.8 81289.1 77750.7 70346.4 75665.2 70078.6 81596.1 79983.2 93621.4 67108.1 104898 63768.6 62898.8 71343 61824.3 160231 79320.7 76698.5 60577.7 130892 66310.5 142064 77274.3
threshold=190.22000000000003 0.17333333333333109 56.070489384742999 6.5356305482051251 0.14132478920498384 0.40400000000000041 -0.26666666666666422 154.86166666666671 -1.3999999999999995 342.50000000000006 136.22000000000003 -0.34121951646271459 123.97882544994347 51.500000000000007 -0.39271506111191307 0.17220931508337387 -0.63657842917674168 0.2760000000000003 251.18000000000004 335.52000000000004 2.8165923650696567 -0.065403129230142923 0.56457333468532445 13.410642971631619 -0.08888888888888892 -16.569999999999993 22.500000000000004 227.50000000000003 -0.39271506111191329 0.015000000000000001
decision_type=2 10 2 2 2 8 8 2 10 2 2 10 2 2 2 10 10 10 2 2 10 2 2 10 10 10 2 2 2 2
left_child=1 2 -1 7 8 9 19 25 -5 12 16 -12 13 -2 -14 -16 17 -3 -8 20 -7 22 -9 -24 -25 26 -4 -28 -29 -30
right_child=5 10 3 4 -6 6 18 21 -10 -11 11 -13 14 -15 15 -17 -18 -19 -20 -21 -22 -23 23 24 -26 -27 27 28 29 -31
leaf_value=-0.20491748265209406 0.024449487983885559 0.076664205271933239 0.43012621398531548 -0.69167683408619507 -0.0038923375280200158 0.26461228000447984 0.47978456857502522 -0.023756541456876921 -0.16954038142414277 0.34284270066016337 0.45842612570907948 0.11592675114945494 0.18598753861015124 0.58167673972769185 0.7702122650308233 -0.74381988067458626 -0.058994312448075958 0.73714200277249464 0.99519495324611895 1.2580656414923741 -0.38346829089336099 0.087322106233798588 0.73311935872070688 0.73773458278179171 3.4099794959199841 -0.10630922511674049 -0.14085604905420931 0.26701593108610661 -0.043755834471891325 1.1943880717585407
leaf_weight=13898 3095 6959 1836 780 12557 1988 2393 942 16817 3148 1995 8412 614 834 117 802 11101 658 801 129 540 3770 838 50 58 13530 6861 5140 16298 127
leaf_count=13898 3095 6959 1836 780 12557 1988 2393 942 16817 3148 1995 8412 614 834 117 802 11101 658 801 129 540 3770 838 50 58 13530 6861 5140 16298 127
internal_value=-5.78986e-05 -0.0300285 -0.063482 -0.0387889 -0.114066 0.254088 0.414723 0.00711418 -0.192684 0.144928 0.0773695 0.181583 0.03086 0.142731 -0.255859 -0.551065 0.0194278 0.13372 0.609041 0.181132 0.126177 0.204285 0.437839 0.897484 2.17283 -0.0183606 0.0209608 -0.00546671 0.037608 -0.0341824
internal_weight=137088 122627 93502 79604 30154 14461 5851 49450 17597 8610 29125 10407 5462 3929 1533 919 18718 7617 3194 2657 2528 5658 1888 946 108 43792 30262 28426 21565 16425
internal_count=137088 122627 93502 79604 30154 14461 5851 49450 17597 8610 29125 10407 5462 3929 1533 919 18718 7617 3194 2657 2528 5658 1888 946 108 43792 30262 28426 21565 16425
is_linear=0
shrinkage=0.05


Tree=57
num_leaves=31
num_cat=0
split_feature=0 0 20 1 19 9 0 20 18 21 9 8 13 9 12 9 2 11 10 22 18 18 11 20 9 13 12 0 9 12
split_gain=377324 146901 132217 137988 115561 101396 93990.1 91016.7 83636.4 80857.6 99539 97305.4 180667 77728.2 102106 75415.9 75118.7 74198.6 71789.3 68293.7 68040.3 91423.1 77663.2 61414 70176.1 128888 93720.7 113233 66082.6 61143.2
threshold=175.82000000000002 110.96666666666668 -0.34121951646271459 0.73911111111111161 0.28533333333333394 37.500000000000007 335.52000000000004 2.5247640580662885 27.300000000000004 -17.572304465993707 582.50000000000011 56.20000000000001 0.043619387365335889 202.50000000000003 -0.076279435988900135 1437.5000000000002 -0.193333333333333 83.812499821186051 87.616666666666688 -63.249999999999993 13.250000000000002 11.325000000000001 90.941501035000002 -1.0065256723893825 722.50000000000011 -0.26932402956675622 0.45201865172701788 145.18000000000004 1102.5000000000002 -0.90159026428466904
decision_type=2 2 8 10 10 2 2 8 2 10 2 2 2 2 2 2 10 2 10 8 2 2 2 10 2 2 2 2 2 2
left_child=1 19 3 5 6 8 7 16 -3 -4 11 12 13 14 -11 23 -2 -12 -10 -1 21 -13 -23 29 -25 26 -26 -28 -29 -7
right_child=4 2 9 -5 -6 15 -8 -9 18 10 17 20 -14 -15 -16 -17 -18 -19 -20 -21 -22 22 -24 24 25 -27 27 28 -30 -31
leaf_value=0.19353564242512025 0.011255482115436571 0.67838909799399749 -0.20361430999032529 0.58220768734406547 0.44818984677951401 0.81409832978625252 0.90047164415219927 -0.19244533932423197 0.39467197570528062 -0.18495553635782161 0.025854230251288513 0.025617462405088273 0.0046347115882382651 -0.071613564234471669 -0.54069894163567933 -0.33228401762512766 0.24972427418653381 0.31766638216177429 -0.64489418122194198 -0.1380215395729591 0.072505641448684294 0.013839312396440595 1.9314084351360798 -0.015796138741061973 -0.30869958122391161 -0.019103109994622242 0.66245482144283396 3.0477778565307911 0.77149222815036778 0.17717713525855944
leaf_weight=1631 5072 1179 6691 1390 3742 452 398 2010 424 5236 6379 264 20782 4873 3281 1290 9465 3308 273 32524 6628 71 175 14599 193 1618 737 88 50 2265
leaf_count=1631 5072 1179 6691 1390 3742 452 398 2010 424 5236 6379 264 20782 4873 3281 1290 9465 3308 273 32524 6628 71 175 14599 193 1618 737 88 50 2265
internal_value=-5.50038e-05 -0.0350252 0.00117195 0.0983353 0.196714 0.0693047 0.14118 0.122917 0.421698 -0.0401909 -0.0187491 -0.0525759 -0.0876482 -0.230876 -0.321998 0.0382559 0.166522 0.125505 -0.0125039 -0.122189 0.115327 0.671834 1.36534 0.0621533 0.0274176 0.262294 0.688604 0.908581 2.22304 0.283135
internal_weight=137088 116401 82246 24558 20687 23168 16945 16547 1876 57688 50997 41310 34172 13390 8517 21292 14537 9687 697 34155 7138 510 246 20002 17285 2686 1068 875 138 2717
internal_count=137088 116401 82246 24558 20687 23168 16945 16547 1876 57688 50997 41310 34172 13390 8517 21292 14537 9687 697 34155 7138 510 246 20002 17285 2686 1068 875 138 2717
is_linear=0
shrinkage=0.05


Tree=58
num_leaves=31
num_cat=0
split_feature=0 19 2 0 20 5 22 13 8 22 20 8 0 22 22 20 11 2 2 13 19 13 13 0 8 9 0 20 12 8
split_gain=351383 152225 131557 124897 89058.1 80539.5 110698 84855.8 116462 80330.6 78211.7 90230.7 73714.2 72937.9 124327 71131.2 84007.5 70894.5 64890.4 129215 61273.1 59398.5 59273.5 59182.3 58890.6 54918.8 54058.2 78575.9 61546.4 55126.5
threshold=137.82000000000002 0.37599999999999922 -0.34000000000000025 276.64000000000004 2.199700411570332 103.90166666666669 -78.07999999999997 -0.60003553868615123 93.500000000000014 -62.099999999999994 -0.12138028280788692 57.500000000000007 190.22000000000003 -70.36999999999999 -68.739999999999981 -0.43970205169133431 71.549480094500012 0.41599999999999998 -0.41999999999999998 -0.82531082829576841 -1.2773333333333319 -0.5 -0.71473537162315159 85.206666666666692 173.50000000000003 1142.5000000000002 251.18000000000004 0.46774783196903785 0.60003553868615167 39.500000000000007
decision_type=2 10 10 2 10 2 8 2 2 8 8 2 2 10 10 10 2 10 10 2 10 2 2 2 2 2 2 10 2 2
left_child=5 2 13 4 12 6 -1 8 9 -8 11 18 15 -2 -15 16 -4 -3 19 -7 -6 -18 -16 -9 -17 -23 27 -19 -28 -29
right_child=1 17 3 -5 20 10 7 23 -10 -11 -12 -13 -14 14 22 24 21 26 -20 -21 -22 25 -24 -25 -26 -27 28 29 -30 -31
leaf_value=0.91006497869437397 -0.46633506209583031 0.19526992394363224 0.078841433124709412 0.6162916696190387 -1.057165839433015 -0.42939553586920037 0.4602280642062101 -0.46419945071185309 0.9961277683613865 -0.11448868237310345 -0.10850751068527749 0.27833515132117942 0.27108903648572696 0.86376091557408674 -0.26579083215506644 0.038700584741949859 0.21001388444538627 0.86636997738294808 0.022065768008509547 -0.0027438426319994682 -0.11033516295201565 0.95586543928689771 0.0076826050781670903 -0.19223321483841802 0.72493687408039065 -0.31461044217704948 0.61569342133274851 -0.038232894042762477 2.2063570111682735 0.56202032640058963
leaf_weight=242 1144 4451 2161 1181 182 2602 406 2561 262 7363 23860 2833 6308 363 2914 22708 700 754 27369 5581 2794 813 6191 9137 317 95 163 816 97 720
leaf_count=242 1144 4451 2161 1181 182 2602 406 2561 262 7363 23860 2833 6308 363 2914 22708 700 754 27369 5581 2794 813 6191 9137 317 95 163 816 97 720
internal_value=-5.33865e-05 0.0979325 0.0660845 0.11032 0.0937575 -0.0654504 -0.152818 -0.165855 -0.0407057 -0.0756716 -0.037419 0.00676933 0.117312 -0.0892286 -0.0436635 0.081109 0.282467 0.315701 -0.0148707 -0.138409 -0.168239 0.55612 -0.0798409 -0.251774 0.0481484 0.822941 0.525911 0.44834 1.20913 0.243136
internal_weight=137088 54872 47871 37259 36078 82216 19971 19729 8031 7769 62245 38385 33102 10612 9468 26794 3769 7001 35552 8183 2976 1608 9105 11698 23025 908 2550 2290 260 1536
internal_count=137088 54872 47871 37259 36078 82216 19971 19729 8031 7769 62245 38385 33102 10612 9468 26794 3769 7001 35552 8183 2976 1608 9105 11698 23025 908 2550 2290 260 1536
is_linear=0
shrinkage=0.05


Tree=59
num_leaves=31
num_cat=0
split_feature=0 19 11 7 17 2 2 22 9 13 9 13 13 8 12 18 12 9 22 5 21 5 5 10 9 12 13 9 7 12
split_gain=318726 150497 114471 96010.6 113400 83443 80355.7 124158 78996.7 75319.6 70492.2 119620 105351 159815 100976 95715.4 79393.3 92445.7 76902.2 69309.1 71513.4 64085.2 63062.4 61648.7 61051.1 83809.8 60055.5 124029 93848.9 84612.8
threshold=190.22000000000003 0.093333333333333712 49.308840209500012 43.500000000000007 20.500000000000004 0.40400000000000041 -0.11333333333333327 -32.93 342.50000000000006 -0.86046863722869238 257.50000000000006 -0.39271506111191329 0.06540312923014284 42.500000000000007 0.21643961393810304 12.500000000000002 0.4126824757997184 387.50000000000006 -31.600000000000005 103.90166666666669 -3.5074776692450622 169.01833333333337 114.57500000000002 70.479166666666686 32.500000000000007 -0.35222909080468484 -0.27982901403099208 792.50000000000011 56.20000000000001 -0.60003553868615167
decision_type=2 10 2 2 2 8 8 8 2 2 2 2 2 2 2 2 2 2 8 2 10 2 2 10 2 2 2 2 2 2
left_child=1 2 -1 4 5 8 9 26 -2 -3 12 16 13 14 -4 -15 17 -12 21 -13 -21 -18 -9 -7 25 -5 27 28 -8 -28
right_child=3 6 10 24 -6 23 7 22 -10 -11 11 19 -14 15 -16 -17 18 -19 -20 20 -22 -23 -24 -25 -26 -27 29 -29 -30 -31
leaf_value=-0.25424963747403967 -0.011733464354534925 -0.20570027723064613 -0.18068220835358903 0.41148698906253189 -0.79720733088427498 0.019246631083203573 0.16193415417114332 -0.10473009434022743 0.30637904146314615 0.031747937882845488 0.24613658220569823 -0.25939709341878209 0.015972656298788596 0.78205583877681539 -0.4800312535591747 -0.0048179535826660853 0.53348870422829286 -0.22614558617337077 0.14546835119788434 -0.064196350280736017 0.11843480945404679 2.1986575721700987 0.12318076908806459 0.41148698906253189 0.41148698906253189 1.605697715163231 0.43025502006639726 1.3078705732086366 0.79590152697110517 -0.004743311224461897
leaf_weight=7288 5135 4233 11725 112 289 1044 2197 5438 3148 15826 2142 3375 12495 414 3708 5811 1562 2007 2299 22203 7066 60 6869 3594 839 300 1800 364 795 2950
leaf_count=7288 5135 4233 11725 112 289 1044 2197 5438 3148 15826 2142 3375 12495 414 3708 5811 1562 2007 2299 22203 7066 60 6869 3594 839 300 1800 364 795 2950
internal_value=-2.58301e-05 -0.0262068 -0.0650845 0.221984 0.182338 0.204247 0.0527121 0.122552 0.109167 -0.0183602 -0.0466701 -0.00223376 -0.0996429 -0.166344 -0.252605 0.0475139 0.170138 0.017679 0.331462 -0.0448461 -0.0201063 0.595086 0.0224755 0.37405 0.640636 1.13943 0.274493 0.436405 0.330385 0.160098
internal_weight=137088 122627 82155 14461 13210 12921 40472 20413 8283 20059 74867 40714 34153 21658 15433 6225 8070 4149 3921 32644 29269 1622 12307 4638 1251 412 8106 3356 2992 4750
internal_count=137088 122627 82155 14461 13210 12921 40472 20413 8283 20059 74867 40714 34153 21658 15433 6225 8070 4149 3921 32644 29269 1622 12307 4638 1251 412 8106 3356 2992 4750
is_linear=0
shrinkage=0.05


Tree=60
num_leaves=31
num_cat=0
split_feature=0 2 19 0 20 7 9 11 12 22 22 20 19 21 6 0 20 9 13 16 14 2 11 8 12 2 20 9 22 16
split_gain=295217 137323 146680 114503 103264 82313 76805.1 136226 133318 75574.9 75432.9 74469 88983.3 78616.5 70309.4 69943.6 85217.1 70476.1 67861 62217.2 57949.4 56722.4 54306.4 63409.6 53697.6 65427 73687.6 53274.6 93074 60445.7
threshold=137.82000000000002 -1.3999999999999995 0.36800000000000127 306.10000000000008 2.4007353610803159 65.550000000000011 322.50000000000006 70.14998999114691 0.34202014332566882 -38.909999999999982 -36.349999999999987 0.58198569162238623 0.1760000000000001 13.886402384123359 7.6966340536626054 214.66000000000005 1.3216508390461235 17.500000000000004 -0.88186879444286459 41.500000000000007 5.5000000000000009 0.94933333333333381 95.128189086913906 65.550000000000011 0.021814885034561173 0.2760000000000003 -0.50587551582891244 17.500000000000004 -12.909999999999998 13.937500000000002
decision_type=2 10 10 2 10 2 2 2 2 10 10 8 8 8 2 2 10 2 2 2 2 10 2 2 2 10 10 2 10 2
left_child=11 18 3 4 5 6 8 -8 -3 20 14 12 13 27 -7 16 17 -4 -2 -10 -5 -19 23 -20 25 -14 -27 28 29 -1
right_child=1 2 15 9 -6 10 7 -9 19 -11 -12 -13 24 -15 -16 -17 -18 21 22 -21 -22 -23 -24 -25 -26 26 -28 -29 -30 -31
leaf_value=0.65974751033448764 -0.71639987267974814 0.05604827719426192 1.0382494439567143 0.54747716426153981 -0.23308834062541189 1.663219539975298 0.015488746057364739 0.23279490558330729 -0.36082235378394367 1.3139845272755786 0.23279490558330729 -0.22970654144380123 0.072084991636214249 -0.18633684575686613 0.53618223136327081 0.67993135173545405 -0.16197993573469438 0.20959871680355224 0.10924913388137754 0.23279490558330729 -0.91986047945371485 0.72308269337078601 -0.390137721605194 1.8971795267072218 -0.051231738930091364 0.84298595382808272 0.15232674850760064 -0.058458627102332433 -0.35154955654395403 0.094920579808005404
leaf_weight=865 730 18249 337 375 2777 174 10790 8468 3054 292 1097 5987 8367 12614 676 1137 1026 3577 342 423 82 633 575 58 7104 628 1003 43974 627 1047
leaf_count=865 730 18249 337 375 2777 174 10790 8468 3054 292 1097 5987 8367 12614 676 1137 1026 3577 342 423 82 633 575 58 7104 628 1003 43974 627 1047
internal_value=3.53748e-05 0.0898493 0.104014 0.0724516 0.0624032 0.0815171 0.0664269 0.139128 0.00198428 0.685659 0.399163 -0.0599076 -0.0465716 -0.0756249 0.766893 0.322537 0.249622 0.342497 -0.351848 -0.28177 0.284191 0.286804 -0.0789021 0.368499 0.0538746 0.128557 0.418258 -0.0456005 0.177094 0.350452
internal_weight=137088 54872 53167 46457 45708 42931 40984 19258 21726 749 1947 82216 76229 59127 850 6710 5573 4547 1705 3477 457 4210 975 400 17102 9998 1631 46513 2539 1912
internal_count=137088 54872 53167 46457 45708 42931 40984 19258 21726 749 1947 82216 76229 59127 850 6710 5573 4547 1705 3477 457 4210 975 400 17102 9998 1631 46513 2539 1912
is_linear=0
shrinkage=0.05


Tree=61
num_leaves=31
num_cat=0
split_feature=0 19 9 22 9 13 11 11 8 17 7 17 2 9 12 9 13 22 6 5 16 9 5 13 12 22 22 6 15 17
split_gain=276020 129666 104950 114601 112729 103368 101679 92692.7 88467.5 80670.7 80320.3 101558 75563.2 73268.1 101694 92036.7 74497.8 83494.1 78061.5 113869 71135.3 68752.9 64483.7 63060.6 62067.1 60271.2 59709.5 56159.1 55877.8 55370.5
threshold=190.22000000000003 0.024000000000000923 87.500000000000014 -56.479999999999997 217.50000000000003 0.26932402956675644 70.14998999114691 53.052450127624887 57.500000000000007 30.500000000000004 43.500000000000007 20.500000000000004 0.40400000000000041 292.50000000000006 0.21643961393810304 12.500000000000002 -0.31107263240371763 -66.549999999999997 11.375292204038724 173.92000000000002 13.937500000000002 342.50000000000006 120.66833333333336 -0.48098876891938808 -0.23768589232617351 1.6200000000000119 -1.9200000000000228 5.9130010838978757 7.9000000000000012 37.500000000000007
decision_type=2 10 2 8 2 2 2 2 2 2 2 2 8 2 2 2 2 8 2 2 2 2 2 2 2 8 10 2 2 2
left_child=1 7 3 -3 5 24 -6 -1 28 20 11 12 21 14 -9 26 17 -15 19 -19 23 -2 -18 27 -4 -17 -16 -10 -5 -12
right_child=10 2 4 8 6 -7 -8 13 9 -11 29 -13 -14 16 15 25 22 18 -20 -21 -22 -23 -24 -25 -26 -27 -28 -29 -30 -31
leaf_value=-0.24400764647409923 -0.012003509139156055 0.60362933990450685 -0.10954487591739809 0.088923993618278727 -0.042839262522389274 0.069388566485380318 0.13567654364607748 -0.058104584206317658 1.7164811669771627 0.10889620791972157 0.89729656476223463 -0.75645997114092844 0.35285193962307565 1.3248880878686906 0.52851635962343779 -0.39338247974187918 -0.15046100191453221 0.16593891262310523 -0.34002344025338616 1.8213430316380734 0.25395674271334456 0.28476761068734113 0.027984571909014568 0.19188679120345423 -0.37776261138254713 0.14566805872191554 -1.0044898973752374 0.74140558869041728 -0.25477082909068516 0.38012206543781785
leaf_weight=6990 5135 1325 5009 3185 15681 4509 16235 24353 205 1874 723 289 4638 150 489 5282 7925 5197 769 106 2139 3148 14017 342 3788 575 73 528 1881 528
leaf_count=6990 5135 1325 5009 3185 15681 4509 16235 24353 205 1874 723 289 4638 150 489 5282 7925 5197 769 106 2139 3148 14017 342 3788 575 73 528 1881 528
internal_value=0.000192117 -0.0241718 0.0312681 0.166285 -0.0030042 -0.125267 0.047968 -0.071854 0.109216 0.256482 0.206794 0.170531 0.191265 -0.051436 -0.10477 -0.281815 0.00683704 0.159547 0.130759 0.199028 0.420715 0.100786 -0.0364663 0.752527 -0.22504 -0.340462 0.329389 1.01411 -0.0386895 0.589713
internal_weight=137088 122627 56701 11479 45222 13306 31916 65926 10154 5088 14461 13210 12921 58936 30772 6419 28164 6222 6072 5303 3214 8283 21942 1075 8797 5857 562 733 5066 1251
internal_count=137088 122627 56701 11479 45222 13306 31916 65926 10154 5088 14461 13210 12921 58936 30772 6419 28164 6222 6072 5303 3214 8283 21942 1075 8797 5857 562 733 5066 1251
is_linear=0
shrinkage=0.05


Tree=62
num_leaves=31
num_cat=0
split_feature=0 2 19 0 20 0 5 22 6 15 22 13 17 13 12 13 21 5 9 4 9 13 2 20 8 13 8 0 22 22
split_gain=254934 114839 122101 98316.4 93811 77821.4 77737 100006 75344.6 115510 110253 98160 76946.5 72267.1 64422.3 89128 83068.6 129257 62009.9 61113.2 60848.1 176662 59632.7 57824.3 60789.8 55209.7 84954.9 54892 52531.2 51405.3
threshold=148.30000000000004 -1.3999999999999995 0.093333333333333712 306.10000000000008 2.5247640580662885 219.78000000000003 104.61500000000002 -63.249999999999993 7.0953023277710567 0.1125 -37.040000000000006 0.32143946530316164 2.7800000000000007 -0.60003553868615123 0.87137607974597331 -0.19509032201612839 9.5590121163027906 155.94500000000005 632.50000000000011 10.679585496439881 692.50000000000011 -0.30070579950427329 1.8666666666666667 1.9021980816004682 51.500000000000007 -0.58244304235731414 93.500000000000014 85.206666666666692 -66.999999999999986 -38.909999999999982
decision_type=2 10 8 2 10 2 2 8 2 2 10 2 2 2 2 2 10 2 2 2 2 2 10 10 2 2 2 2 8 10
left_child=6 -2 3 4 14 23 7 13 9 20 12 -10 -11 -1 22 16 -16 -18 -19 -13 -8 28 -3 24 -4 26 -9 -27 -22 -5
right_child=1 2 5 29 -6 -7 8 25 11 10 -12 19 -14 -15 15 -17 17 18 -20 -21 21 -23 -24 -25 -26 27 -28 -29 -30 -31
leaf_value=0.87748229089689911 -0.34097355163442888 0.022756221247248732 0.17522187705576417 0.31964695394185966 -0.27846779214852324 0.54064012322025634 -0.038591809672290769 -0.084074288175970513 -0.16704577782885902 1.3261640324731989 0.09357390732873061 -0.022044825998123553 0.42896200685475244 0.0042633245736360551 0.46942204169359081 0.10829667135894337 -0.2648483439728066 1.5165340582529705 3.9702947359818683 0.31292461043995035 1.867948068926732 -0.08449606241714408 0.4522866001408038 -0.19429863249111573 0.51472484494735204 -0.43671775954682651 0.83240385954321805 -0.16878756917009133 0.33880725736990586 1.2332847679334302
leaf_weight=403 1406 20622 8123 406 2062 1928 35582 8110 15846 310 3100 7682 1043 575 893 2542 54 51 52 1655 57 5190 841 874 1574 2402 261 9364 3832 248
leaf_count=403 1406 20622 8123 406 2062 1928 35582 8110 15846 310 3100 7682 1043 575 893 2542 54 51 52 1655 57 5190 841 874 1574 2402 261 9364 3832 248
internal_value=5.01184e-05 0.103218 0.118726 0.060317 0.0457068 0.248503 -0.0450135 -0.129672 -0.0209537 0.015101 0.257938 -0.0912705 0.634529 0.364087 0.0723861 0.268369 0.655896 1.71654 2.75533 0.0373291 -0.00911144 0.106427 0.0395868 0.195222 0.230329 -0.153653 -0.0554994 -0.223485 0.361219 0.666103
internal_weight=137088 41676 40270 27771 27117 12499 95412 21115 74297 49114 4453 25183 1353 978 25055 3592 1050 157 103 9337 44661 9079 21463 10571 9697 20137 8371 11766 3889 654
internal_count=137088 41676 40270 27771 27117 12499 95412 21115 74297 49114 4453 25183 1353 978 25055 3592 1050 157 103 9337 44661 9079 21463 10571 9697 20137 8371 11766 3889 654
is_linear=0
shrinkage=0.05


Tree=63
num_leaves=31
num_cat=0
split_feature=0 21 6 13 13 8 22 21 9 11 21 21 12 0 12 9 8 18 9 12 11 21 20 12 0 22 22 22 9 18
split_gain=235023 99199.8 85999.3 117605 85727.9 120678 105929 185752 138610 98125 133296 91893.4 94796.4 82635.6 80948.3 75591.7 71505.1 117666 84940.3 110574 83561.8 66097.5 83041.7 114446 93278.9 101765 65799.9 59818.9 79301.7 71966.8
threshold=165.82000000000002 -16.279640226013036 7.0953023277710567 0.32143946530316164 -0.82531082829576841 56.70000000000001 -16.460000000000001 9.2050994790551659 822.50000000000011 164.03665643519494 3.8108030532962691 10.101184890228156 0.89194178735545526 126.38000000000001 0.49049438445969384 77.500000000000014 65.550000000000011 13.250000000000002 277.50000000000006 -0.22706275313213778 101.51177031018705 28.537048437932949 0.83129363600621597 0.63435554093529933 257.78000000000003 -63.249999999999993 -36.839999999999982 -15.880000000000001 22.500000000000004 12.500000000000002
decision_type=2 10 2 2 2 2 10 10 2 2 10 10 2 2 2 2 2 2 2 2 2 10 10 2 2 10 8 10 2 2
left_child=1 -1 13 16 5 -2 9 -8 -9 10 -6 -11 14 27 -13 26 18 20 19 -4 -18 22 23 -12 -24 -26 -15 28 29 -3
right_child=4 2 3 -5 6 -7 7 8 -10 11 21 12 -14 15 -16 -17 17 -19 -20 -21 -22 -23 24 -25 25 -27 -28 -29 -30 -31
leaf_value=-0.13263366947559582 -0.21589667592683051 0.73724503956635967 -0.13383605752148772 0.05808332160540261 0.10847548102652363 0.26281311032672483 0.29613695777648608 1.0946865043307052 3.7200461551294488 -0.62430042368144001 0.55294436792580581 0.23959566372459837 1.3427637271470194 0.81156275169935044 -0.66383425139105856 0.072390888366646242 -0.037207233873114254 -0.030604058229992112 -0.076849114397485568 -0.4340759266789993 1.7063628648811511 -1.3092843618530494 0.079734799760409883 1.6732638535766224 -0.22174675792351473 1.3788491629522581 0.2131856223636043 -0.11778061686244595 -0.0047143253928488491 0.12222697798136586
leaf_weight=19977 3540 676 7298 11350 12827 2096 1899 340 59 755 1139 710 132 627 381 19131 114 4470 4993 5289 173 52 1477 285 143 325 1719 10704 22802 1605
leaf_count=19977 3540 676 7298 11350 12827 2096 1899 340 59 755 1139 710 132 627 381 19131 114 4470 4993 5289 173 52 1477 285 143 325 1719 10704 22802 1605
internal_value=4.76121e-05 -0.0317448 -0.00958497 -0.0729754 0.134859 -0.0378669 0.182291 0.502193 1.4829 0.141956 0.182435 -0.190551 0.0772174 0.027706 -0.0759009 0.105239 -0.13957 0.0324068 -0.186105 -0.259995 1.01379 0.459744 0.487049 0.777166 0.274645 0.889778 0.37311 -0.0188244 0.0234045 0.304494
internal_weight=137088 110928 90951 33687 26160 5636 20524 2298 399 18226 16248 1978 1223 57264 1091 21477 22337 4757 17580 12587 287 3421 3369 1424 1945 468 2346 35787 25083 2281
internal_count=137088 110928 90951 33687 26160 5636 20524 2298 399 18226 16248 1978 1223 57264 1091 21477 22337 4757 17580 12587 287 3421 3369 1424 1945 468 2346 35787 25083 2281
is_linear=0
shrinkage=0.05


Tree=64
num_leaves=31
num_cat=0
split_feature=0 19 9 9 22 22 9 5 11 22 22 2 19 21 9 13 0 18 8 9 12 9 13 12 22 9 22 21 5 22
split_gain=214614 113134 82506.5 99070.6 96477.2 89293 185717 82928.4 78808.3 71306.1 102384 95307 81020.7 70501.7 71205.5 68711.3 64748.6 63747.4 119856 63667 88055.5 78100.7 64921.4 75187.5 66898.9 63044.1 61030.9 59418.7 59108.7 56812.7
threshold=190.22000000000003 0.024000000000000923 87.500000000000014 187.50000000000003 -36.349999999999987 1.6200000000000119 32.500000000000007 147.04833333333337 53.052450127624887 -75.070000000000007 -68.739999999999981 0.41599999999999998 -0.26666666666666422 -5.6595914665941249 277.50000000000006 0.26932402956675644 251.18000000000004 9.3000000000000025 26.500000000000004 292.50000000000006 0.21643961393810304 7.5000000000000009 -0.39271506111191329 0.4126824757997184 -31.600000000000005 387.50000000000006 -7.0200000000000022 0.78500166627268453 165.50166666666669 -32.93
decision_type=2 10 2 2 10 10 2 2 2 8 8 8 8 10 2 2 2 2 2 2 2 2 2 2 8 2 10 8 2 8
left_child=1 8 4 15 17 26 -7 -8 -1 27 -11 -12 -13 -5 -15 -4 -14 -3 -19 20 -10 -22 23 25 28 -21 -6 -2 -25 -16
right_child=9 2 3 13 5 6 7 -9 19 10 11 12 16 14 29 -17 -18 18 -20 22 21 -23 -24 24 -26 -27 -28 -29 -30 -31
leaf_value=-0.22457447107449957 0.19303187924398954 0.71290341290011849 -0.22565061900330644 -0.026864698117142871 0.037575765775763173 -0.41463029727462042 0.74435608283707744 2.4593841159456895 -0.053303576275030379 0.62516365947322194 0.049326780045594293 0.11275166745883435 0.38373978507685713 -0.028894011663494826 0.3232638987074079 0.047635819928353224 0.9591576174080827 -0.46897785770242112 0.3845422791048031 0.28861647194108658 0.38459820179315446 -0.30855382777781365 -0.029671093450008824 0.53978176323491278 0.13435619611098279 -0.2312791861218286 -0.40556767762405282 -0.5412054364896538 2.1250022844922158 0.091928788635796857
leaf_weight=6990 511 938 6961 18353 5605 396 654 79 24353 1362 7032 2238 2081 5617 4621 3435 639 496 2409 928 436 5983 22762 1141 1702 1569 902 598 62 6235
leaf_count=6990 511 938 6961 18353 5605 396 654 79 24353 1362 7032 2238 2081 5617 4621 3435 639 496 2409 928 436 5983 22762 1141 1702 1569 902 598 62 6235
internal_value=0.000185487 -0.021298 0.0304873 9.96879e-05 0.1502 0.0473673 0.457845 0.929195 -0.065837 0.182362 0.21436 0.167695 0.335579 0.0405339 0.115624 -0.135353 0.518921 0.354528 0.238812 -0.0470102 -0.0967274 -0.261473 0.00731079 0.163139 0.336081 -0.0380621 -0.0238528 -0.202887 0.621481 0.1904
internal_weight=137088 122627 56701 45222 11479 7636 1129 733 65926 14461 13352 11990 4958 34826 16473 10396 2720 3843 2905 58936 30772 6419 28164 5402 2905 2497 6507 1109 1203 10856
internal_count=137088 122627 56701 45222 11479 7636 1129 733 65926 14461 13352 11990 4958 34826 16473 10396 2720 3843 2905 58936 30772 6419 28164 5402 2905 2497 6507 1109 1203 10856
is_linear=0
shrinkage=0.05


Tree=65
num_leaves=31
num_cat=0
split_feature=0 2 19 0 20 20 0 20 1 0 20 16 22 13 21 14 9 0 20 2 13 9 0 9 11 2 13 11 8 8
split_gain=200665 105857 110789 83419.7 92420.6 67439.2 66699.4 120879 65489.4 64686.6 70460 62897.6 59564.3 58686.2 54707.5 52857.4 51852 53588.7 54260 58631.3 50668.2 51103.1 49878.9 49635.4 80027.7 58229.3 55454.3 49494.9 54337.4 48577.2
threshold=137.82000000000002 -1.3999999999999995 0.37599999999999922 306.10000000000008 2.4007353610803159 0.80857950365463005 96.180000000000021 -0.892910519457909 -0.06666666666666618 228.90000000000003 -0.43970205169133431 118.50000000000001 -38.909999999999982 -0.89194178735545482 -17.572304465993707 5.5000000000000009 17.500000000000004 214.66000000000005 0.83129363600621597 0.94933333333333381 0.77296446310593003 1142.5000000000002 118.01333333333335 322.50000000000006 80.635891258716612 2.1900000000000008 -0.81279832427823695 95.128189086913906 65.550000000000011 92.500000000000014
decision_type=2 10 10 2 10 8 2 10 10 2 10 2 10 2 10 2 2 2 10 10 2 2 2 2 2 10 2 2 2 2
left_child=5 13 3 4 9 6 -1 8 -8 10 20 14 15 -2 -12 -5 -4 18 19 -18 21 -3 -9 25 26 -16 -25 28 -15 -6
right_child=1 2 16 12 29 -7 7 22 -10 -11 11 -13 -14 27 23 -17 17 -19 -20 -21 -22 -23 -24 24 -26 -27 -28 -29 -30 -31
leaf_value=-0.14838082201437652 -0.66506837965760912 0.36784413451765219 0.83735903523083088 0.47526248736381532 -0.31819851520732384 -0.26470813920727004 0.01793373120810865 -0.099514507908420285 0.25715172915505929 0.29790620928786787 -0.15095312456056548 0.87940015433659391 1.1342607246409802 0.1163276739332621 -0.018431433744641956 -0.92612608118755058 0.215832313492926 0.5643157470803587 -0.052677017981743138 0.86053678745640783 -0.061539414338462176 -0.18748625329151208 -0.0044592844173973528 -1.1480428286273072 0.29463531010222899 0.74541618237971319 0.04273408590237162 -0.35824074177538673 1.74590927730004 0.2559490093897423
leaf_weight=11976 700 3669 392 375 2347 3478 6276 27030 5258 2884 4058 215 296 347 18028 82 2925 1077 1715 401 1220 467 28198 99 4345 253 7882 598 60 437
leaf_count=11976 700 3669 392 375 2347 3478 6276 27030 5258 2884 4058 215 296 347 18028 82 2925 1077 1715 401 1220 467 28198 99 4345 253 7882 598 60 437
internal_value=0.000176212 0.0742234 0.0866598 0.0596992 0.0511363 -0.0492438 -0.0397263 -0.0202355 0.126986 0.0691633 0.0527677 0.0268399 0.581703 -0.313581 0.0215521 0.22381 0.279886 0.244167 0.175767 0.293561 0.221618 0.305141 -0.0509817 0.0444236 0.121967 -0.00786016 0.0279631 -0.0687639 0.356561 -0.228076
internal_weight=137088 54872 53167 46657 45904 82216 78738 66762 11534 43120 40236 34880 753 1705 34665 457 6510 6118 5041 3326 5356 4136 55228 30607 12326 18281 7981 1005 407 2784
internal_count=137088 54872 53167 46657 45904 82216 78738 66762 11534 43120 40236 34880 753 1705 34665 457 6510 6118 5041 3326 5356 4136 55228 30607 12326 18281 7981 1005 407 2784
is_linear=0
shrinkage=0.05


Tree=66
num_leaves=31
num_cat=0
split_feature=0 8 18 16 21 9 13 12 13 8 21 11 9 11 13 0 20 22 9 5 13 22 1 12 20 6 14 12 14 21
split_gain=182989 90055.7 107703 92378.6 86534.6 87163.8 169050 100865 77992.3 131847 93810.5 130807 163155 117175 97697.3 80911.1 79629.2 75353.6 165712 148030 70648.2 101476 70467.1 68573.7 85174.7 68176.6 67372.6 65871.8 64258.6 94744.4
threshold=167.45333333333335 56.20000000000001 13.250000000000002 7.9000000000000012 -13.490850315234029 262.50000000000006 1.0000000180025095e-35 0.13052619222005182 -0.91080963307804841 92.500000000000014 9.5590121163027906 177.20532494592166 1102.5000000000002 142.06520128250133 -0.50938662908026078 335.52000000000004 2.199700411570332 1.6200000000000119 37.500000000000007 142.90833333333336 -0.78661891169205833 -7.0200000000000022 1.9022222222222231 0.61734245059639015 2.661009335256407 2.6224288995193921 4.5000000000000009 0.47136869107721086 1.5000000000000002 18.620909412835911
decision_type=2 2 2 2 10 2 2 2 2 2 10 2 2 2 2 2 10 10 2 2 2 10 10 2 10 2 2 2 2 10
left_child=1 3 20 4 -1 6 7 -6 9 -2 13 12 23 15 27 16 22 25 -19 -20 21 -3 -10 -12 -25 -4 -18 -13 29 -16
right_child=8 2 17 -5 5 -7 -8 -9 10 -11 11 14 -14 -15 28 -17 26 18 19 -21 -22 -23 -24 24 -26 -27 -28 -29 -30 -31
leaf_value=-0.10779538231681357 -0.19462811911410818 1.7234937627447318 0.46718772338131737 -0.21737126098254622 -0.093275176384683675 0.03004386294127381 0.03004386294127381 -0.35661734120861494 0.15041382699395145 0.78593832150055465 0.39839374559561569 0.14890379303923021 3.2062199815374903 -0.29319868779534269 0.34185358766872104 0.99671638018341469 0.010414232840399128 0.03004386294127381 0.67428790262529059 2.8272456564490205 0.27398334786892337 0.03004386294127381 0.63276910253288343 1.3448348397207437 -0.40111871261194532 0.03004386294127381 -0.67724678281052109 -0.77057750141470382 0.19609351097008193 2.7455855103506561
leaf_weight=25572 3267 251 906 7037 12974 37263 12117 5052 13545 383 1410 364 61 1620 101 279 1326 447 651 91 559 104 802 441 83 8893 487 419 514 69
leaf_count=25572 3267 251 906 7037 12974 37263 12117 5052 13545 383 1410 364 61 1620 101 279 1326 447 651 91 559 104 802 441 83 8893 487 419 514 69
internal_value=0.000167401 -0.0272285 0.102789 -0.0427008 -0.0294809 0.000229426 -0.0659611 -0.16708 0.121977 -0.0917358 0.158223 0.396646 0.660197 0.112516 0.038237 0.152498 0.137922 0.0594087 0.437975 0.93833 0.624296 1.17591 0.177378 0.579894 1.06828 0.0300439 -0.174302 -0.34313 0.474802 1.31749
internal_weight=137088 111917 11902 100015 92978 67406 30143 18026 25171 3650 21521 3462 1995 18059 1467 16439 16160 10988 1189 742 914 355 14347 1934 524 9799 1813 783 684 170
internal_count=137088 111917 11902 100015 92978 67406 30143 18026 25171 3650 21521 3462 1995 18059 1467 16439 16160 10988 1189 742 914 355 14347 1934 524 9799 1813 783 684 170
is_linear=0
shrinkage=0.05


Tree=67
num_leaves=31
num_cat=0
split_feature=0 1 10 11 20 1 0 13 2 20 0 20 13 6 9 9 11 1 22 11 9 12 10 0 14 22 8 12 22 5
split_gain=168627 99005.2 83752.4 99445.9 87916.8 87568.1 81516.5 77258.5 65656.7 65125.7 68844.3 97661.2 64927 62773.7 61707.8 65073.7 87869.2 61177.5 60219.4 59470.7 56796.9 49409.5 48786.3 47202 79813.8 48754.3 45315 49734.2 44209.4 43762.5
threshold=135.82000000000002 -0.0080000000000000644 75.208333333333357 164.03665643519494 0.46774783196903785 2.0146666666666664 210.26000000000005 -0.84915165824291594 -1.5959999999999994 0.40357260602265677 104.14666666666669 -0.86580610064640362 -0.95688340256707749 12.643869754274371 12.500000000000002 417.50000000000006 74.524271016312653 0.51199999999999912 -63.249999999999993 71.549480094500012 852.50000000000011 0.76604444311897824 83.641666666666694 208.02000000000004 5.5000000000000009 -35.699999999999996 60.875000000000007 -0.55557023301960229 -53.689999999999991 208.80166666666668
decision_type=2 10 10 2 10 10 2 2 10 8 2 10 2 2 2 2 2 10 10 2 2 2 10 2 2 8 2 2 10 2
left_child=9 7 -3 4 5 -4 19 8 -2 10 -1 17 -8 -14 -9 21 -17 26 -15 -6 29 23 -5 25 28 -16 27 -12 -25 -20
right_child=1 2 3 22 6 -7 12 14 -10 -11 11 -13 13 18 15 16 -18 -19 20 -21 -22 -23 -24 24 -26 -27 -28 -29 -30 -31
leaf_value=-0.10538498338010721 -0.67617708394798093 0.030426071013746711 0.38403579036499852 -0.51199694592800016 0.47381226936053383 1.3569109221790063 -0.39948886391678046 0.61530895080681136 -0.11385622390861252 -0.17983976178431735 0.28399188028570505 -0.029097702856255122 0.047806939213640161 0.029032257145229574 -0.17016740635567468 0.015307220615901255 0.34732432554652903 0.67027522871675926 0.43202295596682055 -0.0015182793965272882 2.2738468499914295 -0.44876479921658147 0.044185255127932976 0.58255801168270416 -0.58682054959319752 0.040333165333248246 0.58679069721450405 -0.0046871582281674687 0.066176269889832773 1.0218678870783757
leaf_weight=21804 588 12479 4803 443 759 243 227 452 4430 8241 2233 41658 594 317 5287 5686 3068 554 636 4947 62 711 3585 872 272 5734 495 4496 790 622
leaf_count=21804 588 12479 4803 443 759 243 227 452 4430 8241 2233 41658 594 317 5287 5686 3068 554 636 4947 62 711 3585 872 272 5734 495 4496 790 622
internal_value=0.000442816 0.0655798 0.129081 0.2005 0.266815 0.430886 0.165406 -0.00208137 -0.179748 -0.0467678 -0.0313741 0.00126875 0.406128 0.488098 0.0368978 0.0252367 0.131669 0.163908 0.647862 0.0617092 0.796475 -0.0429403 -0.0169837 -0.0206677 0.207164 -0.0606483 0.125075 0.0911102 0.337106 0.723663
internal_weight=137088 57607 29717 17238 13210 5046 8164 27890 5018 79481 71240 49436 2458 2231 22872 22420 8754 7778 1637 5706 1320 13666 4028 12955 1934 11021 7224 6729 1662 1258
internal_count=137088 57607 29717 17238 13210 5046 8164 27890 5018 79481 71240 49436 2458 2231 22872 22420 8754 7778 1637 5706 1320 13666 4028 12955 1934 11021 7224 6729 1662 1258
is_linear=0
shrinkage=0.05


Tree=68
num_leaves=31
num_cat=0
split_feature=0 19 2 22 5 13 20 22 12 21 3 20 2 11 18 8 12 14 18 2 22 18 22 13 22 9 21 16 18 5
split_gain=154620 95316.8 74178.6 94046.5 80749.3 65782.1 73149.1 69156.8 62594 83319.3 73999.9 58278.5 101884 56879.6 126171 115177 103063 83978.2 70163.3 64903.2 71212.9 65259.9 72350.6 74466.3 59313.3 57551.7 70391.6 57190.2 69578.2 66898.7
threshold=186.53333333333339 0.17333333333333109 -0.34933333333333244 -32.93 114.08333333333336 -0.89194178735545482 -1.7752876166739306 -61.550000000000004 0.87137607974597331 10.67377288248767 211.30000000000004 0.73215004873171041 0.94933333333333381 113.20953613432755 17.125000000000004 58.500000000000007 0.4126824757997184 2.5000000000000004 2.5700000000000007 -1.092666666666666 -44.499999999999993 11.325000000000001 -15.680000000000005 -0.72236396205975562 -39.499999999999986 262.50000000000006 15.337512170810692 35.500000000000007 29.500000000000004 241.53
decision_type=2 10 8 10 2 2 10 8 2 10 2 10 10 2 2 2 2 2 2 10 8 2 10 2 8 2 10 2 2 2
left_child=1 2 3 -1 5 7 -7 -4 13 -10 -11 12 -3 15 19 18 -17 27 -2 -15 25 22 -22 -24 -18 -21 -27 -16 29 -29
right_child=8 11 4 -5 -6 6 -8 -9 9 10 -12 -13 -14 14 17 16 24 -19 -20 20 21 -23 23 -25 -26 26 -28 28 -30 -31
leaf_value=-0.26382387820223346 0.14881572929964823 0.071624303902833517 0.78433391401218999 -0.012883752749128854 0.014183979788014601 -0.46591857467396808 -0.10562310931110078 0.020477418106757697 0.33017986852942083 0.77915922990616637 3.096789181748262 -0.11488014091820149 0.6653617268440708 -0.44756550240041371 -0.45760332094147227 0.31692705865333426 0.60564074967898041 -0.84149037483098066 -0.35429866431327112 0.31211467443317864 -0.2532986585445175 0.98284109426133426 -0.91529854205163097 0.93126894090364987 1.55151000376119 0.77734965948141976 2.7734535280263652 0.38565471515850686 1.1307990250210551 -1.753789007001453
leaf_weight=7911 7180 23958 315 7071 49809 1511 20816 4995 1269 102 52 4060 745 406 416 1232 363 649 767 781 1213 162 68 277 305 265 53 113 170 54
leaf_count=7911 7180 23958 315 7071 49809 1511 20816 4995 1269 102 52 4060 745 406 416 1232 363 649 767 781 1213 162 68 277 305 265 53 113 170 54
internal_value=0.000420675 -0.0188114 -0.0435477 -0.145389 -0.0238465 -0.0923872 -0.130006 0.0657909 0.147036 0.463461 1.56174 0.0606771 0.0895304 0.115927 -0.0286685 0.183871 0.533596 -0.424665 0.100258 0.143482 0.228607 0.0277268 -0.0715854 0.567308 1.03751 0.542996 1.11003 -0.0654087 0.418725 -0.306141
internal_weight=137088 121191 92428 14982 77446 27637 22327 5310 15897 1423 154 28763 24703 14474 4627 9847 1900 1402 7947 3225 2819 1720 1558 345 668 1099 318 753 337 167
internal_count=137088 121191 92428 14982 77446 27637 22327 5310 15897 1423 154 28763 24703 14474 4627 9847 1900 1402 7947 3225 2819 1720 1558 345 668 1099 318 753 337 167
is_linear=0
shrinkage=0.05


Tree=69
num_leaves=31
num_cat=0
split_feature=0 19 2 20 0 20 0 11 20 0 20 22 1 22 11 13 21 2 2 9 8 19 8 18 9 9 13 12 14 12
split_gain=143937 90907.8 92265.1 68476 72029.3 76305.8 60964 60956.3 59499.1 64671.3 86716.9 57685.5 57270.1 56915.2 56241.2 81017.2 61325.2 55932.9 55134.6 57044 55075.2 48647.4 48497.2 50761.6 48377.5 48367 55697.5 47582.5 46752.8 46013.6
threshold=140.22000000000003 0.6133333333333334 -1.3999999999999995 -0.52281269087107496 306.10000000000008 2.0371132148740947 195.74000000000004 58.652805528230111 0.42919305207688235 104.14666666666669 -0.86580610064640362 -39.329999999999977 -0.06666666666666618 -38.909999999999982 173.72042959681445 -0.15212338618991647 10.867110647852636 1.186666666666667 1.9986666666666675 12.500000000000002 82.90000000000002 -0.71200000000000074 42.500000000000007 23.550000000000004 32.500000000000007 1132.5000000000002 0.75894212529897775 -0.48098876891938752 5.5000000000000009 0.39271506111191362
decision_type=2 10 10 10 2 10 2 2 8 2 10 8 10 10 2 2 8 10 10 2 2 10 2 2 2 2 2 2 2 2
left_child=8 2 -2 25 5 6 11 -8 9 -1 12 18 27 28 17 16 -16 -9 19 -5 21 -7 -3 29 -14 26 -4 -11 -6 -24
right_child=1 22 3 4 13 20 7 14 -10 10 -12 -13 24 -15 15 -17 -18 -19 -20 -21 -22 -23 23 -25 -26 -27 -28 -29 -30 -31
leaf_value=-0.09713153957372235 -0.35280600115254557 0.18678909730917545 0.42632409341970584 0.78607773519633861 0.40390969688364431 -0.58542119249931635 -0.1881284321865738 0.21306671032725777 -0.15587102033477551 0.25131626541995739 -0.021873203187182649 0.06868432505746723 0.79653973974193526 1.0428710228733478 -1.4831812713237911 0.66857888598906556 -0.20320025406175568 0.61497271248352181 0.96653662528691253 -0.11847317596564018 0.26124172819363156 -0.14343222650844428 0.44934413877598356 0.39064448839988497 0.23529067426460648 -0.22297020788088059 -0.029350626752223261 -0.087387514777547748 -0.88226665424746153 1.340254843587567
leaf_weight=21823 1389 2251 2778 178 396 777 976 5092 9732 1628 45683 21062 436 310 130 188 334 1043 123 8373 664 3132 267 495 3216 469 884 2856 86 317
leaf_count=21823 1389 2251 2778 178 396 777 976 5092 9732 1628 45683 21062 436 310 130 188 334 1043 123 8373 664 3132 267 495 3216 469 884 2856 86 317
internal_value=0.000374228 0.066203 0.0488115 0.0606819 0.0419451 0.0330522 0.0565671 0.181341 -0.0395006 -0.0245285 0.00491122 0.0239931 0.155304 0.514348 0.234472 -0.207039 -0.561816 0.281394 -0.084525 -0.0996438 -0.159772 -0.231287 0.318897 0.5945 0.302296 0.255098 0.316325 0.0355852 0.174426 0.932938
internal_weight=137088 51714 48384 46995 42864 42072 37499 7763 85374 75642 53819 29736 8136 792 6787 652 464 6135 8674 8551 4573 3909 3330 1079 3652 4131 3662 4484 482 584
internal_count=137088 51714 48384 46995 42864 42072 37499 7763 85374 75642 53819 29736 8136 792 6787 652 464 6135 8674 8551 4573 3909 3330 1079 3652 4131 3662 4484 482 584
is_linear=0
shrinkage=0.05


Tree=70
num_leaves=31
num_cat=0
split_feature=0 2 19 19 21 21 9 9 17 11 12 22 22 8 18 22 9 5 7 9 7 5 13 0 20 11 9 13 11 21
split_gain=132595 74710.7 72704.7 72437.3 63198 60402.6 62110.2 83659 83953.4 64770.7 56417.3 55828.2 182865 46018.5 67021.7 64272.2 74772.4 61609.8 42957.8 47166.3 42860 55993.6 42796.8 42657.7 55008 42339.4 40653.9 82024.7 65681.8 40330.7
threshold=160.82000000000002 -0.13333333333333319 0.024000000000000923 -0.29333333333333356 9.5590121163027906 3.4422557413560573 292.50000000000006 77.500000000000014 23.550000000000004 109.65531015560161 0.021814885034561173 -70.36999999999999 -69.469999999999985 56.20000000000001 13.750000000000002 1.6200000000000119 37.500000000000007 138.13500000000005 21.500000000000004 207.50000000000003 62.500000000000007 180.79166666666669 -0.94331137514050678 335.52000000000004 3.0268657566268105 133.08750027418139 277.50000000000006 0.087155742747658027 67.886001056000012 9.3887932974288422
decision_type=2 8 10 8 8 10 2 2 2 2 2 10 10 2 2 10 2 2 2 2 2 2 2 2 10 2 2 2 2 10
left_child=2 11 4 23 -1 25 7 8 20 -9 -11 -2 -13 26 22 -16 -17 -18 19 29 -7 -22 -15 24 -3 -5 27 -4 -28 -14
right_child=1 3 13 5 -6 6 -8 9 -10 10 -12 12 18 14 15 16 17 -19 -20 -21 21 -23 -24 -25 -26 -27 28 -29 -30 -31
leaf_value=-0.033218570580610257 -0.3674308679038687 0.037174127824815766 -0.13272469100166595 0.17102134713850681 -0.15359847127345067 0.53581725186904583 0.71475548430345959 0.46300957763726658 -0.081083357145309176 0.032233686502820207 -0.73366749459894098 1.1485107931922214 -0.2446820512584616 1.3847045711026742 0.073414265427085887 0.073414265427085887 0.7650403962619502 2.6353083539009097 0.55218107726541354 0.071415125779161953 0.8564336780351246 2.1836631968728093 0.39153469257328788 0.85690729865296322 -0.46781032168483438 -0.26800493778673568 -0.049434417114157581 0.073414265427085887 0.073414265427085887 0.11109880192042594
leaf_weight=42306 1001 4964 12267 8315 14688 887 1000 562 436 827 339 349 3242 156 5003 210 369 50 320 4743 268 101 356 143 605 588 12280 7691 11966 1056
leaf_count=42306 1001 4964 12267 8315 14688 887 1000 562 436 827 339 349 3242 156 5003 210 369 50 320 4743 268 101 356 143 605 588 12280 7691 11966 1056
internal_value=0.000320232 0.0937327 -0.0255657 0.153174 -0.0642418 0.217039 0.368136 0.266785 0.516696 0.0220806 -0.190443 -0.0119024 0.0247488 0.0182157 0.146434 0.0966426 0.583596 0.988223 -0.0171476 -0.0372986 0.724205 1.17705 0.694141 0.00420954 -0.0176859 0.142026 0.000394413 -0.0524564 0.0438984 -0.157268
internal_weight=137088 29746 107342 19035 56994 13323 4420 3420 1692 1728 1166 10711 9710 50348 6144 5632 629 419 9361 9041 1256 369 512 5712 5569 8903 44204 19958 24246 4298
internal_count=137088 29746 107342 19035 56994 13323 4420 3420 1692 1728 1166 10711 9710 50348 6144 5632 629 419 9361 9041 1256 369 512 5712 5569 8903 44204 19958 24246 4298
is_linear=0
shrinkage=0.05


Tree=71
num_leaves=31
num_cat=0
split_feature=0 19 2 20 0 11 19 6 20 0 20 22 5 20 22 11 8 13 19 5 21 22 11 12 9 13 22 15 22 9
split_gain=122925 87088 92835.7 62485.6 65013.2 63785.2 59083.8 54514.5 51060.7 61345 79153.2 48478.9 47338.4 46084.6 44859.6 46712.4 41403.8 53280.2 48773.2 41182.2 39911.3 39531.9 45969.1 40510.2 59147.4 98880.6 47347.2 39363.5 37709.5 37657
threshold=129.78000000000003 0.36800000000000127 -0.34000000000000025 -0.43970205169133431 276.64000000000004 66.408199812500001 -0.78666666666666907 31.448249601831254 -0.12138028280788692 97.90000000000002 -1.2088320812940172 -86.980000000000018 114.31833333333336 1.7862467424049968 -43.000000000000007 106.79841173057153 40.250000000000007 -0.58244304235731414 1.1733333333333349 211.68833333333339 9.9085293394817118 -33.219999999999992 149.12952108250002 0.76604444311897824 1142.5000000000002 -0.021814885034560822 -44.499999999999993 8.4500000000000011 -63.149999999999984 332.50000000000006
decision_type=2 10 10 10 2 2 10 2 8 2 10 10 2 10 10 2 2 2 10 2 10 10 2 2 2 2 10 2 10 2
left_child=8 2 7 5 6 -4 13 14 9 28 -11 -7 -10 -5 -2 20 17 27 -18 -17 -16 22 23 -13 25 26 -25 -3 -1 -8
right_child=1 16 3 4 -6 11 29 -9 12 10 -12 21 -14 -15 15 19 18 -19 -20 -21 -22 -23 -24 24 -26 -27 -28 -29 -30 -31
leaf_value=0.15149065882615784 -0.1974024876447025 -0.018507781417045455 0.030329138211041037 -0.043098762258511503 0.40448853555519854 -1.1626901743458766 -0.0028060303470929999 -0.67641121752310518 -0.21398774784582822 0.23863855091052871 -0.010081688575638924 0.55609323614136053 -0.053271935261759308 -0.49641089870242611 0.070966814035929041 -0.069051433486474051 0.29394993332301173 0.22783832817092611 1.0036022310808979 -0.55757736184470763 0.87940281999026304 0.17704805436545593 0.13274705381318927 3.5266222129102616 0.12798907798601361 0.030717825080300201 1.5942881599633081 -0.83019405050557449 -0.13834402561382123 0.099286840186042613
leaf_weight=1237 4623 1786 2572 1487 1175 51 20248 388 7429 3534 33724 1051 11955 900 4523 2441 2025 4382 275 524 158 1266 500 61 82 58 66 163 12098 16306
leaf_count=1237 4623 1786 2572 1487 1175 51 20248 388 7429 3534 33724 1051 11955 900 4523 2441 2025 4382 275 524 158 1266 500 61 82 58 66 163 12098 16306
internal_value=0.000501646 0.0488488 0.0269671 0.0600763 0.0380539 0.214877 0.0269972 -0.0929 -0.0458653 -0.0194283 0.01351 0.366283 -0.114867 -0.214017 -0.0744468 -0.000104178 0.197109 0.131103 0.3788 -0.155388 0.0982543 0.391567 0.540952 0.69581 1.24578 1.74124 2.52242 -0.0863912 -0.111458 0.0427355
internal_weight=137088 67111 58480 45823 40116 5707 38941 12657 69977 50593 37258 3135 19384 2387 12269 7646 8631 6331 2300 2965 4681 3084 1818 1318 267 185 127 1949 13335 36554
internal_count=137088 67111 58480 45823 40116 5707 38941 12657 69977 50593 37258 3135 19384 2387 12269 7646 8631 6331 2300 2965 4681 3084 1818 1318 267 185 127 1949 13335 36554
is_linear=0
shrinkage=0.05


Tree=72
num_leaves=31
num_cat=0
split_feature=0 19 11 9 22 9 21 22 22 21 9 9 13 9 3 19 11 11 12 9 13 22 9 22 9 22 6 13 5 12
split_gain=117073 81508.4 60016.4 58920.9 80645.3 80273.3 57074.3 55398 82917.2 73827.7 93972 109648 73090.3 85609 73303.1 64062.6 61428.2 61183.9 75805.2 73723 55122.7 54514.7 138942 65479.8 51741.4 57482.9 50396.7 56576.5 50209.2 49168.3
threshold=190.22000000000003 0.024000000000000923 53.052450127624887 87.500000000000014 -56.479999999999997 187.50000000000003 -3.1421430874892304 -75.070000000000007 -69.469999999999985 3.8108030532962691 1092.5000000000002 1282.5000000000002 0.24825246871434672 587.50000000000011 244.57000000000005 1.1733333333333349 123.17551571639116 161.08231949749691 0.49049438445969384 322.50000000000006 0.26932402956675644 1.6200000000000119 32.500000000000007 -8.0799999999999894 277.50000000000006 -34.939999999999991 4.1125484246565991 -0.52803643325367244 147.04833333333337 -0.23768589232617351
decision_type=2 10 2 2 8 2 10 8 8 10 2 2 2 2 2 10 2 2 2 2 2 8 2 10 2 8 2 2 2 2
left_child=1 2 -1 4 -3 20 -7 -2 -9 16 12 -12 15 14 -14 17 -10 18 -11 -19 29 23 -23 -6 -8 -26 -4 -28 -24 -5
right_child=7 3 26 5 21 6 24 8 9 10 11 -13 13 -15 -16 -17 -18 19 -20 -21 -22 22 28 -25 25 -27 27 -29 -30 -31
leaf_value=-0.19172046046123811 -0.2045373918032618 0.49660496906936169 0.017676081775754467 -0.08345756730555931 0.085842315828435309 -0.013629476862623136 -0.01191582254724266 0.65033818864161386 0.085521957498026629 0.068128552532114597 3.0008284737958633 0.013160869971449888 0.56602018825136702 -1.0742410995921152 1.7636003611459472 1.3875992953920595 -0.38681017591716038 -0.33022848492464385 0.65341953512141704 1.1316158240092429 0.044856414005009178 -0.24063258709889768 0.63936726515281583 -0.33492930455325615 0.35614105351440317 0.094043075550758665 -0.16106683864663218 -0.027453758343592618 1.8819861596757239 -0.35154386010197214
leaf_weight=6990 1109 1325 24696 3937 7688 20689 5034 820 7302 1667 68 56 481 61 174 104 760 936 828 95 3435 562 762 1051 3258 5845 12449 21791 91 3024
leaf_count=6990 1109 1325 24696 3937 7688 20689 5034 820 7302 1667 68 56 481 61 174 104 760 936 828 95 3435 562 762 1051 3258 5845 12449 21791 91 3024
internal_value=0.000476564 -0.0153908 -0.0531955 0.0285645 0.12973 0.002885 0.0392817 0.135029 0.163233 0.131361 0.294342 1.65156 0.255618 0.717309 0.884156 0.164551 0.0409955 0.128477 0.262365 -0.195529 -0.119042 0.0818562 0.369769 0.035238 0.116715 0.187849 -0.0367659 -0.0760329 0.771933 -0.19992
internal_weight=137088 122627 65926 56701 11479 45222 34826 14461 13352 12532 4470 124 4346 716 655 3630 8062 3526 2495 1031 10396 10154 1415 8739 14137 9103 58936 34240 853 6961
internal_count=137088 122627 65926 56701 11479 45222 34826 14461 13352 12532 4470 124 4346 716 655 3630 8062 3526 2495 1031 10396 10154 1415 8739 14137 9103 58936 34240 853 6961
is_linear=0
shrinkage=0.05


Tree=73
num_leaves=31
num_cat=0
split_feature=8 16 11 18 13 11 13 12 9 12 9 8 11 13 20 17 13 22 22 5 18 22 5 11 22 22 17 2 2 22
split_gain=108933 168515 103801 99915 92179.9 82063.7 133711 85498.5 77189.1 187250 78600.7 73961.3 73677.7 69417.8 92459.9 64405.5 61472.2 87430.1 56201.2 90030.5 54173.1 51003.2 50219.9 48244.7 42933.7 69803.5 41342 40076.2 38958.8 37789.2
threshold=56.20000000000001 7.9000000000000012 56.070489384742999 16.750000000000004 -0.22706275313213795 106.79841173057153 -0.50938662908026078 0.35222909080468517 297.50000000000006 0.15212338618991691 97.500000000000014 92.500000000000014 78.313761562500019 -0.46174861323503363 0.55138505709939833 43.500000000000007 0.31107263240371752 -7.3200000000000065 -9.6200000000000028 125.96666666666668 14.500000000000002 -2.5699999999999963 125.11833333333335 70.14998999114691 -77.149999999999977 -68.739999999999981 23.550000000000004 -0.14666666666666658 1.0946666666666678 -32.529999999999994
decision_type=2 2 2 2 2 2 2 2 2 2 2 2 2 2 10 2 2 10 10 2 2 10 2 2 10 10 2 10 10 10
left_child=1 2 -1 4 18 6 7 11 9 16 -11 21 -12 14 26 -9 17 27 19 20 -2 -5 -14 -10 -24 -26 -3 -4 -16 -13
right_child=3 13 8 5 -6 -7 -8 15 23 10 12 29 22 -15 28 -17 -18 -19 -20 -21 -22 -23 24 -25 25 -27 -28 -29 -30 -31
leaf_value=-0.11645555811005913 1.9737192839873421 -0.13909761909065987 -0.080211939312829925 0.051151235373605698 0.051151235373605698 0.051151235373605698 0.051151235373605698 0.87095380613042905 -0.023593707114486495 0.051151235373605698 -0.075620572561914387 1.0667080734460475 -0.21083043363232501 -0.059455078119034638 -0.5764738071891945 0.051151235373605698 0.051151235373605698 -0.2752443098142705 0.051151235373605698 0.55156794796300346 0.53195842164620344 0.37840628116537062 -1.1534023154074926 0.051151235373605698 0.051151235373605698 -0.53354736676717163 -0.49072551962445998 0.051151235373605698 -1.2583253537166728 0.37840628116537062
leaf_weight=16317 236 2855 8044 1421 799 8624 2715 1265 22966 1299 3085 334 2518 3510 711 292 13970 3329 209 628 90 179 239 27189 224 2782 1182 9506 297 273
leaf_count=16317 236 2855 8044 1421 799 8624 2715 1265 22966 1299 3085 334 2518 3510 711 292 13970 3329 209 628 90 179 239 27189 224 2782 1182 9506 297 273
internal_value=0.000452736 -0.0163535 5.96049e-05 0.118656 0.454327 0.0750496 0.232801 0.432735 0.0200402 -0.0284442 -0.217469 0.23258 -0.272823 -0.23021 -0.34901 0.71645 0.0265944 -0.0403204 0.738448 0.901529 1.57569 0.0542988 -0.378388 0.0511512 -0.508406 -0.457124 -0.242051 0.00424156 -0.777376 0.702514
internal_weight=137088 120023 111468 17065 1962 15103 6479 3764 95151 44996 10147 2207 8848 8555 5045 1557 34849 20879 1163 954 326 1600 5763 50155 3245 3006 4037 17550 1008 607
internal_count=137088 120023 111468 17065 1962 15103 6479 3764 95151 44996 10147 2207 8848 8555 5045 1557 34849 20879 1163 954 326 1600 5763 50155 3245 3006 4037 17550 1008 607
is_linear=0
shrinkage=0.05


Tree=74
num_leaves=31
num_cat=0
split_feature=0 21 6 13 7 9 13 22 12 2 22 9 8 18 22 11 12 19 2 20 1 17 22 22 18 16 9 0 22 16
split_gain=105429 70984.2 69121.2 79936.1 68183 75580.2 62944.6 61877 72421.4 61696.9 73658.9 67344.4 70160.6 131075 67538.1 63524 63521 61443.1 64162.3 54370.8 51410.7 49886.7 46897.8 46869.3 78959.2 61530 45366.2 43463.3 41997.1 50778.5
threshold=170.02000000000004 -16.279640226013036 5.2893260153748729 0.32143946530316164 47.500000000000007 707.50000000000011 0.68355163169896505 -33.490000000000009 -0.53729960834682411 -1.0466666666666664 -70.36999999999999 297.50000000000006 42.500000000000007 12.500000000000002 19.93 101.51177031018705 0.30070579950427329 -0.17333333333333092 0.94933333333333381 0.33506222593987584 -1.1933333333333345 23.550000000000004 14.329999999999989 1.6200000000000119 27.300000000000004 13.937500000000002 17.500000000000004 335.52000000000004 1.6200000000000119 8.7500000000000018
decision_type=2 10 2 2 2 2 2 8 2 10 8 2 2 2 8 2 2 10 8 8 10 2 10 10 2 2 2 2 8 2
left_child=1 -1 4 9 5 28 -7 8 -6 10 -4 12 16 15 -13 -14 -11 19 26 -2 -5 -20 -22 -15 25 -25 -19 -21 29 -3
right_child=17 2 3 20 7 6 -8 -9 -10 11 -12 14 13 23 -16 -17 -18 18 21 27 22 -23 -24 24 -26 -27 -28 -29 -30 -31
leaf_value=-0.10322283464584399 0.2468067787456254 5.5539238120292823e-05 -1.2299437472969295 0.34565730237035142 0.15736331543591653 0.15736331543591653 -0.24242471481008723 0.15736331543591653 1.0059947705764714 -0.1219531645140108 -0.23811979399002536 0.13685067569720538 0.042930946986783639 -0.074280550590443389 -0.34854332493423257 1.2629088663008829 -0.3914226436853685 0.70714823683339456 0.48999267391060708 -0.087777467699526879 0.0075410394751628173 -0.18890267485418383 0.65744711103858988 2.0904860851470004 -0.074280550590443389 0.49192895404593923 0.099278920253096842 0.60205605226426817 0.15736331543591653 -0.22325369951945384
leaf_weight=20344 1726 30563 200 1320 395 6351 999 1773 529 11509 2924 5591 165 5456 822 302 2700 315 2039 7031 14499 312 283 89 356 186 11994 236 3302 2777
leaf_count=20344 1726 30563 200 1320 395 6351 999 1773 529 11509 2924 5591 165 5456 822 302 2700 315 2039 7031 14499 312 283 89 356 186 11994 236 3302 2777
internal_value=0.00140809 -0.0186145 -0.000124315 -0.0433419 0.0428276 0.0278668 0.157363 0.28686 0.622512 -0.091182 -0.301617 -0.0669916 -0.110735 0.0245968 0.0746343 0.831867 -0.173158 0.0974325 0.16055 -0.00545865 0.0466813 0.399897 0.0199834 -0.0373378 0.371656 1.00928 0.114835 -0.0653747 -0.00166421 -0.0185446
internal_weight=137088 113435 93091 46402 46689 43992 7350 2697 924 30300 3124 27176 20763 6554 6413 467 14209 23653 14660 8993 16102 2351 14782 6087 631 275 12309 7267 36642 33340
internal_count=137088 113435 93091 46402 46689 43992 7350 2697 924 30300 3124 27176 20763 6554 6413 467 14209 23653 14660 8993 16102 2351 14782 6087 631 275 12309 7267 36642 33340
is_linear=0
shrinkage=0.05


Tree=75
num_leaves=31
num_cat=0
split_feature=19 2 5 13 22 22 20 0 20 2 10 19 2 20 9 11 22 20 12 11 9 11 12 21 10 3 13 20 2 5
split_gain=101457 81114.8 86327.2 65057.9 60116.4 59790.5 59348.6 55659.8 68901.1 63909.8 52184.8 53697.1 65530.3 56757.8 59623.3 50575.7 46771.2 46626.6 42275.5 52867.7 41293.1 46291.5 46190.7 40444.4 39830.3 46945.8 39409.6 38518.2 58778.1 57950
threshold=0.21600000000000114 -0.36666666666666636 114.08333333333336 -0.89194178735545482 -43.000000000000007 -61.550000000000004 -1.7752876166739306 219.78000000000003 1.3555964446396913 0.94933333333333381 70.268055555555563 -0.78666666666666907 1.413333333333334 -0.11329065797405026 22.500000000000004 64.910134803829152 -42.460000000000001 -0.073496190527007496 0.81279832427823739 131.11194007650002 417.50000000000006 112.43085139989846 -0.03271713619994817 6.8997808012093715 82.270833333333343 235.05000000000004 -0.054511258297739423 -0.52281269087107496 0.30000000000000032 111.69833333333335
decision_type=10 8 2 2 10 8 10 2 10 10 10 10 10 10 2 2 8 10 2 2 2 2 2 8 10 2 2 10 10 2
left_child=1 4 3 5 -1 -3 -5 8 9 27 -4 -12 13 14 16 -14 -13 -11 -9 -20 21 24 -23 -7 -15 -26 -27 28 -2 -29
right_child=7 2 10 6 -6 23 -8 18 -10 17 11 12 15 20 -16 -17 -18 -19 19 -21 -22 22 -24 -25 25 26 -28 29 -30 -31
leaf_value=-0.24296494717843459 0.11830391936337359 0.72321126495981047 -0.023734722233179843 -0.40568993219623739 -0.051649002156418211 0.15707992968575146 -0.087000694639563086 0.29491083307984561 -0.22326410429539156 1.0264847515753113 -0.15886475297627811 1.2020157547791799 1.8745015753399241 -0.025549964377814056 0.12388104230157891 0.33415554466460645 0.34653770450216304 0.28211200493929456 0.40156242487634097 2.3945458672940734 0.13428740644963386 -0.039058271401090881 -0.32596634314979522 -0.12140530405035679 0.14219426859740611 0.30634298918644592 1.5366096880902416 -0.20651305071310666 0.58792958459162536 0.068037159672004729
leaf_weight=6163 7319 340 24713 1565 12303 3085 21959 1466 1857 266 2402 210 55 5163 11655 1714 668 1006 82 56 5664 5136 1930 2258 2645 150 115 2284 733 12126
leaf_count=6163 7319 340 24713 1565 12303 3085 21959 1466 1857 266 2402 210 55 5163 11655 1714 668 1006 82 56 5664 5136 1930 2258 2645 150 115 2284 733 12126
internal_value=0.0014816 -0.0199163 -0.000610666 -0.071524 -0.1155 0.0803009 -0.108202 0.087949 0.0700406 0.0929894 0.0326771 0.0698464 0.0854955 0.0697588 0.153813 0.382046 0.551151 0.437775 0.373667 1.21031 0.0191192 -0.023969 -0.117424 0.0393896 0.0578287 0.205761 0.840232 0.0734646 0.161055 0.0245207
internal_weight=137088 109893 91427 29207 18466 5683 23524 27195 25591 23734 62220 37507 35105 33336 12533 1769 878 1272 1604 138 20803 15139 7066 5343 8073 2910 265 22462 8052 14410
internal_count=137088 109893 91427 29207 18466 5683 23524 27195 25591 23734 62220 37507 35105 33336 12533 1769 878 1272 1604 138 20803 15139 7066 5343 8073 2910 265 22462 8052 14410
is_linear=0
shrinkage=0.05


Tree=76
num_leaves=31
num_cat=0
split_feature=0 20 0 20 8 12 22 9 9 12 18 16 13 10 13 11 9 22 14 8 20 9 13 21 19 13 11 12 9 16
split_gain=93682 73813.3 66098.5 74901.9 69699.3 69385.6 68101.5 61564.2 60906.5 60257.7 58288.1 70131 92184.7 100335 57555.6 56655.9 78683.7 54328 65112.5 75467.9 52855.1 52725.5 51251.5 47713.2 66953.6 61705.6 64917.8 72642.5 62525.8 57125.5
threshold=133.52666666666673 -0.52281269087107496 210.26000000000005 1.5026984154760863 56.20000000000001 0.51877325816052167 9.0499999999999954 1132.5000000000002 477.50000000000006 0.25881904510252091 30.500000000000004 13.937500000000002 -0.18436924984152966 89.716666666666697 -0.54643492068321275 62.122620647500007 1002.5000000000001 -75.070000000000007 4.5000000000000009 65.550000000000011 0.42919305207688235 87.500000000000014 -0.96863394805116465 3.8108030532962691 1.1733333333333349 -0.48098876891938808 173.72042959681445 -0.14132478920498429 937.50000000000011 41.500000000000007
decision_type=2 8 2 8 2 2 10 2 2 2 2 2 2 8 2 2 2 10 2 2 8 2 2 8 10 2 2 2 2 2
left_child=20 7 3 4 8 6 21 15 9 -3 11 12 13 -6 -11 -2 -17 18 19 -4 -1 -5 -23 -19 25 26 29 -28 -27 -25
right_child=1 2 17 5 10 -7 -8 -9 -10 14 -12 -13 -14 -15 -16 16 -18 23 -20 -21 -22 22 -24 24 -26 28 27 -29 -30 -31
leaf_value=-0.022593031973425645 0.014913203834901068 0.0038528458722576239 -0.42134326407981537 0.081407053049198277 1.7469790591474841 -0.49858213311073984 0.68474929355600456 -0.23942418136849286 0.096625404448756821 -0.42348943411704304 0.1101065040856954 0.19722686798931247 0.1101065040856954 0.40406786968310676 -0.073260025070148685 0.33229461654779024 1.612848808291939 0.079541266206179753 -0.99999445235555617 0.69839096981287008 -0.16924369151997443 -0.8674933364477333 -0.17871124288634757 0.11353278431060204 1.5024343208624769 0.48272903672853862 0.62856474397359074 -0.90255786370839519 2.283210799857974 0.82864517565740625
leaf_weight=69389 1544 17166 378 2061 306 1172 280 666 12335 1752 2638 1298 184 255 3550 3680 124 4184 206 250 6741 298 2882 1503 117 1354 108 274 50 343
leaf_count=69389 1544 17166 378 2061 306 1172 280 666 12335 1752 2638 1298 184 255 3550 3680 124 4184 206 250 6741 298 2882 1503 117 1354 108 274 50 343
internal_value=0.00140752 0.0475989 0.0293959 0.00550026 0.0317185 -0.149169 -0.0749953 0.213902 0.00735528 -0.0416543 0.212858 0.419165 0.805844 1.13656 -0.18899 0.270356 0.374037 0.155257 -0.22862 0.0244108 -0.0355783 -0.115585 -0.243257 0.195615 0.325156 0.287232 0.123631 -0.469675 0.546849 0.246406
internal_weight=137088 60958 54944 46177 39484 6693 5521 6014 34803 22468 4681 2043 745 561 5302 5348 3804 8767 834 628 76130 5241 3180 7933 3749 3632 2228 382 1404 1846
internal_count=137088 60958 54944 46177 39484 6693 5521 6014 34803 22468 4681 2043 745 561 5302 5348 3804 8767 834 628 76130 5241 3180 7933 3749 3632 2228 382 1404 1846
is_linear=0
shrinkage=0.05


Tree=77
num_leaves=31
num_cat=0
split_feature=19 2 5 22 22 12 22 2 20 5 9 22 13 20 5 12 19 21 9 13 22 22 22 11 9 9 5 10 1 13
split_gain=90016.9 73243.4 74485.6 61491.5 56477.7 53005.2 49848.7 67192.1 63320.4 48088.1 49179.9 82468.3 44342.3 49023.3 41325.9 41086.1 40668 48190 51434.7 86796 72771.2 56987.8 59238.7 47219.3 50382.2 48683.3 88274 131998 44281.7 44015.1
threshold=0.21600000000000114 -0.36666666666666636 114.08333333333336 -63.249999999999993 -32.93 0.1413247892049844 -33.490000000000009 0.1733333333333337 -0.55123890259000119 254.43166666666667 7.5000000000000009 1.6200000000000119 -0.93585024503435343 -1.7752876166739306 112.48833333333336 -0.1628857819284236 -0.78666666666666907 -13.335093812052852 572.50000000000011 -0.19509032201612839 -1.9200000000000228 -66.999999999999986 -5.9600000000000035 249.57287906750003 722.50000000000011 922.50000000000011 150.19166666666669 86.270833333333343 1.5151111111111117 -0.43245347597985045
decision_type=10 8 2 8 10 2 8 10 10 2 2 10 2 10 2 2 8 10 2 2 8 10 10 2 2 2 2 10 10 2
left_child=1 4 3 5 -1 -3 7 -2 -9 10 11 -4 -5 -14 -8 -11 -12 -18 -19 20 21 -20 23 24 -23 26 -26 -28 -21 -27
right_child=6 2 9 12 -6 -7 14 8 -10 15 16 -13 13 -15 -16 -17 17 18 19 28 -22 22 -24 -25 25 29 27 -29 -30 -31
leaf_value=-0.18584380073713003 0.07952041503243501 0.56365473175455805 0.53000329362483922 0.065952215242766482 -0.0092752911000874728 -0.10478124384338049 -0.1012348786005996 0.78291828945597142 0.24093360999000943 0.75885569667673025 -0.16908182091998489 -0.91472454318055163 -0.37966597047574568 -0.089313488712590483 0.077172711729974849 0.12053598362630361 -0.047572601516357428 0.026158171665934277 1.6332580815379818 0.011226366509984442 -0.13478676244115975 0.13415246905662312 1.9274457835382031 -0.32134871548162658 0.54626361957831726 0.47134944577274962 0.97228125063896498 3.694100608291297 1.4247926074479309 -0.43403642913221979
leaf_weight=10505 8023 703 897 4311 7961 513 4628 656 3019 406 2750 111 1556 22124 10869 665 15500 32657 96 5195 681 1002 62 231 937 546 192 58 56 178
leaf_count=10505 8023 703 897 4311 7961 513 4628 656 3019 406 2750 111 1556 22124 10869 665 15500 32657 96 5195 681 1002 62 231 937 546 192 58 56 178
internal_value=0.0012613 -0.0188941 -0.000549089 -0.0664195 -0.109722 0.281658 0.0827079 0.160623 0.33768 0.0303715 0.0245542 0.370911 -0.0815409 -0.108392 0.0238933 0.362513 0.018749 0.0277493 0.055619 0.15981 0.335821 0.432879 0.396935 0.366753 0.42132 0.571891 0.768985 1.60374 0.0263015 0.248755
internal_weight=137088 109893 91427 29207 18466 1216 27195 11698 3675 62220 61149 1008 27991 23680 15497 1071 60141 57391 41891 9234 3983 3302 3206 3144 2913 1911 1187 250 5251 724
internal_count=137088 109893 91427 29207 18466 1216 27195 11698 3675 62220 61149 1008 27991 23680 15497 1071 60141 57391 41891 9234 3983 3302 3206 3144 2913 1911 1187 250 5251 724
is_linear=0
shrinkage=0.05


Tree=78
num_leaves=31
num_cat=0
split_feature=0 20 2 11 20 2 0 14 17 12 22 21 2 13 22 3 20 7 12 13 5 22 21 16 13 7 17 22 22 13
split_gain=83649.7 60301.6 59929.8 59417.7 99760.3 72537.4 70266.1 58195.5 61962.3 56517.1 53695.8 53494.5 57989.7 89856.9 58715.6 55804.4 64353.2 61813.5 52697.9 126036 103679 83755.8 54381.5 51459.6 57810.6 63129.2 56888.5 49147.8 45349.1 45181.2
threshold=153.78000000000003 0.80857950365463005 -1.5959999999999994 59.119198527000016 1.024555271276103 1.5666666666666667 265.42000000000002 2.5000000000000004 21.500000000000004 0.21643961393810304 -75.070000000000007 -10.527300145118149 -0.29822222222222233 -0.83743052905771542 -60.899999999999999 113.90333333333335 -0.17003284281113076 62.500000000000007 0.83743052905771564 -0.17364817766693072 161.6816666666667 -3.3500000000000045 17.218731606784207 14.800000000000002 -0.5 65.550000000000011 65.500000000000014 -62.099999999999994 -16.569999999999993 0.40274668985873718
decision_type=2 8 8 2 10 10 2 2 2 2 10 10 10 2 8 2 10 2 2 2 2 10 8 2 2 2 2 8 8 2
left_child=1 11 -2 28 5 18 9 -8 10 27 -9 -1 13 -13 -14 -16 17 -17 -5 20 -20 22 -22 24 25 -11 -27 -6 -4 -3
right_child=2 29 3 4 6 -7 7 8 -10 23 -12 12 14 -15 15 16 -18 -19 19 -21 21 -23 -24 -25 -26 26 -28 -29 -30 -31
leaf_value=-0.066341121337781847 -0.35835680613570192 -0.2695968446366917 -0.16989221134127888 0.11857473772998287 -0.35529886568889224 0.72289079857315175 0.56441203394026163 -1.4579390634596348 1.1047052758543388 -0.64216037610631038 -0.014810603631417788 -0.23990051153855385 0.24446472406726355 0.0097398367677658578 -0.032672324981424729 0.14608445940440917 0.0083098869730687704 0.67506782849457314 0.11752080815514546 0.11172402204188465 0.84256178124789283 3.1072377192974092 2.4208471740285558 0.17491426476561592 -0.029033455824957335 0.85832963896373027 -0.23857952329955656 0.065256440414897199 0.23871054143695059 -0.021984004504315657
leaf_weight=29916 810 4122 3636 13741 771 594 918 70 115 1376 814 5087 3383 12370 20106 9330 13009 587 387 2022 604 50 60 662 1068 158 136 7020 835 3331
leaf_count=29916 810 4122 3636 13741 771 594 918 70 115 1376 814 5087 3383 12370 20106 9330 13009 587 387 2022 604 50 60 662 1068 158 136 7020 835 3331
internal_value=0.00119824 -0.0220425 0.0668361 0.0766659 0.101569 0.17984 -0.00267716 0.277026 0.0129425 -0.0505899 -0.129085 -0.0111646 0.0146787 -0.0630058 0.0438964 0.0281285 0.0814506 0.177396 0.160712 0.346112 0.776567 1.13378 0.985178 -0.220681 -0.316329 -0.500061 0.165001 0.0236381 -0.0935819 -0.15893
internal_weight=137088 101241 35847 35037 30566 17458 13108 1917 999 11191 884 93788 63872 17457 46415 43032 22926 9917 16864 3123 1101 714 664 3400 2738 1670 294 7791 4471 7453
internal_count=137088 101241 35847 35037 30566 17458 13108 1917 999 11191 884 93788 63872 17457 46415 43032 22926 9917 16864 3123 1101 714 664 3400 2738 1670 294 7791 4471 7453
is_linear=0
shrinkage=0.05


Tree=79
num_leaves=31
num_cat=0
split_feature=19 2 5 22 13 22 22 2 20 9 22 5 20 0 22 22 12 14 22 22 9 21 12 11 14 22 12 19 6 5
split_gain=80944.8 62797.3 62538.7 57166.8 58290.8 50898.3 43416.3 58430.1 58687.3 41372.4 73890.8 42230 39777.1 39325.8 45489.1 45081.5 41293.8 40950 47920.5 39042.5 37850.4 49223.9 36982.1 36744.2 36643.5 36474.4 37544.9 36444.7 36164.5 36052.3
threshold=0.21600000000000114 -0.36666666666666636 114.08333333333336 -27.359999999999999 0.6993099184844086 -32.93 -33.490000000000009 0.1733333333333337 -0.892910519457909 7.5000000000000009 1.6200000000000119 232.36000000000004 -1.9604912259170915 170.02000000000004 -70.36999999999999 -69.469999999999985 0.82531082829576852 4.5000000000000009 -43.509999999999984 -8.319999999999995 327.50000000000006 -4.6078271779540421 0.16288578192842371 136.92973273925978 5.5000000000000009 -63.249999999999993 0.15212338618991691 -1.2773333333333319 4.0697189240996812 113.28166666666668
decision_type=10 8 2 10 2 10 8 10 10 2 10 2 10 2 8 8 2 2 8 10 2 10 2 2 2 8 2 8 2 2
left_child=1 5 3 4 25 13 7 20 -9 10 22 27 19 16 -15 -16 -1 18 -17 -5 -2 -22 -4 -20 -13 26 -3 -11 -27 -8
right_child=6 2 9 12 -6 -7 29 8 -10 11 -12 24 -14 14 15 17 -18 -19 23 -21 21 -23 -24 -25 -26 28 -28 -29 -30 -31
leaf_value=-0.27176826950021132 -0.0018021984970180999 0.5814311450769426 0.2179809138928957 -0.51112967323395553 -0.20282699493732159 -0.0067400731986073052 -0.089768784227661366 0.95444524123719554 0.2536263242778653 -0.36499419059580607 -0.87212830582918888 0.32833556954947357 -0.10816953249921875 -0.50567537967382348 0.93301950951127388 -0.12547907966693314 0.18978774227109163 -0.31559001840561218 0.54332277303923537 0.92316189593076714 0.04711251023231125 0.48038050646074953 0.86655071270070039 -0.20420458547758349 -0.33301066836702226 0.10449919138938968 -0.048699407406624345 0.018542654632957869 -0.084394292047425365 0.074826787611617374
leaf_weight=6762 5328 631 514 929 2623 7961 4836 328 3347 626 111 1746 13945 433 136 966 522 742 732 50 1569 1126 384 212 238 6497 378 58601 4154 10661
leaf_count=6762 5328 631 514 929 2623 7961 4836 328 3347 626 111 1746 13945 433 136 966 522 742 732 50 1569 1126 384 212 238 6497 378 58601 4154 10661
internal_value=0.00111839 -0.0179944 -0.00100789 -0.061365 0.0101391 -0.102096 0.0783518 0.151066 0.316176 0.0273247 0.344887 0.02209 -0.129798 -0.17436 -0.0288812 0.0451689 -0.238691 -0.000361873 0.122098 -0.437877 0.0754364 0.228137 0.49532 0.375446 0.249001 0.0580473 0.345366 0.0144889 0.0308288 0.023463
internal_weight=137088 109893 91427 29207 14283 18466 27195 11698 3675 62220 1009 61211 14924 10505 3221 2788 7284 2652 1910 979 8023 2695 898 944 1984 11660 1009 59227 10651 15497
internal_count=137088 109893 91427 29207 14283 18466 27195 11698 3675 62220 1009 61211 14924 10505 3221 2788 7284 2652 1910 979 8023 2695 898 944 1984 11660 1009 59227 10651 15497
is_linear=0
shrinkage=0.05


Tree=80
num_leaves=31
num_cat=0
split_feature=0 19 3 6 9 2 20 2 5 12 20 2 22 18 11 22 20 14 22 12 10 9 6 11 12 12 8 21 0 13
split_gain=73460.1 61237.8 43681.1 42485.2 47494.3 42044 56895.8 66382.5 51774.5 50401.1 40457.7 51759.3 75337.2 63185.2 52652.6 65826.5 78173.6 97347.7 51995.7 64275.9 47990.8 49460.8 48967.3 46596.5 77943 55238.5 46429.3 57293.3 51995.8 46322.4
threshold=194.22000000000003 0.024000000000000923 70.963333333333352 3.8995096816848034 1112.5000000000002 -0.16488888888888906 -0.55123890259000119 0.88666666666666683 116.68500000000002 0.04361938736533582 0.32281667363025324 0.68133333333333412 -20.370000000000001 104.50000000000001 100.20927138250002 -36.439999999999984 2.5247640580662885 5.5000000000000009 -50.329999999999998 0.45201865172701788 81.170833333333348 342.50000000000006 7.3160305511880299 121.52027564747299 -0.46174861323503386 0.87137607974597331 58.500000000000007 15.679745128465528 237.02000000000004 -0.65106671239330405
decision_type=2 10 2 2 2 8 10 8 2 2 10 8 10 2 2 8 10 2 10 2 10 2 2 2 2 2 2 10 2 2
left_child=1 2 -1 -4 -5 -3 7 9 -8 -7 20 23 13 14 -13 16 17 18 -16 -20 -2 -22 -23 26 -25 -26 28 -28 -12 -14
right_child=10 5 3 4 -6 6 8 -9 -10 -11 11 12 29 -15 15 -17 -18 -19 19 -21 21 22 -24 24 25 -27 27 -29 -30 -31
leaf_value=-0.38624872031156993 0.15802056541158113 -0.024828740963703098 0.0093892574114835883 -0.058037223897645207 -0.28868752841537998 0.24566514216179292 -0.085321493815143867 1.1928964751010591 0.071405606314899159 0.017125336544955651 -0.15298736932690782 0.36369364737973803 0.16677246382277389 -1.5384959707568799 -0.0057153926322198647 -0.45370540501571255 -0.43940578402913788 2.3132438521201797 0.1023282467522694 1.6905733556156197 0.3701466638632957 2.5848370375456633 0.83934558496282552 0.17777177637656316 -0.63281182493211818 0.8655065644871105 0.29920696392884699 2.0016915631744099 0.20466322942465945 1.1208681752431324
leaf_weight=916 1792 23188 27137 36326 2378 5571 7775 154 16352 4255 2455 1590 204 56 490 609 347 65 131 124 489 54 157 646 905 66 731 53 1734 338
leaf_count=916 1792 23188 27137 36326 2378 5571 7775 154 16352 4255 2455 1590 204 56 490 609 347 65 131 124 489 54 157 646 905 66 731 53 1734 338
internal_value=0.00106247 -0.0108025 -0.0433478 -0.0385772 -0.0722085 0.0271175 0.0624337 0.162843 0.0208998 0.146699 0.113971 0.0711485 0.214165 0.127179 0.154973 -0.0329468 0.188524 0.457526 0.295618 0.874651 0.295158 0.646229 1.28606 -0.0146614 -0.247824 -0.530969 0.0611526 0.414298 -0.00494102 0.761762
internal_weight=137088 124052 66757 65841 38704 57295 34107 9980 24127 9826 13036 10544 3954 3412 3356 1766 1157 810 745 255 2492 700 211 6590 1617 971 4973 784 4189 542
internal_count=137088 124052 66757 65841 38704 57295 34107 9980 24127 9826 13036 10544 3954 3412 3356 1766 1157 810 745 255 2492 700 211 6590 1617 971 4973 784 4189 542
is_linear=0
shrinkage=0.05


Tree=81
num_leaves=31
num_cat=0
split_feature=19 2 11 9 8 13 5 12 13 21 13 12 22 6 16 20 16 16 18 13 11 12 13 1 20 22 13 0 20 2
split_gain=70394.1 60191.3 58246.9 75709.9 77593 96348 70750.9 88631 114569 105269 76009.4 74521.5 70381.1 66106.4 65414.5 70419.9 54590.8 52900.9 51922.2 67301.1 56082.9 61535.4 51524.7 71844.2 49134 47630.8 46154.5 45754.1 48510.9 55173
threshold=0.29333333333333295 -0.43999999999999978 67.463221374017067 232.50000000000003 40.250000000000007 0.11969653353600802 160.3016666666667 0.86046863722869271 -0.10886687485196482 7.1977211074166201 -0.61734245059638992 0.52803643325367289 1.6200000000000119 2.1818521388451431 8.2000000000000011 0.64708293191801858 0.12500000000000003 0.1125 12.500000000000002 -0.15212338618991647 105.45875114202489 -0.45201865172701744 0.21643961393810271 -1.1933333333333345 -1.0731023794287637 -41.409999999999975 0.72236396205975539 257.78000000000003 1.3555964446396913 0.94933333333333381
decision_type=10 8 2 2 2 2 2 2 2 10 2 2 8 2 2 10 2 2 2 2 2 2 2 10 10 8 2 2 10 10
left_child=1 22 12 4 5 14 10 -8 9 -9 11 -5 26 -13 16 -16 25 -12 19 -6 21 -20 -1 -24 -23 -4 -3 28 29 -2
right_child=27 2 3 6 18 -7 7 8 -10 -11 17 13 -14 -15 15 -17 -18 -19 20 -21 -22 24 23 -25 -26 -27 -28 -29 -30 -31
leaf_value=-0.16989367973289349 0.076138407245930198 -0.028464472771137402 -0.35680279208269261 0.12651768228978752 0.77392506472597922 0.006118696648226141 0.18292518379147096 0.88604314437572007 0.10997704022532424 2.82979979985911 0.004326076298020994 1.2378307601592193 0.15053346075914686 0.36349740140591219 -0.25121821039927522 -0.8840781471786916 0.006118696648226141 0.84711506449558005 0.006118696648226141 0.038885674226210781 0.006118696648226141 1.3092166270955767 0.30057132107781948 -0.087419425502793829 0.34157742065511587 -0.098669181276061044 -0.15143349813707183 0.55649503619068919 -0.17278554952133673 0.42913949510815708
leaf_weight=10440 17002 21130 2318 4075 597 7772 3470 235 295 99 19382 288 3946 867 2576 530 1636 188 1698 651 6498 142 1600 4692 1723 7802 11944 505 1803 1184
leaf_count=10440 17002 21130 2318 4075 597 7772 3470 235 295 99 19382 288 3946 867 2576 530 1636 188 1698 651 6498 142 1600 4692 1723 7802 11944 505 1803 1184
internal_value=0.00100935 -0.0140122 0.000693086 0.030002 -0.0206373 -0.0740738 0.0894798 0.281914 0.828002 1.46219 0.0576739 0.226999 -0.0490592 0.581513 -0.155129 -0.359208 -0.101211 0.0124224 0.0863112 0.390503 0.0485782 0.21693 -0.101778 0.0112432 0.415253 -0.157795 -0.0728722 0.0864694 0.0745947 0.0991206
internal_weight=137088 116594 99862 62842 33943 22634 28899 4099 629 334 24800 5230 37020 1155 14862 3106 11756 19570 11309 1248 10061 3563 16732 6292 1865 10120 33074 20494 19989 18186
internal_count=137088 116594 99862 62842 33943 22634 28899 4099 629 334 24800 5230 37020 1155 14862 3106 11756 19570 11309 1248 10061 3563 16732 6292 1865 10120 33074 20494 19989 18186
is_linear=0
shrinkage=0.05


Tree=82
num_leaves=31
num_cat=0
split_feature=0 20 0 20 22 22 11 9 20 1 2 14 20 12 13 9 9 10 2 21 20 5 20 12 5 14 22 12 9 10
split_gain=65646.5 58448.3 51984.7 49501.3 49660.8 81726.7 82294.3 80457.7 78230.8 73784.4 65776.5 62945.5 47864.7 62803.2 47599.8 55734.5 47544.6 81014.4 47104.8 47101 46114.3 45668.1 43579.8 43387.4 43110.2 85541.1 49825.5 48504.8 48322.9 44751.8
threshold=165.82000000000002 1.0786474164004323 121.64666666666669 -0.32515925027586462 -26.570000000000004 -34.350000000000001 61.468149423599165 872.50000000000011 2.2916584839663652 0.83199999999999996 1.186666666666667 5.5000000000000009 -0.57867932918826837 -0.64278760968653914 -0.50938662908026078 42.500000000000007 1312.5000000000002 82.14166666666668 0.38399999999999967 -6.4149173257916265 0.41646032892306023 169.01833333333337 -0.12138028280788692 -0.92794370089704248 228.3116666666667 5.5000000000000009 -41.409999999999975 0.19509032201612822 102.50000000000001 114.51666666666667
decision_type=2 8 2 10 10 8 2 2 10 10 10 2 10 2 2 2 2 10 10 10 10 2 10 2 2 2 10 2 2 8
left_child=1 2 22 -2 5 6 -5 14 10 16 24 20 13 18 15 -6 17 -9 -4 -7 -12 -14 -1 -3 26 27 -8 29 -29 -26
right_child=3 23 12 4 7 19 8 9 -10 -11 11 -13 21 -15 -16 -17 -18 -19 -20 -21 -22 -23 -24 -25 25 -27 -28 28 -30 -31
leaf_value=-0.017437182896993052 0.2836129540077395 -0.54575243125799844 0.27577224493762248 -0.22878746365625782 0.58300670462319393 0.095181250381507265 -0.077309330521525735 0.49581501906388903 -0.20403349692567108 2.6395933510041707 1.0599186696974854 1.2359461837736045 0.021627106106725229 0.051069350095702286 0.23790211687053278 -0.24701510596430395 -0.69032468560893667 2.6998199770450597 0.95961864789153317 -0.29052815404418902 0.22730036506966678 -0.21610881686173466 -0.12859462725208479 -0.11651578004083252 0.4905060529934413 -0.46829777055776073 0.20722967149260729 0.85868528309381675 -0.098328194038312833 1.8612531029889661
leaf_weight=43880 2509 651 2107 2020 243 1082 3777 251 1666 51 190 220 39135 5550 3182 1206 59 50 286 2948 1333 2130 11035 6154 1503 340 2596 162 710 62
leaf_count=43880 2509 651 2107 2020 243 1082 3777 251 1666 51 190 220 39135 5550 3182 1206 59 50 286 2948 1333 2130 11035 6154 1503 340 2596 162 710 62
internal_value=0.00119325 -0.0156093 -0.0063308 0.0724421 0.0500402 0.0123271 0.0674179 0.189232 0.11506 0.859685 0.163863 0.445372 0.030991 0.143389 0.129729 -0.107819 0.607532 0.861929 0.357502 -0.18697 0.331173 0.00935575 -0.0397739 -0.157579 0.110237 0.274649 0.0385958 0.378302 0.0794656 0.54481
internal_weight=137088 110928 104123 26160 23651 18609 14579 5042 12559 411 10893 1743 49208 7943 4631 1449 360 301 2393 4030 1523 41265 54915 6805 9150 2777 6373 2437 872 1565
internal_count=137088 110928 104123 26160 23651 18609 14579 5042 12559 411 10893 1743 49208 7943 4631 1449 360 301 2393 4030 1523 41265 54915 6805 9150 2777 6373 2437 872 1565
is_linear=0
shrinkage=0.05


Tree=83
num_leaves=31
num_cat=0
split_feature=8 16 18 13 11 11 13 12 8 17 8 20 2 13 22 21 13 2 22 22 20 13 1 18 9 5 22 22 6 14
split_gain=65292.1 141140 79699.5 74245.8 69829.6 63844 112680 69137.8 62494.8 59009.8 55024.4 56333.6 53855.2 55332.1 45425.8 42030.4 39016.3 46165.8 37829.2 40427.7 38858.6 35951.2 35093.7 39614.4 31132.9 68742.7 73670.9 52778.2 64250.9 36174.7
threshold=56.20000000000001 7.9000000000000012 16.750000000000004 -0.95688340256707749 56.070489384742999 106.79841173057153 -0.52803643325367244 0.35222909080468517 92.500000000000014 43.500000000000007 30.050000000000001 0.23830868545644526 -1.5959999999999994 0.22706275313213803 -2.5699999999999963 -13.335093812052852 -0.46174861323503363 0.94933333333333381 -7.3200000000000065 7.0999999999999988 3.774112872975913 -0.94331137514050678 1.133333333333334 11.325000000000001 47.500000000000007 160.3016666666667 -38.889999999999993 -0.70999999999999719 15.945435556241414 1.5000000000000002
decision_type=2 2 2 2 2 2 2 2 2 2 2 10 10 2 10 8 2 10 8 10 10 2 10 2 2 2 10 8 2 2
left_child=1 4 3 -2 -1 6 7 8 14 24 11 21 13 -6 -4 -14 17 -13 20 -20 -17 -3 -5 -24 25 26 -9 28 -26 -30
right_child=2 10 5 22 12 -7 -8 9 -10 -11 -12 16 15 -15 -16 18 -18 -19 19 -21 -22 -23 23 -25 27 -27 -28 -29 29 -31
leaf_value=-0.09242233363331824 0.96786999629656667 -0.53561253713087309 0.040384105447795055 0.10013859805348016 -0.45752296545451232 0.040384105447795055 0.040384105447795055 1.9533865829308827 0.64188484667458878 0.040384105447795055 -0.060385543457397745 -0.52877532774865477 -0.052369365386376626 0.040384105447795055 0.3425990473564573 0.040384105447795055 -0.24393958228515414 -1.2625768448447303 -0.10060283030507176 0.040384105447795055 -0.97864312182773239 -0.18860488522908875 0.040384105447795055 1.1355120632438189 0.040384105447795055 2.179081083770491 0.16633586593417693 1.7434542569708318 0.20305272007979897 1.1339452281627838
leaf_weight=16317 436 747 1417 1188 1170 8624 2766 84 600 281 3644 757 15017 323 179 64238 649 299 9851 4442 110 2459 141 197 272 117 184 94 152 333
leaf_count=16317 436 747 1417 1188 1170 8624 2766 84 600 281 3644 757 15017 323 179 64238 649 299 9851 4442 110 2459 141 197 272 117 184 94 152 333
internal_value=0.00113358 -0.0118777 0.092646 0.392443 0.0031432 0.0537 0.198651 0.386183 0.206857 0.645773 -0.207594 -0.316824 0.0195313 -0.278403 0.0433132 0.0242806 -0.549038 -0.736547 0.0389175 -0.041032 0.0403841 -0.193329 0.228035 0.677563 0.79482 1.1679 0.726456 0.626034 0.48728 0.842202
internal_weight=137088 120023 17065 1962 111468 15103 6479 3713 2196 1517 8555 4911 95151 1493 1596 93658 1705 1056 78641 14293 64348 3206 1526 338 1236 385 268 851 757 485
internal_count=137088 120023 17065 1962 111468 15103 6479 3713 2196 1517 8555 4911 95151 1493 1596 93658 1705 1056 78641 14293 64348 3206 1526 338 1236 385 268 851 757 485
is_linear=0
shrinkage=0.05


Tree=84
num_leaves=31
num_cat=0
split_feature=19 2 20 5 11 9 9 22 16 22 12 5 0 20 9 12 22 13 9 5 11 20 4 5 11 22 11 12 17 2
split_gain=63059.4 59500.8 58575.4 69368.2 42805.2 39909.7 39687.2 69327.4 56847.1 38909.8 37985.7 39155.6 36591.8 52521.8 35776 64257.5 57536.4 78750.3 55503.1 70913.4 56846 52206.1 47421.5 45018.9 41109.3 39292.3 37304.2 34240.1 33925.6 44756
threshold=0.024000000000000923 0.94933333333333381 -0.081771827934374874 174.9677777777778 53.052450127624887 27.500000000000004 12.500000000000002 -9.7599999999999962 13.437500000000002 -34.979999999999983 0.51877325816052167 127.34333333333335 335.52000000000004 3.3283184234618255 342.50000000000006 0.16288578192842371 -66.549999999999997 -0.69930991848440816 67.500000000000014 151.59500000000003 113.95802581310269 0.66445427433219451 4.1113728445159738 104.9616666666667 86.96458448700001 -32.680000000000007 62.784721619655222 0.18436924984152928 14.500000000000002 1.486666666666667
decision_type=10 8 10 2 2 2 2 10 2 8 2 2 2 10 2 2 8 2 2 2 2 10 2 2 2 10 2 2 2 10
left_child=4 6 -3 10 -1 -5 7 8 9 -2 -4 -12 13 14 15 28 17 -16 19 22 -20 -21 25 -18 -25 -17 -19 -10 29 -6
right_child=1 2 3 5 12 -7 -8 -9 27 -11 11 -13 -14 -15 16 18 23 26 20 21 -22 -23 -24 24 -26 -27 -28 -29 -30 -31
leaf_value=-0.14463246355792445 0.99800334093698229 0.83525291263575197 0.16775963105750549 1.9290455742315815 -0.0024423915186582452 0.51735094406485138 0.018556818121593044 -0.37648969826069534 -0.057955225910724995 0.34169172100036554 -0.77708871293116388 0.028069062195623013 0.506414452871779 -0.4636391846374186 2.279860603809357 0.78567147140289839 -0.16564000559721698 -0.063244427073111939 -0.11292825113167858 1.0273409497160084 -0.3983272242449718 0.16774795197294717 -0.3543146061544421 -0.0059208508022114874 0.1450970677530769 -0.058833670397744113 0.4583382383241717 0.69641092829605478 -0.15987753234761409 0.35001097969936179
leaf_weight=7304 416 371 1759 55 25275 558 56600 387 769 494 246 391 332 660 50 193 3160 550 4355 245 2911 633 1051 16274 6232 481 910 187 3305 934
leaf_count=7304 416 371 1759 55 25275 558 56600 387 769 494 246 391 332 660 50 193 3160 550 4355 245 2911 633 1051 16274 6232 481 910 187 3305 934
internal_value=0.00127348 0.0384651 0.242473 0.169385 -0.0296469 0.644012 0.0267487 0.232545 0.358857 0.64172 0.0479551 -0.282871 -0.017214 -0.0198003 -0.0153992 -0.0458501 0.0287299 0.328673 -0.156297 0.041811 -0.227269 0.407612 -0.144376 0.0110834 0.0358966 0.182991 0.261852 0.0896038 -0.00891836 0.0101179
internal_weight=137088 62233 3380 3009 74855 613 58853 2253 1866 910 2396 637 67551 67219 66559 39383 27176 1510 9869 2603 7266 878 1725 25666 22506 674 1460 956 29514 26209
internal_count=137088 62233 3380 3009 74855 613 58853 2253 1866 910 2396 637 67551 67219 66559 39383 27176 1510 9869 2603 7266 878 1725 25666 22506 674 1460 956 29514 26209
is_linear=0
shrinkage=0.05


Tree=85
num_leaves=31
num_cat=0
split_feature=19 2 22 12 13 1 22 11 0 21 19 13 9 22 17 7 16 22 6 9 12 12 22 20 13 5 7 10 10 6
split_gain=57941.1 54154.7 58695.8 63858.7 49011 64403.1 49122.8 51456.8 47824.7 44639.1 56155.9 43739.5 136594 61578.2 43293.1 75177.3 80019.5 55879.7 43377.7 42043.8 93393.5 82929.2 46378.6 45308.9 50708.7 47157.7 41844.4 41293.7 39344.7 58672
threshold=0.36800000000000127 -0.43999999999999978 -68.739999999999981 -0.74455857214455057 0.24825246871434672 -1.1933333333333345 -43.000000000000007 113.20953613432755 306.10000000000008 -13.490850315234029 -0.78666666666666907 -0.076279435988900565 312.50000000000006 -75.070000000000007 23.550000000000004 60.875000000000007 13.937500000000002 -60.530000000000008 2.2174992740089565 692.50000000000011 0.39271506111191362 0.33172980431441529 1.6200000000000119 -0.65469779076244683 0.14132478920498384 112.76166666666668 56.70000000000001 65.550000000000026 79.109722222222231 3.9837375644911792
decision_type=10 8 8 2 2 10 8 2 2 10 10 2 2 10 2 2 2 10 2 2 2 2 8 10 2 2 2 10 8 2
left_child=1 4 3 -3 6 -6 -1 -8 9 -4 -11 12 26 28 15 19 17 -17 -19 21 -21 23 -23 -12 -25 -26 -5 -27 -14 -30
right_child=-2 2 8 11 5 -7 7 -9 -10 10 14 -13 13 -15 -16 16 -18 18 -20 20 -22 22 -24 24 25 27 -28 -29 29 -31
leaf_value=-0.30135692142047332 0.091814399640873456 -0.1512950042423501 -0.065728090438132811 0.073230748636448947 0.29070678817275786 -0.071207550493633115 0.048038701951972074 -0.21144333644165414 0.48548007955379557 -0.20218373852370114 0.13591816743547466 0.12075273280620789 0.14839114167168738 2.5129524999194679 -0.13890571282746475 2.2179789940019452 0.1745120983922066 1.6963947290756618 0.47597265508383968 -0.1258664750668915 0.1745120983922066 -0.12526544576733178 0.15312752272791891 -0.054927596424218683 -0.12965885156494919 -0.094109295046907557 0.82378136711685279 0.14983948829541463 2.2998883976317619 0.61543057656894307
leaf_weight=3756 15633 1135 24477 1001 1629 5009 3856 3787 495 2933 9771 1971 100 81 3990 60 1326 83 593 2922 6597 13596 1681 14595 2388 2055 228 11130 92 118
leaf_count=3756 15633 1135 24477 1001 1629 5009 3856 3787 495 2933 9771 1971 100 81 3990 60 1326 83 593 2922 6597 13596 1681 14595 2388 2055 228 11130 92 118
internal_value=0.00120981 -0.0104523 0.00349096 0.175626 -0.0903982 0.0176081 -0.153294 -0.080531 -0.00475196 -0.00722317 0.012202 0.278955 0.471435 1.28542 0.0210849 0.0306417 0.327849 0.755613 0.625817 0.0211747 0.118223 0.004444 -0.0946326 0.0423416 0.0120335 0.0747893 0.21247 0.111818 0.964676 1.35338
internal_weight=137088 121455 103418 4726 18037 6638 11399 7643 98692 98197 73720 3591 1620 391 70787 66797 2062 736 676 64735 9519 55216 15277 39939 30168 15573 1229 13185 310 210
internal_count=137088 121455 103418 4726 18037 6638 11399 7643 98692 98197 73720 3591 1620 391 70787 66797 2062 736 676 64735 9519 55216 15277 39939 30168 15573 1229 13185 310 210
is_linear=0
shrinkage=0.05


Tree=86
num_leaves=31
num_cat=0
split_feature=0 11 20 10 0 21 13 2 16 11 22 20 20 12 12 9 22 9 10 13 9 13 22 14 9 16 9 13 5 22
split_gain=55113 61057.3 77319.7 90253.8 70779.7 55984.1 75151.7 53595.6 82296.9 54527.2 53366.4 46410.8 44678.5 48517.2 44318.2 129271 151393 111407 102025 110038 50601.9 44490.8 43349.8 69035.8 42375.1 40938.1 41892.5 72007.9 51215.3 41814
threshold=146.02000000000004 164.03665643519494 2.2916584839663652 77.241666666666688 306.10000000000008 10.867110647852636 -0.32143946530316164 0.74999999999999989 67.750000000000014 79.859723976000012 -37.309999999999988 0.80857950365463005 -0.52281269087107496 -0.97381903846659723 0.60003553868615167 727.50000000000011 -58.410000000000004 77.500000000000014 85.26944444444446 -0.27982901403099208 767.50000000000011 0.33172980431441496 -48.339999999999989 5.5000000000000009 382.50000000000006 35.500000000000007 167.50000000000003 -0.98658463173998423 277.32833333333338 -68.739999999999981
decision_type=2 2 8 10 2 8 2 10 2 2 8 8 10 2 2 2 10 2 10 2 2 2 10 2 2 2 2 2 2 10
left_child=11 2 3 12 -4 -3 -7 14 9 24 -11 -1 13 -2 20 17 -17 -16 -18 -20 21 -5 23 -6 -9 26 28 29 -14 -28
right_child=1 5 4 7 22 6 -8 8 -10 10 -12 -13 25 -15 15 16 18 -19 19 -21 -22 -23 -24 -25 -26 -27 27 -29 -30 -31
leaf_value=-0.011911011201189051 1.4572898717997951 -0.28869286613033157 -0.2476668612673282 0.030956371209018025 0.32852757414088174 -0.13723507182982786 0.36730906745435921 1.1676058977046331 -1.197723983843104 0.51982519578880182 0.086280930370601333 -0.16335064978660385 -0.19639405091873371 0.19305172155492326 0.83309064121546916 -0.083229003157956824 0.98459667231805104 -0.18134359027300861 3.8880134973433109 0.87560949993133552 -0.37526769649419944 0.24859730711615446 0.77769596765338367 -1.5772741651925886 0.022726621170129094 0.34087163442376966 1.9291664751023054 0.0067025177462844534 1.0171930047400881 0.33463258913994492
leaf_weight=87406 79 2407 3021 5929 215 2264 1095 351 83 1503 1345 5370 3748 1927 365 228 271 1047 77 50 551 3888 297 61 105 808 75 12342 89 91
leaf_count=87406 79 2407 3021 5929 215 2264 1095 351 83 1503 1345 5370 3748 1927 365 228 271 1047 77 50 551 3888 297 61 105 808 75 12342 89 91
internal_value=0.00123334 0.0471061 0.069806 0.092514 -0.151031 -0.104645 0.0272412 0.181009 0.357293 0.396356 0.315079 -0.0206765 0.0195661 0.24284 0.132882 0.346035 0.944101 0.0808862 1.53262 2.70203 0.0909832 0.117153 0.358456 -0.0926822 0.903982 -0.00654515 -0.0237194 0.0206157 -0.168245 1.05505
internal_weight=137088 44312 38546 34952 3594 5766 3359 15793 3387 3304 2848 92776 19159 2006 12406 2038 626 1412 398 127 10368 9817 573 276 456 17153 16345 12508 3837 166
internal_count=137088 44312 38546 34952 3594 5766 3359 15793 3387 3304 2848 92776 19159 2006 12406 2038 626 1412 398 127 10368 9817 573 276 456 17153 16345 12508 3837 166
is_linear=0
shrinkage=0.05


Tree=87
num_leaves=31
num_cat=0
split_feature=19 0 9 17 22 8 9 16 21 7 13 21 0 22 12 3 15 12 13 9 15 5 9 12 0 6 15 22 22 1
split_gain=54007.9 50673.2 42004.8 76153.3 67483.7 61014.7 59991.2 55211.2 49178.6 47963.2 45751.9 43646.5 42462.1 43340.9 41560.6 39453.9 38959.1 38479.1 37330.5 38062.5 37241.5 36995.3 35330.9 36707.5 35229.9 40310.8 36196.3 34569.1 37378.9 33925.7
threshold=0.024000000000000923 222.62000000000003 87.500000000000014 23.550000000000004 -54.340000000000003 60.875000000000007 187.50000000000003 13.937500000000002 11.746790622210193 0.83500000000000019 0.3007057995042734 -7.7851117077273306 111.22000000000001 6.2599999999999847 0.92794370089704281 70.963333333333352 9.3750000000000018 -0.23768589232617351 -0.74455857214455057 742.50000000000011 7.9000000000000012 157.10166666666669 22.500000000000004 -0.74455857214455057 134.22000000000003 31.448249601831254 0.19250000000000003 -36.249999999999993 -38.909999999999982 0.80800000000000083
decision_type=10 2 2 2 8 2 2 2 10 2 2 8 2 8 2 2 2 2 2 2 2 2 2 2 2 2 2 10 10 8
left_child=15 2 3 4 9 20 10 12 14 -2 17 18 -7 16 27 -1 -14 -4 19 -8 -6 -18 23 -11 26 -26 -13 28 -5 -22
right_child=1 -3 6 8 5 7 11 -9 -10 22 -12 24 13 -15 -16 -17 21 -19 -20 -21 29 -23 -24 -25 25 -27 -28 -29 -30 -31
leaf_value=-0.35357583252465008 0.14385890801016296 0.2613065264706193 -0.066969827709928861 0.086308135174656839 0.096600349147985334 0.15175070665942131 0.098036865844054424 0.15175070665942131 -0.46945424030602417 0.4622592355592427 0.050899053361157964 0.029183308699018442 0.25643112834520815 1.884547051975999 -1.0402463157863722 -0.023403331011280074 0.75778341715612385 -0.29411480563273895 -0.051948912292578434 1.1925178389623763 -0.055029164195808555 2.0055398866534233 0.4622592355592427 1.4660455691415495 0.1791571037060016 -0.78068458190909373 1.0823922476390513 -0.12434483036468458 0.75519703415942285 -0.64212927553693555
leaf_weight=916 489 2391 4298 889 3196 317 235 2116 690 116 3601 15868 336 79 92 73939 319 3293 12513 120 807 73 378 254 7524 111 82 1419 273 354
leaf_count=916 489 2391 4298 889 3196 317 235 2116 690 116 3601 15868 336 79 92 73939 319 3293 12513 120 807 73 378 254 7524 111 82 1419 273 354
internal_value=0.00117168 0.0355907 0.0265722 0.109366 0.186452 0.130688 0.00537715 0.295006 -0.0931236 0.528925 -0.0958782 0.0364651 0.578315 0.772215 0.00402123 -0.0274436 0.651508 -0.165506 -0.0376046 0.468002 0.00849493 0.990146 0.78066 1.12835 0.0768776 0.165203 0.0345979 0.0412442 0.243457 -0.234042
internal_weight=137088 62233 59842 12197 8834 7597 47645 3240 3363 1237 11192 36453 1124 807 2673 74855 728 7591 12868 355 4357 392 748 370 23585 7635 15950 2581 1162 1161
internal_count=137088 62233 59842 12197 8834 7597 47645 3240 3363 1237 11192 36453 1124 807 2673 74855 728 7591 12868 355 4357 392 748 370 23585 7635 15950 2581 1162 1161
is_linear=0
shrinkage=0.05


Tree=88
num_leaves=31
num_cat=0
split_feature=3 20 9 11 0 11 13 8 18 11 16 12 22 1 9 22 22 12 5 9 6 2 0 22 9 20 5 22 9 13
split_gain=52328.7 73785.2 58192.9 99576.4 75778.5 65880.5 59153.4 113502 78655.7 69175.8 67508.7 53833.9 53559.6 53246.9 52703.4 78024.7 62372.7 58330.1 58042.7 95055.6 92137.6 52207.2 51785.5 49667.5 49581.4 48897.7 46561.2 46272.9 56507.5 44767.3
threshold=102.96666666666668 -0.86580610064640362 577.50000000000011 83.812499821186051 206.02000000000004 270.41185098700004 0.11969653353600802 42.500000000000007 13.250000000000002 90.941501035000002 9.8750000000000018 -0.08715574274765768 -65.299999999999983 0.14666666666666736 12.500000000000002 1.6200000000000119 -2.5699999999999963 0.34202014332566882 142.90833333333336 37.500000000000007 10.640778907335401 -1.0066666666666657 125.65333333333335 -63.149999999999984 387.50000000000006 -0.55123890259000119 137.72611111111112 1.6200000000000119 197.50000000000003 -0.1413247892049839
decision_type=2 8 2 2 2 2 2 2 2 2 2 2 8 10 2 8 10 2 2 2 2 10 2 10 2 10 2 10 2 2
left_child=23 13 4 -4 6 12 7 10 9 -9 21 25 29 -2 16 -16 17 -10 -17 -20 -21 -3 -19 -1 -6 -8 -11 -13 -29 -5
right_child=1 2 3 5 24 -7 11 8 14 26 -12 27 -14 -15 15 18 -18 22 19 20 -22 -23 -24 -25 -26 -27 -28 28 -30 -31
leaf_value=0.18023409136709648 0.086788945846717369 -0.37453402474137976 0.0061288207671599069 1.3867387305004033 0.081577575917132786 -0.42520649993378257 0.28369126552407242 -0.034882339659689912 0.1048451594542712 1.4019602755871778 -0.36163099563858359 -0.076844159652621369 0.23780843060936951 0.37841062332248793 -0.034882339659689912 0.21260034472427589 -0.034882339659689912 0.29270586406075677 -0.034882339659689912 2.9806074078948726 0.34806843670931731 -0.085992924849827929 1.2986143155542169 -0.099391617295155929 0.47543419156060862 0.036676878786610405 0.43513757277280096 1.0790818746104562 0.10162762161336979 0.11559037682386714
leaf_weight=1743 9326 1695 17456 190 7386 360 2263 188 424 239 2960 17574 6049 1881 6668 616 115 215 65 84 55 20869 316 17861 896 17470 260 163 1592 109
leaf_count=1743 9326 1695 17456 190 7386 360 2263 188 424 239 2960 17574 6049 1881 6668 616 115 215 65 84 55 20869 316 17861 896 17470 260 163 1592 109
internal_value=0.00109363 0.0137126 0.000845197 0.0690487 -0.0192256 0.232783 -0.0353129 -0.0827504 0.0673553 0.582097 -0.13712 0.00691108 0.270098 0.135735 0.026034 -0.0208703 0.354276 0.542145 0.454682 1.18567 1.93896 -0.107668 0.891326 -0.07453 0.124188 0.0650047 0.898205 -0.0523968 0.192411 0.923344
internal_weight=137088 117484 106277 24164 82113 6708 73831 34769 9245 687 25524 39062 6348 11207 8558 7488 1070 955 820 204 139 22564 531 19604 8282 19733 499 19329 1755 299
internal_count=137088 117484 106277 24164 82113 6708 73831 34769 9245 687 25524 39062 6348 11207 8558 7488 1070 955 820 204 139 22564 531 19604 8282 19733 499 19329 1755 299
is_linear=0
shrinkage=0.05


Tree=89
num_leaves=31
num_cat=0
split_feature=19 11 17 15 22 6 9 12 11 13 12 22 21 5 6 8 20 16 12 22 13 8 11 9 22 0 20 2 10 20
split_gain=48633 43322.3 38628.6 54656.6 77003.8 58655 47031 72958.3 62703.7 59578.9 99138.7 79011 65894.7 56340.5 74705.2 53826.9 46796.3 45733.3 43020.7 42974.5 40384.2 37088 36649.5 43778.7 65406.7 42577.2 44506.1 63473 41807.3 41376.9
threshold=0.13866666666666608 56.070489384742999 23.550000000000004 0.015000000000000001 -33.649999999999991 4.9879029417258645 222.50000000000003 0.13052619222005182 109.65531015560161 -0.31107263240371763 -0.35222909080468484 -1.9200000000000228 12.665729869809875 153.11833333333337 12.192185771125517 57.500000000000007 3.3283184234618255 18.750000000000004 -0.33172980431441518 5.150000000000003 -0.95032354012166609 28.500000000000004 164.03665643519494 322.50000000000006 -68.739999999999981 150.69333333333336 -0.57867932918826837 0.3453333333333336 76.083333333333357 1.024555271276103
decision_type=10 2 2 2 8 2 2 2 2 2 2 8 10 2 2 2 10 2 2 10 2 2 2 2 8 2 10 10 10 10
left_child=1 -1 3 6 5 17 7 -3 15 10 -8 12 13 -12 -15 -9 18 -5 -11 -17 -16 -4 25 -24 -25 26 27 -2 -27 -30
right_child=22 2 21 4 -6 -7 9 8 -10 16 11 -13 -14 14 20 19 -18 -19 -20 -21 -22 -23 23 24 -26 28 -28 -29 29 -31
leaf_value=-0.098065378549550011 0.091250979238044136 -0.011964756309220198 -0.45284823803219965 1.0472685005483349 0.013971446564576665 0.22261142878869178 -0.10199170565930707 -0.14276128113318196 -0.32538708895780832 0.085152790571852863 0.28848974234281849 -0.12938019029461117 -0.066876312633560572 1.0467112660977163 0.6101858436599259 0.23018649465987209 -1.5237254588700395 0.061002203383589096 -0.040761507558859572 1.6257769536972047 -0.67844018217014235 -0.077206336665719938 -0.11850758498195937 1.6484546292472531 0.11757067932566533 0.03967713120058141 -0.019449442781580492 0.65383079698207691 0.37126390179275237 0.083020438233858365
leaf_weight=14250 7182 20947 835 459 4010 1636 3536 2454 4088 9164 4928 1390 1120 576 129 684 51 158 26117 60 115 3084 5425 74 1221 3894 13768 539 3124 2070
leaf_count=14250 7182 20947 835 459 4010 1636 3536 2454 4088 9164 4928 1390 1120 576 129 684 51 158 26117 60 115 3084 5425 74 1221 3894 13768 539 3124 2070
internal_value=0.000857204 -0.0173493 -0.00390309 0.00345934 0.145386 0.379284 -0.00833602 -0.0593685 -0.195653 0.0222373 0.119543 0.214403 0.28398 0.352345 0.736096 -0.029813 -0.0102439 0.794708 -0.00805612 0.342734 0.00284161 -0.157242 0.0495702 -0.0561554 0.20505 0.0728058 0.0344362 0.130524 0.163533 0.256388
internal_weight=137088 99791 85541 81622 6263 2253 75359 28233 7286 47126 11794 8258 6868 5748 820 3198 35332 617 35281 744 244 3919 37297 6720 1295 30577 21489 7721 9088 5194
internal_count=137088 99791 85541 81622 6263 2253 75359 28233 7286 47126 11794 8258 6868 5748 820 3198 35332 617 35281 744 244 3919 37297 6720 1295 30577 21489 7721 9088 5194
is_linear=0
shrinkage=0.05


Tree=90
num_leaves=31
num_cat=0
split_feature=5 22 20 1 9 11 9 12 11 17 6 8 16 12 22 19 13 22 13 0 10 6 9 22 22 21 8 9 22 22
split_gain=47672.7 60703.1 52532.2 51943.1 50406.9 99539.9 84438.3 132828 109935 106457 77431.9 74721.8 110972 64071.1 71558.7 54942.6 50340.4 60328.3 49811.7 77480 99518.6 55213.4 52902.2 48022.8 47530.7 46978.9 46320.6 42553.7 42059.3 43676.8
threshold=103.90166666666669 -78.07999999999997 -1.0379089522204989 -0.033999999999999385 397.50000000000006 86.96458448700001 92.500000000000014 0.21643961393810304 123.17551571639116 22.500000000000004 2.653750918867225 56.20000000000001 7.9000000000000012 0.98658463173998445 -66.549999999999997 0.98933333333333318 -0.58244304235731414 -62.099999999999994 0.33172980431441496 257.78000000000003 81.010000000000034 30.012527826301667 182.50000000000003 -6.8700000000000001 19.93 11.966795106234764 93.500000000000014 822.50000000000011 -35.990000000000002 -38.909999999999982
decision_type=2 8 8 10 2 2 2 2 2 2 2 2 2 2 8 10 2 8 2 2 8 2 2 10 8 10 2 2 10 8
left_child=1 -1 3 -2 6 -6 9 18 -9 10 -4 12 -12 14 27 24 17 -3 21 -20 -21 23 -22 -8 -13 28 -19 -7 29 -11
right_child=2 16 4 -5 5 13 7 8 -10 25 11 15 -14 -15 -16 -17 -18 26 19 20 22 -23 -24 -25 -26 -27 -28 -29 -30 -31
leaf_value=0.70860727602231366 0.059779129894580722 0.57865494545216545 0.54741359421880398 0.35329910750221605 0.0044136909170962597 0.68906017960760757 -0.020599738210425378 -0.12131671028564367 -0.48603811300890937 -0.086167985573775502 0.10168143483476211 0.17037755189405701 -0.22843944783169134 -0.2464325311271699 0.19640071586952934 0.87791514370238066 -0.14726579853300864 -0.040524134287080835 0.039143460419037421 -0.21062710070691537 2.9434128221475855 -0.53125018447126249 1.0491039816013052 -0.26519532937854978 1.6077246449887754 -0.46371448893290013 0.64338726806163327 2.2515904097557069 -0.22074883593796188 0.43981476870726094
leaf_weight=247 5481 448 995 2079 30342 339 17303 8986 2683 1022 5078 6897 3480 778 8498 296 11587 7527 15814 128 53 612 121 2270 58 951 256 50 2066 643
leaf_count=247 5481 448 995 2079 30342 339 17303 8986 2683 1022 5078 6897 3480 778 8498 296 11587 7527 15814 128 53 612 121 2270 58 951 256 50 2066 643
internal_value=0.000814344 -0.0703924 0.0130236 0.140497 0.00421971 0.0489259 -0.0215313 -0.0584272 -0.205175 0.060843 0.11959 0.0926636 -0.00739494 0.188666 0.226756 0.210758 -0.0801014 0.0144477 -0.0112548 0.0542937 0.847623 -0.0635896 1.62611 -0.048967 0.182364 -0.150005 -0.0180288 0.8899 -0.0700429 0.116959
internal_weight=137088 20065 117023 7560 109463 40007 69456 47970 11669 21486 16804 15809 8558 9665 8887 7251 19818 8231 36301 16116 302 20185 174 19573 6955 4682 7783 389 3731 1665
internal_count=137088 20065 117023 7560 109463 40007 69456 47970 11669 21486 16804 15809 8558 9665 8887 7251 19818 8231 36301 16116 302 20185 174 19573 6955 4682 7783 389 3731 1665
is_linear=0
shrinkage=0.05


Tree=91
num_leaves=31
num_cat=0
split_feature=3 20 12 8 2 0 9 13 6 5 10 9 22 12 22 20 0 22 22 11 10 13 8 18 11 5 16 9 22 13
split_gain=44051.8 61726.6 52881.9 64011.1 59747.1 47374 64826.3 84410 107423 108079 111226 72283.9 63536.1 51857.9 72649.8 45992.8 82350.5 72840.9 62024.9 44607.7 44063.4 43633.6 86969.5 61834.3 68445.4 50929.3 49558.7 46956.1 64285.7 64368.5
threshold=101.77000000000001 -0.66453833535919371 -0.20576496797711577 65.550000000000011 0.38399999999999967 202.30000000000004 577.50000000000011 -0.33172980431441507 12.969235158582876 173.92000000000002 76.90555555555558 957.50000000000011 -31.059999999999999 0.45201865172701788 -54.340000000000003 -0.065864614504566474 148.30000000000004 -68.739999999999981 -58.079999999999991 159.63465119039344 64.012500000000003 0.13052619222005152 42.500000000000007 13.250000000000002 100.79178984150001 144.18500000000003 9.8750000000000018 12.500000000000002 1.6200000000000119 -0.6835516316989646
decision_type=2 8 2 2 10 2 2 2 2 2 10 2 8 2 10 10 2 10 10 2 10 2 2 2 2 2 2 2 8 2
left_child=-1 2 4 19 -2 6 21 8 9 12 11 20 13 14 -8 16 17 -15 -18 -4 -11 22 26 24 -24 -26 -3 -25 -29 -30
right_child=1 5 3 -5 -6 -7 7 -9 -10 10 -12 -13 -14 15 -16 -17 18 -19 -20 -21 -22 -23 23 27 25 -27 -28 28 29 -31
leaf_value=-0.07214498808922902 0.14650973778647267 -0.10714979954750502 0.03000635947387514 0.49368829894839356 0.67686590793089274 0.095543638432251499 -1.5443418466382557 -0.0037400964849205517 -0.3760460862586793 0.61596792912483211 3.2906283467466184 -0.2357864011079073 0.091834433657013187 2.3317152950167657 0.27099136027130993 0.22367715826110662 0.57623508542344193 0.46018225272509616 2.5060179029759908 -0.2590934574266196 2.6948155627800872 -0.002181952016241133 -0.041008466535339246 0.34302914354229075 1.4298976644062336 0.27538933447865122 -0.33755484438690392 -0.041008466535339246 0.76865180102139108 -0.041008466535339246
leaf_weight=17960 8833 20422 8243 655 565 10619 72 14641 676 50 55 96 2955 55 235 695 69 950 105 1592 52 36082 255 957 225 166 2635 6395 492 286
leaf_count=17960 8833 20422 8243 655 565 10619 72 14641 676 50 55 96 2955 55 235 695 69 950 105 1592 52 36082 255 957 225 166 2635 6395 492 286
internal_value=0.000852169 0.0118574 0.0922557 0.015084 0.178394 -0.00425469 -0.016213 0.0612353 0.218087 0.292615 1.30149 0.748956 0.242918 0.447618 -0.154755 0.546299 0.73648 0.562604 1.74076 -0.0167905 1.67577 -0.0398255 -0.0824937 0.051464 0.522295 0.939748 -0.133481 0.0140523 -0.0298388 0.414759
internal_weight=137088 119128 19888 10490 9398 99240 88621 20706 6065 5389 253 198 5136 2181 307 1874 1179 1005 174 9835 102 67915 31833 8776 646 391 23057 8130 7173 778
internal_count=137088 119128 19888 10490 9398 99240 88621 20706 6065 5389 253 198 5136 2181 307 1874 1179 1005 174 9835 102 67915 31833 8776 646 391 23057 8130 7173 778
is_linear=0
shrinkage=0.05


Tree=92
num_leaves=31
num_cat=0
split_feature=19 2 20 5 6 21 22 15 21 13 4 20 9 11 15 12 9 0 22 7 22 13 20 6 0 20 13 22 22 10
split_gain=43623.5 43014.6 51975 56123.1 35604 42844.5 44206.4 49154 45795.8 36663.6 36055.3 35441.2 35185.7 33521.6 32273 38616.3 31358.7 48156.1 45862.3 33833.3 40764.7 32400.7 34875.3 36738 28845.1 43710.4 28055.3 39120.9 26125.6 27471.1
threshold=0.024000000000000923 0.94933333333333381 -0.081771827934374874 174.9677777777778 7.0953023277710567 -7.7851117077273306 -56.479999999999997 0.12500000000000003 7.0507854914260131 0.25881904510252057 10.679585496439881 1.6324286287065046 27.500000000000004 1.0000000180025095e-35 4.6800000000000006 -0.53729960834682411 712.50000000000011 134.22000000000003 -47.609999999999992 27.500000000000004 -36.349999999999987 -0.23768589232617329 -0.0087733297723863023 3.4010248009801773 335.52000000000004 3.3283184234618255 -0.77296446310592981 -64.549999999999983 -38.909999999999982 87.616666666666688
decision_type=10 8 10 2 2 8 8 2 8 2 2 10 2 2 2 2 2 2 8 2 10 2 10 2 2 10 2 8 10 8
left_child=13 4 -3 11 5 -2 7 -7 16 -6 -11 26 -5 -1 -9 -16 19 18 -18 -8 -21 22 23 -19 25 -15 27 -4 29 -26
right_child=1 2 3 12 9 6 8 14 -10 10 -12 -13 -14 24 15 -17 17 21 -20 20 -22 -23 -24 -25 28 -27 -28 -29 -30 -31
leaf_value=-0.16238884529126674 -0.027244640812255996 0.76346190368550815 1.7564858915714119 1.7697336222908715 -0.074034933149533508 0.17317498692965605 0.061961681837698505 1.1487501856439557 -0.019714384071556637 0.0085867230848965855 0.27318972385824164 -0.25704785717656192 0.44421851388829697 -0.015216913605539024 -0.22998735498483869 0.85387262121001462 1.245607452955511 2.732342247962952 0.067791794766138197 0.7183599113592023 0.1883168479063162 0.37275759406063869 0.45805642095416088 1.0000039569493653 -0.43124739454503652 -0.42041062615545732 0.01282464165436239 0.31369701712038484 0.95438845708655817 0.78650499551724173
leaf_weight=4193 11094 371 52 55 14776 2270 9000 231 8857 7648 1548 753 558 69654 146 188 90 55 1012 451 1102 230 86 69 114 672 1104 487 144 78
leaf_count=4193 11094 371 52 55 14776 2270 9000 231 8857 7648 1548 753 558 69654 146 188 90 55 1012 451 1102 230 86 69 114 672 1104 487 144 78
internal_value=0.00068635 0.03162 0.205078 0.136231 0.0216581 0.0538979 0.0917419 0.277044 0.0666689 -0.0252533 0.0531284 0.0270071 0.563147 -0.0250312 0.694356 0.38009 0.129926 0.340542 0.163984 0.099151 0.314672 0.782741 1.23177 1.76838 -0.0168806 -0.0190887 0.157192 0.45289 0.445289 0.0634645
internal_weight=137088 62233 3380 3009 58853 34881 23787 2835 20952 23972 9196 2396 613 74855 565 334 12095 1542 1102 10553 1553 440 210 124 70662 70326 1643 539 336 192
internal_count=137088 62233 3380 3009 58853 34881 23787 2835 20952 23972 9196 2396 613 74855 565 334 12095 1542 1102 10553 1553 440 210 124 70662 70326 1643 539 336 192
is_linear=0
shrinkage=0.05


Tree=93
num_leaves=31
num_cat=0
split_feature=19 2 22 22 18 12 0 22 22 12 21 19 0 18 8 14 22 11 22 10 22 16 16 6 20 6 22 20 3 2
split_gain=40766 45860.1 47847.9 45042.7 52240.8 39913 39028 41561.5 44702.8 37543.3 35893.1 45597.5 37128.9 33677.2 65324.4 33147.4 48289.6 38021.5 37133.7 35114.9 32716.6 32214.1 31815.5 43941.3 32063.2 33749.5 37373 31447.2 50991 41824.9
threshold=0.36800000000000127 -0.36666666666666636 -32.93 -66.999999999999986 195.50000000000003 -0.87137607974597275 179.90000000000006 -70.36999999999999 -69.469999999999985 0.83743052905771564 -13.490850315234029 -0.78666666666666907 245.82000000000002 30.500000000000004 62.500000000000007 4.5000000000000009 -43.509999999999984 136.92973273925978 -54.340000000000003 84.483333333333363 -86.980000000000018 19.500000000000004 20.625000000000004 2.0458462475550592 -1.0907438502842475 26.042071671867902 6.2599999999999847 -0.50587551582891244 117.90666666666668 0.33466666666666672
decision_type=10 8 10 8 2 2 2 8 8 2 10 10 2 2 2 2 8 2 10 8 10 2 2 2 10 2 8 10 2 10
left_child=1 2 6 4 5 -3 9 20 -9 -1 -5 -12 13 14 -13 16 18 19 -10 -18 -8 -15 23 -16 -25 26 -26 29 -29 -2
right_child=27 3 -4 10 -6 -7 7 8 15 -11 11 12 -14 21 22 -17 17 -19 -20 -21 -22 -23 -24 24 25 -27 -28 28 -30 -31
leaf_value=-0.21742605180132016 0.13984031443831954 -0.15720155332998717 0.0091262094787574119 -0.055459460213370226 -1.4389108484866573 0.23259438038456565 0.41796229594364398 0.92053004970872088 0.10263175923775353 0.17736651585185456 -0.17779568866487597 0.017062480831455156 0.28836368979881882 -0.21300775443012074 1.2974896987521554 -0.25475404687802222 0.38548277662860025 -0.24212859471074563 -0.6033274388770169 1.2228245919423915 -0.70782472285389808 0.0094957965573967962 0.12543958918483042 0.98819704315176726 0.12543958918483042 0.80056405479841419 1.0726773623767354 -0.16509319503985134 0.08975039526271586 0.66108983478812067
leaf_weight=8695 3898 783 9608 23823 51 4072 82 152 627 647 2925 56239 1301 2908 123 698 540 176 265 163 303 3692 1875 162 1205 235 105 2528 8780 427
leaf_count=8695 3898 783 9608 23823 51 4072 82 152 627 647 2925 56239 1301 2908 123 698 540 176 265 163 303 3692 1875 162 1205 235 105 2528 8780 427
internal_value=0.000636415 -0.0091457 -0.0745509 0.00528698 0.153007 0.169729 -0.13966 0.0170456 0.0883011 -0.190084 -0.00237441 0.0154954 0.0238287 0.0186568 0.0304596 0.0370662 0.152081 0.415093 -0.107098 0.579632 -0.468047 -0.0885406 0.233817 0.384754 0.318985 0.248816 0.149838 0.0766351 0.0327779 0.191302
internal_weight=137088 121455 21956 99499 4906 4855 12348 3006 2621 9342 94593 70770 67845 66544 59944 2469 1771 879 892 703 385 6600 3705 1830 1707 1545 1310 15633 11308 4325
internal_count=137088 121455 21956 99499 4906 4855 12348 3006 2621 9342 94593 70770 67845 66544 59944 2469 1771 879 892 703 385 6600 3705 1830 1707 1545 1310 15633 11308 4325
is_linear=0
shrinkage=0.05


Tree=94
num_leaves=31
num_cat=0
split_feature=5 22 20 1 13 22 9 11 9 12 17 11 12 22 22 9 9 5 12 18 8 10 13 10 2 9 0 5 12 13
split_gain=39646.4 52751.6 46481.5 44596.9 44156.3 52821.5 42993.7 85908.4 71959.3 122141 95928.8 95838 68412.1 67806.9 66554.6 126969 118557 65577.1 73217 64620.2 150315 65134.5 61663.3 48386.5 48142.9 44297.2 91450.5 42648 71333.4 138832
threshold=103.90166666666669 -78.07999999999997 -1.0379089522204989 -0.033999999999999385 -0.58244304235731414 -62.099999999999994 392.50000000000006 70.14998999114691 92.500000000000014 0.21643961393810304 22.500000000000004 121.52027564747299 -0.75894212529897742 -66.549999999999997 1.6200000000000119 27.500000000000004 12.500000000000002 146.61833333333337 -0.065403129230142812 16.750000000000004 26.500000000000004 83.941666666666677 -0.15212338618991647 105.88333333333334 1.7533333333333336 42.500000000000007 219.78000000000003 156.48500000000004 0.6993099184844086 -0.32143946530316164
decision_type=2 8 8 10 2 8 2 2 2 2 2 2 2 8 8 2 2 2 2 2 2 8 2 10 10 2 2 2 2 2
left_child=1 -1 3 -2 5 -3 8 -8 10 -10 12 -11 23 22 16 -16 -14 -17 -19 21 -21 -18 -9 -4 -23 26 -22 -15 -29 -30
right_child=2 4 6 -5 -6 -7 7 13 9 11 -12 -13 14 27 15 17 19 18 -20 20 25 24 -24 -25 -26 -27 -28 28 29 -31
leaf_value=0.66180628530892294 0.056802597469515971 0.54305633265259012 -0.069022348748954354 0.32877571829408769 -0.13633773806084046 -0.015271258399961133 -0.016560689622649671 1.2625014057437496 -0.0098282722974966374 -0.11637498268806726 -0.14482884724050063 -0.45618952289652592 0.63566386659548846 0.064638487018117682 -0.34229879099945454 0.65780462349158908 0.073289114631778826 0.36082512109966602 2.5339012782130621 -0.49738901456423595 0.22800039046531975 0.4142206495945 0.27989804631102982 0.78636702096950239 1.3486756351594995 0.036195529348693758 1.6494548868763355 0.10332462081690881 1.3383415440028248 0.20603937891636975
leaf_weight=247 5481 448 4981 2079 11587 7783 23840 239 36065 8697 4682 2725 1095 12184 267 504 1992 59 113 1261 921 1313 481 171 154 3844 129 2498 397 851
leaf_count=247 5481 448 4981 2079 11587 7783 23840 239 36065 8697 4682 2725 1095 12184 267 504 1992 59 113 1261 921 1313 481 171 154 3844 129 2498 397 851
internal_value=0.000553348 -0.0643831 0.0116875 0.131595 -0.0734339 0.0151176 0.00340612 0.0443044 -0.0206028 -0.0549558 0.0553219 -0.197446 0.111089 0.131453 0.178173 0.580869 0.142712 0.945493 1.78849 0.0865671 -0.0106099 0.259485 0.606068 -0.0406311 0.512316 0.114815 0.402636 0.110001 0.257546 0.566235
internal_weight=137088 20065 117023 7560 19818 8231 109463 40490 68973 47487 21486 11422 16804 16650 11652 943 10709 676 172 9614 6155 3459 720 5152 1467 4894 1050 15930 3746 1248
internal_count=137088 20065 117023 7560 19818 8231 109463 40490 68973 47487 21486 11422 16804 16650 11652 943 10709 676 172 9614 6155 3459 720 5152 1467 4894 1050 15930 3746 1248
is_linear=0
shrinkage=0.05


Tree=95
num_leaves=31
num_cat=0
split_feature=11 17 9 9 13 12 0 12 6 11 2 10 11 10 5 12 22 6 8 8 20 5 22 22 22 14 22 13 7 18
split_gain=37236 46896.5 77531.9 88015.2 131402 86657.2 81504.6 78578.1 66149 64273 83175.5 64236.7 63325 62319.4 53219.8 107036 94726.8 60144.4 52698.1 51743.7 49564.4 49725.1 49095.2 53648.7 47009.1 107212 56588.6 45486.5 99138 44213.3
threshold=56.070489384742999 23.550000000000004 82.500000000000014 222.50000000000003 0.31107263240371752 -0.22706275313213778 265.42000000000002 -0.83743052905771542 2.5886137625341274 78.313761562500019 1.0200000000000002 84.069444444444471 77.831459432840461 105.88333333333334 150.66833333333335 0.56457333468532445 -54.200000000000003 9.6492065925656121 65.550000000000011 28.500000000000004 1.9682081144963646 294.63333333333338 -36.349999999999987 -38.909999999999982 -63.149999999999984 5.5000000000000009 -78.07999999999997 -0.89194178735545482 92.500000000000014 0.19000000000000003
decision_type=2 2 2 2 2 2 2 2 2 2 10 8 2 10 2 2 8 2 2 2 10 2 10 10 8 2 10 2 2 2
left_child=-1 2 7 4 5 -4 -6 13 -9 10 -7 -8 -5 -2 15 16 -10 -16 -17 -3 -11 -22 23 27 25 -14 -27 28 -21 -26
right_child=1 19 3 12 6 9 11 8 14 20 -12 -13 24 -15 17 18 -18 -19 -20 22 21 -23 -24 -25 29 26 -28 -29 -30 -31
leaf_value=-0.068158157665875199 -0.096809740499022801 -0.41198193734595512 -0.04778215452908427 -0.0132210568078757 0.065290614557824506 -0.047370868698322688 0.0069993517100811007 0.56430884921540059 0.73278222216680933 -0.25730490775479081 1.3598850772748783 2.3534859779902866 0.17702237839495005 0.94980371412836961 0.73305250569016334 -0.52623489381419186 0.10824004935603447 0.20788510668481477 -0.013549802246795389 -0.0091551768709194157 -0.9295674802557109 -0.095967713897009851 -0.17896798414070908 0.59793116993361817 0.080206686434953309 -0.14042331024271545 1.5773577962802459 -0.21331236510330398 1.4868255752470945 -0.28313643376664172
leaf_weight=17250 4383 1234 12970 32461 10515 1330 50 1028 687 7588 114 70 2128 147 667 897 5223 2985 1136 491 564 262 3086 481 27051 61 224 998 143 864
leaf_count=17250 4383 1234 12970 32461 10515 1330 50 1028 687 7588 114 70 2128 147 667 897 5223 2985 1136 491 564 262 3086 481 27051 61 224 998 143 864
internal_value=0.00052568 0.0104123 0.0178619 0.000409374 -0.0650849 -0.132712 0.0800776 0.115795 0.179904 -0.244454 0.0637283 1.37578 0.0353141 -0.0628468 0.145823 0.0731882 0.180839 0.303801 -0.239757 -0.120914 -0.297344 -0.665157 -0.0518283 0.133857 0.0872628 0.298991 1.20969 -0.00291965 0.328266 0.0689608
internal_weight=137088 119838 113405 96252 33463 22828 10635 17153 12623 9858 1444 120 62789 4530 11595 7943 5910 3652 2033 6433 8414 826 5199 2113 30328 2413 285 1632 634 27915
internal_count=137088 119838 113405 96252 33463 22828 10635 17153 12623 9858 1444 120 62789 4530 11595 7943 5910 3652 2033 6433 8414 826 5199 2113 30328 2413 285 1632 634 27915
is_linear=0
shrinkage=0.05


Tree=96
num_leaves=31
num_cat=0
split_feature=19 0 3 9 5 2 12 20 17 8 17 5 22 2 11 9 22 13 20 0 20 22 1 11 20 19 11 9 13 5
split_gain=36567.1 35174.3 30523.7 27920.7 36415.4 27303.8 44532.6 49105.3 41627.1 76740.7 64864.5 54151.2 42553.8 34804.1 32570.4 32696.7 65091.6 27009 42390.5 26998.4 42485.1 29056.7 26655.1 26637.6 26419.9 26416.1 25472.6 25261.3 56365.4 57408.2
threshold=0.024000000000000923 222.62000000000003 70.963333333333352 1322.5000000000002 117.47333333333334 -0.11333333333333327 -0.021814885034560933 -0.56978889325060822 23.550000000000004 25.750000000000004 0.64500000000000013 136.19500000000002 -54.340000000000003 0.88666666666666683 78.805445641279206 27.500000000000004 -35.439999999999976 -0.26932402956675622 0.53745842291231694 335.52000000000004 3.0268657566268105 -38.909999999999982 1.0266666666666682 173.72042959681445 1.1338624074633425 1.1733333333333349 81.671068439500019 587.50000000000011 0.32143946530316164 160.3016666666667
decision_type=10 2 2 2 2 8 2 10 2 2 2 2 10 10 2 2 10 2 10 2 10 10 10 2 10 10 2 2 2 2
left_child=2 5 -1 19 -5 25 7 13 9 10 17 12 -11 -7 -13 16 -16 18 23 20 27 26 -12 -8 -10 -2 -21 -4 29 -29
right_child=1 -3 3 4 -6 6 8 -9 24 11 22 14 -14 -15 15 -17 -18 -19 -20 21 -22 -23 -24 -25 -26 -27 -28 28 -30 -31
leaf_value=-0.30990476823009261 -0.022692232995544369 0.21687625951271167 -0.025183589927443479 9.3869290633251019e-05 -0.3134041377084209 0.22707128661566631 0.17511762507515163 0.054938550740948826 -0.27999366433918477 1.4416771752398407 -0.2394493794996421 1.8200759994633058 0.17511762507515163 1.1230715134357279 2.3950337881165922 0.28440345321075028 0.30217673561152292 -0.04729798611304778 -0.25201522258144843 -0.81322367729619138 -0.33553214591495167 0.99216632488845047 -0.97820766068797449 -0.17674093212409561 -1.233489567646209 0.31085571350274332 0.42927205442930716 0.071555723824473935 -0.080282030660124667 0.42038617316758276
leaf_weight=916 26886 2391 54796 1894 1813 4594 3011 10901 500 67 259 68 811 111 66 249 85 10071 702 60 1016 138 231 538 85 607 132 7459 5230 1401
leaf_count=916 26886 2391 54796 1894 1813 4594 3011 10901 500 67 259 68 811 111 66 249 85 10071 702 60 1016 138 231 538 85 607 132 7459 5230 1401
internal_value=0.000499396 0.0288209 -0.0230465 -0.0194928 -0.15323 0.0213071 0.0524428 0.113207 -0.00419517 0.010806 -0.0220417 0.372277 0.175118 0.24821 0.808416 0.636434 1.21694 -0.00268801 0.102997 -0.0124338 -0.0145638 0.438756 -0.587721 0.173219 -0.418536 -0.015328 0.0409921 -0.00982986 0.0498808 0.126715
internal_weight=137088 62233 74855 73939 3707 59842 32349 15606 16743 16158 14812 1346 878 4705 468 400 151 14322 4251 70232 69902 330 490 3549 585 27493 192 68886 14090 8860
internal_count=137088 62233 74855 73939 3707 59842 32349 15606 16743 16158 14812 1346 878 4705 468 400 151 14322 4251 70232 69902 330 490 3549 585 27493 192 68886 14090 8860
is_linear=0
shrinkage=0.05


Tree=97
num_leaves=31
num_cat=0
split_feature=5 22 13 8 17 12 2 10 20 0 20 2 13 11 12 21 9 12 20 9 11 6 15 10 21 11 22 22 22 2
split_gain=36866.3 67524.8 62325.7 61215.5 69344.8 61142 53021.4 49894.1 45525 43291.1 64216.3 53314.3 51334.1 47548.8 82361.1 63075.7 64187.3 59597.8 74581.3 45044.3 59978.3 52833.6 44339.9 68061.1 43593.3 40905.2 40592.4 67458.1 40572 39394
threshold=114.08333333333336 -63.249999999999993 -0.90159026428466893 92.500000000000014 23.550000000000004 0.098011308799811389 -1.5959999999999994 68.716666666666683 0.40357260602265677 208.02000000000004 -0.11329065797405026 0.36222222222222228 0.8604686372286926 173.72042959681445 0.49049438445969384 3.8108030532962691 1102.5000000000002 -0.98990318592078552 1.1625669391053355 87.500000000000014 77.349602580070311 2.653750918867225 0.10250000000000002 85.012500000000031 12.904708888043624 118.44557940800001 7.0999999999999988 9.4299999999999979 -56.479999999999997 1.8666666666666667
decision_type=2 8 2 2 2 2 10 10 8 2 8 10 2 2 2 10 2 2 10 2 2 2 2 10 10 2 10 10 8 10
left_child=1 5 3 4 6 -1 -2 -4 -3 10 11 19 -12 15 -15 17 22 18 -11 20 -9 -22 25 -24 -16 -17 -14 -28 -6 -5
right_child=2 8 7 29 28 -7 -8 9 -10 13 12 -13 26 14 24 16 -18 -19 -20 -21 21 -23 23 -25 -26 -27 27 -29 -30 -31
leaf_value=0.49699957770391967 -0.48020356046901957 -0.038294244271131261 -0.02178628885254677 0.1802020064470703 -1.4868205884524754 -0.1228382060733899 -0.053351638052279597 1.0924324074688438 -0.23793080622644852 0.26629570342208209 -0.035591025665229724 0.40248387068128227 0.076367792519162925 0.33992560656839299 -1.3059541357223861 0.54227720710772032 2.2179117110430027 0.15421763412248105 -1.9276735005310819 0.058760427340887059 0.78188987948016442 0.12032526982864696 0.06652430288780195 1.399498994843734 -0.22583121531379394 0.0168139663028751 1.3253495541167046 0.21451522461228217 -0.43049540905105821 1.1305051098115573
leaf_weight=1071 785 33708 28954 651 105 633 9933 208 3120 76 24092 1461 5488 380 167 784 51 2918 79 16919 349 2231 156 248 212 702 175 624 677 131
leaf_count=1071 785 33708 28954 651 105 633 9933 208 3120 76 24092 1461 5488 380 167 784 51 2918 79 16919 349 2231 156 248 212 702 175 624 677 131
internal_value=0.000498752 -0.0409695 0.0167114 -0.0886709 -0.117779 0.266743 -0.0846148 0.0317137 -0.0552071 0.0587381 0.0441963 0.111052 -0.00238845 0.188581 -0.180236 0.244411 0.467551 0.103469 -0.851921 0.0894463 0.275664 0.209816 0.420319 0.884786 -0.701769 0.294044 0.124845 0.457814 -0.572329 0.339396
internal_weight=137088 38532 98556 12282 11500 1704 10718 86274 36828 57320 51547 21168 30379 5773 759 5014 1941 3073 155 19707 2788 2580 1890 404 379 1486 6287 799 782 782
internal_count=137088 38532 98556 12282 11500 1704 10718 86274 36828 57320 51547 21168 30379 5773 759 5014 1941 3073 155 19707 2788 2580 1890 404 379 1486 6287 799 782 782
is_linear=0
shrinkage=0.05


Tree=98
num_leaves=31
num_cat=0
split_feature=3 20 17 15 22 5 12 22 22 22 10 10 9 15 6 9 11 12 22 13 11 8 9 22 14 17 21 22 22 13
split_gain=35389.4 56930.7 37223.7 80486.3 79460.1 65086.3 122733 113000 61477.6 59836.1 61074 52668.4 49207.1 48823.8 47315.7 45936.7 83628.3 82266.1 75834.3 162755 65892.4 94122.6 58454.1 57625.4 77978 45692.6 45378.7 44406.9 62512.8 57044.5
threshold=100.50333333333334 -1.2088320812940172 22.500000000000004 0.12500000000000003 -54.340000000000003 150.66833333333335 0.49049438445969384 -35.499999999999993 -78.529999999999987 -18.729999999999997 88.436666666666682 89.141666666666694 37.500000000000007 0.13500000000000004 6.1497548056899243 332.50000000000006 86.96458448700001 0.15212338618991691 -65.299999999999983 -0.77296446310592981 121.52027564747299 56.70000000000001 92.500000000000014 5.150000000000003 2.5000000000000004 21.500000000000004 11.966795106234764 -58.079999999999991 -37.399999999999991 -0.35222909080468495
decision_type=2 8 2 2 10 2 2 10 8 10 8 10 2 2 2 2 2 2 8 2 2 2 2 10 2 2 10 10 10 2
left_child=-1 -2 3 15 8 13 -7 11 -5 -9 -11 -8 25 -6 -15 17 -17 -3 19 -18 21 -19 -22 -23 -25 -10 -4 -20 29 -29
right_child=1 2 26 4 5 6 7 9 12 10 -12 -13 -14 14 -16 16 18 20 27 -21 22 23 -24 24 -26 -27 -28 28 -30 -31
leaf_value=-0.068642877596757843 0.19042235793729631 0.0013485309037309652 -0.052013332997034506 -0.39349380793242622 1.4736062858785903 0.01635043110485877 1.437925642660556 0.018968019683388671 0.63044079393838293 2.0797603027506191 -0.030677452141588388 3.3186857966276317 0.25569067769946247 0.16437676180036473 -0.13845279214879469 -0.0058463635396726436 2.9721856354461877 -0.12848281283546889 -0.11489647587070927 0.3991701875820593 -0.037351306209934709 0.22035530629554467 -0.40923562144703152 2.5735375935677443 0.13311901779761956 1.50263937884682 -0.41440548248846548 0.81016828708879451 0.098475951895498376 0.20882838320607797
leaf_weight=16316 4211 39977 4238 174 56 920 131 259 540 91 55 52 568 2233 3054 36828 68 7389 1803 639 1560 1187 3275 64 67 208 1085 627 8350 1063
leaf_count=16316 4211 39977 4238 174 56 920 131 259 540 91 55 52 568 2233 3054 36828 68 7389 1803 639 1560 1187 3275 64 67 208 1085 627 8350 1063
internal_value=0.000473815 0.00981131 0.00328637 0.00946732 0.158849 0.0868788 0.376967 0.941197 0.489766 0.475268 1.28473 1.97235 0.60655 0.00500476 -0.0105507 -0.00264179 0.0321387 -0.0347312 0.143606 0.646646 -0.141241 -0.0590528 -0.289248 0.330188 1.32538 0.872977 -0.125881 0.113576 0.154605 0.431929
internal_weight=137088 120772 116561 111238 8341 6851 1508 588 1490 405 146 183 1316 5343 5287 102897 49378 53519 12550 707 13542 8707 4835 1318 131 748 5323 11843 10040 1690
internal_count=137088 120772 116561 111238 8341 6851 1508 588 1490 405 146 183 1316 5343 5287 102897 49378 53519 12550 707 13542 8707 4835 1318 131 748 5323 11843 10040 1690
is_linear=0
shrinkage=0.05


Tree=99
num_leaves=31
num_cat=0
split_feature=20 0 11 11 21 12 21 22 22 21 6 21 20 0 13 22 20 12 10 21 11 11 6 13 21 12 5 14 3 12
split_gain=33750.2 53146.5 48692.6 56152.4 68107.1 132799 64450.2 52959.9 50735.9 45751.4 45125.3 71747.7 43673.7 42620.7 41899.7 39255.4 39235.7 36745 42067.7 51207.4 35910.9 33768.4 33301.7 99069.7 74973.5 51060.4 55050.3 63592.8 54759.9 48942.7
threshold=2.199700411570332 165.82000000000002 59.449920643000013 164.03665643519494 9.5590121163027906 0.45201865172701788 22.890679006861735 -15.680000000000005 -38.649999999999999 17.625797731680098 5.5723576423642482 19.726536450589752 1.024555271276103 335.52000000000004 -0.92794370089704259 -35.499999999999993 -0.35756239008314028 0.52803643325367289 89.316666666666677 8.5474847135961216 187.02226984500888 134.96176945872546 3.5539376362200139 -0.60003553868615123 6.7638304895388979 -0.42261826174069955 150.19166666666669 2.5000000000000004 159.81000000000006 -0.26932402956675694
decision_type=8 2 2 2 10 2 10 10 10 10 2 10 10 2 2 8 10 2 10 10 2 2 2 2 10 2 2 2 2 2
left_child=1 22 15 4 16 6 -6 8 9 12 11 -5 -7 -2 -15 -3 -4 -12 -19 -20 -21 -18 23 24 25 -1 -27 28 -28 -25
right_child=13 2 3 10 5 7 -8 -9 -10 -11 17 -13 -14 14 -16 -17 21 18 19 20 -22 -23 -24 29 -26 26 27 -29 -30 -31
leaf_value=-0.0068968751263235682 -0.17494393196897154 -0.24533872356332834 0.349652768623612 0.018241919132952505 0.22881605064314289 2.0280678207973639 -1.538100142583803 2.6003036393309542 0.32621325848989158 2.6646337146108805 -0.054227607226959545 1.7527881848067048 0.53833154239854619 -1.0088355212234983 0.51468795627279551 0.11946559257410123 0.10196053046900677 0.23716706626117229 -1.6076823139035454 0.75559338959780609 -0.61769485792893608 -0.19551506341673461 -0.029946200738168005 0.096524982116435828 -0.046949796619581437 0.31473560083097207 2.5560514335916649 0.15385629861678893 0.47962345051765443 -0.047568427046006903
leaf_weight=1234 4455 1939 1483 234 1166 75 54 53 199 55 1727 80 143 51 392 1190 11919 155 120 55 354 1037 69585 7767 2533 4368 87 103 50 24425
leaf_count=1234 4455 1939 1483 234 1166 75 54 53 199 55 1727 80 143 51 392 1190 11919 155 120 55 354 1037 69585 7767 2533 4368 87 103 50 24425
internal_value=0.000450124 0.00522562 0.0761047 0.106338 0.141694 0.436743 0.150608 1.10166 0.933385 1.37598 -0.103643 0.460165 1.05086 -0.128434 0.339294 -0.106599 0.106036 -0.177071 -0.487233 -0.699486 -0.433023 0.0781505 -0.00895508 0.0270512 0.180243 0.27875 0.355245 1.09252 1.79823 -0.0128028
internal_weight=137088 132190 22038 18909 16184 1745 1220 525 472 273 2725 314 218 4898 443 3129 14439 2411 684 529 409 12956 110152 40567 8375 5842 4608 240 137 32192
internal_count=137088 132190 22038 18909 16184 1745 1220 525 472 273 2725 314 218 4898 443 3129 14439 2411 684 529 409 12956 110152 40567 8375 5842 4608 240 137 32192
is_linear=0
shrinkage=0.05


Tree=100
num_leaves=31
num_cat=0
split_feature=3 20 22 21 12 11 0 9 12 13 20 0 10 22 22 9 13 8 16 21 0 10 20 11 18 13 18 1 18 20
split_gain=32604.5 53566.3 49509.6 60753.8 43558.6 43201.7 36798.1 36168.7 82337.4 103976 78090.5 118390 76433.8 78046.6 63708.2 52523.3 50681.9 86056 74296.4 69874.2 65897.1 68957.9 61962.4 59237.8 67947 62794.1 60352.3 67148.1 58362.6 49373.3
threshold=102.96666666666668 -0.86580610064640362 -79.379999999999981 -3.7364083274752953 -0.98279651670771895 98.948249019000016 118.38000000000001 687.50000000000011 0.45201865172701788 -0.30070579950427329 -0.065864614504566474 146.46000000000004 86.108333333333363 -46.259999999999998 -66.549999999999997 1162.5000000000002 0.13052619222005152 43.500000000000007 7.9000000000000012 -7.9470285990764991 200.46000000000001 75.738888888888908 1.8401828484442226 113.95802581310269 13.250000000000002 -0.5 11.325000000000001 0.2666666666666665 53.500000000000007 -0.29403757983087703
decision_type=2 8 10 10 2 2 2 2 2 2 8 2 8 10 8 2 2 2 2 10 2 10 10 2 2 2 2 10 2 10
left_child=-1 2 3 -2 5 6 -4 16 -9 10 11 14 15 -14 -10 29 17 18 -3 -18 -21 -22 -20 25 26 -19 -25 -28 -23 -13
right_child=1 7 4 -5 -6 -7 -8 8 9 -11 -12 12 13 -15 -16 -17 19 23 22 20 21 28 -24 24 -26 -27 27 -29 -30 -31
leaf_value=-0.059265729251892434 0.3541761220202565 -0.064191109233099716 0.54243947858059849 -0.55994215286134386 0.11752355600051356 0.27204669680182647 1.9198308340866459 -0.10948725830503191 1.8077519866741367 0.020633579723886949 0.11873674486866398 2.1836590330446923 0.93105989316335092 3.5481812353999844 0.2897022409428866 -0.069426728162950688 -0.040484560596384896 0.30321298743358904 -0.24551260725548227 0.055507393104099058 -0.13357629830919068 0.56995867878829409 -1.0875310895257984 -0.011728513662151952 -0.011728513662151952 -0.011728513662151952 -0.011728513662151952 1.6611642844297672 -0.54668878407941923 0.72102493451614125
leaf_weight=19604 271 28862 108 552 9736 452 88 4689 72 7221 2262 93 52 63 1724 103 22020 3802 3751 21479 591 1641 232 210 5659 1217 80 176 126 152
leaf_count=19604 271 28862 108 552 9736 452 88 4689 72 7221 2262 93 52 63 1724 103 22020 3802 3751 21479 591 1641 232 210 5659 1217 80 176 126 152
internal_value=0.000427618 0.0103884 0.114357 -0.258938 0.143943 0.540885 1.16086 -0.000575196 0.0676327 0.138363 0.326402 0.534343 1.24725 2.36479 0.350559 0.877946 -0.013049 -0.0513913 -0.0921269 0.0237314 0.0830524 0.333959 -0.294558 0.0686699 -0.0117285 0.197697 0.598972 1.11445 0.490334 1.27623
internal_weight=137088 117484 11207 823 10384 648 196 106277 16431 11742 4521 2259 463 115 1796 348 89846 43989 32845 45857 23837 2358 3983 11144 6125 5019 466 256 1767 245
internal_count=137088 117484 11207 823 10384 648 196 106277 16431 11742 4521 2259 463 115 1796 348 89846 43989 32845 45857 23837 2358 3983 11144 6125 5019 466 256 1767 245
is_linear=0
shrinkage=0.05


Tree=101
num_leaves=31
num_cat=0
split_feature=20 2 22 20 14 21 0 22 8 9 22 14 11 11 1 5 20 1 13 13 22 21 9 13 6 5 11 9 9 22
split_gain=32863.3 47129.4 52481.6 47608.8 48978.9 47214.7 37260.4 40005.8 52537.9 44235 37758.2 44248.8 41696.7 36095.2 40710.1 35855.5 42840.6 47666.8 33461.4 32814.2 60640 32095.8 47330.8 68406.3 80449.8 95003.1 85911.7 100797 45771.4 44051
threshold=2.0371132148740947 1.186666666666667 -33.649999999999991 0.19026807442144339 5.5000000000000009 3.9426811178699528 306.10000000000008 2.6600000000000059 82.90000000000002 362.50000000000006 -38.909999999999982 5.5000000000000009 111.0185001492499 92.091029226779781 0.96488888888888869 102.10000000000001 -0.56978889325060822 0.040000000000000098 0.14132478920498384 -0.61734245059638992 -62.099999999999994 -16.876110767827452 687.50000000000011 -0.33172980431441507 8.7914711883312542 173.92000000000002 85.259559940500012 1072.5000000000002 912.50000000000011 -2.5699999999999963
decision_type=8 8 8 10 2 10 2 10 2 2 10 2 2 2 10 2 10 10 2 2 8 10 2 2 2 2 2 2 2 10
left_child=1 15 3 -3 -5 -6 7 8 -2 13 11 -8 -12 14 -9 19 17 -17 -4 20 -1 -18 -23 24 25 29 27 28 -27 -24
right_child=6 2 18 4 5 -7 10 9 -10 -11 12 -13 -14 -15 -16 16 21 -19 -20 -21 -22 22 23 -25 -26 26 -28 -29 -30 -31
leaf_value=0.53503387229660382 -0.27235349627876876 0.77926683346463355 -0.17189615907313835 0.12366873218906951 0.39614808867897905 1.8615897539405175 0.1642068613006408 -0.21735188869759439 0.19996476239026634 0.98292575312011388 1.066154701706737 -1.0587783153706956 -0.25239953126671705 -0.67466352857251211 1.5693983979944912 0.022815021325069046 -0.083688418578798579 0.17198676523650985 0.27117966198239124 -0.12624369145489747 -0.02668306680202788 -0.010727864432859849 0.35548380665776835 0.001730243007271069 -0.20153730772782505 0.85866322020689645 3.1670223376330209 -0.94370511250062428 2.7966014075279237 -0.44834596987527153
leaf_weight=520 4082 453 1330 1830 171 81 415 80 688 153 198 90 86 131 53 18334 11782 7565 627 9949 6320 62358 2683 5968 725 78 51 55 50 182
leaf_count=520 4082 453 1330 1830 171 81 415 80 688 153 198 90 86 131 53 18334 11782 7565 627 9949 6320 62358 2683 5968 725 78 51 55 50 182
internal_value=0.000188903 0.00541539 0.164572 0.314734 0.213662 0.867183 -0.114479 -0.163172 -0.204229 0.306467 0.205638 -0.0537509 0.666874 -0.0855718 0.494661 -0.000230901 0.0101718 0.0663875 -0.0299398 -0.0682839 0.0160206 -0.00717473 0.00531986 0.107516 0.272612 0.383538 1.35222 0.846459 1.61567 0.30442
internal_weight=137088 131112 4492 2535 2082 252 5976 5187 4770 417 789 505 284 264 133 126620 109831 25899 1957 16789 6840 83932 72150 9792 3824 3099 234 183 128 2865
internal_count=137088 131112 4492 2535 2082 252 5976 5187 4770 417 789 505 284 264 133 126620 109831 25899 1957 16789 6840 83932 72150 9792 3824 3099 234 183 128 2865
is_linear=0
shrinkage=0.05


Tree=102
num_leaves=31
num_cat=0
split_feature=19 6 13 22 10 1 13 12 22 20 2 18 10 0 2 18 22 12 14 10 21 13 9 6 10 7 22 9 11 15
split_gain=31693.1 37272.3 52933.3 44050 53272.5 43266.3 40848 98279 49966.9 38751.7 33891.9 46797.7 33485.1 36548.3 43644.3 88698.5 35161 47633.8 36581.6 32166.2 31201.3 69099.7 173034 44563.7 72596.7 40586.1 46141.8 45190.9 38944.6 38611.2
threshold=0.37599999999999922 7.0953023277710567 0.22706275313213803 -68.739999999999981 80.470833333333346 -1.2399999999999984 -0.15212338618991647 0.71473537162315171 -81.609999999999985 -2.2023140440303934 -1.3999999999999995 43.500000000000007 69.683333333333351 197.26000000000002 0.62244444444444402 40.500000000000007 -26.700000000000003 -0.68355163169896438 2.5000000000000004 81.308333333333351 7.0507854914260131 -0.61734245059638992 722.50000000000011 2.3182891636922003 81.741666666666688 42.500000000000007 -33.219999999999992 237.50000000000003 125.72013909050001 1.0000000180025095e-35
decision_type=10 2 2 10 8 10 2 2 10 10 8 2 10 2 10 2 10 2 2 10 8 2 2 2 10 2 10 2 2 2
left_child=1 3 10 4 -1 -4 7 -6 19 -5 11 -3 -7 -14 -15 16 17 -16 -18 -9 21 22 25 24 -24 27 28 -11 -27 -23
right_child=-2 2 5 9 6 12 -8 8 -10 20 -12 -13 13 14 15 -17 18 -19 -20 -21 -22 29 23 -25 -26 26 -28 -29 -30 -31
leaf_value=0.0067712566170111651 0.068379342851957209 -0.38950417488713529 0.26198783628463612 -0.35678612024766276 0.29367598026790509 -0.093804853025995519 0.10361714990195983 1.4825384628169145 2.1604537884227368 -0.063370143322219616 -0.072255212330490495 0.55736201305489441 0.011845288960419824 0.038786984232066474 0.95037520173372647 -1.2777493746798547 2.1111285616325426 -0.028307165991752703 0.71117375345263445 0.016069280261724769 -0.046132050088601717 -0.0089419842806945735 0.77928271058177989 0.45457941726582257 2.2889763706937583 1.4234641940697381 0.20449069923199234 0.20449069923199234 0.32540808356119855 0.20049324392695525
leaf_weight=2283 15152 1492 1724 736 818 6119 850 79 119 4479 27010 143 8446 937 264 61 79 235 114 71 19357 40233 407 678 99 161 560 1892 162 2328
leaf_count=2283 15152 1492 1724 736 818 6119 850 79 119 4479 27010 143 8446 937 264 61 79 235 114 71 19357 40233 407 678 99 161 560 1892 162 2328
internal_value=0.000179458 -0.00829519 -0.0434289 0.0134553 0.170407 0.0238178 0.363272 0.566313 1.39537 0.00413875 -0.0856363 -0.30669 -0.00144239 0.0543159 0.266568 0.550009 0.711127 0.489473 1.28421 0.78841 0.00791441 0.0284281 0.159139 0.719579 1.07466 0.0676644 0.385347 0.0236346 0.872736 0.0025137
internal_weight=137088 121936 46624 75312 4220 17979 1937 1087 269 71092 28645 1635 16255 10136 1690 753 692 499 193 150 70356 50999 8438 1184 506 7254 883 6371 323 42561
internal_count=137088 121936 46624 75312 4220 17979 1937 1087 269 71092 28645 1635 16255 10136 1690 753 692 499 193 150 70356 50999 8438 1184 506 7254 883 6371 323 42561
is_linear=0
shrinkage=0.05


Tree=103
num_leaves=31
num_cat=0
split_feature=20 2 13 21 22 13 5 9 10 0 9 6 20 6 3 9 20 20 0 6 13 9 22 16 12 0 22 14 16 22
split_gain=30178.3 64654 47623.9 51980.1 49498.2 42465.3 41348.5 50373.8 66483.3 41192.7 38885.7 38162.8 38091.5 35315.2 34894.7 34711.4 50748.7 33368.9 50197.9 34610.8 36163.7 51261.9 42795.5 33239.5 31825 35359.1 32835.2 44019.4 41591.7 35045.9
threshold=1.3908040050119592 1.5666666666666667 0.34202014332566844 3.8108030532962691 -65.299999999999983 -0.95688340256707749 241.53 572.50000000000011 80.604166666666686 127.01333333333335 182.50000000000003 33.096442698950163 0.6984873861832076 37.345984246274824 208.67000000000002 1332.5000000000002 -0.52281269087107496 -0.94778272947264008 96.180000000000021 3.9398561733472088 -0.60003553868615123 257.50000000000006 -35.699999999999996 118.50000000000001 -0.98990318592078552 200.46000000000001 -14.589999999999998 4.5000000000000009 10.750000000000002 -27.359999999999999
decision_type=8 10 2 10 8 2 2 2 8 2 2 2 10 2 2 2 10 10 2 2 2 2 8 2 2 2 10 2 2 10
left_child=1 9 3 24 14 -5 -6 8 -8 17 -10 15 -3 -14 -4 16 -11 18 -1 20 21 -19 -23 -18 25 -2 28 -28 -26 -30
right_child=2 12 4 5 6 -7 7 -9 10 11 -12 -13 13 -15 -16 -17 23 19 -20 -21 -22 22 -24 -25 26 -27 27 -29 29 -31
leaf_value=-0.047439999285278943 -0.34648427042346563 0.6737478664809744 -0.045243116108079753 -0.360888814374136 0.021641171324718721 0.049565872696860774 -0.071054988266565866 -0.60136514096818072 2.1228730691803825 0.16700161815859296 0.80354845571111011 -0.37343830546771539 0.0076646619732455906 1.1895596866948264 -1.7053592896505969 -0.1877131275640706 0.02357744980113978 -0.0081001662930431702 0.11858310734994143 -0.088226013257924077 -0.033311055091573047 0.8258446372447299 0.21141368053414367 0.57485823428359895 -0.28059810897135717 -1.5363165554754874 -0.32589210360319915 -1.2651752934473137 -0.046289473275394226 0.72327759125389357
leaf_weight=9265 161 554 60 769 4053 3490 195 94 72 7442 249 567 651 70 67 1643 47954 2839 8952 23604 18529 355 1405 275 2178 102 521 164 613 195
leaf_count=9265 161 554 60 769 4053 3490 195 94 72 7442 249 567 651 70 67 1643 47954 2839 8952 23604 18529 355 1405 275 2178 102 521 164 613 195
internal_value=0.000167336 0.00775504 -0.0723639 -0.145586 0.0528777 -0.0245453 0.0794034 0.463191 0.657122 0.00407819 1.09947 0.0347505 0.361973 0.122412 -0.921052 0.0387886 0.0454733 -0.0232562 0.0341453 -0.0456324 -0.00216213 0.123334 0.335347 0.0267208 -0.276626 -0.80794 -0.238561 -0.550772 -0.166939 0.139435
internal_weight=137088 124105 12983 8193 4790 4259 4663 610 516 122830 321 57881 1275 721 127 57314 55671 64949 18217 46732 23128 4599 1760 48229 3934 263 3671 685 2986 808
internal_count=137088 124105 12983 8193 4790 4259 4663 610 516 122830 321 57881 1275 721 127 57314 55671 64949 18217 46732 23128 4599 1760 48229 3934 263 3671 685 2986 808
is_linear=0
shrinkage=0.05


Tree=104
num_leaves=31
num_cat=0
split_feature=19 6 13 10 4 18 22 10 2 18 12 13 10 1 21 13 9 22 5 22 21 9 5 12 9 13 18 8 12 22
split_gain=30371.4 34053.2 54352.7 42226.1 42472.6 46033.2 41571.9 45665.3 36617.2 55421.9 36210 86149.5 40677 39836 36117.6 57116.5 142720 48652.2 50637.5 69818.6 41500.1 41068.1 73006.5 63031.2 52460 45667.7 43515.9 45732.5 40025.3 39017.7
threshold=0.73333333333333506 7.0953023277710567 0.24825246871434672 70.479166666666686 10.865221579856255 104.50000000000001 -68.739999999999981 80.470833333333346 -1.3999999999999995 38.125000000000007 0.71473537162315171 -0.1413247892049839 99.683333333333351 0.28266666666666779 7.0507854914260131 -0.61734245059638992 722.50000000000011 -25.800000000000001 150.19166666666669 -35.699999999999996 -8.856961520772737 77.500000000000014 148.8016666666667 0.52803643325367289 237.50000000000003 -0.98658463173998423 26.500000000000004 92.500000000000014 0.65106671239330416 -32.93
decision_type=10 2 2 10 2 2 10 8 8 2 2 2 8 8 8 2 2 10 2 10 10 2 2 2 2 2 2 2 2 10
left_child=1 6 8 -4 -5 -6 7 -1 9 -3 -9 12 -12 -14 15 16 21 18 28 -20 -17 22 26 -24 -23 29 -8 -28 -18 -26
right_child=-2 2 3 4 5 -7 14 10 -10 -11 11 -13 13 -15 -16 20 17 -19 19 -21 -22 24 23 -25 25 -27 27 -29 -30 -31
leaf_value=0.015118130396944188 0.12556157598918591 -0.35171797596708509 -0.063102711391890928 0.037177760477243658 0.29789322002384638 -0.82793362898395417 0.38202082082028554 0.19847360473263687 -0.060771273683606956 0.57466613242405318 0.62861066590574455 0.10370201141340658 2.5087939560413361 0.92473855727994947 -0.048128256662027497 -0.04149438419856908 1.1199877266688216 0.25604145284993346 0.60238290905671299 3.1569232467148041 0.054944538195291527 -0.11589603569870283 0.27699099089950324 2.1641052544451833 1.307547735201346 0.071845490172964516 -0.37380486772092608 0.39605056415530759 0.34378835209387387 0.31972975816771199
leaf_weight=2424 4664 1953 7609 9708 2664 94 1028 1490 30990 176 133 336 90 71 20936 22657 322 519 53 54 21975 3753 88 89 148 1568 547 298 343 308
leaf_count=2424 4664 1953 7609 9708 2664 94 1028 1490 30990 176 133 336 90 71 20936 22657 322 519 53 54 21975 3753 88 89 148 1568 547 298 343 308
internal_value=0.00015897 -0.00425774 -0.0352019 0.0297153 0.0863696 0.259522 0.0165178 0.163351 -0.0745513 -0.275136 0.332841 0.65063 1.27569 1.81024 0.00758422 0.0292846 0.143319 0.630396 0.882067 1.89159 0.00598826 0.0629794 0.255244 1.22588 -0.00524671 0.199925 0.163518 -0.102306 0.719632 0.640337
internal_weight=137088 132424 53194 20075 12466 2758 79230 4544 33119 2129 2120 630 294 161 74686 53750 9118 1291 772 107 44632 7827 2050 177 5777 2024 1873 845 665 456
internal_count=137088 132424 53194 20075 12466 2758 79230 4544 33119 2129 2120 630 294 161 74686 53750 9118 1291 772 107 44632 7827 2050 177 5777 2024 1873 845 665 456
is_linear=0
shrinkage=0.05


Tree=105
num_leaves=31
num_cat=0
split_feature=17 9 8 16 16 13 6 0 1 15 9 13 0 12 11 8 6 11 2 12 22 22 21 20 0 22 20 18 13 9
split_gain=29947.2 56108.2 61497.3 102722 59212.7 70116.5 66559.7 66745.4 62880.5 52274.6 49996.2 78259.6 68983.9 67657.8 65387.2 49768.8 55406.1 46545.4 64277.5 45580.2 44591.3 44132.7 40623.1 39708.8 46512.7 39225.8 58442.7 45145.7 38241.3 75425.5
threshold=60.500000000000007 82.500000000000014 57.500000000000007 7.9000000000000012 13.937500000000002 -0.26932402956675622 9.6492065925656121 142.22000000000003 3.0226666666666655 0.27500000000000008 207.50000000000003 0.31107263240371752 265.42000000000002 -0.22706275313213778 70.14998999114691 30.050000000000001 8.7032463464362397 78.313761562500019 1.0600000000000003 0.6993099184844086 -77.149999999999977 -69.469999999999985 5.0650144874916316 1.9682081144963646 208.02000000000004 -0.70999999999999719 3.3283184234618255 0.21500000000000005 -0.63435554093529922 262.50000000000006
decision_type=2 2 2 2 2 2 2 2 10 2 2 2 2 2 2 2 2 2 10 2 10 10 8 10 2 8 10 2 2 2
left_child=1 2 3 -1 5 6 7 -4 -8 10 11 13 -13 -3 -12 16 -5 18 -15 -9 -19 -22 -20 -23 -25 26 27 28 29 -16
right_child=-2 9 4 15 -6 -7 8 19 -10 -11 14 12 -14 17 25 -17 -18 20 22 -21 21 23 -24 24 -26 -27 -28 -29 -30 -31
leaf_value=0.090836795766531434 -0.13363537647225418 -0.039626938919889464 0.63098803808769355 -0.14425501750017078 0.092067052470467384 0.090836795766531434 0.19402725337181911 1.0808307845180281 1.2000681299779377 0.91404359338719865 -0.033711815262137783 0.037821301413292346 1.320115806254611 -0.064810350629189564 -0.027926945230632674 0.0087211251776620185 -0.54404808777934277 -0.82899785045753505 1.9679574756008209 2.7013004777366167 0.64896368772640611 -0.22144688413427313 0.11878090257997867 -1.196885109567023 -0.33764338652274073 -0.10601707561961726 -1.4499006726439037 -0.27939476947003805 0.057262599576602652 0.31442090887217139
leaf_weight=5911 4059 12248 559 1695 6179 615 1268 107 177 153 41445 9968 106 1569 2545 2386 1306 340 66 73 136 6599 54 231 495 3401 63 880 28080 4374
leaf_count=5911 4059 12248 559 1695 6179 615 1268 107 177 153 41445 9968 106 1569 2545 2386 1306 340 66 73 136 6599 54 231 495 3401 63 880 28080 4374
internal_value=0.000151021 0.00423313 0.0808074 0.00318343 0.17849 0.369276 0.514654 0.900631 0.317259 -0.00953697 -0.0107919 -0.0638861 0.0513138 -0.117273 0.0101151 -0.161719 -0.297231 -0.217485 0.0204926 1.73802 -0.269009 -0.243491 1.13583 -0.26006 -0.611038 0.0562835 0.0716411 0.0743128 0.0832063 0.188496
internal_weight=137088 133029 20276 11298 8978 2799 2184 739 1445 112753 112600 31812 10074 21738 80788 5387 3001 9490 1689 180 7801 7461 120 7325 726 39343 35942 35879 34999 6919
internal_count=137088 133029 20276 11298 8978 2799 2184 739 1445 112753 112600 31812 10074 21738 80788 5387 3001 9490 1689 180 7801 7461 120 7325 726 39343 35942 35879 34999 6919
is_linear=0
shrinkage=0.05


Tree=106
num_leaves=31
num_cat=0
split_feature=19 2 20 3 12 22 12 11 6 21 22 15 16 20 22 9 13 5 12 21 10 14 9 5 3 20 0 9 13 0
split_gain=28697.7 27832.9 45262.4 38942.5 46464 30338 47381.4 30202.8 25927.6 27642.5 33164 34145.1 48313.5 46941.7 37550.6 31441.1 84277.2 38548.8 26627.6 26003 25640.2 28514.8 24635.4 30239.1 28645.2 24489.6 30823.7 27221.8 32737.3 36405.2
threshold=0.024000000000000923 0.64000000000000046 0.16282867197292131 125.73666666666669 0.81279832427823739 -6.5399999999999983 -0.076279435988900135 177.20532494592166 6.5356305482051251 -5.8077739753531565 -32.93 0.1125 2.0500000000000003 -0.35756239008314028 -33.259999999999998 272.50000000000006 -0.33172980431441507 158.98666666666671 -0.71473537162315137 5.4578243330840204 96.116666666666688 3.5000000000000004 1312.5000000000002 117.47333333333334 78.896666666666675 -0.66453833535919371 114.85333333333334 552.50000000000011 0.15212338618991639 265.42000000000002
decision_type=10 8 10 2 2 10 2 2 2 8 10 2 2 10 10 2 2 2 2 8 10 2 2 2 2 10 2 2 2 2
left_child=22 8 7 4 -4 -5 -7 -3 9 -2 11 14 13 -13 15 -11 17 20 -18 -12 21 -17 24 -24 -1 26 -26 28 -27 -30
right_child=1 2 3 5 -6 6 -8 -9 -10 10 19 12 -14 -15 -16 16 18 -19 -20 -21 -22 -23 23 -25 25 27 -28 -29 29 -31
leaf_value=-0.28325635870035221 -0.01575226138083927 0.47072810978323859 -0.099555392279601362 0.090332919415818599 -1.1874419021770495 -0.058444996402249677 1.2615311598161172 -0.16579042960974305 -0.024695144690112931 -0.048533848318943119 0.1037685448476259 1.4046848023024501 0.23113744836039005 0.073725097202787221 1.1020880517139229 0.72813702817095904 0.26859903807067237 1.5999157133167738 -0.058236455047244853 -0.048307494187683903 -0.096905627463232072 0.24036697341156577 -0.017831169135239588 -0.29055049702994856 -0.0014016547072148271 -0.086265593768019344 0.16245719535172554 0.040033988536215405 -0.0076181580206051737 0.53463639004310226
leaf_weight=972 12213 1219 986 2786 109 128 145 220 23948 2606 5227 189 1424 102 93 667 838 73 2431 6081 204 544 2277 1836 8865 21845 4244 12779 21723 314
leaf_count=972 12213 1219 986 2786 109 128 145 220 23948 2606 5227 189 1424 102 93 667 838 73 2431 6081 204 544 2277 1836 8865 21845 4244 12779 21723 314
internal_value=0.000248145 0.0253377 0.131747 0.0480298 -0.207847 0.139624 0.642641 0.373415 0.0148302 0.0437839 0.0792893 0.149943 0.351105 0.938163 0.103672 0.0910615 0.167535 0.479471 0.025547 0.021988 0.421667 0.509023 -0.0206109 -0.13957 -0.0136945 -0.00993906 0.0516472 -0.0241876 -0.0428897 0.000108299
internal_weight=137088 62233 5593 4154 1095 3059 273 1439 56640 32692 20479 9171 1715 291 7456 7363 4757 1488 3269 11308 1415 1211 74855 4113 70742 69770 13109 56661 43882 22037
internal_count=137088 62233 5593 4154 1095 3059 273 1439 56640 32692 20479 9171 1715 291 7456 7363 4757 1488 3269 11308 1415 1211 74855 4113 70742 69770 13109 56661 43882 22037
is_linear=0
shrinkage=0.05


Tree=107
num_leaves=31
num_cat=0
split_feature=5 22 12 9 9 13 22 6 9 22 20 10 20 5 22 11 20 13 8 16 20 21 11 14 12 22 20 5 14 18
split_gain=27847.5 52187.2 51463.7 48992.3 44976.7 109377 101618 106365 90411.7 62875.1 69068.1 57236.1 39008.1 38557.2 38112.1 60813 35474.4 35767.1 73154.1 58515.7 55085 55077.8 52301.7 47684.2 47455.9 70741.7 48299 48030.3 58523 55578
threshold=114.08333333333336 -63.249999999999993 0.098011308799811389 1322.5000000000002 807.50000000000011 -0.26932402956675622 -16.149999999999999 10.41690205784413 1192.5000000000002 -31.479999999999993 0.46774783196903785 95.575000000000017 0.36869740613105917 191.72166666666672 5.150000000000003 67.614569664001394 -1.2088320812940172 0.06540312923014284 43.500000000000007 8.7500000000000018 0.92227855161673011 -7.9470285990764991 113.20953613432755 1.0000000180025095e-35 0.37256073532439576 13.19000000000001 1.6836083523061911 158.98666666666671 4.5000000000000009 65.500000000000014
decision_type=2 8 2 2 2 2 10 2 2 10 10 8 8 2 10 2 10 2 2 2 10 10 2 2 2 10 10 2 2 2
left_child=1 2 -1 4 16 6 7 9 14 10 11 -6 -3 -11 15 -8 -2 18 19 -18 -21 -19 24 -23 25 -20 27 -26 29 -29
right_child=3 12 -4 -5 5 -7 8 -9 -10 13 -12 -13 -14 -15 -16 -17 17 21 22 20 -22 23 -24 -25 26 -27 -28 28 -30 -31
leaf_value=0.44596077940428885 0.2135548729493352 -0.032148092069774106 -0.12270720772162716 -0.17242634472310456 0.7285910408237064 -0.010329262982632294 0.42675929199178503 -0.33789281839949381 3.1617678616263651 0.045000349772609263 -0.48807471644078548 1.9013652306981386 -0.21204535597542931 1.2982950669226807 -0.23628456388666697 2.6274373297421438 -0.040421525267535931 -0.01932268444998152 0.055340697885457396 -0.15435505937000171 -0.64605671169213308 0.27525102299095944 0.015243756157728484 0.063178909789904467 0.39352369429970069 1.9001337247074777 0.10479264182318003 1.3379554635143442 2.0819659247683986 0.015243756157728484
leaf_weight=1071 2119 33517 633 3391 782 4254 77 507 55 730 102 120 3311 67 56 53 28346 21986 2664 2605 729 3056 5083 19982 677 53 700 146 108 108
leaf_count=1071 2119 33517 633 3391 782 4254 77 507 55 730 102 120 3311 67 56 53 28346 21986 2664 2605 729 3056 5083 19982 677 53 700 146 108 108
internal_value=0.000235738 -0.035805 0.234713 0.0143264 0.020981 0.144863 0.403861 0.301847 1.38083 0.48194 0.745158 0.884614 -0.0483217 0.150359 0.854208 1.32396 0.0114433 0.00647739 -0.0271756 -0.0637266 -0.261869 0.0372863 0.0942141 0.0913104 0.221868 0.0913267 0.425824 0.642112 1.10701 0.692465
internal_weight=137088 38532 1704 98556 95165 6803 2549 2308 241 1801 1004 902 36828 797 186 130 88362 86243 41219 31680 3334 45024 9539 23038 4456 2717 1739 1039 362 254
internal_count=137088 38532 1704 98556 95165 6803 2549 2308 241 1801 1004 902 36828 797 186 130 88362 86243 41219 31680 3334 45024 9539 23038 4456 2717 1739 1039 362 254
is_linear=0
shrinkage=0.05


Tree=108
num_leaves=31
num_cat=0
split_feature=17 9 12 18 8 13 11 2 9 13 12 11 0 15 22 17 22 12 13 5 22 12 10 22 6 13 10 22 10 11
split_gain=27985.2 50881.4 51839.8 69738.3 159602 73260.8 56349.6 50524.4 48007.3 68784.3 67089.5 58406.3 57762.4 42714.2 66893.2 76200.7 79146.6 56770.3 56752.9 64191.5 52062.2 87820.1 52430.7 50882.7 47345.4 45281.5 47759.9 41392.4 40386.4 39238.1
threshold=60.500000000000007 87.500000000000014 -0.89194178735545504 12.500000000000002 27.500000000000004 -0.83146961230254512 102.77339870200001 0.77333333333333376 207.50000000000003 0.31107263240371752 -0.22706275313213778 70.14998999114691 265.42000000000002 30.900000000000002 -2.6300000000000021 21.500000000000004 -35.57 -0.74455857214455057 -0.49049438445969407 142.90833333333336 -37.399999999999991 0.58244304235731448 90.466666666666683 -59.710000000000001 10.300897641934098 -0.16288578192842348 85.77500000000002 -12.580000000000011 105.15000000000002 78.313761562500019
decision_type=2 2 2 2 2 2 2 10 2 2 2 2 2 2 8 2 10 2 2 2 10 2 10 10 2 2 8 10 8 2
left_child=1 2 28 5 7 6 27 -5 9 10 -3 -10 -11 14 15 -6 20 -18 19 -16 22 -22 23 25 -25 26 -17 -4 -1 -12
right_child=-2 8 3 4 13 -7 -8 -9 11 12 29 -13 -14 -15 18 16 17 -19 -20 -21 21 -23 -24 24 -26 -27 -28 -29 -30 -31
leaf_value=-0.10843159979935023 -0.12917446963423435 -0.03544415915146288 0.3232111681739257 -0.2002518531243542 0.038092162514422066 0.15074645554648536 0.8099764414230326 -0.79628017438948162 -0.030808549115978245 0.034042927042935142 0.0076072967507797677 0.054189219666204692 1.218744983810645 -0.064135875848612633 0.64486523387203476 3.3065029948365456 1.4316371265416725 0.026766847895322333 -0.015580075243044467 1.9865334488451483 0.16003821206092836 2.8955939807522468 -0.074583642297521222 1.0974917677955496 -0.050908286403344327 0.4506957945813026 1.1631410035603451 -1.054514603145787 0.43740010766755877 -0.26504565371929012
leaf_weight=4575 4059 11722 513 2176 4353 3867 906 425 41458 9628 1604 39436 104 1860 437 51 78 921 231 112 50 71 115 180 179 56 53 61 366 7441
leaf_count=4575 4059 11722 513 2176 4353 3867 906 425 41458 9628 1604 39436 104 1860 437 51 78 921 231 112 50 71 115 180 179 56 53 61 366 7441
internal_value=0.000155192 0.00410132 0.0742657 0.11637 0.0462233 0.265244 0.564406 -0.297642 -0.0095268 -0.0629845 -0.114387 0.010628 0.0467031 0.148475 0.205895 0.150205 0.428442 0.136456 0.641922 0.918575 0.814792 1.7652 0.633405 0.855401 0.524891 1.59698 2.21421 0.176798 -0.0679996 -0.216695
internal_weight=137088 133029 21636 16695 11348 5347 1480 2601 111393 30499 20767 80894 9732 8747 6887 6107 1754 999 780 549 755 121 634 519 359 160 104 574 4941 9045
internal_count=137088 133029 21636 16695 11348 5347 1480 2601 111393 30499 20767 80894 9732 8747 6887 6107 1754 999 780 549 755 121 634 519 359 160 104 574 4941 9045
is_linear=0
shrinkage=0.05


Tree=109
num_leaves=31
num_cat=0
split_feature=20 0 11 11 21 12 10 9 15 14 22 22 22 9 6 21 21 22 22 12 22 22 5 13 10 15 13 11 20 9
split_gain=27962.6 44411 37890.7 47598.6 70801.3 63530 93039 66345.4 47142.2 46511.9 39282.6 50805 37368 36747.3 36659.8 53985.5 35381.4 34119 46233.2 34859.2 39425 37728.7 33744.7 33093.9 31729.2 30503.2 30070.3 30060.9 47565.7 39509.5
threshold=2.2916584839663652 170.02000000000004 59.119198527000016 164.03665643519494 3.8108030532962691 0.63435554093529933 85.136666666666699 867.50000000000011 0.41000000000000009 4.5000000000000009 -32.389999999999993 -70.36999999999999 -23.949999999999999 1152.5000000000002 5.5723576423642482 18.620909412835911 22.890679006861735 -15.680000000000005 1.6200000000000119 0.52803643325367289 -36.349999999999987 -50.329999999999998 182.00833333333335 -0.83146961230254512 93.070833333333354 13.937500000000002 -0.89194178735545482 123.17551571639116 0.17220931508337387 32.500000000000007
decision_type=8 2 2 2 8 2 10 2 2 2 10 8 10 2 2 10 10 10 10 2 10 10 2 2 10 2 2 2 10 2
left_child=1 -1 26 4 13 10 -7 8 24 -10 11 -6 22 27 15 -5 -13 19 -19 -16 21 -21 -12 -14 -8 -2 -3 29 -29 -4
right_child=25 2 3 14 5 6 7 -9 9 -11 12 16 23 -15 17 -17 -18 18 -20 20 -22 -23 -24 -25 -26 -27 -28 28 -30 -31
leaf_value=-0.007982117548123337 -0.083540107629129279 -0.77648062417704256 0.65044870179532321 -0.022115526731404881 -0.42032578190494524 0.21240137276937721 0.98250196159595538 2.7088572570122782 0.87564687469544333 2.6429929608390448 0.023000977084625004 0.38249867629422263 -0.64186099650933581 -0.81382150547705057 -0.10359010312385659 1.556749045313933 -0.855172237978017 0.87960330973256318 -0.62639982986450204 -0.52736739885118933 -1.1063175844339759 0.69310493554193076 -0.80572473002511247 0.3632391213931625 -0.34397634882715683 -0.55185859843677887 -0.059482032804667941 0.43867374858840019 -0.40032763516886299 0.074928744898667063
leaf_weight=112653 3978 155 309 177 228 503 105 64 91 63 255 2712 97 120 1348 78 59 159 75 278 214 82 237 526 79 381 2585 221 717 8539
leaf_count=112653 3978 155 309 177 228 503 105 64 91 63 255 2712 97 120 1348 78 59 159 75 278 214 82 237 526 79 381 2585 221 717 8539
internal_value=0.000135105 0.00422743 0.0727392 0.100048 0.133347 0.286341 0.66562 1.23271 0.953198 1.59865 0.202907 0.297115 -0.0504827 0.0558307 -0.106087 0.460831 0.356146 -0.173139 0.39691 -0.242542 -0.56886 -0.249371 -0.376202 0.206747 0.412981 -0.124474 -0.100042 0.0664947 -0.202652 0.0950277
internal_weight=137088 132729 20076 17336 14925 5019 905 402 338 154 4114 2999 1115 9906 2411 255 2771 2156 234 1922 574 360 492 623 184 4359 2740 9786 938 8848
internal_count=137088 132729 20076 17336 14925 5019 905 402 338 154 4114 2999 1115 9906 2411 255 2771 2156 234 1922 574 360 492 623 184 4359 2740 9786 938 8848
is_linear=0
shrinkage=0.05


Tree=110
num_leaves=31
num_cat=0
split_feature=17 9 12 10 18 8 13 22 20 22 14 5 5 6 19 22 13 17 22 18 13 21 9 13 12 0 11 16 8 11
split_gain=26497.4 64329.8 63948.4 50236.5 49226 80270.4 58066.9 60775.4 52392.8 47106.8 45634.8 47126.1 45241.2 58480.1 48255.6 45919 49796 52996.3 46283.8 43010.4 46601.5 41558.9 39269.5 61572.6 54707.8 54166 52544.6 38850.7 38684.4 37682.1
threshold=23.550000000000004 82.500000000000014 -0.79989897227935913 105.88333333333334 16.750000000000004 26.500000000000004 -0.86046863722869238 -8.0799999999999894 0.40357260602265677 -17.590000000000003 5.5000000000000009 214.30833333333334 145.77111111111114 7.5399827135884392 0.98933333333333318 -47.609999999999992 -0.64278760968653914 19.600000000000005 5.150000000000003 0.65000000000000013 0.60003553868615123 11.966795106234764 207.50000000000003 0.31107263240371752 -0.22706275313213778 265.42000000000002 70.14998999114691 16.500000000000004 0.93500000000000016 78.313761562500019
decision_type=2 2 2 10 2 2 2 8 10 10 2 2 2 2 10 10 2 2 10 2 2 10 2 2 2 2 2 2 2 2
left_child=1 2 3 -1 6 8 7 9 -6 28 11 -8 15 27 -15 16 17 -7 -17 -12 -21 -2 23 24 -3 -25 -24 -14 -4 -26
right_child=21 22 4 -5 5 12 10 -9 -10 -11 19 -13 13 14 -16 18 -18 -19 -20 20 -22 -23 26 25 29 -27 -28 -29 -30 -31
leaf_value=-0.085113621548565208 -0.035401828663252748 -0.033449646902244209 0.26119935548905832 0.8179617079939846 -0.034551219474221198 0.17472705838348096 0.061315553441140383 -0.20284861368045473 -0.58671067546641453 1.9272384397777689 1.8692310210805936 1.5528745282717327 1.7204165088724008 0.17020282334328873 1.1621390566798568 -0.034551219474221198 -0.034551219474221198 1.3164095550637556 0.510616541992717 -0.60870365669210269 0.7304399130710193 -0.34980384119806263 -0.02961209961230751 0.034225731041538421 0.020760938289981837 1.1704679840015915 0.051019649231631242 0.56420139227210431 0.8521699155712279 -0.23972301209284305
leaf_weight=4894 5351 12255 471 159 1040 192 2741 228 638 72 61 54 110 1914 131 2969 160 216 394 83 299 1308 41446 9996 1689 106 39424 214 672 7801
leaf_count=4894 5351 12255 471 159 1040 192 2741 228 638 72 61 54 110 1914 131 2969 160 216 394 83 299 1308 41446 9996 1689 106 39424 214 672 7801
internal_value=0.00012835 0.00509529 0.0936782 -0.056697 0.153702 0.0781775 0.282422 0.54622 -0.229131 0.686785 0.164862 0.0901328 0.160029 0.332627 0.233745 0.0560134 0.471832 0.779147 -0.014217 0.636348 0.439474 -0.0971585 -0.00882435 -0.055853 -0.103239 0.0461483 0.00969575 0.956744 0.608647 -0.193363
internal_weight=137088 130429 17712 5053 12659 7978 4681 1443 1678 1215 3238 2795 6300 2369 2045 3931 568 408 3363 443 382 6659 112717 31847 21745 10102 80870 324 1143 9490
internal_count=137088 130429 17712 5053 12659 7978 4681 1443 1678 1215 3238 2795 6300 2369 2045 3931 568 408 3363 443 382 6659 112717 31847 21745 10102 80870 324 1143 9490
is_linear=0
shrinkage=0.05


Tree=111
num_leaves=31
num_cat=0
split_feature=20 2 22 20 14 13 6 5 22 9 13 0 13 22 21 22 22 10 22 12 10 12 21 0 22 12 11 22 3 14
split_gain=27026.9 49755.1 42139 39055.8 40351.7 42168.4 53418.2 35679.5 36190.1 51980.1 37386.3 36166.3 48714.5 62832.5 35861.1 35208.9 34749.2 46548.6 43512.3 42264 34296.1 33876 39445.8 35216.5 32406.2 31008.3 30682 29995.9 28793.7 42995.2
threshold=1.6836083523061911 1.186666666666667 -30.020000000000003 0.060504060316375043 5.5000000000000009 -0.054511258297739423 27.86885607764982 120.40000000000002 -22.359999999999996 792.50000000000011 -0.96298784033749818 195.74000000000004 -0.64278760968653914 -15.51000000000001 6.1121173323379461 9.0499999999999954 -43.509999999999984 87.27500000000002 -38.889999999999993 -0.95032354012166598 80.737500000000011 0.56457333468532445 16.413425442766194 288.90000000000003 -63.249999999999993 -0.54643492068321342 144.41860821625019 -61.550000000000004 226.17000000000002 5.5000000000000009
decision_type=8 10 8 10 2 2 2 2 8 2 2 2 2 8 8 10 10 10 10 2 10 2 10 2 10 2 2 10 2 2
left_child=1 28 3 25 -5 6 -6 -2 9 10 20 15 13 -13 16 -10 17 19 -18 -12 -9 -16 23 -23 -25 -3 -14 -22 -1 -30
right_child=7 2 -4 4 5 -7 -8 8 11 -11 14 12 26 -15 21 -17 18 -19 -20 -21 27 22 -24 24 -26 -27 -28 -29 29 -31
leaf_value=-0.0029712291188156654 -0.46725379104426551 1.2254547379212455 -0.05671117315125334 0.14399041089459366 0.67913059923669383 -0.17549222354880639 2.6207265809470535 0.10263719439080783 -0.12531050162795937 -0.97310422237430305 -1.9466262363920024 0.79188229828628143 0.40419917179126197 -0.56483380873945166 0.25394920000239618 0.53530407356353016 0.58754119667849303 0.25446887885970354 -0.12217797716819941 -0.46411135882811028 -1.5177764008653927 -0.70809570427705992 0.40204828393112113 -0.66556870917804911 0.83754039208094277 0.29381690773956792 1.2334961904400199 -0.49697750147177272 0.22896973458466846 -0.34502588749482599
leaf_weight=121420 566 192 1154 1777 116 72 51 175 1461 175 51 134 328 235 1344 234 243 226 1941 838 94 335 206 61 87 167 169 307 2555 374
leaf_count=121420 566 192 1154 1777 116 72 51 175 1461 175 51 134 328 235 1344 234 243 226 1941 838 94 335 206 61 87 167 169 307 2555 374
internal_value=6.17512e-05 0.00601975 0.191154 0.31159 0.226028 0.835986 1.27207 -0.0826632 -0.0574806 -0.123863 -0.0987078 0.100194 0.363065 -0.072151 -0.0573676 -0.0341106 -0.15916 -0.386272 -0.043212 -0.54916 -0.481392 0.107813 -0.177248 -0.424318 0.218016 0.792074 0.686194 -0.736267 0.000765678 0.155677
internal_weight=137088 127878 3529 2375 2016 239 167 9210 8644 6083 5908 2561 866 369 5332 1695 3299 1115 2184 889 576 2033 689 483 148 359 497 401 124349 2929
internal_count=137088 127878 3529 2375 2016 239 167 9210 8644 6083 5908 2561 866 369 5332 1695 3299 1115 2184 889 576 2033 689 483 148 359 497 401 124349 2929
is_linear=0
shrinkage=0.05


Tree=112
num_leaves=31
num_cat=0
split_feature=20 2 13 0 19 6 22 12 7 17 9 21 10 22 12 22 22 22 20 11 9 20 0 10 12 14 9 9 3 5
split_gain=25239.1 68289.3 42568.3 35899.9 36761.7 42702.8 32084.6 31632.9 40743.7 33629.2 34296.1 34140.7 32887 38138.4 31289.4 34612.2 29977 31925.5 36281.5 34916.5 30812.9 29763.2 35233 82871.9 61113.1 33416.9 29241.1 28918 28882.6 28839
threshold=1.0004845928774697 1.5666666666666667 0.26932402956675644 123.78000000000002 0.58933333333333426 33.096442698950163 -63.249999999999993 -0.91080963307804841 92.500000000000014 23.550000000000004 97.500000000000014 12.904708888043624 91.072222222222237 -59.080000000000005 -0.29026740676763269 -75.070000000000007 -69.469999999999985 -48.339999999999989 2.4007353610803159 120.76154976300002 207.50000000000003 3.774112872975913 241.50000000000003 81.170833333333348 -0.63435554093529889 2.5000000000000004 172.50000000000003 222.50000000000003 203.91666666666669 173.92000000000002
decision_type=8 10 2 2 10 2 8 2 2 2 2 10 8 10 2 8 8 8 10 2 2 10 2 8 2 2 2 2 2 2
left_child=1 3 7 -1 5 -5 -4 12 9 10 11 -9 -2 -14 29 -16 -17 18 28 -19 -21 22 -8 -24 26 27 -25 -26 -18 -12
right_child=2 -3 6 4 -6 -7 21 8 -10 -11 14 -13 13 -15 15 16 17 19 -20 20 -22 -23 23 24 25 -27 -28 -29 -30 -31
leaf_value=-0.021877888445981306 -0.46892929149028489 0.46417034160127191 -0.39902509679320775 0.027556184387601136 0.19715536601878175 -0.51956822748262244 0.027769419087594449 -0.040300083073370005 0.55948932479425773 -0.47776143916515901 -0.17965007089817048 0.23240379269359726 1.2280016939554896 -0.13975837963027141 -0.96110476846044723 0.23240379269359726 -1.0510099586797879 -0.050340245958573809 -1.5773717557511679 -0.67692624186804773 0.041492570746001475 -1.0000067858984978 -0.17561996509900216 2.5433142456353881 1.6970141925982067 -0.39785377817977335 1.1259234571052115 0.38884627001338401 -0.14784652875924567 0.20440977577201941
leaf_weight=58526 1135 818 405 54149 3246 359 6896 3251 244 541 1056 815 56 567 165 90 128 1670 82 510 211 66 402 51 56 97 127 172 287 910
leaf_count=58526 1135 818 405 54149 3246 359 6896 3251 244 541 1056 815 56 567 165 90 128 1670 82 510 211 66 402 51 56 97 127 172 287 910
internal_value=5.86636e-05 0.00892284 -0.0518662 0.00572029 0.0336874 0.0239527 0.0349754 -0.11317 -0.0786559 -0.0946817 -0.0720936 0.0362675 -0.308709 -0.0168137 -0.158333 -0.256196 -0.21714 -0.25168 -0.616309 -0.175887 -0.466682 0.0573182 0.0662636 0.359585 0.787324 0.379454 1.53203 0.710151 -0.426413 -0.00188076
internal_weight=137088 117098 19990 116280 57754 54508 8272 11718 9960 9716 9175 4066 1758 623 5109 3143 2978 2888 497 2391 721 7867 7801 905 503 325 178 228 415 1966
internal_count=137088 117098 19990 116280 57754 54508 8272 11718 9960 9716 9175 4066 1758 623 5109 3143 2978 2888 497 2391 721 7867 7801 905 503 325 178 228 415 1966
is_linear=0
shrinkage=0.05


Tree=113
num_leaves=31
num_cat=0
split_feature=17 9 12 10 18 8 13 22 20 11 22 5 16 5 9 22 3 10 22 14 5 18 13 21 22 6 16 15 9 13
split_gain=23602.3 56875.1 56177.2 44513.8 44402.5 71340.2 51940.7 54444.3 47285.5 44233.6 58069.4 49992 41260.6 49229.1 89217.9 75454.6 63815.3 61035.7 43819.5 40951.9 41849.8 37847.1 42133.1 37034.6 36049.8 38424.7 34501.9 34145.3 33654.4 51324.2
threshold=23.550000000000004 82.500000000000014 -0.79989897227935913 105.88333333333334 16.750000000000004 26.500000000000004 -0.86046863722869238 -8.0799999999999894 0.40357260602265677 127.50979970950002 -18.729999999999997 108.51500000000001 10.750000000000002 116.68500000000002 42.500000000000007 -2.6300000000000021 181.06666666666669 88.436666666666682 -34.679999999999986 5.5000000000000009 214.30833333333334 0.65000000000000013 0.60003553868615123 11.746790622210193 -35.990000000000002 7.9401725040321107 0.12500000000000003 0.27500000000000008 207.50000000000003 0.31107263240371752
decision_type=2 2 2 10 2 2 2 8 10 2 10 2 2 2 2 10 2 8 10 2 2 2 2 10 10 2 2 2 2 2
left_child=1 2 3 -1 6 8 7 9 -6 11 -11 -4 13 -7 16 -16 17 18 -15 20 26 -21 -23 24 25 -2 -8 28 29 -3
right_child=23 27 4 -5 5 12 19 -9 -10 10 -12 -13 -14 14 15 -17 -18 -19 -20 21 -22 22 -24 -25 -26 -27 -28 -29 -30 -31
leaf_value=-0.079601485508600273 0.31122031714303106 -0.095973123684783779 1.3123959606898756 0.77048140809221088 -0.033653672411491788 -0.033653672411491788 -0.24313347745400007 -0.19288629209459351 -0.55690210951042596 0.80591423638335336 2.5032656026738032 0.16834305201415664 0.072903932708625996 2.1027490175936534 0.077557539377439352 2.0283111722964162 2.2368901540624337 -0.033653672411491788 0.70766663114572392 1.7585687064733664 1.4630480205985132 -0.57928383630442337 0.69403925738375272 -0.3246776178429131 -0.14882936095220375 -0.09236835157031445 0.16215153419127734 0.84543273092335114 0.0079753742658795271 0.040553012365897423
leaf_weight=4894 1204 21738 116 159 1040 395 708 228 638 503 56 540 4629 92 766 53 94 126 145 61 54 83 299 1358 2941 1156 2033 117 80788 10074
leaf_count=4894 1204 21738 116 159 1040 395 708 228 638 503 56 540 4629 92 766 53 94 126 145 61 54 83 299 1358 2941 1156 2033 117 80788 10074
internal_value=0.000109843 0.0047976 0.0880899 -0.0528524 0.144349 0.0726196 0.2666 0.516093 -0.217091 0.649137 0.975953 0.370645 0.149784 0.362756 0.516107 0.203797 1.07581 0.77514 1.24922 0.155414 0.0846226 0.602054 0.417375 -0.0917087 -0.0320271 0.11353 0.0574665 -0.0082907 -0.00917778 -0.052739
internal_weight=137088 130429 17712 5053 12659 7978 4681 1443 1678 1215 559 656 6300 1671 1276 819 457 363 237 3238 2795 443 382 6659 5301 2360 2741 112717 112600 31812
internal_count=137088 130429 17712 5053 12659 7978 4681 1443 1678 1215 559 656 6300 1671 1276 819 457 363 237 3238 2795 443 382 6659 5301 2360 2741 112717 112600 31812
is_linear=0
shrinkage=0.05


Tree=114
num_leaves=31
num_cat=0
split_feature=20 0 21 21 11 12 9 11 17 21 21 10 22 6 2 20 21 11 16 18 21 22 9 9 22 6 0 16 11 0
split_gain=24223.5 36491.6 35333.7 32504.9 54682.8 134581 54704.2 53156.8 45137.1 77498.5 37601.9 67245.9 36364.4 35137.4 34652.7 34420.8 34142.8 34006.6 32934.9 43250 44116.5 57970.8 42146.8 37214.7 43883.6 35087.1 36861.5 32984.9 53340.9 48352.2
threshold=2.4007353610803159 170.02000000000004 42.129565946873647 9.5590121163027906 187.02226984500888 0.4126824757997184 1037.5000000000002 151.66560000350003 0.64500000000000013 14.144087964688788 16.816341075395837 97.950000000000003 -17.590000000000003 5.4536454306542224 0.17999999999999985 -0.32515925027586462 21.162526170772797 123.97882544994347 35.500000000000007 16.750000000000004 3.8108030532962691 -32.099999999999994 1102.5000000000002 42.500000000000007 -78.529999999999987 30.012527826301667 225.62000000000003 66.500000000000014 82.957348134000014 200.46000000000001
decision_type=8 2 10 10 2 2 2 2 2 10 10 10 10 2 10 10 10 2 2 2 10 8 2 2 10 2 2 2 2 2
left_child=1 -1 3 7 5 8 10 15 -5 -10 -7 14 -9 16 -12 17 -6 -3 19 20 22 25 -17 -21 -25 -22 -27 28 -20 -30
right_child=-2 2 -4 4 13 6 -8 12 9 -11 11 -13 -14 -15 -16 18 -18 -19 27 23 21 -23 -24 24 -26 26 -28 -29 29 -31
leaf_value=-0.0074913041843080027 -0.12404647457604037 0.21294900378873707 -1.212230003832115 0.1925271982843022 0.12281110335181478 0.57977874540589969 2.5283060930967332 -0.39328426393879778 0.10476712544327196 -2.0883336406080955 1.5119220179622062 2.7947890579700472 0.44330708030486266 -0.13534812090313666 -0.2257816098057307 0.033297951974352008 1.7326185866898183 1.0632379529161715 1.1125917442018787 0.17826840050088674 0.40283430316111501 -0.17699790253757886 -0.48655567003111244 0.89830366727565569 -0.47241874399863309 0.43000105052697857 2.1612049711327397 -0.091045830162533273 -0.4686518042781499 0.60319077244159036
leaf_weight=112799 3820 1587 54 1186 93 473 50 1013 115 62 64 60 149 1155 52 9826 51 127 240 390 909 437 406 62 1003 61 62 339 172 271
leaf_count=112799 3820 1587 54 1186 93 473 50 1013 115 62 64 60 149 1155 52 9826 51 127 240 390 909 437 406 62 1003 61 62 339 172 271
internal_value=9.57727e-05 0.00365419 0.0650739 0.0684526 0.21057 0.370645 0.934707 0.040444 0.0813711 -0.663438 0.811934 1.43585 -0.286011 -0.0435274 0.732951 0.0643139 0.692951 0.275952 0.0387286 0.0174886 0.0494571 0.305686 0.0126705 -0.239599 -0.392621 0.510079 1.30264 0.312147 0.512267 0.187035
internal_weight=137088 133268 20469 20415 3361 2062 699 17054 1363 177 649 176 1162 1299 116 15892 144 1714 14178 13156 11701 1469 10232 1455 1065 1032 123 1022 683 443
internal_count=137088 133268 20469 20415 3361 2062 699 17054 1363 177 649 176 1162 1299 116 15892 144 1714 14178 13156 11701 1469 10232 1455 1065 1032 123 1022 683 443
is_linear=0
shrinkage=0.05


Tree=115
num_leaves=31
num_cat=0
split_feature=20 5 1 0 1 22 22 5 22 16 14 12 10 14 12 9 12 20 0 9 10 20 21 5 21 12 5 13 12 10
split_gain=23442.1 47561.2 47273.6 36890.8 33489.5 33292.9 71330.5 36413.8 64979.8 46346.5 45513.5 39976 43301.8 37220.7 62102.3 35607.9 42328.1 34680.4 33292.5 35180.8 33288.6 32842.7 38528.3 32611.7 50809.3 70804.1 39880.9 36440.2 45764.9 42038.3
threshold=-0.34121951646271459 116.68500000000002 0.061333333333333927 172.87333333333336 1.5151111111111117 -42.460000000000001 -54.849999999999994 228.3116666666667 -70.36999999999999 0.19250000000000003 4.5000000000000009 0.78661891169205866 107.57500000000002 5.5000000000000009 0.65106671239330416 657.50000000000011 0.23768589232617301 1.5026984154760863 306.10000000000008 622.50000000000011 84.216666666666683 0.73215004873171041 -4.7520538686738112 142.46833333333336 9.037910062169134 0.51877325816052167 161.6816666666667 -0.010907442517280496 -0.74455857214455057 80.346666666666678
decision_type=8 2 10 2 10 8 10 2 10 2 2 2 8 2 2 2 2 10 2 2 8 10 8 2 10 2 2 2 2 10
left_child=2 -2 3 -1 -4 6 7 9 10 21 -9 12 -10 17 -15 16 -14 -11 -7 -20 -19 -3 -23 -8 27 -26 -27 -25 29 -29
right_child=1 5 4 -5 -6 18 23 8 11 13 -12 -13 15 14 -16 -17 -18 20 19 -21 -22 22 -24 24 25 26 -28 28 -30 -31
leaf_value=-0.016166015172993549 -0.097688474555636215 -0.043247671920131361 0.083368269492924335 0.28086021266033584 0.59334657923829537 0.017186733907315756 -0.071496289723903969 -0.048180470883138815 0.27848936863281998 0.20022945349174309 -1.2039224746980166 -0.59570267531606891 1.8573684955752174 0.27806738569520245 1.9244147522298443 0.046346897318174964 0.3372573351566221 -0.56929854435003457 0.61670233280198217 -0.79266095709800721 0.11198601855650797 0.048122541925636614 -0.47261009021442579 -0.6588512643105302 -0.22688290533020483 -0.07784911146703756 1.6340719625510669 -0.20329935837979032 -0.46902408580559279 0.89278676071398566
leaf_weight=34532 14813 5530 17362 1078 328 51613 2136 337 1309 1619 114 108 129 266 73 76 71 347 387 50 371 531 1073 1041 490 53 95 236 781 139
leaf_count=34532 14813 5530 17362 1078 328 51613 2136 337 1309 1619 114 108 129 266 73 76 71 347 387 50 371 531 1073 1041 490 53 95 236 781 139
internal_value=9.09839e-05 -0.0163998 0.0260146 -0.00717432 0.0928241 0.00105766 -0.0598604 0.00633207 0.192999 -0.0344646 -0.340319 0.335071 0.398493 0.142982 0.632591 0.967638 1.31773 0.0719605 0.0208663 0.455448 -0.21727 -0.101026 -0.300223 -0.219037 -0.330199 0.0625991 1.02102 -0.444266 -0.251029 0.202983
internal_weight=137088 83788 53300 35610 17690 68975 16925 11954 2144 9810 451 1693 1585 2676 339 276 200 2337 52050 437 718 7134 1604 4971 2835 638 148 2197 1156 375
internal_count=137088 83788 53300 35610 17690 68975 16925 11954 2144 9810 451 1693 1585 2676 339 276 200 2337 52050 437 718 7134 1604 4971 2835 638 148 2197 1156 375
is_linear=0
shrinkage=0.05


Tree=116
num_leaves=31
num_cat=0
split_feature=3 20 22 21 15 11 13 22 5 21 20 0 12 13 9 11 10 22 22 9 9 21 11 22 13 5 14 6 5 11
split_gain=23163.4 45068 29327.3 50168 32202.8 29280.4 51732.6 42921.8 40872.7 36038.1 43451.9 49916.8 34775.3 109435 93162.1 86313.2 68163 78451.1 50050 49504.3 45518.8 40531.6 45482.4 36907 33613 31582.9 30734.1 30369.6 30335 29935
threshold=100.50333333333334 -1.2088320812940172 -66.999999999999986 12.665729869809875 29.500000000000004 185.06357079700001 -0.42261826174069955 -28.129999999999992 217.49500000000003 -13.490850315234029 1.5417110684248796 146.46000000000004 0.58244304235731448 -0.30070579950427329 727.50000000000011 66.09803581237793 85.612500000000026 -46.259999999999998 -35.439999999999976 762.50000000000011 102.50000000000001 15.012920058003568 76.917759348139825 -60.899999999999999 -0.97854064376158167 179.60166666666672 4.5000000000000009 12.804017125254697 201.92833333333334 142.06520128250133
decision_type=2 8 10 8 2 2 2 8 2 10 8 2 2 2 2 2 10 10 10 2 2 10 2 10 2 2 2 2 2 2
left_child=-1 2 3 -2 -4 9 7 -7 -9 -3 11 -11 19 14 20 18 -17 -18 -16 -13 21 22 -14 26 -21 -20 -24 -25 -29 -26
right_child=1 5 4 -5 -6 6 -8 8 -10 10 -12 12 13 -15 15 16 17 -19 25 24 -22 -23 23 27 29 -27 -28 28 -30 -31
leaf_value=-0.05583104143234744 -0.42524561884766393 -0.041884572979118524 0.19761055382947679 0.54147468456094716 1.0628288472423681 -0.25430452074760596 0.04763786493136371 0.036858149591173665 -1.3541234135627747 0.010376383223413029 -0.077903965686166129 0.084879372554717308 1.4103532589515861 0.033091308422629216 -0.91584687198137316 0.96828516804062859 0.99355490774404809 3.4465191686153411 -0.088869457143657626 0.91131973738471661 -0.093874796518574957 1.7619049127502688 0.28495714312791826 0.44057390101233351 -0.45519825679079545 1.6540992513591168 2.0380728564262394 -0.53463306313247549 0.61028350100685391 0.75165835949507631
leaf_weight=16316 457 25091 3453 190 111 4441 5171 2400 54 47268 8801 16922 98 3394 77 352 61 70 53 54 546 58 50 361 781 51 50 224 78 55
leaf_count=16316 457 25091 3453 190 111 4441 5171 2400 54 47268 8801 16922 98 3394 77 352 61 70 53 54 546 58 50 361 781 51 50 224 78 55
internal_value=8.64347e-05 0.00764075 0.168337 -0.141356 0.224558 0.00183528 -0.0719123 -0.161571 0.00624975 0.0103509 0.0268569 0.0399158 0.0997516 0.209367 0.490381 0.981669 1.33064 2.3043 0.0504352 0.065763 0.267708 0.482533 0.39635 0.266111 -0.297705 0.765856 1.16151 0.131058 -0.238926 -0.3758
internal_weight=137088 120772 4211 647 3564 116561 12066 6895 2454 104495 79404 70603 23335 5523 2129 664 483 131 181 17812 1465 919 861 763 890 104 100 663 302 836
internal_count=137088 120772 4211 647 3564 116561 12066 6895 2454 104495 79404 70603 23335 5523 2129 664 483 131 181 17812 1465 919 861 763 890 104 100 663 302 836
is_linear=0
shrinkage=0.05


Tree=117
num_leaves=31
num_cat=0
split_feature=17 9 15 16 18 8 13 18 11 9 12 13 11 22 1 2 6 13 2 20 11 5 22 17 14 20 2 18 16 3
split_gain=22446 38034 44311.9 41170.6 57329.9 90351.8 66619.4 54416.5 47306.4 36392.7 50025.3 42720.2 41377 44034.8 39347.2 35264.5 35233 40954.7 34773.7 34029.1 34012.7 33982.3 33922.7 32621.9 47197.3 39853.6 32097 32006.5 32081.5 30927.5
threshold=63.500000000000007 92.500000000000014 0.27500000000000008 0.025000000000000005 12.500000000000002 26.500000000000004 -0.83146961230254512 21.500000000000004 102.77339870200001 202.50000000000003 0.13052619222005182 0.80644460426748255 79.363079184500023 4.2700000000000005 -1.2884444444444456 0.58666666666666734 30.012527826301667 -0.1413247892049839 -1.5959999999999994 -0.74913186962026479 108.899626014893 97.158333333333346 -12.580000000000011 67.500000000000014 1.5000000000000002 1.5848503699965228 0.70266666666666766 0.21500000000000005 0.19250000000000003 109.10333333333337
decision_type=2 2 2 2 2 2 2 2 2 2 2 2 2 10 10 10 2 2 8 10 2 2 10 2 2 10 10 2 2 2
left_child=1 3 9 -1 6 15 8 -7 22 10 -3 18 13 -12 -13 -6 19 20 -11 -8 -18 -16 29 24 25 -2 -15 -20 -29 -5
right_child=23 2 -4 4 5 7 16 -9 -10 11 12 14 -14 26 21 -17 17 -19 27 -21 -22 -23 -24 -25 -26 -27 -28 28 -30 -31
leaf_value=-0.21935794646061116 0.33590071595446219 -0.019386778275634689 0.85014270638426148 1.0992725253105164 -0.13406152365975685 -0.066871500394407035 0.43538702596594725 0.14418553327191164 0.70226562118939073 -0.38898162627142047 -0.045027359768521284 0.36443803241743489 -0.24345029396224374 0.34232536430615901 -0.33301375186259707 -0.5560364934772013 0.35141911596532854 0.05156848074434555 0.036197813635715274 0.036323381716503809 1.8844181753607359 -0.050664227180894694 -0.96166085950911995 0.015991185454473967 -0.42796457279613381 -0.82720651551243973 1.8723637798279524 -0.34039433785857298 0.53130081719523214 0.092211207023329952
leaf_weight=1231 427 20695 150 92 2458 2576 605 9152 957 496 1778 544 5348 109 1129 620 63 146 59692 4565 85 18995 63 2143 1332 89 50 934 119 445
leaf_count=1231 427 20695 150 92 2458 2576 605 9152 957 496 1778 544 5348 109 1129 620 63 146 59692 4565 85 18995 63 2143 1332 89 50 934 119 445
internal_value=8.21132e-05 0.00358557 -0.00864958 0.061975 0.0778416 0.0220403 0.195516 0.0853167 0.48404 -0.00982184 -0.0590532 0.00699552 -0.171736 0.0262638 -0.0551619 -0.21906 0.1133 0.645728 0.0279728 0.0830223 1.23186 -0.0665046 0.135971 -0.116756 -0.270693 0.135287 0.82347 0.0313773 -0.241884 0.264743
internal_weight=137088 133097 110039 23058 21827 14806 7021 11728 1557 109889 27980 81909 7285 1937 20668 3078 5464 294 61241 5170 148 20124 600 3991 1848 516 159 60745 1053 537
internal_count=137088 133097 110039 23058 21827 14806 7021 11728 1557 109889 27980 81909 7285 1937 20668 3078 5464 294 61241 5170 148 20124 600 3991 1848 516 159 60745 1053 537
is_linear=0
shrinkage=0.05


Tree=118
num_leaves=31
num_cat=0
split_feature=20 16 0 8 0 22 22 11 9 1 21 20 22 10 21 9 10 22 21 6 0 10 13 5 21 9 11 13 20 12
split_gain=21756.1 48992.1 35704.9 27739.1 26425.8 39487.1 57425.4 51673.9 46917.1 48359.6 46731.1 43419.5 61666.7 43999.2 51395.2 39515.1 39444.3 34313.3 32970.9 39912.5 45957 47768.9 32608 33752.4 32864 30449.4 33451.8 30236.9 29465.5 29459.8
threshold=3.3283184234618255 13.937500000000002 288.90000000000003 39.500000000000007 167.45333333333335 -26.570000000000004 -34.350000000000001 61.807323038578168 887.50000000000011 0.35466666666666913 -6.4149173257916265 1.6836083523061911 -45.509999999999998 94.783333333333346 13.632337423787122 752.50000000000011 77.868333333333354 -75.070000000000007 3.1959200699189556 23.983014032748681 208.02000000000004 91.27222222222224 -0.61734245059638992 186.20166666666671 -8.0950467020087284 317.50000000000006 70.14998999114691 0.076279435988900593 1.1053750793047967 -0.97854064376158167
decision_type=8 2 2 2 2 10 8 2 2 10 10 10 10 8 10 2 8 10 8 2 2 8 2 2 8 2 2 2 10 2
left_child=4 2 3 -2 28 6 7 -6 22 -10 -8 16 13 14 -13 -14 25 -18 -19 -20 21 -21 23 -7 -24 -9 -27 -15 -1 -12
right_child=1 -3 -4 -5 5 8 10 11 9 -11 29 12 15 27 -16 -17 17 18 19 20 -22 -23 24 -25 -26 26 -28 -29 -30 -31
leaf_value=-0.0019105591592297037 -0.55908386863218129 -0.95793844600641398 0.45298838117217866 0.072058548195254521 -0.15269365464818144 0.11794437033294324 0.10781055610328368 -0.10110491952257963 0.42942512800118754 1.851591648347676 -0.7141927982572478 -0.4948903623844883 0.22922710907809082 -0.076927119818262085 0.71907020649932174 -1.2016629795804621 -0.082942308465108736 0.11112377821114722 0.29155684261315351 0.86306355912964072 1.1760001175341508 -0.4675956248740355 -0.041765089920460206 -0.48755996073731334 0.31181645183407269 0.046667750057902101 0.53459775989747937 0.90713988969085413 -0.10985197652651113 -0.20390363124557559
leaf_weight=105103 359 187 241 338 2372 586 1229 2121 280 76 319 1203 1378 275 94 50 767 1965 2859 154 300 120 918 379 2313 1288 483 109 6727 2495
leaf_count=105103 359 187 241 338 2372 586 1229 2121 280 76 319 1203 1378 275 94 50 767 1965 2859 154 300 120 918 379 2313 1288 483 109 6727 2495
internal_value=2.44905e-05 -0.218951 -0.0716259 -0.253021 0.00183636 0.0492876 0.0184503 0.0621279 0.181938 0.733034 -0.149411 0.10083 -0.0624784 -0.26772 -0.406909 0.179126 0.151315 0.229992 0.274457 0.367947 0.748433 0.280293 0.135181 -0.119865 0.211356 0.0266894 0.17974 0.202404 -0.00840365 -0.261751
internal_weight=137088 1125 938 697 135963 24133 19581 15538 4552 356 4043 13166 3109 1681 1297 1428 10057 6165 5398 3433 574 274 4196 965 3231 3892 1771 384 111830 2814
internal_count=137088 1125 938 697 135963 24133 19581 15538 4552 356 4043 13166 3109 1681 1297 1428 10057 6165 5398 3433 574 274 4196 965 3231 3892 1771 384 111830 2814
is_linear=0
shrinkage=0.05


Tree=119
num_leaves=31
num_cat=0
split_feature=16 18 6 22 22 2 12 22 1 22 15 17 0 11 21 5 9 9 13 22 20 22 9 9 21 10 0 12 11 11
split_gain=21628.7 33974.7 27017.4 23797.9 75900.1 69099.3 60061.8 48842.1 39920.3 31210.3 77866.7 80658.6 48338.2 46907.8 43507.1 37356.5 37184.2 45652 57698.9 97024.1 77864.7 78873.9 77217.5 43296.1 65348.9 43331.2 43146.3 39880.6 46058.7 39629
threshold=174.50000000000003 195.50000000000003 19.193288441667402 -68.739999999999981 -70.36999999999999 -0.67066666666666641 -0.88186879444286459 -86.980000000000018 -0.093333333333333462 -43.000000000000007 0.025000000000000005 8.5000000000000018 123.78000000000002 178.95372528020729 12.904708888043624 114.08333333333336 1322.5000000000002 812.50000000000011 -0.27982901403099208 -17.590000000000003 0.97544610542335242 -31.479999999999993 997.50000000000011 897.50000000000011 -10.976990320969973 81.010000000000034 306.10000000000008 0.82531082829576852 75.201361653904328 123.17551571639116
decision_type=2 2 2 8 10 10 2 10 10 8 2 2 2 2 10 2 2 2 2 10 10 10 2 2 10 8 2 2 2 2
left_child=1 3 -2 4 5 7 -7 -1 -6 10 -5 12 -12 14 -14 -11 17 26 19 20 21 23 -21 24 -19 27 -17 28 -25 -27
right_child=2 -3 -4 9 8 6 -8 -9 -10 15 11 -13 13 -15 -16 16 -18 18 -20 22 -22 -23 -24 25 -26 29 -28 -29 -30 -31
leaf_value=0.436068688719361 0.21314547572018847 -0.6275340968924058 1.4749280576705934 -0.08517458263937347 0.65341787088217762 -0.30980075955956798 0.16881203400442837 -0.50815162732779384 0.14136480621465627 -0.038227472469131607 1.1417012289263211 -0.025550148517566332 0.3867242391113036 -0.48883127604853621 1.8144732451752614 0.019931512874485365 -0.1525427102007556 0.66275272432605936 0.047701655309622004 0.60181927230705823 -0.96817524438103042 0.022336751707711988 2.4009565441295355 1.7754469777767856 2.4542439155004647 1.8559635746753078 0.54020814165923559 -0.41133568215531757 -0.10628049834467419 0.4066082522490071
leaf_weight=162 280 216 50 23245 775 790 3850 886 748 31084 231 1932 835 146 57 63614 2761 137 3127 150 120 824 99 60 81 87 401 166 71 103
leaf_count=162 280 216 50 23245 775 790 3850 886 748 31084 231 1932 835 146 57 63614 2761 137 3127 150 120 824 99 60 81 87 401 166 71 103
internal_value=2.3266e-05 -0.000952322 0.404325 3.88871e-05 0.0884405 0.0045015 0.0873241 -0.362194 0.40193 -0.00489005 -0.0533367 0.177863 0.487552 0.341975 0.477959 0.00756289 0.0273864 0.034582 0.1797 0.397172 0.258256 0.354509 1.31714 0.742751 1.3284 0.480593 0.0231906 0.103364 0.755579 1.07026
internal_weight=137088 136758 330 136542 7211 5688 4640 1048 1523 129331 26446 3201 1269 1038 892 102885 71801 69040 5025 1898 1649 1529 249 705 218 487 64015 297 131 190
internal_count=137088 136758 330 136542 7211 5688 4640 1048 1523 129331 26446 3201 1269 1038 892 102885 71801 69040 5025 1898 1649 1529 249 705 218 487 64015 297 131 190
is_linear=0
shrinkage=0.05


Tree=120
num_leaves=31
num_cat=0
split_feature=20 1 5 3 1 22 22 22 13 21 13 3 5 12 12 13 10 18 5 14 9 11 14 6 12 21 12 21 16 14
split_gain=22998.8 42326.8 39504.1 30756.7 29728.6 29090.6 28423 65151.3 47237 31374.3 65552.3 44904 36373.4 34126.8 32030.9 49662.6 71650.9 38703.8 30883.9 56549.2 68337.6 49147.2 40134.2 55130.3 45781 33283.6 31423.3 61825.5 39546.6 47046.8
threshold=-0.34121951646271459 0.061333333333333927 116.68500000000002 90.170000000000016 1.5151111111111117 -66.999999999999986 -43.000000000000007 -54.849999999999994 -0.95032354012166609 12.904708888043624 -0.52803643325367244 145.23000000000005 142.07166666666672 0.52803643325367289 -0.82531082829576841 0.20576496797711544 79.841666666666683 2.4000000000000008 228.3116666666667 5.5000000000000009 407.50000000000006 116.16393151879311 5.5000000000000009 25.301081297335561 -0.29026740676763269 21.985573656448405 0.30070579950427329 31.10711038077579 3.2200000000000002 1.5000000000000002
decision_type=8 10 2 2 10 8 8 10 2 10 2 2 2 2 2 2 10 2 2 2 2 2 2 2 2 10 2 8 2 2
left_child=1 3 5 -1 -3 -2 7 18 -9 12 11 -11 -10 -13 15 17 -17 -14 22 26 21 -21 25 -24 -25 -4 27 28 -20 -30
right_child=2 4 6 -5 -6 -7 -8 8 9 10 -12 13 14 -15 -16 16 -18 -19 19 20 -22 -23 23 24 -26 -27 -28 -29 29 -31
leaf_value=-0.14016969559214584 0.93385904293939248 0.08000775409550831 -0.089850390638979927 0.010353293813473273 0.56049813465101683 -0.095189396218294531 0.017734546789906849 -0.75337994041215173 -0.050974486654480677 -0.24190495717856619 -0.50189337390447097 0.71397616142786824 -0.8227657939147468 2.2303224086761477 -0.46592302425117194 -0.23949664086630607 1.7091597079529484 0.30939833707496772 0.47346701203501756 -1.8290641537519416 0.47003606379770774 -0.1385694795710917 0.13083575133871619 0.21389455866813659 2.2868123372395832 0.44541085691151033 0.025859982526139011 1.6390501925439545 0.84919151961803441 -0.90361990317825447
leaf_weight=3799 69 17362 8269 31811 328 14744 52282 374 1880 72 167 103 198 58 1574 106 85 122 838 99 116 76 1133 50 57 301 739 99 56 121
leaf_count=3799 69 17362 8269 31811 328 14744 52282 374 1880 72 167 103 198 58 1574 106 85 122 838 99 116 76 1133 50 57 301 739 99 56 121
internal_value=2.21028e-05 0.0256995 -0.016312 -0.00570503 0.0889168 -0.090396 -0.000401823 -0.0572044 -0.214088 -0.167881 0.254162 0.796056 -0.210457 1.26024 -0.35426 -0.0103113 0.627706 -0.391128 0.00498995 0.1769 -0.471081 -1.09491 -0.0325815 0.23329 1.31816 -0.0710507 0.278661 0.446363 0.330032 -0.349058
internal_weight=137088 53300 83788 35610 17690 14813 68975 16693 4739 4365 400 233 3965 161 2085 511 191 320 11954 2144 291 175 9810 1240 107 8570 1853 1114 1015 177
internal_count=137088 53300 83788 35610 17690 14813 68975 16693 4739 4365 400 233 3965 161 2085 511 191 320 11954 2144 291 175 9810 1240 107 8570 1853 1114 1015 177
is_linear=0
shrinkage=0.05


Tree=121
num_leaves=31
num_cat=0
split_feature=20 1 5 22 3 22 22 13 9 5 12 12 10 4 10 13 22 21 22 22 8 17 1 22 10 21 16 20 8 14
split_gain=21394.6 40697.7 35435.1 35493.5 29091.6 28490.4 51026.2 49348.6 28415 38527 55550 38871.1 32414.9 39245.9 32121.3 30545.1 75781.6 52760.7 48484.4 30187.9 32097.2 48844.6 30656.5 28154.6 27476.1 50708.4 38317.5 33249.4 26963.4 60765.3
threshold=-0.56978889325060822 0.12799999999999967 114.31833333333336 -66.999999999999986 90.170000000000016 -43.000000000000007 -54.849999999999994 -0.95032354012166609 97.500000000000014 228.3116666666667 0.15212338618991691 0.89194178735545526 97.016666666666666 14.173523340770695 96.726666666666688 -0.17364817766693072 -66.999999999999986 16.413425442766194 -58.410000000000004 -62.099999999999994 56.20000000000001 23.550000000000004 3.0226666666666655 -59.710000000000001 110.78333333333335 15.012920058003568 41.500000000000007 0.55138505709939833 291.50000000000006 1.5000000000000002
decision_type=8 10 2 8 2 8 10 2 2 2 2 2 8 2 10 2 8 8 10 10 2 2 10 10 10 10 2 10 2 2
left_child=1 4 3 -2 -1 6 8 -8 19 11 12 -10 13 -11 -12 16 17 -13 -18 20 21 -4 -22 -21 25 27 -27 -9 -7 -30
right_child=2 -3 5 -5 -6 28 7 24 9 10 14 15 -14 -15 -16 -17 18 -19 -20 23 22 -23 -24 -25 -26 26 -28 -29 29 -31
leaf_value=-0.1184959545603971 0.83496898452066037 0.1204620022251475 -0.092138413396157845 -0.082773784580386769 0.022776373421507973 0.01624556069271663 -0.66905668028387366 -0.068892192734087337 -0.12436835480589986 0.43200919031062068 -0.0021624678989059848 0.69384934646742691 0.96375875251160736 -0.59777442102038536 -0.93470862024576873 0.0010027401329716667 -0.25611067795670117 2.4903359624793975 1.3774316096195469 0.63684683232089856 0.12297157093908795 -1.370241988139848 1.2647306962359337 0.1227576687144715 -1.2424066295136107 0.24929324812747003 1.7251487578644795 -0.33863222351098926 1.814700917640458 0.25037352489361919
leaf_weight=4275 106 9655 679 17259 24694 60544 460 3584 7599 612 674 133 225 109 107 1280 286 59 54 477 1136 84 62 603 55 237 54 1677 69 240
leaf_count=4275 106 9655 679 17259 24694 60544 460 3584 7599 612 674 133 225 109 107 1280 286 59 54 477 1136 84 62 603 55 237 54 1677 69 240
internal_value=2.09976e-05 0.0315589 -0.0123502 -0.0771717 0.0019286 0.00152942 -0.0498492 -0.171197 0.00207391 -0.0349111 0.182169 -0.0747472 0.439829 0.276328 -0.129925 0.133349 0.451777 1.24589 0.00333427 0.137536 0.0206255 -0.232847 0.182061 0.349814 -0.130353 -0.119336 0.523163 -0.154875 0.0186233 0.484501
internal_weight=137088 38624 98464 17365 28969 81099 20246 6067 14179 11138 1727 9411 946 721 781 1812 532 192 340 3041 1961 763 1198 1080 5607 5552 291 5261 60853 309
internal_count=137088 38624 98464 17365 28969 81099 20246 6067 14179 11138 1727 9411 946 721 781 1812 532 192 340 3041 1961 763 1198 1080 5607 5552 291 5261 60853 309
is_linear=0
shrinkage=0.05


Tree=122
num_leaves=31
num_cat=0
split_feature=20 2 19 20 22 1 0 8 13 18 20 16 8 6 13 1 0 13 22 7 9 15 8 18 0 9 14 5 21 8
split_gain=21897.6 27292.3 40752.4 31056.1 25974.7 34321 27752.1 33682.3 29640.2 26370.5 23369.2 32717.2 27769.9 23100.4 35123.3 42444.4 28439 44486.6 44587.8 40985.4 34420.4 36240.9 44142.4 44078.9 45718.3 33989 39076.5 37122.1 32107.3 33670.2
threshold=2.0371132148740947 1.186666666666667 -0.30133333333333462 0.20872672682733337 2.6600000000000059 -0.41599999999999909 335.52000000000004 82.90000000000002 -0.92794370089704259 13.250000000000002 3.3283184234618255 13.937500000000002 39.500000000000007 8.6077213379299167 0.25881904510252057 -1.1933333333333345 125.65333333333335 -0.81279832427823695 -48.339999999999989 46.500000000000007 87.500000000000014 10.750000000000002 62.500000000000007 24.500000000000004 142.22000000000003 257.50000000000006 1.5000000000000002 123.71000000000002 6.6373736282726989 93.500000000000014
decision_type=8 8 10 10 10 10 2 2 2 2 10 2 2 2 2 10 2 2 8 2 2 2 2 2 2 2 2 2 8 2
left_child=1 13 -3 -4 6 -6 7 10 -8 -9 -2 12 -12 16 -15 -16 17 18 19 25 21 22 -18 24 -24 26 -1 -27 -20 -30
right_child=4 2 3 -5 5 -7 8 9 -10 -11 11 -13 -14 14 15 -17 20 -19 28 -21 -22 -23 23 -25 -26 27 -28 -29 29 -31
leaf_value=0.68457575190741582 -0.15903435815323963 -0.063920804391128835 0.5863095646231562 0.16245916760103843 -0.6396795922856644 0.48908429632083372 -0.85974390595578232 0.59754404581863163 0.41245231167446728 -0.019750554446219662 -0.6820956812756096 -1.3063389320876084 -0.019750554446219662 -0.069999711803133635 0.25708006537081896 -0.0034710950058714795 0.15419883813085447 -0.034940351125347366 0.13188520669021911 1.1154909537345836 0.029143458400196609 -0.025718444242704447 0.45614835675503757 0.36970619491410822 1.5738613364487393 0.68457575190741582 -0.19753635041717335 -0.51521345362277093 -0.089569554833789811 0.91716456791933842
leaf_weight=121 3758 1741 537 2214 83 357 52 237 383 460 278 102 266 23648 1794 12142 1989 39615 4527 157 35622 1431 185 481 181 451 494 71 3626 85
leaf_count=121 3758 1741 537 2214 83 357 52 237 383 460 278 102 266 23648 1794 12142 1989 39615 4527 157 35622 1431 185 481 181 451 494 71 3626 85
internal_value=6.96575e-06 0.00427328 0.125389 0.245196 -0.0935949 0.276158 -0.122983 -0.155674 0.260374 0.167287 -0.206788 -0.484587 -0.330508 -2.34466e-05 -0.0328943 0.03007 0.013852 -0.0116059 0.0853722 0.358226 0.0452185 0.179417 0.282926 0.585214 1.0089 0.253661 0.00180189 0.550391 0.0425132 -0.0665104
internal_weight=137088 131112 4492 2751 5976 440 5536 5101 435 697 4404 646 544 126620 37584 13936 89036 49147 9532 1294 39889 4267 2836 847 366 1137 615 522 8238 3711
internal_count=137088 131112 4492 2751 5976 440 5536 5101 435 697 4404 646 544 126620 37584 13936 89036 49147 9532 1294 39889 4267 2836 847 366 1137 615 522 8238 3711
is_linear=0
shrinkage=0.05


Tree=123
num_leaves=31
num_cat=0
split_feature=17 9 12 6 22 9 13 18 13 8 3 9 16 3 10 6 12 5 17 18 18 11 10 22 22 14 21 22 5 10
split_gain=21553.7 43522 43557.5 41842.1 42028.8 118408 43564.6 40317.9 67867.3 61682.3 42354.4 82493.9 60849 41100.4 47100.8 38359.9 63865.6 52845.7 34086.3 34440.2 33687 34808.4 33301.9 32289.4 31877 31731.1 31518.4 30223.2 36988 39845.8
threshold=23.550000000000004 92.500000000000014 -0.88186879444286459 2.5886137625341274 1.6200000000000119 32.500000000000007 -0.84915165824291594 16.750000000000004 -0.83146961230254512 40.250000000000007 125.14333333333335 37.500000000000007 17.500000000000004 181.06666666666669 88.612500000000026 9.4646042349099506 -0.14132478920498429 142.90833333333336 14.500000000000002 1.0100000000000002 0.16500000000000004 88.72707546179366 78.508333333333354 -34.679999999999986 -70.36999999999999 2.5000000000000004 11.966795106234764 -35.990000000000002 116.41833333333336 62.435416666666676
decision_type=2 2 2 2 10 2 2 2 2 2 2 2 2 2 8 2 2 2 2 2 2 2 8 10 8 2 10 10 2 10
left_child=1 2 18 -4 7 6 -6 8 20 -9 -11 12 13 14 23 16 -7 -18 19 -1 -5 -22 -21 -12 -10 -17 27 28 29 -2
right_child=26 -3 3 4 5 15 -8 9 24 10 11 -13 -14 -15 -16 25 17 -19 -20 22 21 -23 -24 -25 -26 -27 -28 -29 -30 -31
leaf_value=-0.25243935754967589 1.6633255942812508 -0.0079673564719582486 0.39250709506046805 1.3109112546129049 -1.291510710621975 0.48222543282585373 -0.038932475438263239 -0.24768583741133243 1.228529510980374 -0.088593044452337011 2.2140327393287613 0.052300812169033678 0.31510380457481768 2.2768906526807426 -0.088593044452337011 0.77209265117787507 1.0159224710199279 2.6019914026360915 -0.4582976750916376 -0.20561271139934487 -0.055479373858697646 0.52444826417789203 0.17912565754989418 0.68962851891034771 0.036843866612728787 -0.32632589717857713 -0.30776397843720765 -0.14039885206329966 -0.069911438407833607 0.2548019854338211
leaf_weight=1122 53 110003 1212 106 98 296 238 1997 57 2044 62 3523 585 69 57 132 143 83 494 772 339 1093 2072 79 3622 131 1308 2969 1375 954
leaf_count=1122 53 110003 1212 106 98 296 238 1997 57 2044 62 3523 585 69 57 132 143 83 494 772 339 1093 2072 79 3622 131 1308 2969 1375 954
internal_value=-1.13846e-06 0.00447856 0.0715053 0.110096 0.0868964 0.38119 -0.404268 0.0626975 0.171908 -0.00500128 0.0704997 0.159072 0.60057 1.22603 0.85982 0.717387 0.965481 1.59842 -0.0666414 -0.0178572 0.450826 0.387161 0.0746889 1.35993 0.0553071 0.224972 -0.0877445 -0.0339628 0.0987024 0.328935
internal_weight=137088 130429 20426 15966 14754 1121 336 13633 5217 8416 6419 4375 852 267 198 785 522 226 4460 3966 1538 1432 2844 141 3679 263 6659 5351 2382 1007
internal_count=137088 130429 20426 15966 14754 1121 336 13633 5217 8416 6419 4375 852 267 198 785 522 226 4460 3966 1538 1432 2844 141 3679 263 6659 5351 2382 1007
is_linear=0
shrinkage=0.05


Tree=124
num_leaves=31
num_cat=0
split_feature=20 2 13 19 22 3 20 21 13 11 9 22 0 12 13 3 14 20 9 8 13 13 12 21 15 9 3 22 4 10
split_gain=20964.2 52162.4 33934.5 30210.9 26808.1 26281.8 25692.6 25645.6 39744.7 39037.1 52836.5 49578.2 45576 42752.7 38803.5 49574 33768.2 34223.8 38177 32645.5 35800.1 37404.5 30918.6 30115.9 29590.6 29434.3 28108.3 42329.2 27798.6 27040.9
threshold=1.0004845928774697 1.5666666666666667 0.33172980431441496 1.0706666666666662 -63.249999999999993 235.05000000000004 3.774112872975913 -8.856961520772737 0.38268343236508956 134.06891977787004 272.50000000000006 -65.299999999999983 134.22000000000003 0.97381903846659756 -0.11969653353600833 159.81000000000006 4.5000000000000009 -0.52281269087107496 1362.5000000000002 38.900000000000006 -0.83146961230254512 0.22706275313213803 -0.24825246871434756 21.985573656448405 24.750000000000004 327.50000000000006 199.81666666666669 -62.649999999999991 6.2209302626955454 85.77500000000002
decision_type=8 10 2 10 8 2 10 10 2 2 2 8 2 2 2 2 2 8 2 2 2 2 2 10 2 2 2 8 2 10
left_child=1 3 -2 7 5 -4 -6 8 -1 12 -11 14 -9 -13 15 25 17 18 -14 20 -18 -22 -21 24 26 -12 27 -19 -24 -16
right_child=2 -3 4 -5 6 -7 -8 9 -10 10 11 13 16 -15 29 -17 19 23 -20 22 21 -23 28 -25 -26 -27 -28 -29 -30 -31
leaf_value=0.024764594787688055 -0.10077207159397417 0.40592687939154781 -0.20901434411681452 0.25556801508648408 0.061345743199462115 -1.4056034897295935 -0.93697909774688581 0.011553178915835495 -0.073331368158698992 -0.072049019132245831 -0.13580902214874241 0.077506166889518724 0.36090054935196164 -0.41580245008007588 0.94370865261915959 2.2282388164330338 -0.18072550299971196 -0.31841056128942324 -0.71336016295985738 0.3724968987773396 0.3724968987773396 0.090209192181894604 1.6247727733906185 -1.1187035832687149 -0.37862837372520874 1.0316301722356396 0.273737092973316 0.063640596380703129 0.51633448998443787 -0.24122332047796655
leaf_weight=18948 11953 818 342 1193 7577 53 65 29670 22691 19236 85 7138 1374 468 66 59 596 801 88 390 1529 1958 107 56 398 148 1342 7641 120 178
leaf_count=18948 11953 818 342 1193 7577 53 65 29670 22691 19236 85 7138 1374 468 66 59 596 801 88 390 1529 1958 107 56 398 148 1342 7641 120 178
internal_value=-2.98134e-05 0.00804889 -0.0473534 0.00524992 0.0320932 -0.369569 0.0528544 0.0026551 -0.0286924 0.0204266 -0.0268588 0.0799059 0.0485268 0.0471527 0.544684 0.933574 0.115418 0.0699441 0.296239 0.228617 0.177392 0.238602 0.567602 0.0376289 0.0439886 0.60574 0.0611801 0.0273905 1.03881 0.0792911
internal_weight=137088 117098 19990 116280 8037 395 7642 115087 41639 73448 27378 8142 46070 7606 536 292 16400 11700 1462 4700 4083 3487 617 10238 10182 233 9784 8442 227 244
internal_count=137088 117098 19990 116280 8037 395 7642 115087 41639 73448 27378 8142 46070 7606 536 292 16400 11700 1462 4700 4083 3487 617 10238 10182 233 9784 8442 227 244
is_linear=0
shrinkage=0.05


Tree=125
num_leaves=31
num_cat=0
split_feature=20 1 5 0 12 13 9 12 10 0 12 9 22 11 21 9 16 18 22 22 12 2 12 12 22 22 13 20 21 10
split_gain=19753.2 35761.2 31774.1 29464.1 33671 55866 87890.4 61790.6 44360.9 32111.3 27922.3 30705.3 25618.5 47578.5 36484.2 31222.5 24660.6 29636 26644 24636.8 62803.7 24362.5 29181.4 23300.4 33089 53387.1 61667.8 52288.6 52113 42524
threshold=-0.34121951646271459 0.96488888888888869 111.10166666666669 155.22000000000003 0.71473537162315171 0.021814885034560704 1142.5000000000002 0.92794370089704281 55.083333333333343 177.82000000000002 -0.23768589232617351 327.50000000000006 -63.149999999999984 111.71120965450002 12.416673556566069 307.50000000000006 152.00000000000003 104.50000000000001 -70.36999999999999 -37.399999999999991 -0.97381903846659723 1.0000000180025095e-35 0.11969653353600808 -0.90159026428466904 -68.739999999999981 -43.000000000000007 -0.93585024503435343 2.5247640580662885 13.886402384123359 96.436666666666682
decision_type=8 10 2 2 2 2 2 2 10 2 2 2 8 2 10 2 2 2 10 10 2 10 2 2 10 10 2 10 10 10
left_child=1 3 -2 21 12 6 7 -6 -9 -10 11 -3 13 -5 19 -15 17 23 -19 -14 -21 -1 -23 -4 -25 26 27 29 -28 -26
right_child=2 10 16 4 5 -7 -8 8 9 -11 -12 -13 14 15 -16 -17 -18 18 -20 20 -22 22 -24 24 25 -27 28 -29 -30 -31
leaf_value=-0.018593812180930147 -0.10300488863848983 0.27825065891579348 -0.077354945640572353 -0.34801628090165282 2.2779584939746811 0.10763216470771114 -0.68587178058425591 -0.53317273643379115 0.4871526160641857 1.8270519108522212 -0.023414126225218147 0.97708819121052726 -0.057123670962973029 0.58545099269520018 -0.57637207295517534 2.0383166853189469 0.42956691543897335 -1.4640700998171321 -0.27033759197878715 1.8563600786651175 0.16457179780431033 0.11654645181651822 -0.016355563639003898 0.13360668347147286 -0.49117316200450567 0.019707532341105422 -0.094451110958999468 -1.4888128627683515 0.31227452589391486 0.25404466296481004
leaf_weight=31751 9165 592 9396 108 96 653 75 51 92 87 463 214 1325 142 245 50 326 53 396 60 640 9077 7579 4773 902 48333 9233 107 861 243
leaf_count=31751 9165 592 9396 108 96 653 75 51 92 87 463 214 1325 142 245 50 326 53 396 60 640 9077 7579 4773 902 48333 9233 107 861 243
internal_value=-8.28012e-06 0.0237884 -0.015146 0.0173923 0.154906 0.392891 0.857415 1.21247 0.767738 1.13839 0.286037 0.463798 0.0573041 0.491547 -8.4787e-05 0.963801 -0.00435544 -0.0062594 -0.411246 0.0696389 0.309582 0.00709735 0.0560719 -0.00379706 0.00692642 -0.0032052 -0.100811 -0.431796 -0.0597581 -0.333018
internal_weight=137088 53300 83788 52031 3624 1054 401 326 230 179 1269 806 2570 300 2270 192 74623 74297 449 2025 700 48407 16656 73848 64452 59679 11346 1252 10094 1145
internal_count=137088 53300 83788 52031 3624 1054 401 326 230 179 1269 806 2570 300 2270 192 74623 74297 449 2025 700 48407 16656 73848 64452 59679 11346 1252 10094 1145
is_linear=0
shrinkage=0.05


Tree=126
num_leaves=31
num_cat=0
split_feature=6 13 12 12 14 5 11 21 20 13 3 9 11 14 22 3 22 13 11 9 22 13 0 9 5 20 2 10 18 0
split_gain=19653.6 77930.3 38511.8 38042.9 55174.5 29644.6 79053.8 31529.3 27657.6 31163 31698.2 30412.9 37490.5 29280 30231.7 28091.9 26539.5 64155.4 26200.3 52182.1 42332.8 64065 86340.5 38676.2 33862.3 38654.5 43519.4 37724.4 38720.5 34455.5
threshold=2.7916512135657912 -0.60003553868615123 -0.22706275313213778 0.51877325816052167 3.5000000000000004 130.06833333333336 106.09808146953573 -2.3423222183222232 -1.9604912259170915 -0.1413247892049839 92.696666666666687 422.50000000000006 76.167910878156235 3.5000000000000004 -25.27 86.103333333333353 -66.999999999999986 -0.1413247892049839 121.52027564747299 287.50000000000006 -65.299999999999983 -0.75894212529897775 123.78000000000002 1102.5000000000002 254.43166666666667 1.5417110684248796 0.68133333333333412 75.738888888888908 89.500000000000014 161.45333333333335
decision_type=2 2 2 2 2 2 2 8 8 2 2 2 2 2 8 2 8 2 2 2 8 2 2 2 2 10 10 10 2 2
left_child=1 3 8 -1 5 -5 7 -7 -3 -10 15 -12 -13 14 -14 -11 17 -4 23 -20 21 22 -21 24 25 26 -2 -28 29 -29
right_child=18 2 16 4 -6 6 -8 -9 9 10 11 12 13 -15 -16 -17 -18 -19 19 20 -22 -23 -24 -25 -26 -27 27 28 -30 -31
leaf_value=0.11952739147491907 0.010112729920822417 -0.42565269579359316 1.5996570466738196 0.46656624589285056 0.077158314837773745 1.0518456993268237 2.289617635406878 -0.22686315124113876 -0.039438878540476154 0.13952726228397436 0.1008361548592715 0.10361800733175296 1.7652163526364442 0.32938350493575902 0.44944704463439333 1.1461246673399947 -0.045527294373916949 0.096107759418343292 -0.080658796052594683 0.38478250921546642 0.032493224933241485 0.19179264994627621 3.0069817394580483 -0.12372067193110091 0.22542081047319806 -0.11013928785580947 0.016148340396335042 0.16300959001684473 -0.72759773227703439 0.52285241144230277
leaf_weight=4345 52281 228 80 623 727 115 92 83 1707 119 2668 335 116 149 70 166 19783 627 26248 77 7690 444 53 5238 1901 5943 2388 1515 91 1186
leaf_count=4345 52281 228 80 623 727 115 92 83 1707 119 2668 335 116 149 70 166 19783 627 26248 77 7690 444 53 5238 1901 5943 2388 1515 91 1186
internal_value=-7.86598e-06 0.0342769 -0.00310571 0.196974 0.40216 0.660951 1.07854 0.515821 0.113627 0.136695 0.219682 0.176467 0.477637 0.851655 1.27003 0.725826 -0.0347699 0.266241 -0.0104619 -0.0461609 0.0634108 0.477621 1.45383 0.00700332 0.0174885 0.0112542 0.0238095 0.162049 0.286838 0.321015
internal_weight=137088 32033 26048 5985 1640 913 290 198 5558 5330 3623 3338 670 335 186 285 20490 707 105055 34512 8264 574 130 70543 65305 63404 57461 5180 2792 2701
internal_count=137088 32033 26048 5985 1640 913 290 198 5558 5330 3623 3338 670 335 186 285 20490 707 105055 34512 8264 574 130 70543 65305 63404 57461 5180 2792 2701
is_linear=0
shrinkage=0.05


Tree=127
num_leaves=31
num_cat=0
split_feature=17 9 12 18 22 9 5 8 17 22 2 13 21 18 11 14 5 22 22 20 22 14 17 18 16 22 10 7 11 17
split_gain=19268.7 40477.5 38875.2 35023.7 53035.5 108406 79179 51922.6 44392.8 104283 48580.1 43985.2 40680.8 38921.4 42845.5 34168.2 35992.2 42127.5 41154 32872.9 31440.1 32747.1 30544 30859.7 30281.9 31379.8 31832.8 47554.7 43207.1 38631.3
threshold=23.550000000000004 92.500000000000014 -0.88186879444286459 12.500000000000002 1.6200000000000119 27.500000000000004 147.04833333333337 40.250000000000007 21.500000000000004 -30.380000000000006 -0.29822222222222233 -0.83146961230254512 5.9779716223845236 0.16500000000000004 102.77339870200001 5.5000000000000009 170.81833333333338 -38.909999999999982 -35.699999999999996 0.23830868545644526 17.300000000000008 4.5000000000000009 14.500000000000002 1.0100000000000002 0.12500000000000003 -38.349999999999994 76.746666666666684 0.67500000000000016 164.03665643519494 3.9000000000000008
decision_type=2 2 2 2 8 2 2 2 2 10 10 2 8 2 2 2 2 10 10 10 8 2 2 2 2 10 10 2 2 2
left_child=1 2 22 11 7 -6 20 19 -9 10 -10 13 -8 -4 -15 16 -12 -18 -19 -5 21 -7 23 -1 -13 26 27 -26 29 -28
right_child=-2 -3 3 4 5 6 12 8 9 -11 15 24 -14 14 -16 -17 17 18 -20 -21 -22 -23 -24 -25 25 -27 28 -29 -30 -31
leaf_value=-0.23751600909913409 -0.082969462513217324 -0.0077745885865173467 1.3256112485728435 -0.051724511827487954 -0.48129464083517243 0.88697341139227648 2.5646979222049961 0.00080596142859774833 -0.051724511827487954 -0.051724511827487954 0.46364750324836224 -0.11912967728120005 0.75455628226582827 0.020736878006337906 0.57909470181827905 1.6220789705092711 0.42063978037072558 2.9387121106386189 0.99643150818844628 -0.41777248428280611 -0.25422796756029131 -0.069122507338639075 -0.43239033086383749 0.072140883581195289 -0.56722299451662217 0.10057886403276975 1.2875065509283889 0.70054616373160794 0.017193005257434432 0.0010256971056396896
leaf_weight=1122 6659 110003 113 1454 258 362 77 4916 90 1012 711 1002 52 562 884 96 90 50 60 938 120 119 494 2844 151 2197 276 145 157 74
leaf_count=1122 6659 110003 113 1454 258 362 77 4916 90 1012 711 1002 52 562 884 96 90 50 60 938 120 119 494 2844 151 2197 276 145 157 74
internal_value=-7.47263e-06 0.00422812 0.068868 0.105325 0.0511865 0.399692 0.711055 0.0146224 0.0831317 0.27503 0.613798 0.206622 1.83503 0.431923 0.362084 0.724878 0.630332 1.2229 1.87929 -0.186581 0.469803 0.650434 -0.0616424 -0.0154625 0.118855 0.198342 0.465823 0.0538126 0.706365 1.01551
internal_weight=137088 130429 20426 15966 10405 988 730 9417 7025 2109 1097 5561 129 1559 1446 1007 911 200 110 2392 601 481 4460 3966 4002 3000 803 296 507 350
internal_count=137088 130429 20426 15966 10405 988 730 9417 7025 2109 1097 5561 129 1559 1446 1007 911 200 110 2392 601 481 4460 3966 4002 3000 803 296 507 350
is_linear=0
shrinkage=0.05


Tree=128
num_leaves=31
num_cat=0
split_feature=5 20 2 17 9 9 12 21 16 17 22 13 22 6 3 22 19 5 18 10 22 11 20 13 5 9 11 6 20 22
split_gain=19106.7 37145.8 31304.3 28622.6 25576.6 35125 67513.2 46429 34032.7 36419.1 33567.2 122758 42937 29917.3 35281.1 46040.2 34909.9 29562.4 31706.7 29336.5 34023.6 47493.9 65529.7 38491.6 31256.6 53832 30115.1 34256.6 29295.4 27576.2
threshold=95.201666666666682 -1.0379089522204989 -0.0026666666666668461 23.550000000000004 97.500000000000014 332.50000000000006 0.44228869021900152 -5.6595914665941249 0.025000000000000005 5.5000000000000009 -66.549999999999997 -0.77296446310592981 -58.079999999999991 2.2509674681720102 119.55666666666669 6.2599999999999847 0.93066666666666775 156.48500000000004 65.500000000000014 118.28333333333335 -37.309999999999988 70.14998999114691 -0.21636345333020832 -0.32143946530316164 134.39500000000004 877.50000000000011 130.15404149515322 5.9711173514037874 0.23830868545644526 -16.149999999999999
decision_type=2 8 10 2 2 2 2 10 2 2 8 2 10 2 2 10 10 2 2 10 10 2 10 2 2 2 2 2 10 8
left_child=-1 2 -2 4 8 6 -6 -7 9 -3 11 -9 -12 -10 15 -15 28 -8 -19 20 21 -14 23 24 -23 -26 27 -25 29 -16
right_child=1 3 -4 -5 5 7 17 10 13 -11 12 -13 19 14 16 -17 -18 18 -20 -21 -22 22 -24 26 25 -27 -28 -29 -30 -31
leaf_value=-0.067525878516093721 0.04887188634176487 -0.2722242675554773 0.25573347774973026 -0.11578408326904498 -0.019106197446339554 -0.015009775040795559 -0.12678714757014534 2.6751084330948918 0.36489910339914178 0.93644352940221642 -0.11089057719944694 0.23508681047137206 0.026480650725395623 -0.13189135684491174 0.13781810531248331 0.45395401901141252 0.48856519286762617 -0.44361227795347802 0.39932049618413057 -0.60277630948597416 0.070304697234191416 0.81751446741440437 0.15419821033924164 0.39979412638468714 3.0387238549251183 0.8686349162058189 -0.058530238705729556 1.5442859072679616 0.030948758792196662 0.50770073761395451
leaf_weight=9741 8235 1119 2351 5367 37542 32531 3213 55 830 66 2715 821 1298 3491 3174 371 543 1586 120 144 10181 232 1026 205 51 65 176 96 9144 599
leaf_count=9741 8235 1119 2351 5367 37542 32531 3213 55 830 66 2715 821 1298 3491 3174 371 543 1586 120 144 10181 232 1026 205 51 65 176 96 9144 599
internal_value=-3.34094e-05 0.00512921 0.0948129 -0.00300186 0.00243203 -0.00854859 -0.0419279 0.0200287 0.0547071 -0.204906 0.0868226 0.388285 0.0705103 0.0716551 0.0576041 -0.0756126 0.0958272 -0.216104 -0.38432 0.107062 0.114731 0.258364 0.42097 0.752736 1.15258 1.82273 0.461023 0.764815 0.0793174 0.196541
internal_weight=137088 127347 10586 116761 111394 92057 42461 49596 19337 1185 17065 876 16189 18152 17322 3862 13460 4919 1706 13474 13330 3149 1851 825 348 116 477 301 12917 3773
internal_count=137088 127347 10586 116761 111394 92057 42461 49596 19337 1185 17065 876 16189 18152 17322 3862 13460 4919 1706 13474 13330 3149 1851 825 348 116 477 301 12917 3773
is_linear=0
shrinkage=0.05


Tree=129
num_leaves=31
num_cat=0
split_feature=20 16 8 22 0 21 11 22 13 22 13 5 22 12 20 4 22 22 22 22 22 13 4 6 12 13 5 9 9 20
split_gain=18373.4 38616.9 29477.1 26042.6 18785.8 36833.7 44997.6 44563.5 65177.7 49130.1 47280.9 51791.8 40822.4 41831.6 58204.7 44593.6 40232.4 37802.1 35294.5 61171.6 33358.6 64146.4 41731.1 31049.9 32111.6 30900.6 30635.8 30319.9 30291.1 29043.8
threshold=3.3283184234618255 13.937500000000002 39.500000000000007 -78.07999999999997 160.82000000000002 9.5590121163027906 142.06520128250133 -16.149999999999999 -0.83743052905771542 -36.249999999999993 -0.33172980431441507 174.9677777777778 -77.679999999999964 0.45201865172701788 0.017536152681557709 11.474643343513639 -36.589999999999996 -17.820000000000011 -41.969999999999978 -54.849999999999994 -58.079999999999991 0.043619387365335889 15.729852721031733 5.9130010838978757 0.15212338618991691 -0.98658463173998423 174.9677777777778 477.50000000000006 82.500000000000014 1.3216508390461235
decision_type=10 2 2 8 2 10 2 10 2 8 2 2 10 2 10 2 10 10 10 8 10 2 2 2 2 2 2 2 2 8
left_child=4 2 -2 -4 29 6 18 9 -9 12 11 -10 23 16 -15 -16 -14 -8 19 20 -6 22 -22 -7 -25 -11 -17 -12 -27 -1
right_child=1 -3 3 -5 5 7 17 8 10 25 27 -13 13 14 15 26 -18 -19 -20 -21 21 -23 -24 24 -26 28 -28 -29 -30 -31
leaf_value=-0.003154215982713213 -0.37446818990993835 -0.8588721004558757 1.2574619818048982 0.071421185860436873 -0.0028800707881974663 0.79440926870361706 -0.27172314251566454 -0.42101772498934209 0.51837042985415016 -0.99103662958270622 1.0073227645385834 2.5491739108959837 0.10197900573715964 1.9099252908067272 0.10920316440053285 0.093330430036241363 1.1081482142420873 0.36424865444494192 0.08424316803035091 -0.27536286095948115 1.2277955338816371 -0.14722030784712356 -0.32977484085438952 0.20308760494864997 -0.81437624934250907 0.21857045119711521 1.1815515115963997 -0.073922320275471132 -0.24840921585935655 -0.14732692210594345
leaf_weight=103701 418 187 52 421 5401 61 2033 119 54 95 147 75 1584 77 400 88 106 264 13339 2168 228 268 53 124 207 582 244 116 861 3615
leaf_count=103701 418 187 52 421 5401 61 2033 119 54 95 147 75 1584 77 400 88 106 264 13339 2168 228 268 53 124 207 582 244 116 861 3615
internal_value=-3.1739e-05 -0.20564 -0.0685425 0.20181 0.00159789 0.0375344 0.0117004 0.161757 0.603876 0.110748 0.915004 1.69907 0.232211 0.306625 0.602296 0.464744 0.165088 -0.198629 0.0342164 -0.0479844 0.0348654 0.406201 0.934019 -0.242179 -0.433212 -0.117569 0.893107 0.530424 -0.060064 -0.00801075
internal_weight=137088 1078 891 473 136010 28694 23754 4940 511 4429 392 129 2891 2499 809 732 1690 2297 21457 8118 5950 549 281 392 331 1538 332 263 1443 107316
internal_count=137088 1078 891 473 136010 28694 23754 4940 511 4429 392 129 2891 2499 809 732 1690 2297 21457 8118 5950 549 281 392 331 1538 332 263 1443 107316
is_linear=0
shrinkage=0.05


Tree=130
num_leaves=31
num_cat=0
split_feature=20 21 12 5 2 11 8 11 6 22 22 9 10 18 21 13 16 2 19 18 5 20 2 9 6 22 0 11 10 22
split_gain=17887.9 22928.5 40361.5 33231.5 43614.5 50220.8 40807.6 30806.6 30262.1 27500.4 30312.7 40004.2 29076.9 26684.5 24300.1 30289.1 21103 21061.4 34412.3 27513.6 21666.4 31732.4 31995.7 33750.1 25821.1 30345.8 48310.4 28440.2 35511.6 29543.7
threshold=2.0371132148740947 6.1121173323379461 -0.25881904510252113 208.80166666666668 1.8666666666666667 104.78408625731805 56.70000000000001 61.807323038578168 25.301081297335561 -62.099999999999994 -68.739999999999981 87.500000000000014 74.870833333333351 43.500000000000007 -18.313973161001297 0.37256073532439549 41.500000000000007 1.186666666666667 -0.29333333333333356 13.750000000000002 102.10000000000001 -1.0379089522204989 0.11999999999999995 27.500000000000004 9.6492065925656121 -43.509999999999984 265.42000000000002 121.52027564747299 77.075000000000017 -33.219999999999992
decision_type=8 10 2 2 10 2 2 2 2 8 10 2 8 2 10 2 2 8 10 2 2 10 10 2 2 10 2 2 10 10
left_child=17 7 -3 6 5 -5 -4 8 -2 10 12 -12 -9 -8 15 -11 -7 20 -19 -20 -1 22 -22 -24 -23 26 -26 28 -27 -30
right_child=1 2 3 4 -6 16 13 9 -10 14 11 -13 -14 -15 -16 -17 -18 18 19 -21 21 24 23 -25 25 27 -28 -29 29 -31
leaf_value=-0.052849459170144344 0.019569860339038986 0.31742483067104826 -0.96189896582871381 0.70821055625106255 0.96557696146192029 -0.20785057491330688 0.11039205122900607 0.76447914932288386 1.0016350997096681 -1.3994090215064761 -0.52428621888944982 -2.3345129127011579 -0.5896699105169666 -0.54095415128507651 -0.13236099657521991 0.030788494339929182 -1.187937644805227 -0.061477229664699207 0.36273908040161174 0.042580119059929894 0.070122920163165028 0.015412884863170133 1.6326400672013943 0.31630087662123474 -0.14521890993768824 -0.037678491860577201 0.4775565453310624 -0.087004343310439047 0.34179084150918504 0.068550178352358979
leaf_weight=16789 474 837 201 142 128 255 369 51 94 86 76 51 178 138 2761 65 70 1769 1524 1199 7259 75515 52 766 8007 6138 324 6698 1347 3725
leaf_count=16789 474 837 201 142 128 255 369 51 94 86 76 51 178 138 2761 65 70 1769 1524 1199 7259 75515 52 766 8007 6138 324 6698 1347 3725
internal_value=-3.01521e-05 -0.0846294 0.0464955 -0.12754 0.147903 -0.0762133 -0.35902 -0.15778 0.182095 -0.216853 -0.631682 -1.25123 -0.288091 -0.120009 -0.166139 -0.783761 -0.418946 0.00382583 0.110221 0.221766 5.13108e-05 0.00813783 0.103529 0.39998 0.00056588 -0.0421633 -0.120999 -0.00548827 0.0432178 0.141116
internal_weight=137088 5976 2140 1303 595 467 708 3836 568 3268 356 127 229 507 2912 151 325 131112 4492 2723 126620 109831 8077 818 101754 26239 8331 17908 11210 5072
internal_count=137088 5976 2140 1303 595 467 708 3836 568 3268 356 127 229 507 2912 151 325 131112 4492 2723 126620 109831 8077 818 101754 26239 8331 17908 11210 5072
is_linear=0
shrinkage=0.05


Tree=131
num_leaves=31
num_cat=0
split_feature=16 18 21 21 11 9 8 22 12 13 16 6 22 1 13 13 10 14 9 3 0 12 18 12 22 10 8 2 5 9
split_gain=17483.8 27511.9 24571.9 17800.9 29141.7 64056.5 41872.9 41841.8 39063 35727.5 37038.6 48813.7 58261.2 34547.3 32664.1 31119 47222.4 44766.2 52124.6 31055.8 42615.4 32961.6 29907.7 30398.1 29327 28499.4 45718.2 27370.2 25743.5 26110.2
threshold=174.50000000000003 195.50000000000003 -3.9542646888150013 -15.151183589598373 121.52027564747299 267.50000000000006 60.375000000000007 -65.299999999999983 0.97381903846659756 -0.5 41.500000000000007 6.6678818589252247 -79.379999999999981 3.5906666666666678 0.35222909080468506 -0.15212338618991647 84.870833333333351 4.5000000000000009 322.50000000000006 213.72666666666672 257.78000000000003 0.35222909080468517 65.500000000000014 -0.17364817766693016 2.2800000000000016 86.941666666666677 293.00000000000006 -1.9599999999999997 94.495000000000019 1422.5000000000002
decision_type=2 2 10 10 2 2 2 8 2 2 2 2 8 8 2 2 10 2 2 2 2 2 2 2 10 10 2 10 2 2
left_child=1 3 -2 27 6 14 13 15 -9 10 11 22 -13 28 25 17 -17 18 -7 -12 21 -21 23 -8 -16 -6 -27 -1 -5 -30
right_child=2 -3 -4 4 5 7 9 8 -10 -11 19 12 -14 -15 24 16 -18 -19 -20 20 -22 -23 -24 -25 -26 26 -28 -29 29 -31
leaf_value=0.53975624352255291 0.8660910686637675 -0.56476094324133119 -0.00689225303793424 -0.12408221714032862 -0.15916038776724764 -0.34013179965112189 0.53520440013413362 0.072710094215633 -0.3550566162937156 0.07616896293381753 0.07616896293381753 1.7681104505062102 0.1823252632060294 -0.7147305962388163 0.076712407243786265 1.0099483684395199 -0.22518322666486107 2.0727119274437427 1.0288917534829429 0.43687988493372415 0.07616896293381753 1.9719115104940201 0.20399838011899143 1.356439007042336 -0.73542917501508143 -0.05250393219368469 1.2105483618875346 -0.041671274715741724 0.029124119883641404 -0.17480562898887642
leaf_weight=204 140 216 190 3102 9059 109 214 9932 564 2923 2121 60 1671 162 4460 108 273 56 192 68 175 72 179 238 114 14536 72 25928 58337 1613
leaf_count=204 140 216 190 3102 9059 109 214 9932 564 2923 2121 60 1671 162 4460 108 273 56 192 68 175 72 179 238 114 14536 72 25928 58337 1613
internal_value=-3.84658e-05 -0.000915606 0.363464 -2.36415e-05 0.0087593 -0.0256751 0.0279219 0.0753115 0.0497242 0.137842 0.233447 0.374528 0.237292 0.0144962 -0.0658466 0.43922 0.124933 0.774635 0.533132 0.0966529 0.575889 1.22632 0.751001 0.967624 0.056471 -0.0894863 -0.0462786 -0.0371323 0.0163698 0.0236372
internal_weight=137088 136758 330 136542 110410 39475 70935 11234 10496 7721 4798 2362 1731 63214 28241 738 381 357 301 2436 315 140 631 452 4574 23667 14608 26132 63052 59950
internal_count=137088 136758 330 136542 110410 39475 70935 11234 10496 7721 4798 2362 1731 63214 28241 738 381 357 301 2436 315 140 631 452 4574 23667 14608 26132 63052 59950
is_linear=0
shrinkage=0.05


Tree=132
num_leaves=31
num_cat=0
split_feature=20 19 13 5 22 12 0 12 16 18 22 2 12 20 13 20 21 0 16 16 22 8 12 9 16 9 12 9 13 0
split_gain=18365.4 31880.4 27868.9 26166.9 28329.4 25967.9 24434.1 34849.1 23232.3 30017.7 26577.1 23066.7 34172.8 29654.1 23235.4 32808.3 30085 26187.4 27847.4 41171.1 28311.3 22327.2 21986.1 21378.9 20864.9 20673.4 26514.2 26115.8 23022.8 20559.3
threshold=-0.56978889325060822 0.34400000000000036 0.89194178735545526 114.31833333333336 -66.999999999999986 -0.20576496797711577 147.41333333333338 0.99512551815703276 152.00000000000003 104.50000000000001 -70.36999999999999 -0.22666666666666632 0.16288578192842371 -2.5386739793346953 -0.065403129230142923 -1.3024052539028357 -8.5518725268251945 85.206666666666692 0.095000000000000015 8.7500000000000018 -8.319999999999995 293.00000000000006 -0.48098876891938752 717.50000000000011 33.500000000000007 827.50000000000011 0.34202014332566882 687.50000000000011 0.36243803828370164 222.62000000000003
decision_type=8 10 2 2 8 2 2 2 2 2 10 8 2 10 2 10 8 2 2 2 10 2 2 2 2 2 2 2 2 2
left_child=1 2 6 4 -2 -3 11 25 9 21 -11 -1 13 -13 15 22 -17 -16 -19 20 -20 -5 24 -4 -15 27 -27 -8 -29 -10
right_child=3 5 23 8 -6 -7 7 -9 29 10 -12 12 -14 14 17 16 -18 18 19 -21 -22 -23 -24 -25 -26 26 -28 28 -30 -31
leaf_value=-0.047937730872947414 0.74756013295560519 0.27224750131655917 -0.03295802201009649 0.00013016205976254977 -0.072348469668365653 0.028675459508642684 0.19098433205259918 1.2054174250128067 0.62793323596679551 -1.3737919334073863 -0.25262039917277862 -0.48673679705547257 -0.028566430440703068 0.12664163261265954 -0.22147148033986941 0.53516655051331419 -0.014350141544487697 0.18145288334841408 1.3011548245675479 0.26199269373614203 0.12934123942738071 0.81091969840666833 0.40119705298613817 -0.29148867947530677 -0.85667764108371114 -0.76500126502730637 0.079703895136713998 1.7574613448518974 0.28344005004813277 -0.3224906477617891
leaf_weight=9377 106 2292 2413 80179 17259 2094 1327 82 258 60 444 207 8322 772 287 261 5451 2009 213 503 68 85 1065 1196 58 121 400 52 54 73
leaf_count=9377 106 2292 2413 80179 17259 2094 1327 82 258 60 444 207 8322 772 287 261 5451 2009 213 503 68 85 1065 1196 58 121 400 52 54 73
internal_value=-0.00017863 0.0290414 0.0127828 -0.0116406 -0.0673436 0.155959 0.0282675 0.195624 0.000286544 -0.00142664 -0.386093 0.0163507 0.047722 0.105999 0.11748 0.070568 0.0107591 0.233344 0.28008 0.532811 1.01758 0.000988792 0.250847 -0.118633 0.0579278 0.153248 -0.116475 0.251312 1.00654 0.418323
internal_weight=137088 38624 34238 98464 17365 4386 30629 2036 81099 80768 504 28593 19216 10894 10687 7607 5712 3080 2793 784 281 80264 1895 3609 830 1954 521 1433 106 331
internal_count=137088 38624 34238 98464 17365 4386 30629 2036 81099 80768 504 28593 19216 10894 10687 7607 5712 3080 2793 784 281 80264 1895 3609 830 1954 521 1433 106 331
is_linear=0
shrinkage=0.05


Tree=133
num_leaves=31
num_cat=0
split_feature=20 2 12 9 10 18 19 2 19 22 0 2 12 17 14 11 2 5 16 8 9 8 12 12 22 22 22 3 13 10
split_gain=17753.8 41797.4 31749.7 31560.4 33930 28012.6 25286.7 24441.9 22159.3 31228.5 35844.6 33539.1 32157.4 27330.9 23968.8 31862.7 29200.9 22248.2 21672.6 29163.9 21669.7 21207.3 30969.1 21163.5 23162.4 29119.2 22502.1 20772.7 24556.4 20767
threshold=1.0004845928774697 1.5666666666666667 -0.93585024503435332 432.50000000000006 102.27333333333335 94.375000000000014 1.0706666666666662 0.82911111111111035 -0.27999999999999875 1.6200000000000119 257.78000000000003 -0.93333333333333302 -0.72982064943493963 56.500000000000007 5.5000000000000009 79.859723976000012 0.74999999999999989 153.66833333333335 0.50000000000000011 51.500000000000007 767.50000000000011 93.500000000000014 -0.32143946530316164 0.79989897227935891 -46.259999999999998 -56.479999999999997 -14.589999999999998 226.17000000000002 -0.98658463173998423 84.870833333333351
decision_type=8 10 2 2 10 2 10 10 8 8 2 8 2 2 2 2 10 2 2 2 2 2 2 2 8 10 10 2 2 8
left_child=1 6 3 4 5 -2 27 -6 20 10 13 -11 -12 21 15 16 -13 -16 -3 -20 23 -10 -23 24 25 -4 -26 -1 -29 -19
right_child=2 18 8 -5 7 -7 -8 -9 9 11 12 14 -14 -15 17 -17 -18 29 19 -21 -22 22 -24 -25 26 -27 -28 28 -30 -31
leaf_value=-0.00021341110239012659 -0.43026331584518074 0.68864536330340398 -0.090128318540355384 0.33345332937576228 -0.12351665666434342 0.68115020283197958 0.23377040712660913 1.1010484588707783 -0.056088504178097756 -0.96747193378314644 0.95427302491885646 0.22165401677865149 0.1421679820514293 -0.51844837324257342 -0.073359311854755374 -0.17192182209144841 1.0133014184099141 0.39036710033049954 -0.37546931487568735 0.43057711602963816 -0.48869607567000606 0.1004581497929391 1.008938321175876 -0.39935540798569552 0.08441174763530318 -0.61517529839780971 -0.19388928362617941 0.88147492665311578 0.1247443619351534 1.4032532422166124
leaf_weight=113390 1451 315 1031 214 104 59 1193 67 8209 57 135 670 1256 303 71 433 141 91 169 334 341 468 111 471 2865 355 973 115 1582 114
leaf_count=113390 1451 315 1031 214 104 59 1193 67 8209 57 135 670 1256 303 71 433 141 91 169 334 341 468 111 471 2865 355 973 115 1582 114
internal_value=-0.000169698 0.00726474 -0.0437194 -0.238438 -0.311243 -0.386837 0.00475924 0.356284 -0.0233274 0.0158186 -0.0153906 0.22326 0.220985 -0.0515581 0.267913 0.17439 0.359289 0.689441 0.363425 0.159758 -0.101535 -0.0354603 0.257005 -0.078353 -0.0494112 -0.22461 0.0138576 0.0023853 0.176025 0.953631
internal_weight=137088 117098 19990 1895 1681 1510 116280 171 18095 12059 10482 1577 1391 9091 1520 1244 811 276 818 503 6036 8788 579 5695 5224 1386 3838 115087 1697 205
internal_count=137088 117098 19990 1895 1681 1510 116280 171 18095 12059 10482 1577 1391 9091 1520 1244 811 276 818 503 6036 8788 579 5695 5224 1386 3838 115087 1697 205
is_linear=0
shrinkage=0.05


Tree=134
num_leaves=31
num_cat=0
split_feature=6 13 21 12 22 9 10 14 6 7 13 22 13 20 9 20 13 3 9 11 14 9 3 22 20 20 0 22 21 3
split_gain=17533.5 67839.5 34705.3 33449.1 32450.9 51410.3 70512.7 46360.6 39760.1 39392 26979.9 23967.9 53277.7 23484.1 30741.3 22509.9 27093.3 29272.7 27191.5 33084.1 26789.6 27452.1 24320.4 24180.7 22598.4 22094.4 33709.4 47248.1 44466 32862.3
threshold=2.7916512135657912 -0.60003553868615123 6.8997808012093715 -0.22706275313213778 -22.869999999999994 722.50000000000011 81.170833333333348 3.5000000000000004 1.841183743038062 46.500000000000007 -0.92794370089704259 -66.999999999999986 -0.1413247892049839 0.26980521835241694 812.50000000000011 -1.9604912259170915 -0.1413247892049839 92.696666666666687 422.50000000000006 76.167910878156235 3.5000000000000004 582.50000000000011 86.103333333333353 -36.069999999999993 -0.83031954315635892 -0.86580610064640362 102.72666666666669 -79.379999999999981 -2.471510875557136 117.90666666666668
decision_type=2 2 10 2 8 2 10 2 2 2 2 10 2 10 2 8 2 2 2 2 2 2 2 10 10 10 2 10 10 2
left_child=1 2 4 15 5 9 7 13 -8 10 -1 12 -5 14 -7 -3 -17 22 24 -20 21 -21 -18 -24 -19 26 -2 28 -28 -27
right_child=25 3 -4 11 -6 6 8 -9 -10 -11 -12 -13 -14 -15 -16 16 17 18 19 20 -22 -23 23 -25 -26 29 27 -29 -30 -31
leaf_value=0.36612507906502056 -0.022899689331356259 -0.38038362850059282 -0.016161785557084137 1.0975338741057905 0.091292846954076967 0.24422827747146614 2.5752838425014328 0.18694563175175483 0.83063156849614561 0.79676141064704931 -0.065212381244525053 -0.043814897625736829 0.051996903283079682 0.014390189021825792 1.5506403351939002 -0.037290736009850611 0.14518924256583221 0.44139114110333655 0.096211249300125826 0.5981662736611163 0.29934707987966053 1.8131102623316744 2.0009477169513703 0.68558742001909634 0.030795458572005836 -0.077695739801874761 0.24302666112026464 0.15551721520009465 -0.60581674007766884 -0.0039115013733165239
leaf_weight=620 9176 228 1590 145 1774 61 69 468 62 246 873 19582 763 50 172 1707 119 393 335 94 149 92 50 116 2275 19338 247 7174 411 68709
leaf_count=620 9176 228 1590 145 1774 61 69 468 62 246 873 19582 763 50 172 1707 119 393 335 94 149 92 50 116 2275 19338 247 7174 411 68709
internal_value=-0.000164934 0.0322179 0.184016 -0.0026606 0.256436 0.368211 0.679152 0.492434 1.74957 0.210506 0.11391 -0.0321702 0.21896 0.997624 1.20862 0.106129 0.12694 0.204319 0.16279 0.447563 0.798915 1.19911 0.690712 1.08178 0.0912768 -0.010039 0.0421325 0.118324 -0.287178 -0.0201169
internal_weight=137088 32033 5985 26048 4395 2621 882 751 131 1739 1493 20490 908 283 233 5558 5330 3623 3338 670 335 186 285 166 2668 105055 17008 7832 658 88047
internal_count=137088 32033 5985 26048 4395 2621 882 751 131 1739 1493 20490 908 283 233 5558 5330 3623 3338 670 335 186 285 166 2668 105055 17008 7832 658 88047
is_linear=0
shrinkage=0.05


Tree=135
num_leaves=31
num_cat=0
split_feature=11 12 19 20 22 22 20 16 22 21 5 2 20 13 6 9 11 22 22 0 22 11 13 3 22 14 1 3 19 19
split_gain=17112.2 37032.7 23642.5 26637 39636.4 23578 29378.2 28551 26672 25652.3 27938.6 21628 32516.4 33238.2 58223.1 28321.6 39196.3 79729.5 30791.2 29868.8 27526.2 35708.4 23838.6 21225.6 25633.5 24676.8 21491.4 20902.9 27904.8 20867.1
threshold=161.08231949749691 -0.13052619222005171 0.21600000000000114 -1.0379089522204989 -29.06999999999999 -38.349999999999994 -1.2772514298876951 14.800000000000002 -6.619999999999993 18.620909412835911 176.03666666666669 -0.21466666666666587 -2.0720792423331171 -0.60003553868615123 2.7916512135657912 722.50000000000011 65.082075417041793 -27.800000000000001 -21.169999999999991 139.42000000000004 -35.439999999999976 61.132361169500015 -0.99512551815703254 222.79333333333335 -33.390000000000008 4.5000000000000009 0.22400000000000045 132.25000000000003 -1.1439999999999968 0.98933333333333318
decision_type=2 2 10 10 8 10 10 2 10 10 2 8 8 2 2 2 2 8 10 2 8 2 2 2 10 2 10 2 10 10
left_child=2 5 11 4 -4 6 7 -2 -7 -8 -11 20 -13 14 15 22 -17 19 -19 -18 21 -1 -14 26 25 -25 -3 -15 -29 -28
right_child=1 23 3 -5 -6 8 9 -9 -10 10 -12 12 13 27 -16 16 17 18 -20 -21 -22 -23 -24 24 -26 -27 29 28 -30 -31
leaf_value=-0.27959027982006129 0.44157719735007783 -0.048965004150494949 0.41738868382479366 0.034817125021475707 0.012267879464154438 0.087172709913955981 -0.22979517240845657 -0.69889098340645439 -0.16351901870633126 -0.1000913355733965 0.61186644945825852 -0.27805333655845388 0.55624580778712918 -0.031878789840448216 0.022462294940058556 0.24127676789660471 1.2185958817706888 -0.18306059316690468 1.0906488493084907 2.6409269970953466 0.004907243988267869 -0.056604999204222142 0.10024507323816999 0.015196031713276171 -1.0297485019101038 -1.0563542532570223 -0.25335075106604704 -0.37311012453055903 0.038088541615023848 0.47332427908205288
leaf_weight=2285 385 5836 1184 19539 1232 8141 2378 64 1220 429 203 964 326 30092 11535 800 141 157 68 50 12531 8379 2372 256 135 68 2418 420 23377 103
leaf_count=2285 385 5836 1184 19539 1232 8141 2378 64 1220 429 203 964 326 30092 11535 800 141 157 68 50 12531 8379 2372 256 135 68 2418 420 23377 103
internal_value=-0.000156687 -0.0409638 0.00749067 0.0541833 0.210804 0.013282 -0.0982668 0.279016 0.0545006 -0.154546 0.128591 -0.00347371 0.0103394 0.0143489 0.079004 0.245639 0.445981 0.839644 0.201883 1.59093 -0.0453401 -0.104385 0.155344 -0.119847 -0.450889 -0.209697 -0.101664 -0.00418651 0.0308312 -0.223661
internal_weight=137088 21636 115452 21955 2416 12820 3459 449 9361 3010 632 93497 70302 69338 15449 3914 1216 416 225 191 23195 10664 2698 8816 459 324 8357 53889 23797 2521
internal_count=137088 21636 115452 21955 2416 12820 3459 449 9361 3010 632 93497 70302 69338 15449 3914 1216 416 225 191 23195 10664 2698 8816 459 324 8357 53889 23797 2521
is_linear=0
shrinkage=0.05


Tree=136
num_leaves=31
num_cat=0
split_feature=20 21 16 14 0 9 5 21 6 12 0 22 22 6 20 3 0 21 21 11 12 11 17 21 9 21 10 6 21 14
split_gain=16610.7 23987.6 35155.4 32993.9 74700.4 29797.4 26996.7 29098.6 41013.8 26940.5 54855.1 27055.3 35693.6 24684.4 24377.5 24012.6 20067.9 26423.3 25333.6 40598.4 102148 40102.8 37802.9 54605.7 37511.8 33359.6 34839.9 28475.1 35410.2 26545.7
threshold=2.199700411570332 3.8108030532962691 13.937500000000002 5.5000000000000009 265.42000000000002 782.50000000000011 277.32833333333338 -9.1626488137172952 28.894027378859501 -0.14132478920498429 276.64000000000004 -18.729999999999997 -54.849999999999994 30.012527826301667 3.3283184234618255 267.83333333333337 165.82000000000002 42.129565946873647 9.5590121163027906 187.02226984500888 0.4126824757997184 151.66560000350003 0.64500000000000013 14.702722835072906 1037.5000000000002 16.413425442766194 97.016666666666666 5.4536454306542224 21.162526170772797 4.5000000000000009
decision_type=8 10 2 2 2 2 2 8 2 2 2 8 10 2 10 2 2 10 10 2 2 2 2 10 2 10 10 2 8 2
left_child=16 3 5 6 -5 9 7 8 -2 -3 11 12 -11 -12 -9 -4 -1 18 21 20 22 -18 -20 -24 25 29 -27 28 -21 -22
right_child=1 2 15 4 -6 -7 -8 14 -10 10 13 -13 -14 -15 -16 -17 17 -19 19 27 24 -23 23 -25 -26 26 -28 -29 -30 -31
leaf_value=-0.0055124906006139692 -0.017011682874541367 0.43711453949787471 -0.1526505853710228 -0.3199105348189672 -2.2049627171408743 -0.91379603165246204 0.30140736884318248 -0.17247377122215257 1.5441527713019894 0.28342968702894972 0.10622914182703669 0.21784362575228522 -0.80259507797266316 0.97914461879758175 -0.65880041153170177 -0.99298482805785582 0.045955121997071205 -1.0190472063319438 0.1779262334941602 0.058347148536625565 0.25032754803418744 -0.24640444055897934 -0.01663028866487698 -1.8254114228487017 2.1431197391152383 0.72535349348577383 2.1539103718920494 -0.1137852691281922 1.550206483701865 1.1414143910450218
leaf_weight=110152 204 663 537 345 62 63 328 1323 53 103 164 187 285 160 320 101 17162 58 1244 118 321 1259 137 60 50 107 71 1278 60 113
leaf_count=110152 204 663 537 345 62 63 328 1323 53 103 164 187 285 160 320 101 17162 58 1244 118 321 1259 137 60 50 107 71 1278 60 113
internal_value=-0.000148853 -0.0905668 0.0288326 -0.19311 -0.607068 0.152316 -0.11749 -0.189805 0.304941 0.195315 0.0169913 -0.276191 -0.514295 0.537299 -0.267194 -0.285682 0.00320138 0.0467557 0.0495681 0.171691 0.312206 0.0259735 0.0760147 -0.567528 0.826331 0.718751 1.29517 -0.0312639 0.561221 0.482339
internal_weight=137088 4898 2263 2635 407 1625 2228 1900 257 1562 899 575 388 324 1643 638 132190 22038 21980 3559 2103 18421 1441 197 662 612 178 1456 178 434
internal_count=137088 4898 2263 2635 407 1625 2228 1900 257 1562 899 575 388 324 1643 638 132190 22038 21980 3559 2103 18421 1441 197 662 612 178 1456 178 434
is_linear=0
shrinkage=0.05


Tree=137
num_leaves=31
num_cat=0
split_feature=17 17 14 20 15 16 18 18 11 8 22 10 22 12 21 16 20 10 20 2 12 22 16 6 13 8 9 9 18 9
split_gain=15860.7 28353.5 43154 32238.9 28868.4 25149.9 61697.3 32759.8 52298.9 41750.7 39211.1 38881.7 45167.2 81217.4 78293.1 43207.7 36695.5 32731.6 43698.7 43413.1 51804.9 38886.3 33901.9 32267.2 62238.5 35996.1 31873.2 30438 33242.5 30071.9
threshold=63.500000000000007 67.500000000000014 1.5000000000000002 1.5848503699965228 15.500000000000002 0.1125 0.16500000000000004 16.750000000000004 92.693095237016749 32.500000000000007 -81.609999999999985 83.083333333333357 -3.3500000000000045 -0.19509032201612828 4.9338158167681749 2.9800000000000004 0.55138505709939833 75.037500000000023 -0.66453833535919371 1.8666666666666667 -0.14132478920498429 -27.759999999999987 0.17500000000000002 16.987517342286768 -0.6835516316989646 40.250000000000007 12.500000000000002 77.500000000000014 21.500000000000004 202.50000000000003
decision_type=2 2 2 10 2 2 2 2 2 2 8 10 8 2 10 2 10 10 10 10 2 10 2 2 2 2 2 2 2 2
left_child=5 2 3 -2 -3 29 -7 10 11 16 -8 15 -13 -14 -15 -9 -10 18 21 22 -21 -12 -19 26 25 -25 -17 28 -11 -1
right_child=1 4 -4 -5 -6 6 7 8 9 27 17 12 13 14 -16 23 -18 19 -20 20 -22 -23 -24 24 -26 -27 -28 -29 -30 -31
leaf_value=-0.058092657415095561 0.32676535509439492 1.1066853201513489 -0.3922533347730402 -0.71934217020366975 -0.0057436924655576366 0.50837565335246582 1.2718185715334485 1.2581907190280419 -0.13062454036848234 -0.11690284472921392 0.89053664207458505 0.16010468103300346 0.35269160862048188 3.1546745652058088 0.55323081991889267 0.35206325309283765 -0.55042361126545225 -0.3186679519333675 -0.12106257647767658 0.43244160188183395 2.148876031745564 -0.26970708553397332 0.16395824597473457 -0.38322036682606436 -0.14955863708354258 0.71244926526735874 -0.1193440246925706 -0.11690284472921392 0.11377033092693223 0.0059627024208803031
leaf_weight=23689 427 60 1332 89 2083 699 72 73 2371 1100 214 834 286 61 55 415 667 388 2362 219 55 109 5850 86 540 584 2637 3759 5088 80884
leaf_count=23689 427 60 1332 89 2083 699 72 73 2371 1100 214 834 286 61 55 415 667 388 2362 219 55 109 5850 86 540 584 2637 3759 5088 80884
internal_value=-0.00014141 -0.0983556 -0.241869 0.146332 0.0254022 0.00280361 0.0444195 0.0327643 -0.00557969 -0.0605616 0.109527 0.122573 0.369951 0.805305 1.92123 0.0520405 -0.222792 0.100428 -0.0464704 0.160996 0.776981 0.498999 0.133939 0.0313815 0.249877 0.571811 -0.0552438 -0.0110133 0.0572266 -0.00854781
internal_weight=137088 3991 1848 516 2143 133097 28524 27825 18556 12985 9269 5571 1236 402 116 4335 3038 9197 2685 6512 274 323 6238 4262 1210 670 3052 9947 6188 104573
internal_count=137088 3991 1848 516 2143 133097 28524 27825 18556 12985 9269 5571 1236 402 116 4335 3038 9197 2685 6512 274 323 6238 4262 1210 670 3052 9947 6188 104573
is_linear=0
shrinkage=0.05


Tree=138
num_leaves=31
num_cat=0
split_feature=20 16 0 1 8 12 3 20 16 21 8 12 11 13 22 21 9 12 11 3 13 8 13 11 22 9 6 5 20 22
split_gain=16241.3 32541.9 24670.5 21448.4 19195 19008.9 15984.7 32683.7 27459.5 34337.8 27270.4 24834 23116.8 42203.8 39867 27597.3 31655.8 93871.5 46975.8 43544.1 34664.4 60002.5 35853.2 39477.1 35026.1 99879.9 40236.6 37896.8 33997 39388.7
threshold=3.3283184234618255 13.937500000000002 288.90000000000003 1.9022222222222231 39.500000000000007 -0.53729960834682411 100.50333333333334 -1.2088320812940172 41.500000000000007 2.7044919661661955 69.375000000000014 -0.99845357241023047 185.06357079700001 -0.42261826174069955 -28.129999999999992 -8.856961520772737 697.50000000000011 0.54643492068321309 65.082075417041793 132.57000000000005 0.14132478920498384 42.500000000000007 -0.6835516316989646 106.09808146953573 -4.5400000000000054 47.500000000000007 16.987517342286768 136.19500000000002 -0.73846953883813649 -60.530000000000008
decision_type=8 2 2 10 2 2 2 10 2 10 2 2 2 2 8 10 2 2 2 2 2 2 2 2 10 2 2 2 10 10
left_child=6 2 4 -4 -2 -6 8 11 10 -10 -1 -8 15 14 -14 -9 20 -18 -19 -20 21 -17 23 24 26 -26 -23 -27 29 -22
right_child=1 -3 3 -5 5 -7 7 12 9 -11 -12 -13 13 -15 -16 16 17 18 19 -21 28 22 -24 -25 25 27 -28 -29 -30 -31
leaf_value=-0.041248131750073816 -0.47468770292553852 -0.79165223068731994 0.098208286543632617 1.1952288665003696 0.70236027456066086 -0.16530090072082254 1.1142863814876631 -0.02302976367266556 -0.6577061132925035 -0.047887549163116251 0.33237194736829345 0.12933633650935092 -0.23440574394659547 0.045043384651931223 0.018025636034894925 -0.054019959469710513 -0.093796451635136946 0.036000503726112236 0.20556106942696065 0.60842262319008711 0.92024575448122592 0.097505683976856494 0.021680308808778151 0.061448248941180061 0.021680308808778151 1.1447774209561967 0.52414958077230134 2.8975836573862566 0.047102122010339573 0.18824394895457486
leaf_weight=14853 359 187 182 59 84 254 65 38762 401 544 505 4146 4396 5147 2428 24910 2687 1246 1338 1345 207 1327 3332 3078 63 78 947 51 22469 1638
leaf_count=14853 359 187 182 59 84 254 65 38762 401 544 505 4146 4396 5147 2428 24910 2687 1246 1338 1345 207 1327 3332 3078 63 78 947 51 22469 1638
internal_value=-0.000178246 -0.189376 -0.0693056 0.366773 -0.220088 0.0503309 0.00138723 0.00771531 -0.0450593 -0.306657 -0.0289628 0.14454 0.00272464 -0.063056 -0.14459 0.0103346 0.0303183 0.133947 0.289699 0.407517 0.0185178 -0.0142452 0.0973806 0.180873 0.329935 0.978441 0.27518 1.83775 0.0640443 0.270371
internal_weight=137088 1125 938 241 697 338 135963 119660 16303 945 15358 4211 115449 11971 6824 103478 64716 6616 3929 2683 58100 33786 8876 5544 2466 192 2274 129 24314 1845
internal_count=137088 1125 938 241 697 338 135963 119660 16303 945 15358 4211 115449 11971 6824 103478 64716 6616 3929 2683 58100 33786 8876 5544 2466 192 2274 129 24314 1845
is_linear=0
shrinkage=0.05


Tree=139
num_leaves=31
num_cat=0
split_feature=20 2 12 10 9 9 14 0 9 12 5 22 5 13 21 11 9 18 1 19 22 0 10 14 3 12 21 21 22 2
split_gain=16192.8 32040.4 30229.1 32717.7 23631.8 27021.9 23474 44244.3 36384.1 32642.6 50727.8 26279 30585.6 24205.9 27425.7 23321.1 22452.3 23749.8 20907.5 20485.3 20350.5 20809.3 20346.7 26084.6 20188.2 27636.3 45898.4 40969.8 45032.7 38042.7
threshold=1.1053750793047967 1.5666666666666667 -0.93585024503435332 102.27333333333335 272.50000000000006 367.50000000000006 2.5000000000000004 251.18000000000004 492.50000000000006 -0.42261826174069955 294.63333333333338 -75.070000000000007 190.33666666666673 0.087155742747658027 8.6972975805622657 304.02921628952032 437.50000000000006 94.375000000000014 3.0226666666666655 1.0706666666666662 -12.909999999999998 179.90000000000006 81.170833333333348 4.5000000000000009 327.43333333333339 0.30070579950427329 9.3887932974288422 -7.3423273711541546 -54.340000000000003 1.2366666666666666
decision_type=8 10 2 8 2 2 2 2 2 2 2 8 2 2 10 2 2 2 10 10 10 2 8 2 2 2 10 8 10 10
left_child=1 19 3 16 22 -6 7 13 9 10 -9 12 -8 -4 -15 24 17 -2 -11 -1 21 -5 23 -3 25 -13 27 29 -29 -27
right_child=2 4 6 20 5 -7 11 8 -10 18 -12 15 -14 14 -16 -17 -18 -19 -20 -21 -22 -23 -24 -25 -26 26 -28 28 -30 -31
leaf_value=0.0019492876892242665 -0.44898525357281893 -0.58884306733729319 -0.10279074086228886 -0.073597509296987926 1.5872024356641554 0.3990084978184481 0.31619296426383348 1.3050603274682269 -0.49546396984538488 0.16133216084370747 -0.11247820109128953 -0.0098671951109947573 -0.83278454073518526 0.054666922739883141 0.69241850042508712 -1.129026300650017 0.30827813603538129 0.63204356840337228 1.0327950623474622 0.20739996719947407 -0.53966399767451878 0.96947670973636013 0.34389706931537534 0.54122601008415228 0.37972448612291526 -0.1148255615272898 0.15738086517140937 0.029417518220231899 -0.63103935946250056 1.1770011240068603
leaf_weight=117094 1228 160 3392 84 66 174 78 201 124 729 92 5675 225 2656 180 51 121 53 76 1226 59 111 459 75 257 352 628 342 1052 68
leaf_count=117094 1228 160 3392 84 66 174 78 201 124 729 92 5675 225 2656 180 51 121 53 76 1226 59 111 459 75 257 352 628 342 1052 68
internal_value=-0.000264609 0.00638076 -0.0447014 -0.248167 0.298082 0.725762 -0.0238745 0.0413154 0.316395 0.408081 0.859963 -0.0795189 -0.537008 -0.0126582 0.0951448 -0.0630656 -0.342763 -0.404259 0.243607 0.00407811 0.273975 0.520152 0.150181 -0.228183 -0.0565736 -0.0703876 -0.211032 -0.338575 -0.469005 0.0943273
internal_weight=137088 119254 17834 1656 934 240 16178 7450 1222 1098 293 8728 303 6228 2836 8425 1402 1281 805 118320 254 195 694 235 8374 8117 2442 1814 1394 420
internal_count=137088 119254 17834 1656 934 240 16178 7450 1222 1098 293 8728 303 6228 2836 8425 1402 1281 805 118320 254 195 694 235 8374 8117 2442 1814 1394 420
is_linear=0
shrinkage=0.05


Tree=140
num_leaves=31
num_cat=0
split_feature=20 22 12 3 10 10 22 0 21 21 9 11 14 9 1 10 15 22 6 0 11 21 0 11 12 13 21 11 12 21
split_gain=15221.2 20415.7 23739.9 42442.9 44406.8 31165.2 34294.1 29945.4 32967.1 29375.2 28153.6 29407 33567.1 25952.2 23564.7 21241.7 21023.2 19696.4 19593.8 19190.9 18248.3 17690.9 17620.9 28283.4 28648.2 46627 42116.4 31542.4 53264.4 38917.7
threshold=2.0371132148740947 2.6600000000000059 0.065403129230143103 201.8366666666667 78.508333333333354 92.605555555555569 -61.550000000000004 214.66000000000005 -1.2441459620857669 -7.3423273711541546 42.500000000000007 102.16608048500002 5.5000000000000009 87.500000000000014 -0.41599999999999909 107.57500000000002 13.437500000000002 -11.819999999999991 27.86885607764982 187.65333333333336 72.455140113830623 -0.89379223006660158 158.21333333333334 59.449920643000013 0.88186879444286481 -0.17364817766693072 10.479286811039318 173.72042959681445 0.50938662908026078 3.8108030532962691
decision_type=8 8 2 2 8 8 10 2 10 8 2 2 2 2 10 8 2 10 2 2 2 10 2 2 2 2 10 2 2 8
left_child=22 2 5 9 18 6 7 -2 -9 -4 -6 12 21 15 -3 -11 19 -8 20 -7 -5 -12 -1 -24 27 26 -26 29 -29 -25
right_child=1 14 3 4 10 16 17 8 -10 13 11 -13 -14 -15 -16 -17 -18 -19 -20 -21 -22 -23 23 24 25 -27 -28 28 -30 -31
leaf_value=-0.0059316039611150874 0.072629099377951076 -0.39689146169370282 0.25810389167045134 -0.48296524813370922 0.83138898819211937 0.0052861322435217165 0.020966858878480585 -0.22476333493536169 -1.8190548647808122 -0.31362013964704194 -0.25770712690427899 -0.46766050443337204 -0.88839312786650337 -1.009634826899994 0.35388603146349229 -1.3616396036912812 -0.43359478843081134 -0.40122726759061628 0.98456086366157225 0.59076314373989891 0.60689944446086885 0.55632672183657894 -0.089176051327311601 0.011572389399779859 0.3405727411066144 0.057856129730819085 1.2066849484183324 -0.0051798221925512221 -0.55960361337846654 0.16779842693227531
leaf_weight=104559 77 133 118 67 63 218 1780 55 79 551 96 633 72 252 488 53 91 327 123 391 90 219 3670 11736 726 1594 174 2068 548 6037
leaf_count=104559 77 133 118 67 63 218 1780 55 79 551 96 633 72 252 488 53 91 327 123 391 90 219 3670 11736 726 1594 174 2068 548 6037
internal_value=-0.000251379 -0.0782902 -0.109761 -0.229397 -0.0492714 -0.0171211 -0.105416 -0.713151 -1.16468 -0.481461 -0.194386 -0.257743 0.0856108 -0.583411 0.193091 -0.405582 0.275262 -0.0445564 0.512012 0.381184 0.141798 0.30824 0.00330558 0.0396793 0.0603452 0.220305 0.508021 0.0407788 -0.121321 0.0646381
internal_weight=137088 5976 5355 2337 1363 3018 2318 211 134 974 1083 1020 387 856 621 604 700 2107 280 609 157 315 131112 26553 22883 2494 900 20389 2616 17773
internal_count=137088 5976 5355 2337 1363 3018 2318 211 134 974 1083 1020 387 856 621 604 700 2107 280 609 157 315 131112 26553 22883 2494 900 20389 2616 17773
is_linear=0
shrinkage=0.05


Tree=141
num_leaves=31
num_cat=0
split_feature=20 1 12 8 22 22 13 20 3 21 0 13 0 9 9 11 11 17 11 22 12 9 2 21 11 14 10 2 5 11
split_gain=15404.6 28985.2 25208.5 38754.9 27637.4 48583.5 50937.3 33477.4 29568.5 27506.2 25944.8 24869 26182.8 40111.4 34232.3 41508.3 27959.5 24589.4 42793.5 23156.5 23089.3 27065 22447.1 22004.5 21605.6 21323.4 28986.6 20178 19997.2 19713.7
threshold=-0.33342573629608835 0.96488888888888869 -0.90159026428466904 293.00000000000006 -12.909999999999998 -26.570000000000004 0.14132478920498384 1.1053750793047967 122.60000000000001 -16.279640226013036 153.78000000000003 0.89194178735545526 148.30000000000004 1152.5000000000002 992.50000000000011 63.829710926000011 210.32700162898809 8.5000000000000018 66.653520950736606 -33.810000000000002 -0.23768589232617351 437.50000000000006 -1.9599999999999997 -14.002824302134643 85.259559940500012 4.5000000000000009 67.116666666666688 1.3466666666666673 113.28166666666668 178.95372528020729
decision_type=8 10 2 2 10 10 2 10 2 10 2 2 2 2 2 2 2 2 2 10 2 2 10 8 2 2 10 10 2 2
left_child=1 11 3 4 5 6 7 23 -7 17 -5 12 -1 14 16 -16 -14 22 -19 -13 21 -3 -4 -2 -10 26 -15 -6 -21 -11
right_child=2 20 9 10 27 8 -8 -9 24 29 -12 19 13 25 15 -17 -18 18 -20 28 -22 -23 -24 -25 -26 -27 -28 -29 -30 -31
leaf_value=0.015554281668705351 -1.1749416423293779 0.29057730505441154 0.70777348058813438 0.24779315027820462 -0.21980387412158653 -0.1959236088409759 0.062589681046789553 -0.53436232415021667 -0.15759829578264462 0.020507216065829295 1.3478283590662319 -0.16621601985830711 0.19513845258343976 0.51960491079714943 0.29327787197894933 1.64875066311195 -0.42737953099592824 0.067008801835167803 -1.063225877980986 -0.11650703611252594 -0.02372051435671035 1.0774155174768889 -0.068206181350062817 -0.14807568316250028 0.24779315027820462 -0.850341840337698 -0.46801367371955788 -0.92972633462399257 0.16096960129787832 -0.069915161933966963
leaf_weight=42406 53 686 94 134 2141 495 2302 745 329 54009 74 3422 3241 122 161 87 191 168 167 1217 471 130 10905 3333 1406 127 190 105 1392 6785
leaf_count=42406 53 686 94 134 2141 495 2302 745 329 54009 74 3422 3241 122 161 87 191 168 167 1217 471 130 10905 3333 1406 127 190 105 1392 6785
internal_value=-0.00023881 0.0206018 -0.0137185 -0.0838032 -0.0966939 -0.0561714 -0.125886 -0.230915 0.144939 -0.00291647 0.59228 0.014861 0.0272444 0.147596 0.201487 0.768786 0.160494 -0.0744273 -0.496422 -0.0806683 0.255033 0.415931 -0.0615745 -0.164149 0.242188 -0.304155 -0.0818295 -0.252993 0.0315372 0.0104155
internal_weight=137088 53843 83245 11117 10909 8663 6433 4131 2230 72128 208 52556 46525 4119 3680 248 3432 11334 335 6031 1287 816 10999 3386 1735 439 312 2246 2609 60794
internal_count=137088 53843 83245 11117 10909 8663 6433 4131 2230 72128 208 52556 46525 4119 3680 248 3432 11334 335 6031 1287 816 10999 3386 1735 439 312 2246 2609 60794
is_linear=0
shrinkage=0.05


Tree=142
num_leaves=31
num_cat=0
split_feature=17 9 12 18 22 9 5 6 9 8 0 13 22 7 11 6 22 11 6 12 17 15 10 8 22 12 15 16 10 17
split_gain=15180 30787.8 31924.2 32236.8 40643 92556.4 69426.2 54780.5 45025.9 42276.3 39527.2 38503.9 35398.4 51083.5 31485.3 30951.8 28119.5 27661.4 27472.6 32302 29441.1 27304.2 26843.9 26262.2 34474.3 28760.7 26171.2 25842.1 28857.2 25834.3
threshold=23.550000000000004 97.500000000000014 -0.88186879444286459 12.500000000000002 1.6200000000000119 27.500000000000004 142.90833333333336 10.640778907335401 12.500000000000002 40.250000000000007 125.02000000000002 -0.83146961230254512 -8.0799999999999894 0.93500000000000016 129.22461916250003 8.7914711883312542 17.300000000000008 102.77339870200001 30.012527826301667 0.04361938736533582 0.64500000000000013 0.27500000000000008 84.608333333333363 28.500000000000004 -68.739999999999981 -0.021814885034560933 41.500000000000007 47.500000000000007 100.51666666666667 14.500000000000002
decision_type=2 2 2 2 8 2 2 2 2 2 2 2 8 2 2 2 8 2 2 2 2 2 10 2 10 2 2 2 8 2
left_child=1 2 29 11 8 26 16 17 10 -10 -5 12 13 14 -4 -15 -7 -8 19 -13 -21 -3 -20 24 -2 27 -6 -25 -29 -1
right_child=23 21 3 4 5 6 7 -9 9 -11 -12 18 -14 15 -16 -17 -18 -19 22 20 -22 -23 -24 25 -26 -27 -28 28 -30 -31
leaf_value=-0.017347843480440522 -1.4473059404144686 -0.0081095888575340377 0.014349687840648981 0.066185955180780701 -0.17432825825707887 0.53889522903617104 3.0578721388578418 0.2228548489511013 -0.21022048409156274 0.03658067767474326 0.68681718714961648 0.15253086607079649 -0.20276983362545661 1.3943059695817031 0.58914443446955622 0.58914443446955622 -0.28487633606562252 1.4257901284429764 0.21574950712056806 -0.020123911612723436 -0.66601312571812932 0.76951703829443563 1.3213111090389165 0.14614060640574716 -0.21972394746677942 -0.15125669804563444 -1.2970409333291981 -0.15125669804563444 0.49043502938528527 -0.39954929636255931
leaf_weight=4211 60 108541 530 636 186 510 50 52 2337 6738 430 3069 218 193 419 277 130 54 146 699 236 113 88 2499 1222 1561 72 1140 177 494
leaf_count=4211 60 108541 530 636 186 510 50 52 2337 6738 430 3069 218 193 419 277 130 54 146 699 236 113 88 2499 1222 1561 72 1140 177 494
internal_value=-0.000185327 0.00357412 0.0578386 0.089623 0.0398469 0.335356 0.602107 1.54791 0.00913332 -0.0269757 0.316534 0.184473 0.390429 0.481562 0.270439 0.90785 0.371567 2.21044 0.104919 0.0741437 -0.18315 -0.00730086 0.631516 -0.0738211 -0.277177 -0.0253363 -0.487643 0.0516824 -0.127551 -0.057477
internal_weight=137088 130429 21775 17070 11195 1054 796 156 10141 9075 1066 5875 1637 1419 949 470 640 104 4238 4004 935 108654 234 6659 1282 5377 258 3816 1317 4705
internal_count=137088 130429 21775 17070 11195 1054 796 156 10141 9075 1066 5875 1637 1419 949 470 640 104 4238 4004 935 108654 234 6659 1282 5377 258 3816 1317 4705
is_linear=0
shrinkage=0.05


Tree=143
num_leaves=31
num_cat=0
split_feature=6 13 21 22 13 12 12 12 22 9 5 3 22 19 21 21 22 22 20 13 5 5 8 11 20 0 0 9 0 10
split_gain=15337 46400 39290.2 28932.7 35897.9 46696.6 30506.9 28476.6 29689.2 29508.7 27482.1 28518.9 68765.9 31418.8 27201.4 24280.2 22858.3 29940 35134.1 21816.8 23387.8 34785 21589.4 20711.9 28018.1 33917.4 24015.3 32174 26775.5 31611.5
threshold=3.5539376362200139 -0.58244304235731414 6.2438979800267669 -66.999999999999986 -0.15212338618991647 0.87137607974597331 -0.24825246871434756 -0.42261826174069955 -22.869999999999994 1232.5000000000002 80.27833333333335 150.77000000000004 -35.439999999999976 0.0080000000000003974 7.1977211074166201 6.8997808012093715 -25.800000000000001 -26.700000000000003 -0.17003284281113076 -0.098011308799811417 80.27833333333335 91.305000000000021 93.500000000000014 1.0000000180025095e-35 -1.0065256723893825 119.62000000000002 99.29000000000002 1282.5000000000002 147.41333333333338 72.372222222222248
decision_type=2 2 10 8 2 2 2 2 10 2 2 2 10 10 8 10 10 10 10 2 2 2 2 2 10 2 2 2 2 10
left_child=1 2 7 4 5 -3 16 9 10 -1 -9 -12 13 -13 -7 -8 17 19 -19 -5 -21 -22 -4 -2 26 -26 -25 28 -28 -30
right_child=23 3 22 6 -6 14 15 8 -10 -11 11 12 -14 -15 -16 -17 -18 18 -20 20 21 -23 -24 24 25 -27 27 -29 29 -31
leaf_value=-0.068155008781965273 -0.13270917011117286 -0.2328157197741362 -0.051656037759605804 -0.025440323821471541 0.11930004395249863 0.56847347657111558 -0.028120493682637127 1.0070053020020326 0.087114892093405991 0.92257350795436643 0.26687392007681193 -0.060934776765108112 2.4457916433994589 1.3471256319048077 2.0366001829454627 -0.28400539512805451 -0.022961121433834261 1.5948047530651093 -0.11628949183225633 -0.62574942981165549 0.91777135190160986 0.18600007039949051 0.81386499449207972 -0.0035093242675993197 -0.075760857781740965 0.00096792787294509028 0.15945974472150701 -0.21015790661751424 1.4511713863789351 0.32083170649673898
leaf_weight=1242 3403 65 2732 1554 1043 55 24187 150 1712 80 2687 125 52 58 74 964 3468 75 50 82 173 2650 74 5424 18858 60964 4227 559 87 214
leaf_count=1242 3403 65 2732 1554 1043 55 24187 150 1712 80 2687 125 52 58 74 964 3468 75 50 82 173 2650 74 5424 18858 60964 4227 559 87 214
internal_value=-0.000242848 0.0243489 0.126037 -0.00196471 0.235466 0.860007 -0.0108103 0.197205 0.253967 -0.00820169 0.346953 0.313069 0.841266 0.385336 1.41065 -0.0379282 0.0738941 0.147169 0.910367 0.125775 0.206665 0.230845 -0.0288305 -0.0116163 -0.00705452 -0.0171593 0.0696826 0.147723 0.191905 0.647541
internal_weight=137088 43352 8912 34440 1237 194 33203 6106 4784 1322 3072 2922 235 183 129 25151 8052 4584 125 4459 2905 2823 2806 93736 90333 79822 10511 5087 4528 301
internal_count=137088 43352 8912 34440 1237 194 33203 6106 4784 1322 3072 2922 235 183 129 25151 8052 4584 125 4459 2905 2823 2806 93736 90333 79822 10511 5087 4528 301
is_linear=0
shrinkage=0.05


Tree=144
num_leaves=31
num_cat=0
split_feature=20 16 8 22 12 5 20 2 13 22 20 17 22 10 15 12 17 5 22 7 22 14 16 22 5 18 21 20 5 16
split_gain=14636.3 28456.5 23007.7 21698.4 15200.5 14862.8 22944.8 24948.9 21669.3 24015.5 22692.9 21413.8 22112.4 29588.1 28045.1 24097.9 30985.3 32480.8 28811.8 20681.1 31885.2 24290.3 20037.8 31630.5 40403.8 23394 29100.7 40330.4 20543.3 20245.5
threshold=3.3283184234618255 13.937500000000002 39.500000000000007 -78.07999999999997 -0.59130964836358257 95.201666666666682 -1.0379089522204989 -0.0026666666666668461 0.75894212529897775 -31.600000000000005 -2.5386739793346953 23.550000000000004 -77.679999999999964 91.072222222222237 54.100000000000009 -0.49049438445969368 43.500000000000007 194.84000000000003 -48.339999999999989 90.500000000000014 -36.839999999999982 1.5000000000000002 34.750000000000007 -77.679999999999964 143.3416666666667 53.500000000000007 13.165234026862487 0.83129363600621597 228.3116666666667 37.400000000000013
decision_type=10 2 2 8 2 2 8 10 2 10 10 2 10 8 2 2 2 2 10 2 10 2 2 10 2 2 8 10 2 2
left_child=5 2 -2 -4 -5 8 7 -7 9 -1 -11 22 13 14 -13 -14 18 19 -17 21 -21 -18 25 -24 29 -8 27 -27 -28 -25
right_child=1 -3 3 4 -6 6 11 -9 -10 10 -12 12 15 -15 -16 16 17 -19 -20 20 -22 -23 23 24 -26 26 28 -29 -30 -31
leaf_value=0.066072529803244226 -0.33633135125468794 -0.74449231552089601 1.1363872308284044 0.68397430629493339 -0.081767322606878329 0.035259188212497863 0.0024258410272895254 0.21993240314490836 -0.24541888985765425 -0.48036569938023244 -0.071806039042321315 1.2436004664082276 -0.012434744155561136 -0.33697554212477476 0.18957553402609886 -1.6952943777215894 -0.13393677283282299 0.49315279646408422 -0.47052672036713172 0.79309642035349281 -0.13393677283282299 -0.46579171865102131 -0.44972409571558236 0.96305308128302958 0.27989456510094857 -0.1298720723552739 -0.0053615350100792245 -0.75824675804948161 0.86719837259405697 -0.023877168601976306
leaf_weight=3729 418 187 52 78 343 8235 103295 2351 1335 369 4306 95 2334 144 188 58 518 172 279 113 415 1008 250 53 2315 850 499 365 78 2656
leaf_count=3729 418 187 52 78 343 8235 103295 2351 1335 369 4306 95 2334 144 188 58 518 172 279 113 415 1008 250 53 2315 850 499 365 78 2656
internal_value=-0.000230706 -0.183742 -0.0660535 0.172797 0.0537784 0.00122378 0.00581407 0.0762725 -0.0582916 -0.0285658 -0.104054 -0.000633378 -0.098575 0.246505 0.5434 -0.128665 -0.23451 -0.166866 -0.681318 -0.222136 0.0475867 -0.31546 0.00409149 0.099194 0.126509 -0.000681416 -0.179791 -0.318643 0.112593 -0.00456846
internal_weight=137088 1078 891 473 421 136010 126271 10586 9739 8404 4675 115685 5324 427 283 4897 2563 2226 337 2054 528 1526 110361 5274 5024 105087 1792 1215 577 2709
internal_count=137088 1078 891 473 421 136010 126271 10586 9739 8404 4675 115685 5324 427 283 4897 2563 2226 337 2054 528 1526 110361 5274 5024 105087 1792 1215 577 2709
is_linear=0
shrinkage=0.05


Tree=145
num_leaves=31
num_cat=0
split_feature=6 22 5 22 10 5 21 12 13 20 22 22 12 13 21 1 12 20 21 15 16 10 22 20 5 1 20 13 22 10
split_gain=14543.3 35432.4 32117.7 28921.9 32359.7 27978.5 50850.3 42069.7 35063.4 40959.6 31098.8 36059.8 27682.3 27289.5 51714.3 39698.8 26718.9 34824.2 25797.4 25597.8 40572.2 24577.1 24293 26052.4 23774.9 28562 32213.2 26472.1 25187.7 24123
threshold=7.0953023277710567 -43.000000000000007 66.465000000000018 -68.739999999999981 80.470833333333346 228.3116666666667 28.537048437932949 0.23768589232617301 -0.91959550581536675 2.4007353610803159 -70.36999999999999 -86.980000000000018 -0.87137607974597275 -0.10886687485196482 21.985573656448405 -0.57066666666666621 -0.18436924984152911 -2.0720792423331171 6.7638304895388979 17.500000000000004 34.750000000000007 77.410000000000011 -39.499999999999986 1.5026984154760863 135.10166666666669 1.2613333333333341 -0.56049976984168315 -0.61734245059638992 -43.879999999999988 84.216666666666683
decision_type=2 10 2 10 8 2 8 2 2 10 10 8 2 2 8 10 2 10 8 2 2 10 10 10 2 10 10 2 10 10
left_child=3 5 -3 4 -1 16 8 -8 9 -7 11 -10 -6 14 -14 -16 17 -2 -15 20 -4 -13 23 -22 25 -19 -27 -28 29 -26
right_child=1 2 19 -5 12 6 7 -9 10 -11 -12 21 13 18 15 -17 -18 24 -20 -21 22 -23 -24 -25 28 26 27 -29 -30 -31
leaf_value=0.010515109937095757 1.0107343632477122 -0.79658392610689333 0.0062756007611324133 0.0061150367747955774 -0.18437794619830142 -0.2182182803259313 1.3390934500760503 0.19086675572089662 0.51167938608762831 -1.6519478098071856 0.21936384054810501 0.20894880442456767 0.29936608721507574 0.66070361152931234 0.1814852790404739 1.4433420843659688 -0.17265246876189377 -0.021987426103543241 -0.052885616304882491 -0.14024063957815572 1.7882591154575349 -1.0182519912389638 0.18507858828946175 0.18211536920245958 -0.19202317473512673 1.2513625650558362 0.60038533721735154 -0.076449540882969083 -0.74158386123868136 0.02976541922695658
leaf_weight=2449 78 124 34250 75388 284 353 135 195 86 58 1161 55 855 163 89 208 7189 2328 568 2665 50 158 2318 51 2844 86 254 335 156 2155
leaf_count=2449 78 124 34250 75388 284 353 135 195 86 58 1161 55 855 163 89 208 7189 2328 568 2665 50 158 2318 51 2844 86 254 335 156 2155
internal_value=-0.000202418 -0.0194821 0.00684613 0.0135539 0.135045 -0.0784213 0.0883448 0.660596 -0.0125868 -0.420545 0.102256 -0.352466 0.275781 0.345184 0.49681 1.06521 -0.102217 -0.040736 0.106232 0.00937893 0.0202529 -0.701369 0.218153 0.977236 -0.0507893 0.0610449 0.347414 0.215428 -0.115937 -0.0964132
internal_weight=137088 57084 39458 80004 4616 17626 2201 330 1871 411 1460 299 2167 1883 1152 297 15425 8236 731 39334 36669 213 2419 101 8158 3003 675 589 5155 4999
internal_count=137088 57084 39458 80004 4616 17626 2201 330 1871 411 1460 299 2167 1883 1152 297 15425 8236 731 39334 36669 213 2419 101 8158 3003 675 589 5155 4999
is_linear=0
shrinkage=0.05


Tree=146
num_leaves=31
num_cat=0
split_feature=20 2 12 5 10 22 14 22 8 14 22 3 14 22 5 11 10 0 12 9 20 22 22 5 9 21 8 21 10 9
split_gain=14262.2 38984.8 27973.2 27296.1 32023.4 34983.6 30770.8 28499.2 26566 25449.9 25453.4 24862.3 29316.3 22814.2 22601.6 22915.6 36220.7 27219.3 46449.9 36310.3 45473.6 36065.5 33857.9 39196.8 31455.3 25425.9 25343.4 23575 25069.4 27631.1
threshold=0.30244390247164804 0.88666666666666683 -0.97854064376158167 189.04833333333335 86.608333333333363 -59.080000000000005 5.5000000000000009 -19.430000000000003 293.00000000000006 2.5000000000000004 -59.080000000000005 201.8366666666667 4.5000000000000009 -60.899999999999999 114.31833333333336 100.20927138250002 75.738888888888908 178.85333333333338 0.78661891169205866 632.50000000000011 1.4288458051520367 -50.329999999999998 -39.639999999999993 322.5533333333334 262.50000000000006 21.162526170772797 205.00000000000003 -1.8398960653303573 79.841666666666683 177.50000000000003
decision_type=8 10 2 2 8 10 2 10 2 2 10 2 2 8 2 2 10 2 2 2 10 8 8 2 2 10 2 10 10 2
left_child=1 11 3 8 6 -6 -5 -7 -2 10 -3 -1 -13 -14 -4 16 -16 21 19 20 24 -18 23 -22 27 26 -17 28 29 -19
right_child=2 9 14 4 5 7 -8 -9 -10 -11 -12 12 13 -15 15 25 17 18 -20 -21 22 -23 -24 -25 -26 -27 -28 -29 -30 -31
leaf_value=0.0027429796486864236 -0.1216443637728756 0.96098138008577139 -0.13292416555128791 -0.58265168897597397 1.1140755585179878 -0.73310021998692454 -1.8943355877812094 0.47139531790807443 0.96397203191601 0.083041714446197762 0.29277923335708594 0.34674843949337975 0.38023919774485487 -0.32206542115015885 -0.018376728761355505 -0.081908268345225646 -0.33224021577116591 0.094623050131858927 -0.61831591689736598 -0.30148045560933623 0.033710874246600867 0.086335053943037601 0.34387898877102846 -1.0078667818487268 0.17989247797409869 0.17094121191375358 0.42347366908498901 0.46973177413456146 1.3544653193057803 1.386809404147789
leaf_weight=90482 1984 192 3615 319 52 146 52 74 58 1052 553 1103 168 371 14495 12717 589 117 159 269 734 4075 930 103 454 1174 253 524 210 64
leaf_count=90482 1984 192 3615 319 52 146 52 74 58 1052 553 1103 168 371 14495 12717 589 117 159 269 734 4075 930 103 454 1174 253 524 210 64
internal_value=-0.000192297 0.0107412 -0.0239809 -0.180268 -0.464368 -0.05227 -0.7665 -0.327952 -0.090809 0.241389 0.464987 0.00624211 0.199061 -0.103165 -0.013615 -0.00191616 0.0291846 0.112972 0.217005 0.256011 0.303832 0.0334747 0.136243 -0.0944642 0.520142 -0.0518809 -0.07205 0.688966 0.982773 0.551529
internal_weight=137088 93921 43167 2685 643 272 371 220 2042 1797 745 92124 1642 539 40482 36867 22723 8228 3564 3405 3136 4664 1767 837 1369 14144 12970 915 391 181
internal_count=137088 93921 43167 2685 643 272 371 220 2042 1797 745 92124 1642 539 40482 36867 22723 8228 3564 3405 3136 4664 1767 837 1369 14144 12970 915 391 181
is_linear=0
shrinkage=0.05


Tree=147
num_leaves=31
num_cat=0
split_feature=6 13 12 21 22 9 14 7 20 5 11 13 5 5 22 13 9 11 9 22 13 14 9 10 15 13 9 5 13 22
split_gain=13700 50765.3 28543.8 27327.7 25751.1 37614 60041.1 34110 28887.4 34669.8 28646.5 22745.8 20306.5 45209.3 18733.1 46646.1 18533.1 18340.8 48558.6 35448 48898.1 35764.9 33513.6 30605.3 35810.8 28885 68962.9 27880.7 26327.2 45386.5
threshold=2.7916512135657912 -0.58244304235731414 -0.22706275313213778 6.8997808012093715 -22.869999999999994 717.50000000000011 3.5000000000000004 46.500000000000007 0.26980521835241694 140.83500000000004 102.16608048500002 -0.98658463173998423 113.55166666666669 109.98500000000003 -66.999999999999986 -0.22706275313213795 812.50000000000011 104.09309995174402 282.50000000000006 -65.299999999999983 -0.35222909080468495 1.5000000000000002 1102.5000000000002 81.877777777777794 51.500000000000007 -0.75894212529897775 327.50000000000006 254.43166666666667 -0.93585024503435343 -58.079999999999991
decision_type=2 2 2 10 8 2 2 2 10 2 2 2 2 2 8 2 2 2 2 8 2 2 2 10 2 2 2 2 2 8
left_child=1 3 -3 4 5 7 8 11 9 16 12 -1 13 -8 15 -4 -7 22 -19 20 21 -20 23 -2 28 26 -23 -24 29 -25
right_child=17 2 14 -5 -6 6 10 -9 -10 -11 -12 -13 -14 -15 -16 -17 -18 18 19 -21 -22 25 27 24 -26 -27 -28 -29 -30 -31
leaf_value=0.40876938680857794 0.0026052504489706835 0.098873019788593808 1.6215943268754267 -0.018191766322902755 0.074845333771395822 0.35450101580964516 -0.019259311260713133 0.72375795574486257 0.0029574762903532741 2.3770671140472843 1.1350297098224229 -0.0070941050884438988 -0.30674423611901624 1.495688640077909 -0.038700235434767555 0.10530364295971964 1.2335506759514965 -0.063122496742399656 -0.24895040156706327 0.032518556643949877 0.096091134223069419 0.59122612026985732 -0.10253746341697123 -0.70787236177735413 -0.76370696356567025 0.5724033013428792 2.9825748506345247 -1.2245111929518837 0.14171533077741841 0.038449861441231983
leaf_weight=323 45177 5488 55 1634 1824 83 194 250 59 53 74 1206 198 66 19658 652 216 33615 53 10299 529 64 4925 246 119 101 57 56 8629 1185
leaf_count=323 45177 5488 55 1634 1824 83 194 250 59 53 74 1206 198 66 19658 652 216 33615 53 10299 529 64 4925 246 119 101 57 56 8629 1185
internal_value=-0.000182682 0.0284419 -0.00233274 0.157183 0.220219 0.317633 0.572922 0.18231 1.02684 1.19845 0.222248 0.0937808 0.0747681 0.365304 -0.0296059 0.223261 0.989534 -0.0089108 -0.0331781 0.0574804 0.377234 0.918049 0.00907461 0.0202526 0.0985762 1.19666 1.71773 -0.115152 0.108776 -0.0898487
internal_weight=137088 32033 25853 6180 4546 2722 943 1779 411 352 532 1529 458 260 20365 707 299 105055 44718 11103 804 275 60337 55356 10179 222 121 4981 10060 1431
internal_count=137088 32033 25853 6180 4546 2722 943 1779 411 352 532 1529 458 260 20365 707 299 105055 44718 11103 804 275 60337 55356 10179 222 121 4981 10060 1431
is_linear=0
shrinkage=0.05


Tree=148
num_leaves=31
num_cat=0
split_feature=16 18 6 0 22 6 22 22 9 21 5 20 22 10 12 11 13 21 13 9 22 6 10 5 15 18 22 14 13 18
split_gain=13731 22550.8 21735.2 15273.8 20988.7 13774.3 30353.3 32519.4 42661.5 35823.5 28805.4 27412.8 26295.8 31252.2 23567.9 25139.6 23411.6 22991.2 30459.2 91102.9 33553.1 37038.6 45632.8 29720.7 31113 46339.9 47695.8 26122.8 25829.1 28745.5
threshold=174.50000000000003 195.50000000000003 19.193288441667402 225.62000000000003 -31.399999999999995 7.0953023277710567 -46.259999999999998 -56.479999999999997 897.50000000000011 13.632337423787122 66.465000000000018 -1.1680690297065344 -68.739999999999981 80.470833333333346 -0.08715574274765768 74.962799121731521 -0.98990318592078541 7.0507854914260131 -0.63435554093529922 722.50000000000011 -24.900000000000002 2.3182891636922003 81.170833333333348 86.273333333333341 1.0000000180025095e-35 8.5000000000000018 -41.189999999999976 5.5000000000000009 0.50938662908026078 0.65000000000000013
decision_type=2 2 2 2 10 2 10 8 2 8 2 10 10 8 2 2 2 8 2 2 10 2 10 2 2 2 10 2 2 2
left_child=1 5 3 4 -2 12 7 8 -7 14 -8 -11 13 16 -9 -16 -1 18 19 -14 21 22 -21 -20 -25 26 28 -28 29 -26
right_child=2 -3 -4 -5 -6 6 10 9 -10 11 -12 -13 17 -15 15 -17 -18 -19 23 20 -22 -23 -24 24 25 -27 27 -29 -30 -31
leaf_value=0.68448579081695937 1.0503274718352726 -0.51142648949667258 1.2822321729660036 -0.60498200489415066 0.00823699334063209 -0.0057694473957971724 -0.75697924307277131 -0.13770080662112355 -0.48521236110202692 0.68840978668357433 0.0062553342885809469 -0.029393101157163121 0.044224706702348286 0.26872832273113562 -0.13413602361358978 -0.51476673571743103 -0.029075292030227035 -0.03807506884517977 -0.31234727300298831 0.77999832165900196 0.18705746336425111 0.44695888541244211 2.2134775181482365 0.0012935741085943406 1.5921695595787417 0.034975681819354863 0.1360197489922578 0.92672367931105382 2.1273509219007671 0.09828590060125536
leaf_weight=121 70 216 50 54 156 10242 124 2189 486 153 40607 1018 7703 2145 675 1214 2299 21114 718 199 487 459 77 41807 62 1845 549 129 53 67
leaf_count=121 70 216 50 54 156 10242 124 2189 486 153 40607 1018 7703 2145 675 1214 2299 21114 718 199 487 459 77 41807 62 1845 549 129 53 67
internal_value=-0.000166285 -0.00094361 0.321971 0.150496 0.331008 -0.000136061 -0.0189788 -0.0773859 -0.0274892 -0.179366 0.00393177 0.0643933 0.0132484 0.12977 -0.249361 -0.378755 0.00660276 0.00618144 0.0234362 0.107851 0.508927 0.722193 1.17992 0.00677906 0.0119267 0.176267 0.479385 0.286463 1.19807 0.816276
internal_weight=137088 136758 330 280 226 136542 56708 15977 10728 5249 40731 1171 79834 4565 4078 1889 2420 75269 54155 8925 1222 735 276 45230 44512 2705 860 678 182 129
internal_count=137088 136758 330 280 226 136542 56708 15977 10728 5249 40731 1171 79834 4565 4078 1889 2420 75269 54155 8925 1222 735 276 45230 44512 2705 860 678 182 129
is_linear=0
shrinkage=0.05


Tree=149
num_leaves=31
num_cat=0
split_feature=3 20 22 21 0 16 21 8 15 20 9 11 22 11 12 22 5 13 14 3 0 20 2 20 12 5 21 22 22 13
split_gain=13102.8 28158.8 42226.8 30357.8 27158.2 26390.1 31223.4 22727.5 20256.9 19262.9 18313.4 17953.3 17951.9 17734.8 34458 24043.7 26911 22037 24383.1 88569 28518.9 21164 35867.8 28866.3 26245.5 25753 26690.3 35016.3 41328.9 34968.8
threshold=102.96666666666668 -1.3024052539028357 -62.649999999999991 12.665729869809875 149.30000000000004 41.500000000000007 2.7044919661661955 69.375000000000014 29.500000000000004 -1.110023889748202 47.500000000000007 156.8718895316124 -63.149999999999984 182.9497047695057 -0.13052619222005171 -28.204999999999995 200.00166666666669 -0.564573334685324 1.0000000180025095e-35 164.15000000000003 141.46000000000004 1.5417110684248796 0.74999999999999989 0.16282867197292131 -0.50938662908026078 120.40000000000002 9.037910062169134 -42.460000000000001 -38.889999999999993 -0.96863394805116465
decision_type=2 8 10 8 2 2 10 2 2 10 2 2 10 2 2 8 2 2 2 2 2 8 10 10 2 2 8 8 8 2
left_child=5 2 3 -2 8 7 -7 12 -4 10 -9 -8 -1 21 -15 17 -17 -16 19 -19 -20 22 -3 24 -24 -23 27 -27 -29 -28
right_child=1 13 4 -5 -6 6 11 9 -10 -11 -12 -13 -14 14 15 16 -18 18 20 -21 -22 25 23 -25 -26 26 29 28 -30 -31
leaf_value=0.12160228014535307 -0.4712501804786795 0.0082806083207583332 0.2008853491884792 0.38750312092139372 1.2299616277217866 -0.57158606504885168 0.11432686026103765 0.38868724434448521 1.071800533692906 0.12160228014535307 1.3908422269697849 -0.46396899960574606 -0.049240191726892854 0.015587343785418649 -0.32158858535223711 0.041168099716344983 -0.8609454103927503 -0.1688004834168568 0.15904139400477119 2.1191552477284219 -0.4204580108290194 -0.38785226321912653 0.53080335818512958 0.073021882534299684 0.10550544628368891 -0.28192369721080407 -0.4995071740124688 0.53410762554416669 -0.059539163215524604 0.17225362693355817
leaf_weight=1558 381 86452 2063 141 70 492 482 213 69 338 58 186 16277 7284 2257 1661 87 164 377 57 486 567 760 4722 694 1760 214 312 4861 2045
leaf_count=1558 381 86452 2063 141 70 492 482 213 69 338 58 186 16277 7284 2257 1661 87 164 377 57 486 567 760 4722 694 1760 214 312 4861 2045
internal_value=-0.000157971 0.00615649 0.16504 -0.239288 0.260889 -0.0379996 -0.269322 -0.0234511 0.229072 0.276912 0.603171 -0.0466956 -0.0337074 0.00238514 -0.054157 -0.153984 -0.00373114 -0.232595 -0.047302 0.421306 -0.167305 0.009218 0.0165967 0.133005 0.327807 -0.0608169 -0.040644 -0.0892779 -0.0237344 0.108616
internal_weight=137088 117484 2724 522 2202 19604 1160 18444 2132 609 271 668 17835 114760 12373 5089 1748 3341 1084 221 863 102387 92628 6176 1454 9759 9192 6933 5173 2259
internal_count=137088 117484 2724 522 2202 19604 1160 18444 2132 609 271 668 17835 114760 12373 5089 1748 3341 1084 221 863 102387 92628 6176 1454 9759 9192 6933 5173 2259
is_linear=0
shrinkage=0.05


Tree=150
num_leaves=31
num_cat=0
split_feature=19 9 5 3 20 0 12 11 21 13 22 22 10 21 11 2 20 17 22 12 17 3 12 16 12 10 0 13 11 9
split_gain=12821.3 17213.4 19317.9 13752.3 15380 17869.4 22113.5 28591.1 15174.9 15916 14666.2 13947.6 12927.9 12357.8 14530.7 24771.3 33709.4 24842.1 23014.2 33617.6 21077.2 18309 24992.8 17838.8 20667 17911.2 16955.1 25441.9 19581.5 15344.8
threshold=0.0062222222222208254 1312.5000000000002 117.47333333333334 78.896666666666675 -0.66453833535919371 145.18000000000004 0.89194178735545526 63.218522489070715 -5.9562226890756369 -0.22706275313213795 20.330000000000005 -37.399999999999991 92.605555555555569 -15.879156868411139 164.03665643519494 0.39333333333333353 0.21894539969942742 49.750000000000007 13.19000000000001 -0.43245347597985068 73.000000000000014 125.73666666666669 0.79989897227935891 59.500000000000007 -0.13052619222005171 71.263333333333335 158.82000000000002 -0.31107263240371763 54.626749694347232 262.50000000000006
decision_type=10 2 2 2 10 2 2 2 8 2 8 10 8 8 2 8 10 2 10 2 2 2 2 2 2 10 2 2 2 2
left_child=1 3 -3 -1 5 -5 8 -8 -7 -10 -6 12 -11 -2 15 -15 23 18 21 -20 -19 22 -18 24 26 -26 28 -28 -17 -16
right_child=13 2 -4 4 10 6 7 -9 9 11 -12 -13 -14 14 29 16 17 20 19 -21 -22 -23 -24 -25 25 -27 27 -29 -30 -31
leaf_value=-0.20716342253064177 -0.058798977826158109 -0.015369111655498159 -0.24360661048166282 0.02776317213149181 -0.020616592230186449 -0.16744483314476635 0.197598228884525 1.8104588350057602 0.073806304582361634 0.71216361684706608 0.25118416921921566 1.2700019741815236 -0.25495534074994236 0.018565429109928085 -0.0691306640929088 1.0184499759874914 -0.038610393441775047 -0.58681870015486537 -0.089594634565023284 1.7083101463432495 0.12751203682513512 0.11911725237342669 -0.82717092799887593 -0.37711164132470176 -0.16540774736269881 0.28926400239486622 0.15509334386072376 1.0798723478468588 0.26222619603809416 0.064175846043143983
leaf_weight=866 5164 2032 1705 11182 53061 232 61 50 282 103 501 63 52 43782 7633 92 977 276 52 52 165 3050 112 105 381 502 121 193 1231 3010
leaf_count=866 5164 2032 1705 11182 53061 232 61 50 282 103 501 63 52 43782 7633 92 977 276 52 52 165 3050 112 105 381 502 121 193 1231 3010
internal_value=-0.000159215 -0.0150873 -0.119502 -0.00921556 -0.00660189 0.0444986 0.266486 0.924112 0.166764 0.321837 -0.0180743 0.642685 0.387711 0.0155035 0.0217189 0.0327905 0.118001 0.0376159 0.0747385 0.809358 -0.319552 0.0562798 -0.119711 0.261437 0.288044 0.0930806 0.393207 0.723508 0.314813 -0.0314296
internal_weight=137088 70190 3737 66453 65587 12025 843 111 732 500 53562 218 155 66898 61734 51091 7309 4684 4243 104 441 4139 1089 2625 2520 883 1637 314 1323 10643
internal_count=137088 70190 3737 66453 65587 12025 843 111 732 500 53562 218 155 66898 61734 51091 7309 4684 4243 104 441 4139 1089 2625 2520 883 1637 314 1323 10643
is_linear=0
shrinkage=0.05


Tree=151
num_leaves=31
num_cat=0
split_feature=16 18 6 0 22 2 12 9 9 22 22 3 11 12 11 20 5 1 13 20 21 22 22 22 16 20 0 9 5 9
split_gain=12331.6 20119.2 19337.5 13714.9 18816.1 13126.2 27609.4 31986.1 30672.8 36023.9 22616.4 35151.3 33190.3 22273.4 35920.5 33829.8 27994.4 53064.3 35242.9 74076.1 46160.6 41441.5 50639.4 33611.6 30378.3 38469.4 43288.9 31663.4 35089.2 26680.6
threshold=174.50000000000003 195.50000000000003 19.193288441667402 225.62000000000003 -31.399999999999995 -0.11866666666666649 0.61734245059639015 612.50000000000011 897.50000000000011 -53.29999999999999 -33.649999999999991 196.32000000000005 61.468149423599165 0.13052619222005182 173.72042959681445 -0.63657842917674168 127.63500000000001 1.3502222222222222 -0.23768589232617329 -0.033011986035384903 11.086037810229238 -17.590000000000003 -28.009999999999994 14.329999999999989 13.937500000000002 2.661009335256407 202.30000000000004 42.500000000000007 193.26333333333338 712.50000000000011
decision_type=2 2 2 2 10 8 2 2 2 8 8 2 2 2 2 10 2 8 2 8 10 10 8 10 2 10 2 2 2 2
left_child=1 5 3 4 -2 6 8 -8 10 -10 11 -1 -13 15 16 -7 17 -15 19 20 21 22 29 24 27 26 -26 28 -21 -18
right_child=2 -3 -4 -5 -6 13 7 -9 9 -11 -12 12 -14 14 -16 -17 18 -19 -20 23 -22 -23 -24 -25 25 -27 -28 -29 -30 -31
leaf_value=-0.10202746410935254 0.99551440707540939 -0.483063521253428 1.2108765826225281 -0.57249831129555351 0.0088313795697803673 0.11699380798135786 -0.025452261777570491 0.14416530289066606 -0.63049660965655974 -0.12431133298585151 0.0095787578085930244 -0.31599331469611919 0.13576247642207595 -0.02441238144779892 -0.17583447561875046 0.012640153335150416 0.25988947705744386 -0.45166577632126431 -0.0076134110216784113 0.12956792968437214 1.8587299522077829 1.6462203761562706 -0.19068269570864804 1.0665697039477526 0.11237689764823895 -0.33381174859383334 0.89212641502666923 -0.090160949883814512 1.124417994501737 0.79844352816782338
leaf_weight=14554 70 216 50 54 156 10138 6311 4967 413 2360 19733 470 3013 20092 3175 33201 455 754 11070 541 57 64 329 80 398 193 322 3281 106 465
leaf_count=14554 70 216 50 54 156 10138 6311 4967 413 2360 19733 470 3013 20092 3175 33201 455 754 11070 541 57 64 329 80 398 193 322 3281 106 465
internal_value=-0.000151254 -0.000887902 0.305129 0.143389 0.314441 -0.000125134 -0.0199472 0.0492499 -0.039196 -0.199701 -0.0274121 -0.0678811 0.074802 0.0119994 -0.0142369 0.0370509 -0.000808121 -0.0398661 0.0460903 0.14059 0.465764 0.405293 0.341706 0.0500624 0.0332641 0.293061 0.461098 -0.0271216 0.292557 0.532093
internal_weight=137088 136758 330 280 226 136542 51821 11278 40543 2773 37770 18037 3483 84721 41382 43339 38207 20846 17361 6291 1370 1313 1249 4921 4841 913 720 3928 647 920
internal_count=137088 136758 330 280 226 136542 51821 11278 40543 2773 37770 18037 3483 84721 41382 43339 38207 20846 17361 6291 1370 1313 1249 4921 4841 913 720 3928 647 920
is_linear=0
shrinkage=0.05


Tree=152
num_leaves=31
num_cat=0
split_feature=17 9 16 18 13 5 17 15 22 18 22 9 11 3 5 22 7 16 16 16 7 12 18 5 0 3 14 20 14 20
split_gain=12511.2 27452.6 30625.5 29375.8 32630.6 28483.5 28807.1 23652.6 22952.6 28635.4 27798.2 145743 38926.8 34575.2 29474.6 57842.4 35233.7 48014.9 33285.1 37850.3 32263.3 43749.4 28691.5 32473.4 27234.4 36388.6 24098.5 23745.7 25800.5 23632.1
threshold=23.550000000000004 97.500000000000014 0.025000000000000005 0.13000000000000003 -0.81279832427823695 183.40333333333336 5.5000000000000009 0.27500000000000008 -54.849999999999994 104.50000000000001 1.6200000000000119 27.500000000000004 79.363079184500023 143.54333333333338 150.19166666666669 -51.289999999999992 65.550000000000011 12.500000000000002 8.7500000000000018 12.500000000000002 93.500000000000014 -0.19509032201612828 11.325000000000001 142.90833333333336 192.86000000000004 267.83333333333337 1.0000000180025095e-35 0.28105261530676334 2.5000000000000004 -0.10579075337078632
decision_type=2 2 2 2 2 2 2 2 10 2 10 2 2 2 2 10 2 2 2 2 2 2 2 2 2 2 2 10 2 10
left_child=1 2 5 4 -4 6 -1 -3 9 -5 14 29 13 -13 20 -16 18 -18 -17 24 -10 -22 -14 27 -20 -26 -21 -24 -29 -12
right_child=-2 7 3 8 -6 -7 -8 -9 10 -11 11 12 22 -15 15 16 17 -19 19 26 21 -23 23 -25 25 -27 -28 28 -30 -31
leaf_value=-0.19309179348935027 -0.066993778696756642 -0.0077524681381102821 1.1920982572234284 0.2006186473153346 0.2008012173166831 -1.1488036949394478 0.7513531795349615 0.71601023972034461 -0.044246713711915145 -0.86723667802289128 -0.23518071932887491 0.73528882490134073 -0.33804567248674394 2.1343176936300901 -0.56596860248975878 0.31988459338114644 1.0960003550110524 0.31988459338114644 0.03458114106686077 -0.26425389176159553 0.22221969393851426 1.7890136349665107 0.45255541838570568 1.2176628229929054 -0.70909091196472951 0.31988459338114644 0.24939847018504327 0.45058264622434241 -0.96086858007516973 -0.9942966435259829
leaf_weight=1122 6659 108541 118 3292 280 72 87 113 10353 64 220 293 139 52 284 884 242 352 491 273 239 53 552 115 387 93 1396 61 69 192
leaf_count=1122 6659 108541 118 3292 280 72 87 113 10353 64 220 293 139 52 284 884 242 352 491 273 239 53 552 115 387 93 1396 61 69 192
internal_value=-0.000143691 0.00326931 0.0545104 0.0693354 0.494703 -0.182666 -0.125129 -0.00699976 0.060911 0.180254 0.0369853 0.229072 0.492165 0.946157 0.0153729 0.124195 0.171792 0.528022 0.111747 0.0209742 -0.029628 0.488686 0.324828 0.440436 -0.227237 -0.495055 0.16538 0.309379 -0.298572 -0.588943
internal_weight=137088 130429 21775 20494 398 1281 1209 108654 20096 3356 16740 1693 1281 345 15047 4402 4118 594 3524 2640 10645 292 936 797 971 480 1669 682 130 412
internal_count=137088 130429 21775 20494 398 1281 1209 108654 20096 3356 16740 1693 1281 345 15047 4402 4118 594 3524 2640 10645 292 936 797 971 480 1669 682 130 412
is_linear=0
shrinkage=0.05


Tree=153
num_leaves=31
num_cat=0
split_feature=20 2 12 9 10 2 19 2 18 14 0 9 22 12 5 22 22 12 21 10 5 12 14 21 1 20 10 21 16 8
split_gain=12809.5 27744.3 22487.3 23590.7 25600.4 20396.4 19629.4 20057.7 19618 19071.2 40743.4 32664.7 32767.4 30554.8 39334.2 25216.8 28997.2 24340.7 23770.6 22823.9 22719.1 22553.4 30482.1 20678.1 24390.4 24890.1 22168.4 18239.2 18123.4 23827.4
threshold=1.0004845928774697 1.5666666666666667 -0.93585024503435332 432.50000000000006 102.27333333333335 0.82911111111111035 0.52533333333333176 0.88666666666666683 94.375000000000014 2.5000000000000004 245.82000000000002 497.50000000000006 -38.909999999999982 -0.42261826174069955 294.63333333333338 -47.379999999999988 -59.710000000000001 0.6993099184844086 18.620909412835911 66.916666666666686 208.80166666666668 0.39271506111191362 1.5000000000000002 -6.8730489915207391 3.0226666666666655 2.199700411570332 75.208333333333357 7.3495232928275067 0.50000000000000011 51.500000000000007
decision_type=8 10 2 2 10 10 10 10 2 2 2 2 10 2 2 8 10 2 8 10 2 2 2 8 10 10 10 8 2 2
left_child=1 6 3 4 8 -6 -1 -8 -2 10 15 13 -13 14 -12 16 17 19 -18 -4 -17 22 -21 -15 25 -25 -27 -5 -3 -30
right_child=2 28 9 27 5 -7 7 -9 -10 -11 11 12 -14 23 -16 20 18 -19 -20 21 -22 -23 -24 24 -26 26 -28 -29 29 -31
leaf_value=-0.0011335162244657793 -0.36595221628293112 0.5937503089294548 -0.40803018012000419 -0.15961536365911502 -0.12241696324199439 0.99622280004976416 0.061388366431949053 0.39002247542023422 0.56414103381191694 -0.067325979727296564 1.0927833872606081 0.17562631327407752 -1.3598203242870799 -0.63896513093601581 -0.11102098937957519 0.059487485735507606 -0.63850749879421898 -0.78894245488230474 0.21271850823611024 0.55600643120706084 -0.33512769275325904 1.1362514567375184 -0.29192064297075077 0.53701339447479035 1.1221277209524161 0.65140510492854653 -0.22844499164713283 0.76374546689025713 -0.37368232759167636 0.35489520599652913
leaf_weight=109105 1451 315 167 109 104 67 6676 499 59 9775 251 89 57 66 93 5245 456 88 100 214 392 65 210 309 78 90 350 105 169 334
leaf_count=109105 1451 315 167 109 104 67 6676 499 59 9775 251 89 57 66 93 5245 456 88 100 214 392 65 210 309 78 90 350 105 169 334
internal_value=-0.000138961 0.00617595 -0.0371306 -0.201003 -0.263948 0.31588 0.00413465 0.0842439 -0.329611 -0.0199691 0.0356696 0.283476 -0.423829 0.366957 0.767336 -0.0137344 -0.212244 -0.00810429 -0.485409 0.0966423 0.0320457 0.268995 0.136043 0.212724 0.280694 0.193068 -0.0484757 0.293436 0.29635 0.110105
internal_weight=137088 117098 19990 1895 1681 171 116280 7175 1510 18095 8320 1383 146 1237 344 6937 1300 744 556 656 5637 489 424 893 827 749 440 214 818 503
internal_count=137088 117098 19990 1895 1681 171 116280 7175 1510 18095 8320 1383 146 1237 344 6937 1300 744 556 656 5637 489 424 893 827 749 440 214 818 503
is_linear=0
shrinkage=0.05


Tree=154
num_leaves=31
num_cat=0
split_feature=5 16 8 21 22 20 16 22 0 3 10 9 0 10 13 22 21 0 9 0 11 22 9 12 22 6 13 10 8 5
split_gain=12265.9 24625.6 54663.6 33591.6 31332.5 20876.9 16260.6 16012.2 27795 26573.8 27925.7 26151.4 21126.2 22910.3 21093.3 15185.7 33030.4 18556.8 18546 22957.3 16056.4 30402.3 23460.4 32104.6 52589.2 49816.2 44133 23893.9 32553.5 25849.6
threshold=102.10000000000001 37.400000000000013 70.750000000000014 2.7044919661661955 -30.719999999999992 -1.3024052539028357 131.00000000000003 -62.099999999999994 149.30000000000004 111.67000000000002 72.372222222222248 107.50000000000001 100.78000000000002 110.78333333333335 0.66746801135786471 20.330000000000005 10.479286811039318 151.21333333333334 517.50000000000011 206.02000000000004 135.96968442800002 5.150000000000003 277.50000000000006 0.98658463173998445 -68.739999999999981 5.2893260153748729 -0.75894212529897775 93.53666666666669 293.00000000000006 236.86833333333337
decision_type=2 2 2 10 10 8 2 10 2 2 10 2 2 8 2 10 8 2 2 2 2 10 2 2 8 2 2 8 2 2
left_child=1 2 -1 -3 -4 7 -5 9 12 11 -11 -2 14 -14 -9 20 17 -17 -19 -20 -7 22 27 24 25 -24 -27 -22 29 -29
right_child=5 3 4 6 -6 15 -8 8 -10 10 -12 -13 13 -15 -16 16 -18 18 19 -21 21 -23 23 -25 -26 26 -28 28 -30 -31
leaf_value=-0.040431784915506974 1.2790790099942804 -0.5558936608789774 0.98421465503051886 0.051763578220784569 0.21472950721146766 0.010404974690567757 -0.86950238920175116 -0.095976569289410063 1.1567059462411062 0.12937950916776927 -0.74194049937481232 0.044906614597790578 0.38516896323500749 0.0097221304953939505 0.56909140141887793 0.36907708685924023 1.2243611644550756 -0.62567848699049111 0.40973276364210565 -0.68574170265633327 -0.097803006362404202 -0.34899823749962972 1.7508239774697127 -0.41469422413733359 0.05183423901175771 1.4949872032911689 -0.2094687773147598 0.025695826112949596 0.94228641785522727 -0.44545440483113796
leaf_weight=15609 51 529 192 607 351 89101 52 1020 70 158 220 271 1179 620 135 366 74 126 181 65 11581 745 87 342 5904 54 128 6872 94 304
leaf_count=15609 51 529 192 607 351 89101 52 1020 70 158 220 271 1179 620 135 366 74 126 181 65 11581 745 87 342 5904 54 128 6872 94 304
internal_value=-0.000132013 -0.0394354 -0.0232757 -0.259143 0.469891 0.00555928 -0.0209312 0.122089 0.171972 -0.0934032 -0.377738 0.240381 0.148637 0.255777 -0.0182414 0.00181904 0.217288 0.116308 -0.132385 0.120278 0.000300444 -0.0341802 -0.024934 0.05686 0.0829853 0.766688 0.296249 -0.0532024 0.0178457 0.00573628
internal_weight=137088 17340 16152 1188 543 119748 659 3724 3024 700 378 322 2954 1799 1155 116024 812 738 372 246 115212 26111 25366 6515 6173 269 182 18851 7270 7176
internal_count=137088 17340 16152 1188 543 119748 659 3724 3024 700 378 322 2954 1799 1155 116024 812 738 372 246 115212 26111 25366 6515 6173 269 182 18851 7270 7176
is_linear=0
shrinkage=0.05


Tree=155
num_leaves=31
num_cat=0
split_feature=20 22 16 14 22 16 0 21 2 12 9 9 22 13 5 9 12 20 11 0 21 22 0 9 22 20 5 4 8 22
split_gain=12064.9 26251.9 19521.9 15681.6 24581 14762.5 16292.9 12248.8 14059.1 24182.5 29579.1 29183.4 32637.7 22798.1 45544.1 39060.9 95942.6 33818.1 26667.2 20645.1 21463.7 20632.8 27660.6 21999.1 32656.8 21807.2 20087.9 19856.1 19623.6 19166.2
threshold=3.3283184234618255 -78.07999999999997 13.937500000000002 1.0000000180025095e-35 -36.349999999999987 10.750000000000002 288.90000000000003 -19.219860199511739 -0.11333333333333327 0.61734245059639015 647.50000000000011 897.50000000000011 -60.899999999999999 0.38268343236508956 160.3016666666667 1092.5000000000002 0.9195955058153672 0.10712875508531022 61.807323038578168 117.40666666666668 -2.471510875557136 -30.380000000000006 217.10000000000002 37.500000000000007 -2.6900000000000079 -1.4411273332751289 158.33500000000004 3.2505425173298375 222.00000000000003 -35.990000000000002
decision_type=10 8 2 2 10 2 2 8 8 2 2 2 8 2 2 2 2 10 2 2 8 8 2 2 10 10 2 2 2 10
left_child=7 -2 3 4 -3 6 -5 -1 9 11 -11 21 27 14 29 16 17 -16 -17 20 -14 22 25 24 -23 -9 -26 -13 -27 -12
right_child=1 2 -4 5 -6 -7 -8 8 -10 10 13 12 19 -15 15 18 -18 -19 -20 -21 -22 23 -24 -25 26 28 -28 -29 -30 -31
leaf_value=-0.085840568399522699 0.8679896396809611 0.090811726776883012 -0.68724938376064615 -0.2680448202112698 -1.2649489416607791 0.53872411491894967 0.33916663197826036 0.12304694107037686 0.01678687628566913 -0.017920590889600747 0.29104286333107443 -0.18949219495989383 0.48382683259064863 -0.07367256532933035 2.891766288429499 -0.80292622524581558 0.42292530059639832 1.1670215243680608 0.51095425470209699 -0.29203242487987929 -0.08233073772629329 -0.023161286866336204 0.13110752786562271 0.03596315538171492 -0.3988406754351066 -0.093928983181273629 -1.4287808292441899 -1.0226315400021224 0.52986965347814752 0.019841757927160544
leaf_weight=3926 58 64 187 454 70 99 146 1298 80741 6464 1041 120 195 896 60 73 384 54 82 1109 1183 1232 1789 15568 384 17312 54 177 127 1741
leaf_count=3926 58 64 187 454 70 99 146 1298 80741 6464 1041 120 195 896 60 73 384 54 82 1109 1183 1232 1789 15568 384 17312 54 177 127 1741
internal_value=-0.000128764 -0.166741 -0.225579 -0.121939 -0.617421 -0.0269533 -0.12029 0.00119179 0.00377869 -0.0166777 0.0498271 -0.0343831 -0.190611 0.15094 0.209529 0.585319 0.801061 2.07478 -0.107841 -0.13145 -0.0022141 -0.0228659 -0.0567348 0.0174632 -0.154996 -0.0746699 -0.52582 -0.68601 -0.0893862 0.121323
internal_weight=137088 1078 1020 833 134 699 600 136010 132084 51343 10795 40548 2784 4331 3435 653 498 114 155 2487 1378 37764 20526 17238 1670 18737 438 297 17439 2782
internal_count=137088 1078 1020 833 134 699 600 136010 132084 51343 10795 40548 2784 4331 3435 653 498 114 155 2487 1378 37764 20526 17238 1670 18737 438 297 17439 2782
is_linear=0
shrinkage=0.05


Tree=156
num_leaves=31
num_cat=0
split_feature=20 19 13 22 12 8 22 22 13 3 20 21 17 11 0 0 9 9 13 14 2 20 12 22 9 14 2 21 12 13
split_gain=11926.8 24999.9 25000.6 28464.7 20965.6 29973.1 24550 43725.6 43816.1 26913.7 26756.5 23120.8 22549.7 35934.8 20896.8 20527.8 29399.8 31750.5 82089 44747.8 21687.5 22196.6 20680.2 20197.9 20139.5 20898.6 19471.6 18797.4 20284.1 25053.9
threshold=-0.33342573629608835 0.34400000000000036 0.80644460426748255 -33.810000000000002 -0.90159026428466904 293.00000000000006 -12.909999999999998 -26.570000000000004 0.14132478920498384 122.60000000000001 1.194340573802289 -16.279640226013036 8.5000000000000018 66.653520950736606 153.78000000000003 147.89000000000004 1152.5000000000002 687.50000000000011 -0.032717136199948357 2.5000000000000004 -0.22666666666666632 -2.2023140440303934 0.47136869107721086 -79.379999999999981 1242.5000000000002 4.5000000000000009 -1.9599999999999997 10.867110647852636 0.63435554093529933 -0.19509032201612839
decision_type=8 10 2 10 2 2 10 10 2 2 10 10 2 2 2 2 2 2 2 2 8 10 2 8 2 2 10 10 2 2
left_child=1 2 15 -4 5 6 7 8 10 -9 23 12 26 -14 -7 20 17 -17 19 -19 22 -22 -1 -2 -18 -26 -6 28 -23 -30
right_child=4 -3 3 -5 11 14 -8 9 -10 -11 -12 -13 13 -15 -16 16 24 18 -20 -21 21 27 -24 -25 25 -27 -28 -29 29 -31
leaf_value=-0.089116430405930869 -0.85914629953354604 0.11314541930358171 -0.16181272983693951 0.033999848899369377 0.66115780444617611 0.21571843553604003 -0.23454486753353901 -0.18500270688040843 0.059625183015844935 0.21571843553604003 -0.51340963832537934 0.010091004324340069 0.04450020109292209 -0.99120739333019281 1.1975286837767911 0.098177814511607786 -1.1420385295791287 2.3357802647179451 0.13811331506297334 0.80200458531773178 -0.26913250707141112 0.10207361876331172 0.063690672085519165 -0.13818740155337189 0.11911503898162468 -0.73069731561411722 -0.061563296321978482 -0.062690166124722876 0.13398256168896758 -0.051634195508344985
leaf_weight=8129 100 6144 4304 3263 94 134 2246 495 2302 1735 627 60794 168 167 74 2372 56 69 545 153 582 12476 3043 3404 255 101 10905 3583 2573 6195
leaf_count=8129 100 6144 4304 3263 94 134 2246 495 2302 1735 627 60794 168 167 74 2372 56 69 545 153 582 12476 3043 3404 255 101 10905 3583 2573 6195
internal_value=-0.000122326 0.0182154 0.0059877 -0.0773755 -0.0119832 -0.0758982 -0.0872347 -0.0490426 -0.11518 0.141748 -0.212591 -0.00213207 -0.0676949 -0.471808 0.518672 0.0217061 0.136481 0.188603 0.468249 1.27872 0.0105646 0.0360927 -0.0474952 -0.158763 -0.260632 -0.121983 -0.0553868 0.0432479 0.0611153 0.00283569
internal_weight=137088 53843 47699 7567 83245 11117 10909 8663 6433 2230 4131 72128 11334 335 208 40132 3551 3139 767 222 36581 25409 11172 3504 412 356 10999 24827 21244 8768
internal_count=137088 53843 47699 7567 83245 11117 10909 8663 6433 2230 4131 72128 11334 335 208 40132 3551 3139 767 222 36581 25409 11172 3504 412 356 10999 24827 21244 8768
is_linear=0
shrinkage=0.05


Tree=157
num_leaves=31
num_cat=0
split_feature=3 16 21 20 22 21 12 8 11 22 22 22 21 20 9 22 14 6 21 22 22 22 11 22 0 22 3 12 10 2
split_gain=11923.5 22908.2 26712.8 22193.6 32320.8 26489.5 22750.6 17880.6 17484.6 33718.2 21147 17551.3 16431 16223.2 16284.6 15045.2 14942 14659.7 22183.3 38106.8 37253.5 32885.1 27108 34755.4 30901 26816.7 26534.5 25412.1 23508.6 22410.2
threshold=103.30333333333336 41.500000000000007 2.7044919661661955 -1.3024052539028357 -62.649999999999991 12.665729869809875 -0.9970268106651744 69.375000000000014 100.20927138250002 -47.749999999999993 -26.570000000000004 9.6500000000000039 34.915885019432437 -1.110023889748202 47.500000000000007 -63.149999999999984 1.5000000000000002 8.7032463464362397 9.037910062169134 -70.36999999999999 -86.980000000000018 20.330000000000005 151.66560000350003 -20.370000000000001 212.42000000000004 -56.479999999999997 163.34333333333336 0.77296446310593014 95.036666666666676 0.68133333333333412
decision_type=2 2 10 8 10 8 2 2 2 10 10 10 8 10 2 10 2 2 10 8 10 10 2 10 2 8 2 2 8 8
left_child=1 7 16 4 5 -2 -6 15 10 -10 -4 -12 -8 14 -9 -1 -3 -5 22 20 -20 26 29 24 -24 -26 -21 28 -25 -19
right_child=3 2 8 17 6 -7 12 13 9 -11 11 -13 -14 -15 -16 -17 -18 18 19 21 -22 -23 23 27 25 -27 -28 -29 -30 -31
leaf_value=0.10475784078500046 -0.42660684210260708 -0.87651007364863764 -0.18529735984719867 0.015944613137210194 1.2186808938111522 0.38149340116023589 0.29356550908764278 0.34110025602171956 0.91982760200446312 -0.40429995253521228 1.1960948737739008 0.0062284869306227742 -0.017270823171939041 0.10475784078500046 1.2851764660457086 -0.045211227578986879 -0.31382817652218853 -0.054618450190819373 0.69270527062962128 -0.0059062977199405243 -0.49214113577343954 1.3493513694703578 -0.19753280843217971 -0.12147691666671918 0.0095057633176848701 -1.1308146916198381 0.17040471037850391 0.92878415119112212 0.62497100382478854 0.044373298335600164
leaf_weight=1589 375 189 123 73784 57 139 1515 215 55 382 79 51 591 352 58 16746 314 19006 76 5422 522 50 2712 525 74 170 3519 89 132 8177
leaf_count=1589 375 189 123 73784 57 139 1515 215 55 382 79 51 591 352 58 16746 314 19006 76 5422 522 50 2712 525 74 170 3519 89 132 8177
internal_value=-0.000107542 -0.0356277 -0.248145 0.00601414 0.148323 -0.208074 0.233014 -0.0222558 -0.0461369 -0.237648 0.284654 0.729301 0.206337 0.240736 0.541673 -0.0312206 -0.525253 0.00267993 -0.0215015 0.0449312 -0.341559 0.0706371 -0.0421272 -0.16906 -0.246023 -0.78498 0.0634862 0.135902 0.0284944 -0.0248404
internal_weight=137088 20153 1193 116935 2677 514 2163 18960 690 437 253 130 2106 625 273 18335 503 114258 40474 9589 598 8991 30885 3702 2956 244 8941 746 657 27183
internal_count=137088 20153 1193 116935 2677 514 2163 18960 690 437 253 130 2106 625 273 18335 503 114258 40474 9589 598 8991 30885 3702 2956 244 8941 746 657 27183
is_linear=0
shrinkage=0.05


Tree=158
num_leaves=31
num_cat=0
split_feature=20 17 12 21 22 10 18 3 16 3 9 6 21 6 16 13 22 14 8 9 3 5 3 22 11 10 6 21 20 2
split_gain=11663.1 19337.9 20745.5 19046.8 32623 25024.6 53043.8 24229.4 22598.8 22207.5 20809 19708.9 19228.7 37898.9 17001.7 14245.2 17398.5 14801.6 16972.5 14273.1 13271.5 19524.2 12957.1 19564.3 34003.7 39572.6 42735.1 38215.9 35612.7 34742.7
threshold=2.4007353610803159 31.500000000000004 -0.3007057995042734 3.3206285953978854 -62.099999999999994 74.310000000000016 21.500000000000004 163.34333333333336 13.937500000000002 267.83333333333337 787.50000000000011 46.763647405331788 -8.0950467020087284 28.894027378859501 22.500000000000004 -0.5 -79.379999999999981 5.5000000000000009 93.500000000000014 52.500000000000007 281.31666666666678 176.03666666666669 226.17000000000002 -56.479999999999997 173.72042959681445 81.877777777777794 12.804017125254697 10.101184890228156 0.71433137407171987 0.046666666666667099
decision_type=8 2 2 8 8 10 2 2 2 2 2 2 10 2 2 2 10 2 2 2 2 2 2 10 2 10 2 8 10 10
left_child=22 3 -3 4 5 -2 -7 -5 10 14 15 12 13 -6 -10 16 -9 18 19 -18 21 -21 -1 -24 25 -25 28 -26 -27 -28
right_child=1 2 -4 7 11 6 -8 8 9 -11 -12 -13 -14 -15 -16 -17 17 -19 -20 20 -22 -23 23 24 27 26 29 -29 -30 -31
leaf_value=-0.00054465930677759483 0.1149036567658186 0.0027003352592388789 -0.93745655774846126 -0.33517631024623507 -0.043751332759857181 -2.4181333784873669 -0.35115959315330952 1.0717186794831204 -0.79121987176876452 -0.90581319044259478 -0.61364083674861425 0.7790083262519758 -0.22903850408983512 1.4033964252471924 0.23525163197764465 0.59288268165707381 0.35968329022747952 0.65781414050475828 0.77159699976444251 0.27083825187719601 0.21879426991464168 -0.56134506717214794 0.20793051840760796 -0.108591614188924 -1.6748480194186173 0.85592913645416946 0.19556632616135508 -0.19389962078827733 -0.44724316301434863 0.96499462980972572
leaf_weight=128794 52 105 133 327 255 52 77 52 51 88 67 61 1192 55 193 293 73 112 70 98 163 251 1896 1463 60 67 307 159 241 281
leaf_count=128794 52 105 133 327 255 52 77 52 51 88 67 61 1192 55 193 293 73 112 70 98 163 251 1896 1463 60 67 307 159 241 281
internal_value=-0.000108027 -0.0862487 -0.522681 -0.0572507 -0.175614 -0.81109 -1.18436 0.0550595 0.139512 -0.22488 0.242122 -0.102024 -0.137805 0.213001 0.0207023 0.293684 0.186644 0.126639 0.0358122 -0.0522304 -0.153695 -0.327666 0.00236111 0.0860102 -0.0036565 0.0516721 0.313353 -0.599639 -0.163761 0.563269
internal_weight=137088 3820 238 3582 1744 181 129 1838 1511 332 1179 1563 1502 310 244 1112 819 767 655 585 512 349 133268 4474 2578 2359 896 219 308 588
internal_count=137088 3820 238 3582 1744 181 129 1838 1511 332 1179 1563 1502 310 244 1112 819 767 655 585 512 349 133268 4474 2578 2359 896 219 308 588
is_linear=0
shrinkage=0.05


Tree=159
num_leaves=31
num_cat=0
split_feature=20 22 16 14 22 16 0 5 20 12 11 10 9 0 14 11 3 6 13 22 20 10 2 20 21 12 5 21 13 21
split_gain=11329.1 22377.5 17157.7 14702.7 20815.6 13566.1 13291.4 11672 18347.3 19015.9 25027 26045 21176.2 19531.2 28045.5 19404.4 27034.2 20048 17937.1 19259.4 18304.3 16205.3 16012.2 17396 15774.1 15768.1 30143.6 22880.4 21418.4 21236.9
threshold=3.3283184234618255 -78.07999999999997 13.437500000000002 1.0000000180025095e-35 -36.589999999999996 10.750000000000002 288.90000000000003 95.201666666666682 -0.94778272947264008 -0.91959550581536686 93.262063682079287 95.036666666666676 452.50000000000006 121.64666666666669 3.5000000000000004 135.96968442800002 100.50333333333334 8.0191962867779587 0.75894212529897775 -31.600000000000005 -2.5386739793346953 84.216666666666683 -0.21466666666666587 -2.2023140440303934 12.416673556566069 0.065403129230143103 66.465000000000018 -1.0000000180025095e-35 0.45201865172701733 -2.3423222183222232
decision_type=8 8 2 2 8 2 2 2 10 2 2 8 2 2 2 2 2 2 2 10 10 10 8 10 10 2 2 8 2 10
left_child=7 -2 3 4 -3 6 -5 18 9 10 13 12 15 -9 -15 16 -12 21 19 22 -21 -18 23 -1 -13 26 -24 -27 -28 -30
right_child=1 2 -4 5 -6 -7 -8 8 -10 -11 11 24 -14 14 -16 -17 17 -19 -20 20 -22 -23 25 -25 -26 27 28 -29 29 -31
leaf_value=0.51551043878241287 0.79835073233678422 0.081850153754930946 -0.64086686800969284 -0.23418354982767547 -1.1383705436022251 0.52708760102589924 0.3088232539287985 0.34708005564021915 -0.0012934431579327229 0.036787257903142294 -0.33359605826589528 0.97768046758934712 -0.55619135045863188 1.87259347731607 0.26685291437002329 -0.11212340682388232 1.4080925918880263 0.10436964386701585 -0.22179642681114609 -0.4299989518091123 -0.063065217307167923 0.29601474916934967 0.98891280677007609 -0.26363456445250077 0.23637314000501863 -0.31627793118036662 0.092138218124748705 0.12531606817222521 1.4974793134426529 0.28264749328104349
leaf_weight=82 58 64 190 494 77 96 146 379 112820 11570 98 111 157 57 52 543 95 100 1335 369 4306 50 115 567 203 441 1478 876 55 104
leaf_count=82 58 64 190 494 77 96 146 379 112820 11570 98 111 157 57 52 543 95 100 1335 369 4306 50 115 567 203 441 1478 876 55 104
internal_value=-9.46454e-05 -0.158111 -0.210102 -0.116778 -0.584512 -0.0271713 -0.11031 0.00121283 0.00527964 0.0605592 0.209633 0.0992007 -0.0209885 0.516716 1.10655 0.07385 0.368263 0.649006 -0.05156 -0.024482 -0.0920275 1.02462 0.0604495 -0.165191 0.498428 0.108166 0.206428 -0.0225525 0.151458 0.702872
internal_weight=137088 1125 1067 877 141 736 640 135963 126235 13415 1845 1357 1043 488 109 886 343 245 9728 8393 4675 145 3718 649 314 3069 1752 1317 1637 159
internal_count=137088 1125 1067 877 141 736 640 135963 126235 13415 1845 1357 1043 488 109 886 343 245 9728 8393 4675 145 3718 649 314 3069 1752 1317 1637 159
is_linear=0
shrinkage=0.05


Tree=160
num_leaves=31
num_cat=0
split_feature=17 9 12 18 6 8 2 22 4 12 5 22 9 22 2 5 20 22 12 5 20 17 18 10 11 3 21 21 11 21
split_gain=11181.7 25403.6 27525.2 26046.5 32754.8 31494.8 36955.8 29537.3 30912.7 27831.5 33811.7 46800.1 34107.6 58736 35704.2 32890.7 29337.6 28898.1 27278.8 32520.3 24415.1 22293.3 24609.2 24712.2 22290.2 35980.7 31319.4 22267.4 21996.3 21947.8
threshold=23.550000000000004 97.500000000000014 -0.88186879444286459 12.500000000000002 1.8061578171948816 26.500000000000004 0.55466666666666697 -70.36999999999999 23.001537915455398 -0.065403129230142812 113.00500000000001 13.19000000000001 42.500000000000007 -30.380000000000006 -0.29155555555555585 158.98666666666671 0.32281667363025324 -54.340000000000003 0.56457333468532445 148.8016666666667 -1.0907438502842475 14.500000000000002 1.0100000000000002 78.508333333333354 105.45875114202489 201.8366666666667 -1.4811348857218645 11.966795106234764 152.88870972450005 -2.3423222183222232
decision_type=2 2 2 2 2 2 10 8 2 2 2 8 2 10 10 2 10 10 2 2 10 2 2 8 2 2 8 10 2 8
left_child=1 2 21 4 -4 6 -5 -6 18 -7 -11 12 13 14 -12 17 -14 -16 20 -20 -9 22 -1 -24 25 -18 -27 -2 29 -10
right_child=27 -3 3 5 7 9 -8 8 28 10 11 -13 16 -15 15 -17 24 -19 19 -21 -22 -23 23 -25 -26 26 -28 -29 -30 -31
leaf_value=-0.2121232092088243 -0.018083481180626592 -0.006741732773224496 0.84297815238436069 -0.024540085633981787 1.2146794873406179 -0.010057642194487513 -0.48639135808431172 0.6155629043718216 1.3355447403940501 -0.024540085633981787 -0.024540085633981787 1.3849489744881105 0.46749005757727247 0.035595639391608959 1.4374820195900446 1.4821081763540191 -0.024540085633981787 0.39829307228700661 -0.42726311830223906 0.23403334399902978 0.12636173140130677 -0.37241323200933008 -0.17613330409970607 0.14457789572707666 -0.024540085633981787 -0.024540085633981787 0.84442593546460076 -0.24822144803163149 1.5892542882034413 0.13784084551864201
leaf_weight=1171 5351 108654 174 1730 64 4392 549 271 51 938 122 87 437 530 88 174 375 279 469 308 4333 494 824 2216 1127 67 300 1308 52 153
leaf_count=1171 5351 108654 174 1730 64 4392 549 271 51 938 122 87 437 530 88 174 375 279 469 308 4333 494 824 2216 1127 67 300 1308 52 153
internal_value=-8.9913e-05 0.00313667 0.0524284 0.0819418 0.1672 0.0371993 -0.128679 0.146575 0.134448 0.0795992 0.16664 0.239434 0.210952 0.427988 0.741666 0.915913 0.0986686 0.647472 0.108909 -0.165128 0.155157 -0.0546477 -0.0173701 0.0576483 0.0124326 0.255719 0.610993 -0.0632885 0.671264 0.437267
internal_weight=137088 130429 21775 17070 5875 11195 2279 5701 5637 8916 4524 3586 3499 1193 663 541 2306 367 5381 777 4604 4705 4211 3040 1869 742 367 6659 256 204
internal_count=137088 130429 21775 17070 5875 11195 2279 5701 5637 8916 4524 3586 3499 1193 663 541 2306 367 5381 777 4604 4705 4211 3040 1869 742 367 6659 256 204
is_linear=0
shrinkage=0.05


Tree=161
num_leaves=31
num_cat=0
split_feature=20 2 19 13 8 22 22 9 22 3 22 5 10 10 6 5 13 12 21 11 0 14 5 21 5 9 5 9 10 16
split_gain=11462.6 29334.8 21434.2 20428 22237.6 20114.1 23618 22074.6 20689.2 18804.8 22054.3 21698 18464.5 24970.1 18221 22525.5 25775.8 18009.8 17146.9 24587.2 25493.4 41973.4 48594.2 37374 35700.7 24383.8 22899.1 28946.5 29541 24849.9
threshold=0.73215004873171041 1.5666666666666667 1.0706666666666662 0.90159026428466915 205.00000000000003 -63.699999999999996 -59.47999999999999 127.50000000000001 1.6200000000000119 226.17000000000002 -69.469999999999985 241.53 81.010000000000034 91.27222222222224 25.301081297335561 155.94500000000005 -0.81279832427823695 0.054511258297739541 11.086037810229238 106.79841173057153 257.78000000000003 2.5000000000000004 322.5533333333334 -3.9542646888150013 294.63333333333338 382.50000000000006 153.11833333333337 222.50000000000003 92.836666666666687 0.12500000000000003
decision_type=8 10 10 2 2 8 8 2 10 2 8 2 8 8 2 2 2 2 10 2 2 2 2 10 2 2 2 2 10 2
left_child=1 2 9 18 5 7 -7 -5 -8 14 -11 12 -12 -14 -1 -16 -17 -10 19 20 -2 22 23 -22 -23 -25 -20 29 -29 -28
right_child=3 -3 -4 4 -6 6 8 -9 17 10 11 -13 13 -15 15 16 -18 -19 26 -21 21 24 -24 25 -26 -27 27 28 -30 -31
leaf_value=0.0034185494226169431 -0.053929734276897512 0.35971608642908293 0.2264564230196342 -1.1830978436129433 0.83874453435559859 0.44410139742215127 0.0019342761994157629 -0.12317011875221549 0.039916439951166838 0.59739897384253504 -0.032614120248570501 -0.13734198254032504 1.2757714616781788 0.19466613297824001 0.044081219767382537 -0.51255063865580108 -0.016081031715443683 0.44410139742215127 -0.11433833920926591 -0.15164878033886686 0.19291484014715488 -0.37531565337439576 -0.56837805640998862 1.3427364508052009 0.36703415679377305 0.20772810196656677 -0.1552858567429225 -0.29621252282423544 0.69804955062425733 0.19700155718901963
leaf_weight=105920 10321 586 1082 63 91 250 3525 223 319 272 166 493 95 122 821 622 451 234 1461 6192 204 407 89 211 269 61 839 94 364 1241
leaf_count=105920 10321 586 1082 63 91 250 3525 223 319 272 166 493 95 122 821 622 451 234 1461 6192 204 407 89 211 269 61 839 94 364 1241
internal_value=-0.000179469 0.00689108 0.00501224 -0.0297439 0.0647239 0.0494583 0.0762945 -0.356651 0.0465411 0.00281328 0.204108 0.0819909 0.364318 0.667961 0.000669898 -0.153046 -0.303876 0.330879 -0.0501765 -0.0712449 -0.0281848 0.185928 0.503996 0.704503 -0.0799131 1.08819 0.0433588 0.134137 0.493987 0.054901
internal_weight=137088 110630 110044 26458 4705 4614 4328 286 4078 108962 1148 876 383 217 107814 1894 1073 553 21753 17754 11562 1241 565 476 676 272 3999 2538 458 2080
internal_count=137088 110630 110044 26458 4705 4614 4328 286 4078 108962 1148 876 383 217 107814 1894 1073 553 21753 17754 11562 1241 565 476 676 272 3999 2538 458 2080
is_linear=0
shrinkage=0.05


Tree=162
num_leaves=31
num_cat=0
split_feature=6 13 5 22 7 9 22 20 12 22 13 20 3 9 10 22 22 14 9 15 17 22 13 21 20 20 0 22 10 12
split_gain=11130.2 40893.2 24692.6 25991.2 24389.3 35394 35943.1 27113.2 23894.3 21532.5 16599.5 22524.2 37211.3 22558 31644.1 23193.5 31047.7 26160.4 27845.4 19848.2 19709.9 15640.3 36951.5 17049.6 16692 15578.9 24083 43152.5 26589.5 25587.9
threshold=2.7916512135657912 -0.60003553868615123 110.28000000000002 -62.099999999999994 60.375000000000007 712.50000000000011 -58.079999999999991 -0.12954391271950416 -0.20576496797711577 -26.700000000000003 -0.1413247892049839 -1.7752876166739306 92.696666666666687 422.50000000000006 60.816666666666684 -38.889999999999993 -26.570000000000004 3.5000000000000004 592.50000000000011 3.7250000000000005 0.03500000000000001 -66.999999999999986 -0.1413247892049839 5.5894005641125384 0.11701910526653117 -0.64523135743531801 104.85333333333334 -79.379999999999981 75.037500000000023 -0.54643492068321342
decision_type=2 2 2 8 2 2 8 10 2 8 2 8 2 2 10 10 10 2 2 2 2 10 2 8 10 10 2 10 10 2
left_child=1 2 3 -1 5 9 -7 -6 10 -4 -3 -12 20 19 -15 -16 17 18 -17 -14 -13 22 23 -10 -23 26 -2 28 -28 -29
right_child=25 8 4 -5 7 6 -8 -9 21 -11 11 12 13 14 15 16 -18 -19 -20 -21 -22 24 -24 -25 -26 -27 27 29 -30 -31
leaf_value=0.76953469721738965 -0.024639019465593562 -0.037838255048024336 -0.1390561976425837 0.022709681470045345 1.2232583741486913 -0.61093984916806221 0.45066020350037878 0.45066020350037878 0.30663793632617364 0.24601711772406173 -0.31927276135476168 0.5478810754433977 0.015624542284131449 -0.20146107005615099 0.088352318031935953 1.0121303056327391 0.2482535900456922 0.52198637394855429 2.518652876549297 0.39998415188553432 1.6629957539737223 -0.062855379525193086 0.037129241706019167 1.3968464795500042 0.043455762609821404 -0.018735099872482966 0.020223484908890383 0.18983324935443208 -0.53200877922045198 0.040439383956963372
leaf_weight=121 11953 1750 753 3133 142 80 918 137 65 701 242 191 2311 168 159 71 143 84 54 393 50 14583 760 80 4944 80152 421 4679 452 7398
leaf_count=121 11953 1750 753 3133 142 80 918 137 65 701 242 191 2311 168 159 71 143 84 54 393 50 14583 760 80 4944 80152 421 4679 452 7398
internal_value=-0.000135589 0.0256652 0.143521 0.0504804 0.25438 0.203978 0.433271 0.697343 -0.00141442 0.0465947 0.0899278 0.147763 0.17895 0.136187 0.393841 0.589557 0.815953 1.20438 1.66295 0.0714875 0.779233 -0.026521 0.176682 0.908132 -0.0359387 -0.00800266 0.0265404 0.0737796 -0.265697 0.0983191
internal_weight=137088 32033 5985 3254 2731 2452 998 279 26048 1454 5616 3866 3624 3383 679 511 352 209 125 2704 241 20432 905 145 19527 105055 24903 12950 873 12077
internal_count=137088 32033 5985 3254 2731 2452 998 279 26048 1454 5616 3866 3624 3383 679 511 352 209 125 2704 241 20432 905 145 19527 105055 24903 12950 873 12077
is_linear=0
shrinkage=0.05


Tree=163
num_leaves=31
num_cat=0
split_feature=20 22 16 14 22 16 0 3 20 16 21 2 22 11 22 22 22 9 9 13 21 17 5 12 20 11 13 10 12 2
split_gain=11021.5 19708.6 15221.9 13226.9 18757.4 11474 11435.9 10837.6 21372 20226.7 22576.1 19531.1 17418.1 15053.2 31712.2 18367.2 17235.3 14066.7 39006.1 104031 59428.8 27264.7 22694.5 29888.9 16536.3 22867.5 25375.5 20390.7 19854.8 21217.8
threshold=3.3283184234618255 -78.07999999999997 13.937500000000002 1.0000000180025095e-35 -36.589999999999996 10.750000000000002 288.90000000000003 102.96666666666668 -1.7067233831074371 41.500000000000007 2.7044919661661955 1.8666666666666667 -12.580000000000011 100.20927138250002 -47.749999999999993 -26.570000000000004 9.6500000000000039 1322.5000000000002 1232.5000000000002 -0.50938662908026078 14.144087964688788 0.12500000000000003 117.73500000000003 0.04361938736533582 -0.66453833535919371 162.48812430800004 -0.93585024503435343 82.14166666666668 -0.88186879444286459 0.38399999999999967
decision_type=8 8 2 2 8 2 2 2 10 2 10 8 10 2 10 10 10 2 2 2 8 2 2 2 10 2 2 8 2 10
left_child=7 -2 3 4 -3 6 -5 9 12 11 -11 -1 -9 15 -15 -12 -17 18 24 20 -20 22 23 -19 25 28 -27 -28 29 -10
right_child=1 2 -4 5 -6 -7 -8 8 17 10 13 -13 -14 14 -16 16 -18 21 19 -21 -22 -23 -24 -25 -26 26 27 -29 -30 -31
leaf_value=-0.024034659014707992 0.74164021300344629 0.071066547837108376 -0.61444594482368331 -0.22542853823482148 -1.0872574962578812 0.46789230598945813 0.2782528386132358 0.22984447748044401 0.18564789211353322 -0.4927694390054671 -0.1768318031255792 0.7268984020783984 1.2093408221229911 0.89991303516758814 -0.39876458139130566 1.1432962260949306 -0.04589468860626221 0.31480238634739416 2.5076675866658871 -0.088763632412284257 0.49322316994269688 1.0327702341256317 -0.18206378095139025 -0.14154213940415158 -0.0010314858772805635 -0.25671885777627018 -0.32304812183668563 0.07064910341225078 0.058190558482680066 0.84945853951212491
leaf_weight=18342 58 64 187 494 77 99 146 492 2022 492 123 87 50 54 363 78 50 648 78 272 69 54 2761 804 94409 1080 373 2781 10353 128
leaf_count=18342 58 64 187 494 77 99 146 492 2022 492 123 87 50 54 363 78 50 648 78 272 69 54 2761 804 94409 1080 373 2781 10353 128
internal_value=-0.000119076 -0.155975 -0.204768 -0.117711 -0.561493 -0.0330385 -0.110526 0.00117053 0.0069622 -0.0332365 -0.235747 -0.0204896 0.320204 -0.0464434 -0.230591 0.25949 0.678769 0.00549648 0.00890409 0.490422 1.56211 -0.0835989 -0.0979079 0.0621157 0.00708885 0.0528936 -0.0475385 0.0240895 0.0869037 0.225168
internal_weight=137088 1125 1067 880 141 739 640 135963 116374 19589 1160 18429 542 668 417 251 128 115832 111565 419 147 4267 4213 1452 111146 16737 4234 3154 12503 2150
internal_count=137088 1125 1067 880 141 739 640 135963 116374 19589 1160 18429 542 668 417 251 128 115832 111565 419 147 4267 4213 1452 111146 16737 4234 3154 12503 2150
is_linear=0
shrinkage=0.05


Tree=164
num_leaves=31
num_cat=0
split_feature=15 9 20 5 22 18 9 12 6 15 20 0 20 12 15 22 9 22 5 15 13 8 22 12 22 22 10 10 7 1
split_gain=10503.8 26573 33565.2 51543.8 41512 53922.4 48803.8 34630.1 41555.1 28994.3 28615.4 28014.6 27031.2 25848.6 25713.2 26562.4 35890.9 38653.1 27071.5 26098.2 28536.4 32867.4 37041.6 36656.1 28751.3 27373 26857.1 27892.3 31410 26199.6
threshold=13.437500000000002 92.500000000000014 -0.12138028280788692 147.04833333333337 -2.8600000000000061 8.5000000000000018 22.500000000000004 0.49049438445969384 27.86885607764982 0.27500000000000008 0.74863456345676804 113.02000000000002 -0.892910519457909 -0.90159026428466904 15.500000000000002 -6.5399999999999983 32.500000000000007 1.0000000180025095e-35 147.04833333333337 16.500000000000004 -0.70710678118654757 92.500000000000014 -54.340000000000003 0.27982901403099242 -78.529999999999987 -41.189999999999976 80.070833333333354 95.304166666666688 188.00000000000003 3.0226666666666655
decision_type=2 2 10 2 8 2 2 2 2 2 10 2 10 2 2 10 2 10 2 2 2 2 10 2 8 10 10 10 2 10
left_child=1 2 11 7 -5 -6 -7 8 13 -3 -8 12 -1 -4 -2 19 18 -18 -17 -16 21 23 -23 24 -21 -26 -22 29 -29 -28
right_child=14 9 3 4 5 6 10 -9 -10 -11 -12 -13 -14 -15 15 16 17 -19 -20 20 26 22 -24 -25 25 -27 27 28 -30 -31
leaf_value=0.20684839592460624 -0.26542011468358451 -0.006713583071952362 -0.25326534504904957 0.08937424911674105 -0.56639262152011283 -0.13635891740972347 2.2372266769317197 -0.31047468265477907 0.59357596432237192 0.71848936529587148 0.82266675448045135 0.26063036382065613 -0.080348230211984117 0.011155435872018647 0.69570295263613979 -0.39073804815287311 -0.48330032440095111 0.47096770703415936 -1.601989639237523 -0.95553270846443328 0.078997629770530098 1.3338728644574682 0.27406400437562484 0.2253336786546839 0.18122394169061165 -0.22751854156674717 -0.27062881468100958 -0.043897620721953634 1.1128691597043403 -1.36286386737698
leaf_weight=1508 1227 109889 1269 5429 61 55 81 1375 256 138 64 3070 1794 3402 140 596 174 272 50 92 1326 96 584 495 732 930 1493 363 70 57
leaf_count=1508 1227 109889 1269 5429 61 55 81 1375 256 138 64 3070 1794 3402 140 596 174 272 50 92 1326 96 584 495 732 930 1493 363 70 57
internal_value=-0.000113122 0.00348903 0.0591678 0.00989318 0.118986 0.734929 1.13183 -0.0886052 -0.0266871 -0.00580401 1.61287 0.151902 0.0508124 -0.0606814 -0.0532905 -0.0184467 -0.24631 0.0986748 -0.484488 0.0205666 0.00541445 0.119082 0.423684 0.0269833 -0.0951228 -0.0474948 -0.0951995 -0.211682 0.143109 -0.310795
internal_weight=137088 128391 18364 11992 5690 261 200 6302 4927 110027 145 6372 3302 4671 8697 7470 1092 446 646 6378 6238 2929 680 2249 1754 1662 3309 1983 433 1550
internal_count=137088 128391 18364 11992 5690 261 200 6302 4927 110027 145 6372 3302 4671 8697 7470 1092 446 646 6378 6238 2929 680 2249 1754 1662 3309 1983 433 1550
is_linear=0
shrinkage=0.05


Tree=165
num_leaves=31
num_cat=0
split_feature=20 22 9 3 9 9 12 2 13 8 3 12 22 21 3 6 18 5 22 11 6 0 4 9 9 10 22 22 20 13
split_gain=10612.4 17290.2 45032.3 29695.3 24587.7 26395.1 22117.4 22040.8 20374.7 21130.3 18099.3 21653.7 28646.1 33079.4 55043 17578.7 25123.8 24070.8 19214.1 17538.4 25577.5 19818.6 17524.1 16859.5 16813.3 20935.3 16191.3 19410.5 16003.2 14208.6
threshold=2.0371132148740947 -22.359999999999996 782.50000000000011 173.15666666666669 387.50000000000006 547.50000000000011 0.91080963307804874 0.24000000000000107 -0.96298784033749818 70.250000000000014 327.43333333333339 0.35222909080468517 -62.099999999999994 -8.3944257321444606 222.79333333333335 9.6492065925656121 65.500000000000014 217.49500000000003 -36.439999999999984 133.08750027418139 13.867321727975432 306.10000000000008 21.565028257719671 92.500000000000014 82.500000000000014 84.608333333333363 -46.259999999999998 -62.099999999999994 2.5247640580662885 -0.79989897227935869
decision_type=8 8 2 2 2 2 2 10 2 2 2 2 10 10 2 2 2 2 10 2 2 2 2 2 2 8 10 10 10 2
left_child=-1 2 8 6 19 -6 -3 -7 9 22 11 12 13 -10 29 -13 18 -18 24 21 -21 -5 23 -2 26 -26 27 -17 -25 -15
right_child=1 3 -4 4 5 7 -8 -9 10 -11 -12 15 -14 14 -16 16 17 -19 -20 20 -22 -23 -24 28 25 -27 -28 -29 -30 -31
leaf_value=0.002904876740043221 -0.15178979144350702 -0.08123582457068447 -1.1146770404460509 -0.15754561467807826 1.4457966110507647 0.059820701056130382 -1.1207015105971585 1.2652274945974351 0.59234553115409716 0.31498478664954505 0.26733450937947373 -0.87942526870911275 0.077205191852627572 0.36392475706007749 -1.7310812939857616 0.55822865024630752 -1.1776034540143507 -0.06622526881595453 -0.37647859576280696 -0.43976180598420922 0.84740331890696874 0.87019696654035494 -1.4480027148183787 -0.4321543479703136 0.46919223992317394 -0.73147230990603562 0.86670419029665724 -0.41540401900055435 -1.512582227728277 -0.70899811094557796
leaf_weight=131112 113 978 112 479 75 157 54 50 57 75 379 109 1687 72 87 106 116 84 327 53 142 52 53 97 57 100 99 99 53 54
leaf_count=131112 113 978 112 479 75 157 54 50 57 75 379 109 1687 72 87 106 116 84 327 53 142 52 53 97 57 100 99 99 53 54
internal_value=-6.51605e-05 -0.0652271 -0.126455 0.0529075 0.24593 0.642156 -0.135626 0.350982 -0.0975116 -0.439495 -0.0585616 -0.0990051 0.000675251 -0.477495 -0.763791 -0.276831 -0.21035 -0.710825 -0.0833259 0.0920245 0.497558 -0.0569004 -0.618564 -0.451415 0.124615 -0.295562 0.341615 0.0880353 -0.813906 -0.0958993
internal_weight=137088 5976 3936 2040 1008 282 1032 207 3824 391 3433 3054 1957 270 213 1097 988 200 788 726 195 531 316 263 461 157 304 205 150 126
internal_count=137088 5976 3936 2040 1008 282 1032 207 3824 391 3433 3054 1957 270 213 1097 988 200 788 726 195 531 316 263 461 157 304 205 150 126
is_linear=0
shrinkage=0.05


Tree=166
num_leaves=31
num_cat=0
split_feature=16 18 22 6 22 22 8 2 13 20 11 21 14 20 19 13 5 3 3 22 22 22 22 0 21 11 22 10 0 12
split_gain=10224.9 18054.1 26166.9 16111.4 14661.2 17483.2 14353.1 30770.9 19612.7 18405.3 16986.8 19487.3 15915.8 15078.9 21750.4 19541.1 31717.4 48366.8 24320.3 18933.6 19503.8 15705.8 15520.4 15347 29975.6 25284.3 21297.2 14587.2 14309.2 14133.6
threshold=174.50000000000003 104.50000000000001 -70.36999999999999 19.193288441667402 -32.389999999999993 -38.889999999999993 92.500000000000014 1.7533333333333336 -0.96298784033749818 -1.0731023794287637 133.08750027418139 0.78500166627268453 4.5000000000000009 1.3216508390461235 -1.1439999999999968 -0.96298784033749818 177.22000000000006 199.81666666666669 158.50333333333339 -61.550000000000004 -33.490000000000009 -60.530000000000008 -66.999999999999986 158.21333333333334 42.129565946873647 59.119198527000016 -39.639999999999993 93.805555555555586 97.366666666666688 0.60003553868615167
decision_type=2 2 10 2 10 8 2 10 2 10 2 10 2 8 8 2 2 2 2 10 8 10 8 2 10 2 8 10 2 2
left_child=1 6 -3 -2 5 -4 13 9 -9 10 11 -8 27 23 -15 16 -16 -18 21 22 -21 -17 -19 -1 25 26 -25 -10 -13 -23
right_child=3 2 4 -5 -6 -7 7 8 12 -11 -12 28 -14 14 15 18 17 19 -20 20 -22 29 -24 24 -26 -27 -28 -29 -30 -31
leaf_value=-0.0047670246319751492 0.13029587549822672 -1.2290712778766952 -0.30354253793610075 1.1046794457435609 -0.36455925098733716 0.31429061787452733 0.04317181116858429 1.2620592375059385 0.36513454636428944 0.04317181116858429 0.04317181116858429 0.62826412558993872 0.04317181116858429 -0.34084368488072142 0.016671819804056038 0.04317181116858429 -1.4691751405951523 -0.32038607297136501 0.031491483845850064 0.04317181116858429 -0.54649202921808515 -0.12567673381958652 -1.4617440769132579 -0.24498480478617438 -1.0838415514109498 0.04317181116858429 0.017844213451217786 1.3353835713192821 1.6288317274192179 -0.42318407929323637
leaf_weight=98603 280 60 204 50 419 261 60 74 172 3757 180 102 53 628 620 328 105 68 7574 188 159 2530 53 1392 59 16803 1727 50 55 474
leaf_count=98603 280 60 204 50 419 261 60 74 172 3757 180 102 53 628 620 328 105 68 7574 188 159 2530 53 1392 59 16803 1727 50 55 474
internal_value=-5.44199e-05 -0.000725202 -0.218631 0.27793 -0.150049 0.0432412 0.000789391 0.0885643 0.539495 0.0506791 0.384481 0.682563 0.34506 -0.00222064 -0.0539402 -0.0390484 -0.231173 -0.499347 -0.0180321 -0.281757 -0.0939589 -0.130604 -0.82032 0.00333015 0.0431718 0.0431718 -0.0994556 0.583659 0.978781 -0.17262
internal_weight=137088 136758 944 330 884 465 135814 4503 349 4154 397 217 275 131311 12727 12099 1193 573 10906 468 347 3332 121 118584 19981 19922 3119 222 157 3004
internal_count=137088 136758 944 330 884 465 135814 4503 349 4154 397 217 275 131311 12727 12099 1193 573 10906 468 347 3332 121 118584 19981 19922 3119 222 157 3004
is_linear=0
shrinkage=0.05


Tree=167
num_leaves=31
num_cat=0
split_feature=17 9 16 18 13 5 17 21 19 6 3 22 9 18 7 12 20 22 9 13 16 22 12 13 3 22 22 5 21 3
split_gain=10213.2 21624.9 26759.5 25974.1 28950.8 25061 24945.5 19800.1 19120.8 19940.9 22613.6 42974 32834.6 26693 21538.2 25475 21362.8 18881.4 27852.7 26576.5 18875.9 18830.5 25114.9 38558.5 39883.3 51174.7 56509.1 54138.1 51442.7 43946.9
threshold=23.550000000000004 97.500000000000014 0.025000000000000005 0.13000000000000003 -0.91080963307804841 183.40333333333336 5.5000000000000009 12.904708888043624 1.3199999999999981 2.5886137625341274 119.55666666666669 5.150000000000003 37.500000000000007 27.300000000000004 93.500000000000014 -0.29026740676763269 0.23830868545644526 7.0999999999999988 27.500000000000004 -0.77296446310592981 13.937500000000002 -43.000000000000007 0.86046863722869271 -0.22706275313213795 129.69666666666672 -58.079999999999991 -66.549999999999997 150.19166666666669 15.012920058003568 143.97000000000006
decision_type=2 2 2 2 2 2 2 10 10 2 2 10 2 2 2 2 10 10 2 2 2 8 2 2 2 10 10 2 8 2
left_child=1 2 5 4 -4 6 -1 -2 9 20 11 14 -13 -14 -11 -16 -12 -18 -19 -20 -5 22 -3 24 -24 26 28 -27 29 -26
right_child=7 21 3 8 -6 -7 -8 -9 -10 10 16 12 13 -15 15 -17 17 18 19 -21 -22 -23 23 -25 25 27 -28 -29 -30 -31
leaf_value=-0.1822915203156325 -0.020823058211939416 -0.064578831467736214 1.3937004626661107 0.39885312738043516 0.26723145479760996 -1.079253917384065 0.69657488273478108 -0.24868714498333366 0.48916489416919656 -0.12215349434889732 0.16766958959261771 -0.29729827132982178 0.8747697651244839 0.08472136385991412 0.18430192336999043 1.4057999198253339 0.040974527499249486 -1.1017230286531978 0.95515213537216193 -0.40274173451602002 0.03572460123930591 0.0061491336856503319 0.022049638649784261 -0.021346760481270377 1.4494190440352623 0.57014648552034419 -0.150941674830392 2.3608755130320787 2.3189050569557228 -0.43709020890069739
leaf_weight=1122 5506 22289 69 763 329 72 87 1153 250 4548 3943 148 270 177 96 52 8906 90 50 129 674 81355 644 3744 58 102 272 72 52 66
leaf_count=1122 5506 22289 69 763 329 72 87 1153 250 4548 3943 148 270 177 96 52 8906 90 50 129 674 81355 644 3744 58 102 272 72 52 66
internal_value=0.000122055 0.00320573 0.048684 0.0625417 0.462524 -0.173017 -0.119048 -0.0602775 0.0546201 0.0491461 0.0351432 -0.0521147 0.348207 0.561932 -0.102837 0.490757 0.0703376 0.0285088 -0.384205 -0.0234418 0.228534 -0.00590842 -0.0418417 0.0593136 0.297854 0.583414 0.300771 1.31114 0.998872 0.445309
internal_weight=137088 130429 21775 20494 398 1281 1209 6659 20096 19846 18409 5291 595 447 4696 148 13118 9175 269 179 1437 108654 27299 5010 1266 622 448 174 176 124
internal_count=137088 130429 21775 20494 398 1281 1209 6659 20096 19846 18409 5291 595 447 4696 148 13118 9175 269 179 1437 108654 27299 5010 1266 622 448 174 176 124
is_linear=0
shrinkage=0.05


Tree=168
num_leaves=31
num_cat=0
split_feature=20 22 22 5 0 13 10 0 8 10 14 9 21 2 12 9 9 22 13 5 9 12 20 11 22 3 14 21 9 13
split_gain=10149.4 18552.3 13904.5 22305.1 33649.6 42534.2 16877.9 15585.2 15548.6 11018.2 10465 10446.7 10210.8 11825.7 20019.8 26254 24216.5 29105.4 19828.9 39261.3 35253.8 85058.2 29660.2 23630.9 17161.7 25820.7 23821.1 31604.6 51485.9 24266
threshold=3.3283184234618255 -78.07999999999997 -27.359999999999999 322.5533333333334 228.90000000000003 -0.84915165824291594 97.316666666666691 276.64000000000004 40.250000000000007 87.441666666666677 3.5000000000000004 77.500000000000014 -19.219860199511739 -0.11333333333333327 0.61734245059639015 647.50000000000011 897.50000000000011 -53.29999999999999 0.38268343236508956 160.3016666666667 1092.5000000000002 0.9195955058153672 0.15378932073801008 61.807323038578168 -30.380000000000006 196.32000000000005 5.5000000000000009 -9.1626488137172952 487.50000000000006 0.24825246871434672
decision_type=10 8 8 2 2 2 8 2 2 10 2 2 8 8 2 2 2 8 2 2 2 2 10 2 8 2 2 8 2 2
left_child=12 -2 3 4 -3 -6 7 8 10 -10 -4 -7 -1 14 16 -16 24 -18 19 -17 21 22 -21 -22 25 26 29 -28 -29 -14
right_child=1 2 6 -5 5 11 -8 -9 9 -11 -12 -13 13 -15 15 18 17 -19 -20 20 23 -23 -24 -25 -26 -27 27 28 -30 -31
leaf_value=-0.078142520708441951 0.71714680006021059 -0.12154890360174382 -0.097591789915938587 0.39010554341599346 -2.1637102958347119 -0.15328922849148513 -0.71102631810593286 0.72625793231179925 0.0236097155734286 0.88703999893282948 -0.94828855926170952 -0.99215003307376604 -0.1524647164263071 0.015612753307399176 -0.018394459054285234 0.11343610846110655 -0.5608600639305179 -0.10602858600068998 -0.068783704986188771 2.6613490210846069 -0.76859312547396308 0.39315918687174567 1.0360457518398762 0.46823051582749298 0.016083633291249639 0.069058494528885531 -0.39794930758930391 0.10079053043177254 1.3552124764900222 -0.022117069051858725
leaf_weight=3926 58 246 102 80 56 79 73 83 122 53 56 70 8831 80741 6464 2782 413 2371 896 64 73 384 50 82 17238 3647 294 1674 86 5994
leaf_count=3926 58 246 102 80 56 79 73 83 122 53 56 70 8831 80741 6464 2782 413 2371 896 64 73 384 50 82 17238 3647 294 1674 86 5994
internal_value=0.000109328 -0.152706 -0.202168 -0.379323 -0.515807 -0.988918 -0.00979658 0.113256 -0.0395346 0.285106 -0.399105 -0.547385 0.00132052 0.00368244 -0.0150789 0.0454318 -0.0311886 -0.173502 0.140692 0.195333 0.544241 0.7492 1.9485 -0.114274 -0.0206971 -0.051586 -0.0776534 0.0819253 0.162086 -0.0997629
internal_weight=137088 1078 1020 531 451 205 489 416 333 175 158 149 136010 132084 51343 10795 40548 2784 4331 3435 653 498 114 155 37764 20526 16879 2054 1760 14825
internal_count=137088 1078 1020 531 451 205 489 416 333 175 158 149 136010 132084 51343 10795 40548 2784 4331 3435 653 498 114 155 37764 20526 16879 2054 1760 14825
is_linear=0
shrinkage=0.05


Tree=169
num_leaves=31
num_cat=0
split_feature=19 9 19 21 5 5 5 10 9 13 12 19 9 13 0 22 22 13 11 20 0 12 21 13 22 10 9 11 2 20
split_gain=9598.57 13161.5 15926.2 11399.6 14478.5 17455.2 10504.1 16879.9 11349 31935.1 33472 20390.7 11734.2 52232.8 26400 17238.4 11331.2 15274.2 13631.4 10933.7 15304.8 25819.3 12311.7 13557.5 11816.1 11509.7 10851.1 9926.67 16420.3 26101.6
threshold=0.0062222222222208254 1312.5000000000002 -0.080000000000000154 -0.54866377082607432 201.92833333333334 118.00055555555558 76.78166666666668 85.441666666666691 1192.5000000000002 -0.41268247579971828 0.44228869021900152 -0.12000000000000072 1112.5000000000002 -0.49049438445969407 135.42000000000004 -21.169999999999991 -37.399999999999991 -0.22706275313213795 62.262162506580204 -0.66453833535919371 145.18000000000004 0.89194178735545526 -5.9562226890756369 -0.22706275313213795 -37.399999999999991 92.605555555555569 287.50000000000006 185.06357079700001 0.41599999999999998 0.19942735473465689
decision_type=10 2 8 8 2 2 2 10 2 2 2 10 2 2 2 10 10 2 2 10 2 2 8 2 10 8 2 2 8 10
left_child=1 6 3 -3 5 -5 7 26 12 10 -10 -12 19 14 -14 16 18 -18 -15 20 -8 22 -22 -24 25 -25 -1 28 -2 -30
right_child=27 2 -4 4 -6 -7 8 -9 9 -11 11 -13 13 15 -16 -17 17 -19 -20 -21 21 -23 23 24 -26 -27 -28 -29 29 -31
leaf_value=-0.63485349829656534 0.010389439422107082 0.012909751401789356 0.0013110315672362795 -0.13874133246561199 0.35173187223316615 -0.49643224114430845 0.022781277789304669 0.36680751647959409 -0.25198058229493253 -0.079939270384506697 1.8654410686649261 0.5973476889232795 -0.52224195492054737 -0.2819717257966598 -2.0178945966795379 0.63719614716651651 -1.125087768297929 -0.091018172557743499 0.81846806706403796 -0.015093398471356788 -0.1569863783742971 1.0275576873137517 0.047973985440859741 0.65221484411978026 1.158156263024088 -0.26031431518495085 -0.16999349268822417 -0.040151598013503986 0.21458329420251793 0.021335341049446063
leaf_weight=166 51604 456 1829 698 87 667 10890 117 57 304 61 66 70 60 51 92 52 114 53 52981 228 94 264 103 63 52 515 7598 2682 5014
leaf_count=166 51604 456 1829 698 87 667 10890 117 57 304 61 66 70 60 51 92 52 114 53 52981 228 94 264 103 63 52 515 7598 2682 5014
internal_value=0.000103862 -0.0128126 -0.104115 -0.205175 -0.273665 -0.313525 -0.00767818 -0.18799 -0.00548659 0.234739 0.754641 1.20643 -0.00728551 -0.250544 -1.15264 0.0436709 -0.152043 -0.414944 0.234164 -0.00543497 0.0383236 0.248841 0.145743 0.288943 0.58076 0.346076 -0.283307 0.0136559 0.0205502 0.0886808
internal_weight=137088 70190 3737 1908 1452 1365 66453 798 65655 488 184 127 65167 492 121 371 279 166 113 64675 11694 804 710 482 218 155 681 66898 59300 7696
internal_count=137088 70190 3737 1908 1452 1365 66453 798 65655 488 184 127 65167 492 121 371 279 166 113 64675 11694 804 710 482 218 155 681 66898 59300 7696
is_linear=0
shrinkage=0.05


Tree=170
num_leaves=31
num_cat=0
split_feature=6 13 5 22 12 7 9 22 20 22 22 22 20 11 20 9 22 13 11 9 12 22 12 14 9 10 15 21 22 20
split_gain=9478.84 36595.6 21765.5 22916.2 21113 20510.6 33054 30961.6 24430 19155.6 15561.9 24321.1 40589.4 20178.1 54771.1 20993.3 16293.1 17145.2 15214.2 36554.5 31953 38796.1 46178.7 39977.4 30340.2 26253.3 35219 25931.6 24712.1 31414.4
threshold=2.7916512135657912 -0.60003553868615123 110.28000000000002 -62.099999999999994 -0.20576496797711577 60.375000000000007 712.50000000000011 -58.079999999999991 -0.12954391271950416 -26.700000000000003 -25.800000000000001 -26.700000000000003 -0.39883854521248058 144.41860821625019 -0.17003284281113076 277.50000000000006 -37.579999999999991 -0.1413247892049839 104.09309995174402 287.50000000000006 0.98658463173998445 -65.299999999999983 -0.68355163169896438 4.5000000000000009 322.50000000000006 81.170833333333348 51.500000000000007 0.10988656768503803 -79.379999999999981 -0.13753063329754808
decision_type=2 2 2 8 2 2 2 8 10 8 10 10 10 2 10 2 10 2 2 2 2 8 2 2 2 10 2 10 10 10
left_child=1 2 3 -1 10 6 9 -8 -7 -4 11 13 -13 -3 16 -16 -15 -18 25 -20 21 22 27 24 -24 -2 -27 -21 -26 -30
right_child=18 4 5 -5 -6 8 7 -9 -10 -11 -12 12 -14 14 15 -17 17 -19 19 20 -22 -23 23 -25 28 26 -28 -29 29 -31
leaf_value=0.72322836521385658 -0.0068873744635926139 0.05586201892422972 -0.13393653341121278 0.021971270698375355 -0.025308809156998083 1.1479371397690454 -0.56429900866933169 0.4194777341173575 0.4194777341173575 0.22926181282465496 -0.012651423411307273 1.7933719713369323 -0.15059698991850021 -0.15305580479290448 0.75077894549695379 1.9786506295204163 0.016769333482977558 0.68595187796327561 -0.054858407167723111 0.92044920262062202 -0.35907925325364137 0.042699554377273484 -0.33380377686290602 2.0265990256252935 0.11019906465496337 0.086086323406487156 -0.73530982731079519 -0.17906620656563477 2.0182288125583105 0.55470921644916782
leaf_weight=121 48718 2326 753 3133 20432 142 80 918 137 701 2387 58 50 264 92 56 188 195 33863 66 456 9704 67 59 70 11487 132 286 70 77
leaf_count=121 48718 2326 753 3133 20432 142 80 918 137 701 2387 58 50 264 92 56 188 195 33863 66 456 9704 67 59 70 11487 132 286 70 77
internal_value=9.86688e-05 0.0239086 0.1354 0.0480475 -0.00170858 0.239481 0.193259 0.414844 0.645696 0.041168 0.0841532 0.155715 0.893386 0.130188 0.347651 1.21538 0.14916 0.357476 -0.00716136 -0.0292636 0.0505813 0.0685451 0.429415 0.842295 0.59626 0.00921944 0.0767547 0.0270929 0.883422 1.25162
internal_weight=137088 32033 5985 3254 26048 2731 2452 998 279 1454 5616 3229 108 3121 795 148 647 383 105055 44718 10855 10399 695 343 284 60337 11619 352 217 147
internal_count=137088 32033 5985 3254 26048 2731 2452 998 279 1454 5616 3229 108 3121 795 148 647 383 105055 44718 10855 10399 695 343 284 60337 11619 352 217 147
is_linear=0
shrinkage=0.05


Tree=171
num_leaves=31
num_cat=0
split_feature=5 20 1 17 22 10 15 12 17 22 5 14 11 7 22 1 13 22 20 14 14 22 9 6 22 18 22 5 11 16
split_gain=9389.52 16377.5 19006.9 16164.9 18117.1 25200.7 24191.1 22621.9 24394.6 25166.3 22562.7 22678 18206.7 15803.8 24118.6 21260.1 15734.8 16786.5 15743.8 15557.1 15043.4 16596.1 14750.4 26333 22646.8 31844.1 29209.1 33867 31657.1 29101.8
threshold=95.201666666666682 -1.0379089522204989 0.43999999999999989 23.550000000000004 -77.679999999999964 91.072222222222237 54.100000000000009 -0.49049438445969368 43.500000000000007 -48.339999999999989 194.84000000000003 3.5000000000000004 59.831161703000006 90.500000000000014 -36.839999999999982 -0.013333333333332099 0.75894212529897775 -31.600000000000005 -2.5386739793346953 1.5000000000000002 1.5000000000000002 -38.649999999999999 102.50000000000001 31.448249601831254 -55.440000000000005 104.50000000000001 -51.289999999999992 145.77111111111114 196.23981478586006 0.075000000000000025
decision_type=2 8 10 2 10 8 2 2 2 10 2 2 2 2 10 10 2 10 10 2 2 10 2 2 10 2 10 2 2 2
left_child=16 2 -2 22 5 6 -5 12 9 -9 13 -12 -6 15 -15 -10 17 -1 -19 -17 21 -4 24 -24 25 -3 28 -28 -26 -29
right_child=1 3 20 4 7 -7 -8 8 10 -11 11 -13 -14 14 -16 19 -18 18 -20 -21 -22 -23 23 -25 26 -27 27 29 -30 -31
leaf_value=0.057209501970276348 0.048032199935566004 0.18445795038405105 1.4823348094658417 1.149722946992046 0.7086816237918262 -0.31317073555267905 0.17166569290396871 -1.5598063855335631 -0.12578715046037497 -0.41513990971082859 -0.19952116538878792 0.92985722425434258 -0.028409815546591246 0.66732777833110757 -0.12578715046037497 -0.16398249090010866 -0.20666795605388977 -0.39844702057052039 -0.058143814196372691 -0.57631631771364489 0.2012420480692601 0.34514391436785852 -0.0031735250778663947 -0.241922951495259 -0.19639264245999982 -0.95080668164624105 -0.01966190925108598 -0.40681132692148081 -1.4737309284364948 0.15464728327954419
leaf_weight=3731 10065 3163 55 95 87 144 189 58 545 279 86 92 2262 117 417 356 1335 369 4306 640 389 77 89654 1170 722 63 10879 241 52 5450
leaf_count=3731 10065 3163 55 95 87 144 189 58 545 279 86 92 2262 117 417 356 1335 369 4306 640 389 77 89654 1170 722 63 10879 241 52 5450
internal_value=0.000106045 0.00372514 0.0632752 -0.00167391 -0.0864305 0.225635 0.498833 -0.113473 -0.215381 -0.612145 -0.156034 0.384202 -0.00111013 -0.202377 0.0320315 -0.283606 -0.0472074 -0.0218827 -0.0850041 -0.428936 0.35775 0.818973 0.00240969 -0.00624911 0.0406414 0.162288 0.0180151 0.0320389 -0.282209 0.130871
internal_weight=137088 127347 10586 116761 5367 428 284 4939 2590 337 2253 178 2349 2075 534 1541 9741 8406 4675 996 521 132 111394 90824 20570 3226 17344 16570 774 5691
internal_count=137088 127347 10586 116761 5367 428 284 4939 2590 337 2253 178 2349 2075 534 1541 9741 8406 4675 996 521 132 111394 90824 20570 3226 17344 16570 774 5691
is_linear=0
shrinkage=0.05


Tree=172
num_leaves=31
num_cat=0
split_feature=20 22 22 5 0 13 5 2 9 16 18 22 21 22 8 22 11 8 6 0 20 22 12 11 21 10 17 11 0 0
split_gain=9486.8 16431.8 12766.4 20060 30269.7 38319.7 11803.4 13341.7 9320.76 9257.26 16122.9 22580 15436.8 13354.9 13934 11710.6 11670.5 11355.6 31981.2 17691.7 15218.3 19957.9 22981.8 15268.8 18319.7 14179.6 13481.8 12022.7 11956.3 10278.2
threshold=3.3283184234618255 -78.07999999999997 -27.359999999999999 322.5533333333334 228.90000000000003 -0.84915165824291594 155.40833333333336 2.4566666666666666 77.500000000000014 174.50000000000003 104.50000000000001 -70.36999999999999 -3.9542646888150013 -28.204999999999995 210.50000000000003 -37.309999999999988 73.758240056500014 92.500000000000014 35.076603748463448 200.46000000000001 -1.0731023794287637 -54.340000000000003 -0.45201865172701744 133.08750027418139 0.78500166627268453 101.31000000000002 11.500000000000002 95.810359776000013 97.366666666666688 195.74000000000004
decision_type=8 8 8 2 2 2 2 8 2 2 2 10 10 10 2 10 2 2 2 2 10 10 2 2 10 8 2 2 2 2
left_child=9 -2 3 4 -3 -6 -4 -8 -7 10 17 -12 16 14 15 -13 -11 29 20 -20 23 22 26 24 -19 27 -22 -24 -26 -1
right_child=1 2 6 -5 5 8 7 -9 -10 12 11 13 -14 -15 -16 -17 -18 18 19 -21 21 -23 25 -25 28 -27 -28 -29 -30 -31
leaf_value=-0.0048143901989634802 0.6751247956321158 -0.11829333709992046 -0.33481531298507461 0.36688474342226984 -2.0560220405991592 -0.14960819411598431 -0.0023651746166605419 0.76218892629775736 -0.94197489795973532 0.20112278496009717 -1.1438770404147607 -0.47042626050188324 -0.027731710688063974 -0.40930024514493885 0.32833294313814909 0.072438558163188116 1.1142376841793598 0.040597288985939041 0.1323836912800159 1.2770025154422313 0.62732714326406014 0.040597288985939041 0.62451800547148062 0.040597288985939041 0.60636241350210085 0.17706177436879703 0.040597288985939041 1.6385468838612238 1.5258174290440301 0.040597288985939041
leaf_weight=119390 58 246 189 80 56 79 275 72 70 69 60 182 190 305 207 190 71 60 56 85 98 3444 57 180 99 56 85 60 55 10964
leaf_count=119390 58 246 189 80 56 79 275 72 70 69 60 182 190 305 207 190 71 60 56 85 98 3444 57 180 99 56 85 60 55 10964
internal_value=0.000119059 -0.14448 -0.189032 -0.362795 -0.492228 -0.940949 -0.0168898 0.156274 -0.521861 0.00131551 0.000671974 -0.205243 0.265816 -0.141535 -0.000484712 -0.183456 0.664202 0.00211518 0.0817269 0.822402 0.0568258 0.0405973 0.418067 0.355822 0.641695 0.831363 0.0405973 1.14453 0.934739 -0.000532355
internal_weight=137088 1125 1067 531 451 205 536 347 149 135963 135633 944 330 884 579 372 140 134689 4335 141 4194 3800 356 394 214 173 183 117 154 130354
internal_count=137088 1125 1067 531 451 205 536 347 149 135963 135633 944 330 884 579 372 140 134689 4335 141 4194 3800 356 394 214 173 183 117 154 130354
is_linear=0
shrinkage=0.05


Tree=173
num_leaves=31
num_cat=0
split_feature=20 2 19 21 22 12 22 14 0 22 2 11 10 12 21 21 9 13 22 5 13 6 21 22 12 22 5 11 21 0
split_gain=9481.25 19552.6 19476.4 18434.7 14634.1 14400.7 18546.8 17242 14635.5 14277.7 27077.3 17377.4 17125.4 16055.5 27724.5 26098.7 21812.8 35735.9 22977.3 20609.1 18420.2 22108.6 20921.8 27616.9 20768.5 20438.8 17646 21925.3 16309.8 16029
threshold=1.3216508390461235 2.4566666666666666 -0.65333333333333155 6.3726350938532841 -47.609999999999992 0.34202014332566882 -61.059999999999988 2.5000000000000004 245.82000000000002 -1.0000000180025095e-35 -0.79466666666666541 61.807323038578168 84.216666666666683 0.54643492068321309 17.625797731680098 -10.070195419143024 92.500000000000014 -0.19509032201612839 -39.329999999999977 121.77166666666668 -0.96863394805116465 11.632253488093225 4.9338158167681749 -34.880000000000003 -0.93585024503435332 -61.550000000000004 184.77166666666668 187.02226984500888 22.890679006861735 198.81333333333336
decision_type=8 10 8 8 8 2 10 2 2 8 8 2 10 2 10 8 2 2 10 2 2 2 8 10 2 10 2 2 10 2
left_child=1 -1 3 4 5 7 -7 -2 -9 13 -11 -12 -13 20 15 29 19 18 -18 -17 21 -4 24 28 -22 -23 -16 -28 -24 -15
right_child=2 -3 9 -5 -6 6 -8 8 -10 10 11 12 -14 14 26 16 17 -19 -20 -21 22 25 23 -25 -26 -27 27 -29 -30 -31
leaf_value=0.0037730226644856323 -0.21907637159694249 0.56211448754094973 -0.5753210116278481 -0.0055024742577032947 -0.19481655396110489 0.32966705568803428 -0.81877950271591549 -0.74074689106721625 -1.8173151634909488 -0.82094825331283661 0.46840761097050027 -0.19554012168272075 0.26151947355048261 0.019073745046894873 -0.28044920693809056 -0.95008283347675671 -0.38533805367370993 0.032930795810693372 -1.2112356464654657 -0.089318302529123969 -0.31254326247925629 -0.69569662435470447 0.34457109293599952 -0.013226967296101759 -0.0031568136375316304 0.11623531545439376 1.4655515971460513 0.17888258924638784 -0.53622093989767816 1.064458311278865
leaf_weight=122870 71 157 296 970 998 78 64 76 54 69 399 356 483 119 68 76 146 165 199 818 617 95 1184 1506 4488 421 56 81 55 53
leaf_count=122870 71 157 296 970 998 78 64 76 54 69 399 356 483 119 68 76 146 165 199 818 617 95 1184 1506 4488 421 56 81 55 53
internal_value=4.01449e-05 0.00448555 -0.038855 -0.171544 -0.291649 -0.573394 -0.187943 -0.845703 -1.18794 -0.0127576 0.143038 0.196766 0.0675824 -0.0322563 -0.168981 -0.24013 -0.311346 -0.572278 -0.861725 -0.162493 -0.0041443 -0.230851 0.0193061 0.130623 -0.0405498 -0.0332483 0.377999 0.70482 0.305472 0.341198
internal_weight=137088 123027 14061 2311 1341 343 142 201 130 11750 1307 1238 839 10443 1781 1576 1404 510 345 894 8662 812 7850 2745 5105 516 205 137 1239 172
internal_count=137088 123027 14061 2311 1341 343 142 201 130 11750 1307 1238 839 10443 1781 1576 1404 510 345 894 8662 812 7850 2745 5105 516 205 137 1239 172
is_linear=0
shrinkage=0.05


Tree=174
num_leaves=31
num_cat=0
split_feature=20 12 22 2 12 9 22 3 22 22 22 14 22 13 22 21 13 12 10 10 2 5 21 5 6 12 12 22 18 10
split_gain=9103.54 27469.1 25818.6 22270.8 34777.2 22707.4 22518 17585.3 19086.1 41525.8 26770.6 48731.7 89431.3 53932.9 33408.6 44536.2 32123.7 25771.2 35194.1 25769.9 25710 33254.4 29026.3 25553.7 25012.4 25548.4 21596.1 26423.2 19988.8 19749.6
threshold=-0.12138028280788692 -0.98279651670771895 -79.379999999999981 0.64000000000000046 -0.50938662908026078 322.50000000000006 -31.600000000000005 125.73666666666669 -43.509999999999984 -59.47999999999999 -62.649999999999991 5.5000000000000009 -61.550000000000004 -0.9927505997980649 -68.739999999999981 14.144087964688788 -0.91080963307804841 0.66746801135786471 90.083333333333343 73.802777777777791 0.39333333333333353 217.49500000000003 13.632337423787122 162.44500000000002 31.448249601831254 -0.86046863722869249 -0.37256073532439565 -78.07999999999997 0.65000000000000013 108.45
decision_type=8 2 8 10 2 2 10 2 8 10 10 2 10 2 10 8 2 2 10 8 10 2 10 2 2 2 2 10 2 10
left_child=3 2 -2 -1 5 -5 -7 -3 9 10 14 13 -13 -12 19 -16 28 18 -18 26 -11 22 24 -19 25 -22 27 -9 -15 -21
right_child=1 7 -4 4 -6 6 -8 8 -10 20 11 12 -14 16 15 -17 17 23 -20 29 21 -23 -24 -25 -26 -27 -28 -29 -30 -31
leaf_value=0.0081532137798455903 -1.2299431858791245 -0.051458303636719327 -0.12866856584342098 0.24330602946263724 -0.019854463491262117 1.0424946617872384 -0.049988105502284941 1.0857701930797325 0.027384728220504379 -0.24481623143674114 1.5849473858701772 2.5672875386581087 0.34074038278863389 -0.26887219089269637 -0.29756442807387196 0.30137453692524058 -0.0091771034073593796 0.22256430421714432 0.54994047029006909 -0.041680010895238644 0.45747855433846935 0.5416119430781392 0.5513339575355739 -0.69187220439145514 -0.7534873600958325 -0.20584545882829597 0.10441531089226386 0.18780827540794068 -1.4517576695978642 0.57016436244032798
leaf_weight=66633 54 15621 3688 610 992 208 61 159 36939 3116 58 57 216 125 1694 380 695 135 473 2579 177 243 153 176 164 807 517 169 50 139
leaf_count=66633 54 15621 3688 610 992 208 61 159 36939 3116 58 57 216 125 1694 380 695 135 473 2579 177 243 153 176 164 807 517 169 50 139
internal_value=3.81377e-05 -0.0128391 -0.144561 0.0129304 0.183063 0.412066 0.794757 -0.00523748 0.00943137 -0.0445647 0.0273227 0.185232 0.805624 0.0863028 -0.0282831 -0.187826 0.0337506 0.109547 0.217246 0.064586 -0.162145 0.00469578 -0.0955891 -0.29493 -0.181808 -0.086528 0.305751 0.623101 -0.606839 -0.01039
internal_weight=137088 68584 3742 68504 1871 879 269 64842 49221 12282 7622 1985 273 1712 5637 2074 1654 1479 1168 3563 4660 1544 1301 311 1148 984 845 328 175 2718
internal_count=137088 68584 3742 68504 1871 879 269 64842 49221 12282 7622 1985 273 1712 5637 2074 1654 1479 1168 3563 4660 1544 1301 311 1148 984 845 328 175 2718
is_linear=0
shrinkage=0.05


Tree=175
num_leaves=31
num_cat=0
split_feature=21 11 9 12 22 12 14 10 9 22 22 13 10 18 20 6 16 22 22 9 12 9 13 22 22 16 21 13 3 14
split_gain=9013.25 10733.7 32784.3 30406.8 36472.4 28424.3 38358.2 29693.5 27958.3 24424.5 30544 26956.4 30206.3 26454.3 20430.7 20171.3 19204.5 18441.9 25595.4 25064.7 24863 18097.6 17979.1 17793.7 30971.6 36599.5 34130.7 32512.1 29305.3 32762.6
threshold=-19.219860199511739 121.52027564747299 267.50000000000006 0.98279651670771939 -65.299999999999983 -0.68355163169896438 4.5000000000000009 84.870833333333351 322.50000000000006 2.6600000000000059 19.93 0.35222909080468506 84.216666666666683 75.500000000000014 -2.0720792423331171 33.096442698950163 0.25500000000000006 -86.980000000000018 -79.379999999999981 157.50000000000003 -0.66746801135786415 22.500000000000004 0.054511258297739194 -59.710000000000001 -62.649999999999991 0.12500000000000003 8.2389456884590064 -0.97854064376158167 208.67000000000002 4.5000000000000009
decision_type=8 2 2 2 8 2 2 10 2 10 10 2 10 2 10 2 2 8 8 2 2 2 2 10 10 2 10 2 2 2
left_child=-1 -2 9 4 5 7 8 -4 -7 11 13 12 -3 21 -6 -13 -16 20 19 -19 -14 -11 -23 24 -20 27 -27 -26 -25 -30
right_child=1 2 3 -5 14 6 -8 -9 -10 10 -12 15 17 -15 16 -17 -18 18 23 -21 -22 22 -24 28 25 26 -28 -29 29 -31
leaf_value=-0.074610725194345001 0.011510373418354175 -0.1521877966084281 0.77948152415417871 -0.30729133585020635 0.85436162612377076 -0.18482740131464412 1.9396948755833141 -0.27151954594980643 0.87907270886831823 -0.93771595864008506 0.51328562403629929 0.059619189286982649 -0.11577969446020611 0.73364008698823324 0.036920266989798917 0.93362084831764458 0.98238742604023876 -0.15917472442501335 -0.0099046695749400449 -1.0055868090618225 1.3484612136556393 -0.21743472448116177 -0.80327391818813665 -0.018263190492934598 1.217835618211673 1.8410679399967194 0.53013786441525046 -0.15042235800295278 -0.17789966805523813 -0.97726691336750893
leaf_weight=3928 93339 6463 102 558 78 94 57 197 180 141 112 4495 59 53 9981 67 54 286 1266 126 57 702 161 12995 52 68 184 263 818 152
leaf_count=3928 93339 6463 102 558 78 94 57 197 180 141 112 4495 59 53 9981 67 54 286 1266 126 57 702 161 12995 52 68 184 263 818 152
internal_value=3.62309e-05 0.00223819 -0.0194955 0.052576 0.0712678 0.44038 0.759583 0.0870159 0.514085 -0.0480537 -0.271868 -0.0384877 -0.0606967 -0.355063 0.0482735 0.0724553 0.042008 -0.024478 -0.0289734 -0.418029 0.603718 -0.412534 -0.326728 -0.0188272 0.127641 0.434752 0.883881 0.0754488 -0.038052 -0.303161
internal_weight=137088 133160 39821 11301 10743 630 331 299 274 28520 1169 27351 22789 1057 10113 4562 10035 16326 16210 412 116 1004 863 15798 1833 567 252 315 13965 970
internal_count=137088 133160 39821 11301 10743 630 331 299 274 28520 1169 27351 22789 1057 10113 4562 10035 16326 16210 412 116 1004 863 15798 1833 567 252 315 13965 970
is_linear=0
shrinkage=0.05


Tree=176
num_leaves=31
num_cat=0
split_feature=3 22 16 13 14 0 22 7 20 12 22 21 11 22 13 22 22 5 22 0 9 22 5 22 22 6 21 20 12 16
split_gain=8908.5 17868.7 25891.4 24436.3 44166.2 22858.8 21121.4 21021.5 17677 16823.4 16618.7 14167.4 13302.3 27080.3 33970.8 25345.6 39893.7 31666 22151 22103 26988.4 18748.6 44208.5 39069.4 25903.6 28804.6 28431 29458.8 20562.6 18197.5
threshold=100.50333333333334 -2.5699999999999963 37.400000000000013 -0.98658463173998423 1.5000000000000002 83.726666666666674 -1.5499999999999934 70.250000000000014 -1.2088320812940172 -0.99845357241023047 -36.839999999999982 5.7224943065509075 187.02226984500888 -28.129999999999992 -0.564573334685324 -8.319999999999995 -16.149999999999999 200.00166666666669 -29.179999999999989 135.82000000000002 482.50000000000006 -32.389999999999993 148.35166666666669 -38.179999999999986 -36.349999999999987 2.653750918867225 15.337512170810692 0.25933953510262059 -0.98279651670771895 39.500000000000007
decision_type=2 8 2 2 2 2 10 2 8 2 10 10 2 8 2 10 8 2 10 2 2 10 2 10 10 2 10 10 2 2
left_child=1 2 7 4 -3 -6 -5 -1 9 -2 -9 -4 -10 14 18 16 17 -15 -14 -18 -21 23 -23 29 26 -26 28 -28 -25 -16
right_child=8 3 11 6 5 -7 -8 10 12 -11 -12 -13 13 15 21 -17 19 -19 -20 20 -22 22 -24 24 25 -27 27 -29 -30 -31
leaf_value=-0.049222202249084336 0.90352385158722215 -1.1924138144119498 -0.5430238956833765 0.40905517177970263 0.83823704652596209 -0.22657016145592565 0.051102775670955752 0.88366946900314702 0.0067212450547905166 0.092846877776713119 0.17362006895495621 -0.070201479422079549 -0.19142475740778142 0.045308774228078552 -0.14586608242791366 -0.16136794017952977 0.2230539615981281 -1.2135610395786811 -0.88190357908606531 1.0149441473429792 -0.15094906422826981 -0.0076624275240803263 -0.89171276375975295 1.1205088605638593 0.93023306164704267 0.033384176584407253 0.56166679494910776 2.0985181124643844 0.014180004570100989 0.82456249941885484
leaf_weight=13168 65 97 408 617 69 187 1241 109 104877 4146 161 259 3624 2436 1428 1077 500 51 120 234 63 611 184 56 100 855 72 55 168 50
leaf_count=13168 65 97 408 617 69 187 1241 109 104877 4146 161 259 3624 2436 1428 1077 500 51 120 234 63 611 184 56 100 855 72 55 168 50
internal_value=3.44194e-05 -0.0346432 -0.0553597 0.0975175 -0.283837 0.0604287 0.169971 -0.0402674 0.00471928 0.10536 0.396462 -0.359424 0.00108342 -0.0495224 -0.108265 0.0491175 0.118147 0.0194936 -0.213555 0.42599 0.767633 0.00188055 -0.212273 0.0630343 0.262294 0.127295 0.629599 1.22723 0.290762 -0.113037
internal_weight=137088 16316 14105 2211 353 256 1858 13438 120772 4211 270 667 116561 11684 7323 4361 3284 2487 3744 797 297 3579 795 2784 1306 955 351 127 224 1478
internal_count=137088 16316 14105 2211 353 256 1858 13438 120772 4211 270 667 116561 11684 7323 4361 3284 2487 3744 797 297 3579 795 2784 1306 955 351 127 224 1478
is_linear=0
shrinkage=0.05


Tree=177
num_leaves=31
num_cat=0
split_feature=20 13 21 22 9 22 11 22 22 10 1 12 0 14 11 22 12 6 16 5 16 0 18 22 10 21 11 4 2 22
split_gain=8987.56 20619.1 20592.7 27741.3 26193.7 18245.8 17669.2 17607.1 34037.7 27238.3 22921 18316.9 32382.9 16356.3 16987.8 25152.3 16083.1 16101.6 18064.2 26571.3 25386.7 22921.8 25420.1 24255.6 20877.2 18770.9 15197.5 15168.2 14619.2 21793.5
threshold=1.6836083523061911 0.94331137514050722 3.8108030532962691 -22.539999999999996 782.50000000000011 4.2700000000000005 60.785238921642289 -14.589999999999998 -25.800000000000001 76.90555555555558 2.4546666666666668 0.60003553868615167 245.82000000000002 2.5000000000000004 106.79841173057153 -29.260000000000009 0.9195955058153672 7.6966340536626054 13.937500000000002 254.43166666666667 19.500000000000004 276.64000000000004 65.500000000000014 -35.499999999999993 107.57500000000002 13.410642971631619 96.397990472500013 16.713138144313984 1.1400000000000001 -30.020000000000003
decision_type=8 2 10 8 2 10 2 10 10 8 10 2 2 2 2 10 2 2 2 2 2 2 2 10 10 10 2 2 10 8
left_child=28 2 6 4 16 -3 -2 8 13 -10 -9 12 -11 -8 -15 -16 17 26 21 20 -20 22 23 24 -19 -24 -4 -23 -1 -30
right_child=1 5 3 -5 -6 -7 7 10 9 11 -12 -13 -14 14 15 -17 -18 18 19 -21 -22 27 25 -25 -26 -27 -28 -29 29 -31
leaf_value=0.00047367585889072217 0.089459774704450379 0.10761289789723026 0.15022833000255537 0.22888387976574973 -0.98093963062221357 0.90165258622905131 -0.07130548912139846 -0.31976968454554638 -0.24192784062960074 0.35098153458839215 -1.3155906458932256 -0.33096197377890352 1.594097808782871 -0.21670831522606943 -0.77009918183056092 0.30163309139701039 -0.91592846994216637 0.39233412219001562 -1.1190560988835851 -0.92531555382623554 0.021714707154173972 0.21020184515896309 -1.0729221381833045 -0.19189235311085254 -0.6670249264029896 0.095521801204553669 -0.69648309180293211 0.8561667022321906 0.18237515722550379 -0.06973784390094806
leaf_weight=124003 681 859 79 1069 77 79 1065 698 227 270 63 64 65 952 347 65 52 528 53 105 611 259 89 445 51 56 161 140 2595 1280
leaf_count=124003 681 859 79 1069 77 79 1065 698 227 270 63 64 65 952 347 65 52 528 53 105 611 259 89 445 51 56 161 140 2595 1280
internal_value=2.64149e-05 -0.0476781 -0.0728706 0.0132336 -0.0719586 0.174488 -0.145151 -0.187019 -0.133415 0.195339 -0.40221 0.44411 0.592183 -0.218141 -0.332789 -0.601015 -0.0453357 -0.0277685 0.0122834 -0.186216 -0.0693408 0.109634 -0.00205201 0.0856856 0.299023 -0.621661 -0.417774 0.436856 0.00346218 0.0990965
internal_weight=137088 9210 8272 3775 2706 938 4497 3816 3055 626 761 399 335 2429 1364 412 2629 2577 2337 769 664 1568 1169 1024 579 145 240 399 127878 3875
internal_count=137088 9210 8272 3775 2706 938 4497 3816 3055 626 761 399 335 2429 1364 412 2629 2577 2337 769 664 1568 1169 1024 579 145 240 399 127878 3875
is_linear=0
shrinkage=0.05


Tree=178
num_leaves=31
num_cat=0
split_feature=6 13 14 12 21 9 13 5 11 22 2 12 2 13 20 3 9 11 3 22 17 14 11 21 22 13 20 20 22 1
split_gain=8800.34 33664.2 23063.4 41205.4 20197.7 25348.6 32151.8 19425.6 47438.4 25638.8 21250.9 19262.9 17307.8 15072.8 18273.9 23261.3 20315.3 25510.3 19721.4 18417.1 18304.4 18097.4 23259.7 14842.4 14347.7 32510.3 15764.8 14153.8 17531.3 13877.1
threshold=2.7916512135657912 -0.58244304235731414 3.5000000000000004 0.52803643325367289 5.4578243330840204 1027.5000000000002 -0.93585024503435343 128.22833333333335 106.09808146953573 -31.600000000000005 -0.039999999999999848 -0.22706275313213778 0.14400000000000049 -0.1413247892049839 -1.9604912259170915 92.696666666666687 422.50000000000006 59.449920643000013 86.103333333333353 -36.069999999999993 35.500000000000007 3.5000000000000004 129.22461916250003 -1.9658099589472184 -66.999999999999986 -0.22706275313213795 0.11701910526653117 -0.18565822959517075 -32.93 0.090666666666668061
decision_type=2 2 2 2 8 2 2 2 2 8 10 2 10 2 8 2 2 2 2 10 2 2 2 8 8 2 8 10 10 8
left_child=1 2 3 -1 5 6 12 -5 9 -9 -10 13 -4 -3 -15 18 20 -18 -16 -20 -17 22 27 -11 25 -13 -26 28 -19 -7
right_child=-2 11 4 7 -6 29 -8 8 10 23 -12 24 -14 14 15 16 17 21 19 -21 -22 -23 -24 -25 26 -27 -28 -29 -30 -31
leaf_value=0.10725067643100952 -0.0069702728850363901 -0.043707448162465537 0.35339866813809417 0.31908558864746928 -0.13127818964001153 1.4885792341959829 -0.066083144961151571 1.1762867171513407 0.99452380173736155 0.45175227355391079 2.4250420535802846 1.3641817998886108 1.3599097398221494 -0.34862967130300165 0.10317638382440855 0.03248237946482288 -0.094701833634114857 0.3899323595920578 1.7487537865638734 0.60080987353777071 0.64302216060170836 0.2310890343368408 1.7478982683859376 -0.49405680800909579 -0.05860170933359371 0.098324446536263488 0.044227925766846261 0.088251014240086079 1.6132284949223203 0.32217529215941243
leaf_weight=2602 105055 1680 293 608 1240 51 932 76 54 104 50 55 50 185 119 2539 205 64 50 116 129 210 57 69 14660 652 4998 80 54 51
leaf_count=2602 105055 1680 293 608 1240 51 932 76 54 104 50 55 50 185 119 2539 205 64 50 116 129 210 57 69 14660 652 4998 80 54 51
internal_value=2.50942e-05 0.022967 0.127805 0.210586 0.0150995 0.146914 0.0862367 0.490375 0.785401 0.410804 1.68227 -0.00209376 0.50012 0.0810463 0.136085 0.160836 0.123816 0.369963 0.59442 0.946576 0.0620025 0.574815 0.857883 0.0745221 -0.0244985 0.1968 -0.0324575 0.601667 0.949746 0.905377
internal_weight=137088 32033 6180 3563 2617 1377 1275 961 353 249 104 25853 343 5488 3808 3623 3338 670 285 166 2668 465 255 173 20365 707 19658 198 118 102
internal_count=137088 32033 6180 3563 2617 1377 1275 961 353 249 104 25853 343 5488 3808 3623 3338 670 285 166 2668 465 255 173 20365 707 19658 198 118 102
is_linear=0
shrinkage=0.05


Tree=179
num_leaves=31
num_cat=0
split_feature=15 9 22 11 10 21 10 7 14 22 5 4 12 16 22 20 6 22 20 21 9 12 10 13 9 5 20 12 18 16
split_gain=8704.93 22434.6 55541.7 21842.3 29755.5 21633.1 21099.3 31653.1 22853.9 20182 18429 19661.1 18094.7 19399.9 18019.2 21564.2 21339.3 24958.7 34765.2 36511.7 28805.5 25971.2 25729 24465 78334.1 44910.8 42670.8 33361 23516.3 23379.6
threshold=13.437500000000002 12.500000000000002 -22.869999999999994 101.51177031018705 88.612500000000026 7.0507854914260131 95.036666666666676 293.00000000000006 1.0000000180025095e-35 -1.0000000180025095e-35 127.92166666666668 16.191534412894409 0.79989897227935891 18.050000000000004 -43.000000000000007 -2.5386739793346953 5.7943394530287149 -56.479999999999997 -1.7067233831074371 13.632337423787122 892.50000000000011 -0.52803643325367233 109.45 0.043619387365335889 257.50000000000006 184.77166666666668 -0.34927226671950495 -0.66746801135786415 104.50000000000001 41.500000000000007
decision_type=2 2 8 2 10 10 8 2 2 10 2 2 2 2 10 10 2 8 10 8 2 2 10 2 2 2 8 2 2 2
left_child=1 2 5 4 12 -1 -5 8 -8 -4 -10 -12 13 -2 16 -16 23 20 21 -20 28 -19 29 24 -3 -26 -27 -25 -18 -21
right_child=3 14 9 6 -6 -7 7 -9 10 -11 11 -13 -14 -15 15 -17 17 18 19 22 -22 -23 -24 27 25 26 -28 -29 -30 -31
leaf_value=0.49779464006398283 -0.10629840261441328 -0.17467751475781451 -0.02155805504322052 -0.15993607990077532 -0.37249799583779858 0.085208816165085466 0.45360303060230561 1.1598378615453839 0.06315033952426484 -0.59222015276442785 -0.6771606050536666 0.21855463174193407 -0.33996635652214724 0.21894232935986482 -0.33520200542645173 0.013703804189156552 0.0038128956674068357 1.4730924158245324 -0.22577581384933856 0.051773196350807217 -0.35022968763699103 0.18496480694247619 -0.57441272540438559 0.21601483380248332 0.17184324800519421 1.9661958410256153 0.15102557151532564 -0.079301667774136983 -0.92891827558769902 0.86113521619846944
leaf_weight=907 592 2021 625 4322 360 489 236 64 584 206 213 86 207 2033 445 91655 10851 50 5209 1468 628 180 155 1094 4516 69 61 7599 68 95
leaf_count=907 592 2021 625 4322 360 489 236 64 584 206 213 86 207 2033 445 91655 10851 50 5209 1468 628 180 155 1094 4516 69 61 7599 68 95
internal_value=2.38394e-05 0.00330306 0.160618 -0.0483862 0.0556732 0.353271 -0.108724 0.0783772 0.0165242 -0.163022 -0.100294 -0.41953 0.110102 0.145593 0.000526197 0.012018 -0.0305446 -0.0664071 -0.139771 -0.159851 -0.020935 0.464993 0.0400331 0.0131255 0.0851809 0.198219 1.11446 -0.0421366 -0.00199585 0.100967
internal_weight=137088 128391 2227 8697 3192 1396 5505 1183 1119 831 883 299 2832 2625 126164 92100 34064 18704 7157 6927 11547 230 1718 15360 6667 4646 130 8693 10919 1563
internal_count=137088 128391 2227 8697 3192 1396 5505 1183 1119 831 883 299 2832 2625 126164 92100 34064 18704 7157 6927 11547 230 1718 15360 6667 4646 130 8693 10919 1563
is_linear=0
shrinkage=0.05


Tree=180
num_leaves=31
num_cat=0
split_feature=5 13 7 22 5 3 15 14 22 13 16 20 12 11 10 9 11 3 6 3 13 11 10 10 22 12 13 6 22 10
split_gain=8310.4 14184.4 20836.1 21184.9 27024.2 18539.2 15867 14952.5 15084.7 14532.3 13872.4 13735.1 14940.5 21291.1 22072.6 19587.2 16403.3 22505.4 17754.2 16327 19232.9 15119.6 14434.2 14379.7 13675.2 13381.6 19499.5 19811.1 19706 14204.5
threshold=95.201666666666682 -0.564573334685324 93.500000000000014 -32.93 80.27833333333335 64.737777777777794 41.500000000000007 2.5000000000000004 -60.530000000000008 -0.97854064376158167 39.500000000000007 -0.94778272947264008 -0.91959550581536686 93.262063682079287 95.036666666666676 452.50000000000006 135.96968442800002 100.50333333333334 8.0191962867779587 121.72222222222224 -0.11969653353600833 159.63465119039344 110.78333333333335 84.216666666666683 -62.649999999999991 -0.65106671239330405 0.37256073532439549 3.7083136181222884 -31.600000000000005 105.88333333333334
decision_type=2 2 2 10 2 2 2 2 10 2 2 8 2 2 8 2 2 2 2 2 2 2 10 10 10 2 2 2 10 10
left_child=1 2 3 4 6 -5 -1 8 9 -6 25 12 13 19 15 16 17 -15 23 -2 -21 -17 -16 -19 -9 26 27 -3 -28 -29
right_child=11 10 -4 5 7 -7 -8 24 -10 -11 -12 -13 -14 14 22 21 -18 18 -20 20 -22 -23 -24 -25 -26 -27 28 29 -30 -31
leaf_value=0.40598002904243241 0.29420483161177902 0.1386907504314871 0.8036623983688298 -0.48625694667976921 -0.96482270759470934 -0.041351705867813331 -0.41151113763451574 0.40598002904243241 0.025050857759431583 -0.15874288495684016 -0.61622434183363883 -0.0022071795795948379 0.030210252739792443 -0.30755948336148753 0.63898874456725363 -0.87923055863895705 -0.10885919769252539 1.3036701216195761 0.076435515090823178 0.27835523167560838 1.5095709155712811 0.17397481957077982 -0.15607515237728756 0.25610301518440248 -0.0096660853070421188 -0.15036750645858016 0.62534462297798832 -0.1742448115757336 0.039113697887617441 -0.91488552585776373
leaf_weight=478 360 599 84 264 94 2071 60 270 385 138 126 113932 11570 98 239 107 543 95 100 58 70 50 75 50 413 3199 221 861 408 70
leaf_count=478 360 599 84 264 94 2071 60 270 385 138 126 113932 11570 98 239 107 543 95 100 58 70 50 75 50 413 3199 221 861 408 70
internal_value=2.26473e-05 -0.044489 0.023992 0.00829766 0.135276 -0.0916536 0.40598 0.0115474 -0.166864 -0.485344 -0.097648 0.00342742 0.0512815 0.183419 0.0815621 -0.0290824 0.0621287 0.332818 0.588969 0.466656 0.951676 -0.543815 0.449085 0.94244 0.172719 -0.085453 0.0107311 -0.085615 0.245087 -0.229932
internal_weight=137088 9741 4257 4173 1838 2335 538 1300 617 232 5484 127347 13415 1845 1357 1043 886 343 245 488 128 157 314 145 683 5358 2159 1530 629 931
internal_count=137088 9741 4257 4173 1838 2335 538 1300 617 232 5484 127347 13415 1845 1357 1043 886 343 245 488 128 157 314 145 683 5358 2159 1530 629 931
is_linear=0
shrinkage=0.05


Tree=181
num_leaves=31
num_cat=0
split_feature=17 9 12 9 18 22 8 13 14 22 22 1 16 5 18 16 8 16 10 19 14 12 20 17 16 16 5 11 5 11
split_gain=8240.44 18853.9 23697.4 23381.2 22163 35181.1 31371.9 28899.5 30762.8 29931.5 32490.6 28676.6 27891.1 24786.2 23865.3 23843 23007.6 25233.2 21858.5 20340.3 19750.2 19207.9 26413.6 22062.2 19307.3 18785.1 32664.9 17901 17712.2 34290.5
threshold=23.550000000000004 97.500000000000014 -0.86046863722869249 57.500000000000007 16.750000000000004 -81.609999999999985 40.250000000000007 -0.83146961230254512 5.5000000000000009 -8.0799999999999894 -17.590000000000003 1.0266666666666682 5.9050000000000011 232.36000000000004 21.500000000000004 10.350000000000001 0.93500000000000016 9.3750000000000018 105.88333333333334 1.1733333333333349 1.5000000000000002 0.04361938736533582 -1.0553452648445303 3.9000000000000008 12.500000000000002 3.7250000000000005 137.72611111111112 129.22461916250003 154.23500000000004 152.88870972450005
decision_type=2 2 2 2 2 8 2 2 2 8 10 10 2 2 2 2 2 2 10 10 2 2 10 2 2 2 2 2 2 2
left_child=1 2 3 18 5 -4 11 9 13 10 16 -6 25 21 -8 -16 27 -18 -1 -17 -11 22 -9 -24 -25 26 -10 -7 -23 -30
right_child=-2 -3 4 -5 6 7 14 8 12 20 -12 -13 -14 -15 15 19 17 -19 -20 -21 -22 28 23 24 -26 -27 -28 -29 29 -31
leaf_value=-0.17180533554678099 -0.054204092424529053 -0.0056908501365808975 1.4446821405337407 0.067846276058009178 -0.049623887817073178 -0.10526493148366811 -0.020956806350996449 0.70151998149413686 0.051479587522910888 0.41036219705115962 1.3455131525085087 -0.5086998159625099 -0.053307632297695244 1.097893579533467 1.0068111619470936 0.10067969843037726 0.86860306872628057 0.31893088942696024 0.65690204635625937 0.64134628766700219 -0.50993344172636967 -0.35813880403664505 0.10097859074332292 -0.52609315207103891 0.066931318554184271 1.3696228789687157 1.1085234385224119 0.31893088942696024 -0.35754245871497742 0.77915953108077429
leaf_weight=2687 6659 108654 52 2323 2182 397 1535 153 178 89 84 403 214 52 76 6173 312 478 82 179 169 599 2056 300 253 75 124 279 155 116
leaf_count=2687 6659 108654 52 2323 2182 397 1535 153 178 89 84 403 214 52 76 6173 312 478 82 179 169 599 2056 300 253 75 124 279 155 116
internal_value=4.94541e-05 0.00281935 0.045284 -0.0491296 0.074101 0.149667 0.0301499 0.138596 0.0677224 0.306177 0.389178 -0.121194 0.402596 0.0140008 0.0792799 0.126449 0.334381 0.517612 -0.147264 0.115916 -0.192467 -0.00151748 0.063016 0.0255721 -0.254782 0.661385 0.485498 0.12025 -0.206393 0.129016
internal_weight=137088 130429 21775 5092 16683 6135 10548 6083 4275 1808 1550 2585 591 3684 7963 6428 1466 790 2769 6352 258 3632 2762 2609 553 377 302 676 870 271
internal_count=137088 130429 21775 5092 16683 6135 10548 6083 4275 1808 1550 2585 591 3684 7963 6428 1466 790 2769 6352 258 3632 2762 2609 553 377 302 676 870 271
is_linear=0
shrinkage=0.05


Tree=182
num_leaves=31
num_cat=0
split_feature=20 17 12 21 22 10 18 3 2 9 16 9 3 10 16 10 13 12 22 12 10 14 9 6 0 0 3 22 12 14
split_gain=8874.12 13241.2 16081.8 13618 26157.8 20944.6 42114.2 17380.3 16742.7 18947.4 15891.1 17097.2 17056 15631.1 14807.8 13105.3 12031.4 11726.7 11206.4 11682.8 15707.3 20962.2 17307.7 15258.8 10299.4 19384.7 10292.6 18455.5 32454.9 26984
threshold=2.4007353610803159 31.500000000000004 0.39271506111191362 3.3206285953978854 -62.099999999999994 74.310000000000016 21.500000000000004 163.34333333333336 0.18533333333333366 912.50000000000011 13.937500000000002 787.50000000000011 267.83333333333337 83.208333333333357 22.500000000000004 89.90000000000002 -0.5 0.44228869021900152 -79.379999999999981 0.65106671239330416 99.683333333333351 5.5000000000000009 147.50000000000003 7.8585383018177986 210.26000000000005 265.42000000000002 230.21666666666673 -56.479999999999997 -0.98658463173998423 2.5000000000000004
decision_type=8 2 2 8 8 10 2 2 10 2 2 2 2 10 2 10 2 2 8 2 10 2 2 2 2 2 2 10 2 2
left_child=26 3 -3 4 5 -2 -7 -5 17 13 11 16 14 -10 -12 -15 18 -6 -9 20 21 22 23 -20 -18 -26 -1 -28 -29 -30
right_child=1 2 -4 7 8 6 -8 10 9 -11 12 -13 -14 15 -16 -17 24 -19 19 -21 -22 -23 -24 -25 25 -27 27 28 29 -31
leaf_value=-0.00029275894703412642 0.12688919408963278 -0.1520424270869366 -1.0305934567730148 -0.28668805811385001 -0.18791576582684186 -2.1610902836689583 -0.31933402728724791 0.87509573984146116 0.069669197364832527 0.92466652057387622 -0.73272353702900461 -0.57430116663228226 -0.78696762812747201 -0.64645076562077386 0.22523436243573466 0.24522270193057405 0.15691504155382002 -0.76174654659222485 -0.47996335224105185 -0.30515765783839399 -0.45856850998941812 1.0929401640321168 -0.45671624678155687 0.44080199065805048 1.2547696711376628 0.20623449000967553 0.20493401778440129 -0.90689878376181599 0.22957398361217307 -0.12481576094212823
leaf_weight=129262 52 161 77 327 337 52 77 50 838 55 51 67 88 156 193 56 116 121 52 143 80 71 89 334 94 83 1718 97 943 1248
leaf_count=129262 52 161 77 327 337 52 77 50 838 55 51 67 88 156 193 56 116 121 52 143 80 71 89 334 94 83 1718 97 943 1248
internal_value=-3.53784e-07 -0.0751391 -0.43628 -0.0511438 -0.151227 -0.720261 -1.06175 0.0438213 -0.0853316 0.0200232 0.115348 0.201393 -0.190216 -0.0273629 0.0250055 -0.410914 0.24813 -0.339517 0.149759 0.102598 0.195743 0.291613 0.171836 0.316761 0.523099 0.763084 0.00215343 0.0810848 -0.0119104 0.0277125
internal_weight=137088 3820 238 3582 1744 181 129 1838 1563 1105 1511 1179 332 1050 244 212 1112 458 819 769 626 546 475 386 293 177 133268 4006 2288 2191
internal_count=137088 3820 238 3582 1744 181 129 1838 1563 1105 1511 1179 332 1050 244 212 1112 458 819 769 626 546 475 386 293 177 133268 4006 2288 2191
is_linear=0
shrinkage=0.05


Tree=183
num_leaves=31
num_cat=0
split_feature=20 2 3 14 22 11 12 5 10 22 14 22 19 13 18 22 6 13 10 9 10 12 13 10 5 20 8 9 0 3
split_gain=8620.27 24670.9 23568.7 24565.6 19929.1 19793.8 18772.6 23053.6 26352.1 29133.3 24444.4 22002.8 18421.3 17068.4 30299 24330.4 21513.2 31362.4 19288.1 17590.3 20996.7 20861.3 17572.6 24182.7 21728.8 16682.6 16664.3 16595.4 17332.2 16076.5
threshold=0.30244390247164804 1.7533333333333336 201.8366666666667 4.5000000000000009 -60.899999999999999 111.0185001492499 -0.97854064376158167 189.04833333333335 86.608333333333363 -59.080000000000005 5.5000000000000009 -19.430000000000003 0.35999999999999982 0.84339144581288539 0.075000000000000025 7.0999999999999988 16.715076119987419 0.24825246871434672 58.508333333333347 402.50000000000006 72.372222222222248 -0.88186879444286459 -0.97381903846659723 69.270833333333357 145.37500000000003 1.024555271276103 293.00000000000006 337.50000000000006 146.02000000000004 113.63666666666668
decision_type=8 10 2 2 8 2 2 2 8 10 2 10 10 2 2 10 2 2 10 2 10 2 2 10 2 10 2 2 2 2
left_child=1 2 12 -4 5 -5 7 26 10 -10 -9 25 13 16 18 -16 -1 19 -15 22 -21 -22 23 -18 -24 -11 27 -2 -29 -8
right_child=6 -3 3 4 -6 -7 29 8 9 11 -12 -13 -14 14 15 -17 17 -19 -20 20 21 -23 24 -25 -26 -27 -28 28 -30 -31
leaf_value=0.012961692836886444 -0.16037655723177724 0.63079458510725761 0.32473060784614316 0.017520971048223085 -0.28854607973876972 1.2001672098636629 -0.13313359607318401 -0.51782797415124771 1.0305794726197537 -0.16256670929767469 -1.6869217525881071 0.41699553674993084 0.068940561243584983 -0.16772168386378097 0.15527018633175954 1.0823788088375019 0.38473647846416997 0.22952864778439472 -0.033178574003989499 -0.1228622039864338 -1.49404696509656 -0.48035679392159247 0.12999648995376145 -0.4594344719289527 -0.21310539029282816 -1.2379891382272428 0.77108561057468938 -0.21697266781074137 0.34117595980475801 -0.0019397060029276278
leaf_weight=65267 1593 159 1140 121 373 50 2488 319 52 81 52 74 9777 3805 679 79 99 564 8882 243 72 172 914 593 932 65 58 163 228 37994
leaf_count=65267 1593 159 1140 121 373 50 2488 319 52 81 52 74 9777 3805 679 79 99 564 8882 243 72 172 914 593 932 65 58 163 228 37994
internal_value=-3.36121e-07 0.00849979 0.00744451 0.192811 -0.0836384 0.363324 -0.0184946 -0.146526 -0.407615 -0.0337845 -0.68169 -0.285361 0.00405437 -0.00365382 -0.0551831 0.251895 0.00640792 -0.112774 -0.0735298 -0.176596 -0.451844 -0.779478 -0.12378 -0.338664 -0.0432272 -0.641351 -0.0643118 -0.0887337 0.203151 -0.0100028
internal_weight=137088 93921 93762 1684 544 171 43167 2685 643 272 371 220 92078 82301 13445 758 68856 3589 12687 3025 487 244 2538 692 1846 146 2042 1984 391 40482
internal_count=137088 93921 93762 1684 544 171 43167 2685 643 272 371 220 92078 82301 13445 758 68856 3589 12687 3025 487 244 2538 692 1846 146 2042 1984 391 40482
is_linear=0
shrinkage=0.05


Tree=184
num_leaves=31
num_cat=0
split_feature=20 22 22 5 0 13 5 2 13 9 12 3 20 16 21 2 12 11 14 11 12 0 21 8 21 20 12 0 21 13
split_gain=8485.49 14173.4 10651.9 18087 25975.3 31736.2 10252.4 12411.4 8919.02 8931.5 10427.5 8186.96 16691.9 16564.7 19251.4 15062.5 14119.2 13524.2 13088.7 11984.6 33997.1 23979.2 21579.6 19403.4 17495.7 20636.6 25005.9 22617.4 21110.9 31920.5
threshold=3.3283184234618255 -78.07999999999997 -27.359999999999999 322.5533333333334 228.90000000000003 -0.84915165824291594 155.40833333333336 2.4566666666666666 -0.50938662908026078 87.500000000000014 -0.076279435988900135 103.30333333333336 -1.7752876166739306 41.500000000000007 2.7044919661661955 1.8666666666666667 0.21643961393810304 156.8718895316124 1.5000000000000002 196.23981478586006 -0.098011308799811112 217.10000000000002 12.904708888043624 293.00000000000006 -8.856961520772737 1.1053750793047967 -0.98990318592078552 144.25333333333336 9.3887932974288422 -0.96298784033749818
decision_type=8 8 8 2 2 2 2 8 2 2 2 2 10 2 10 8 2 2 2 2 2 2 10 2 10 10 2 2 10 2
left_child=11 -2 3 4 -3 -6 -4 8 9 -8 -11 13 16 15 18 -1 -13 -16 -15 24 23 -22 -23 -21 -14 27 -27 -26 -28 -30
right_child=1 2 6 -5 5 -7 7 -9 -10 10 -12 12 19 14 17 -17 -18 -19 -20 20 21 22 -24 -25 25 26 28 -29 29 -31
leaf_value=-0.019928694247893466 0.62445843538333634 -0.11334899704850364 -0.31717943230634016 0.35602478383108976 -1.890191375464201 -0.49402559549491482 0.24999600981827827 0.72491531538673581 0.37323213343306916 0.034079264491223372 -0.92601638811249887 0.54341629874563213 -0.016575555573715033 -0.77298653032729236 0.10094047984438799 0.63948619828141973 -0.078147515271391188 -0.39144841802028041 -0.24635591796913725 0.019018583010884535 -0.1299048210081046 -1.4755674238576264 -0.34625527291842134 0.83914141459007796 0.016858426648765214 -0.38616593194066612 -0.052620631058740513 0.086111539994510378 -0.36178355303538196 0.18552433917671624
leaf_weight=18858 58 246 189 80 56 149 64 72 97 52 62 263 38695 189 496 87 140 194 314 5987 3948 61 138 73 37107 482 9286 17280 306 2059
leaf_count=18858 58 246 189 80 56 149 64 72 97 52 62 263 38695 189 496 87 140 194 314 5987 3948 61 138 73 37107 482 9286 17280 306 2059
internal_value=1.31795e-05 -0.136742 -0.178119 -0.336841 -0.459744 -0.875417 -0.0208781 0.140508 -0.0125005 -0.222703 -0.488078 0.00114473 0.0062607 -0.0282801 -0.20899 -0.0169005 0.327488 -0.0374993 -0.444235 0.00513913 -0.0465892 -0.156898 -0.692426 0.028898 0.0101573 0.025708 -0.0332546 0.0388617 -0.0186547 0.11471
internal_weight=137088 1125 1067 531 451 205 536 347 275 178 114 135963 115825 20138 1193 18945 403 690 503 115422 10207 4147 199 6060 105215 66520 12133 54387 11651 2365
internal_count=137088 1125 1067 531 451 205 536 347 275 178 114 135963 115825 20138 1193 18945 403 690 503 115422 10207 4147 199 6060 105215 66520 12133 54387 11651 2365
is_linear=0
shrinkage=0.05


Tree=185
num_leaves=31
num_cat=0
split_feature=20 2 12 22 11 0 13 1 9 5 7 16 22 9 17 12 12 10 22 11 14 20 10 16 20 22 0 22 22 11
split_gain=8302.25 18089 16763.3 23092.2 20281.9 22032.5 34056.2 15992.2 17160 14599.5 15954.9 21747.4 15846.9 24791.6 21962.6 19574.9 19040.4 36702.6 24510.2 22774.2 23685.3 19854.1 18766.4 18235.6 29685.9 27400.3 22535 26754.4 31284 26461.2
threshold=-0.40728618852397874 0.3453333333333336 -0.46174861323503386 -35.57 189.36787473807945 134.60666666666668 0.076279435988900593 0.7013333333333327 287.50000000000006 114.31833333333336 93.500000000000014 35.500000000000007 -26.570000000000004 12.500000000000002 30.500000000000004 0.81279832427823739 -0.98990318592078552 86.608333333333363 -79.379999999999981 134.06891977787004 1.5000000000000002 1.3908040050119592 78.004166666666691 30.900000000000002 3.3283184234618255 -77.679999999999964 204.05333333333337 -33.649999999999991 -31.600000000000005 175.49545479292627
decision_type=8 10 2 8 2 2 2 10 2 2 2 2 8 2 2 2 2 10 10 2 2 10 10 2 10 10 2 10 10 2
left_child=1 -1 3 4 5 7 -7 -3 -9 10 -2 -12 13 15 16 -11 17 18 -15 -19 -21 -20 -23 -18 25 -25 27 -27 -29 -28
right_child=9 2 -4 -5 -6 6 -8 8 -10 12 11 -13 -14 14 -16 -17 23 19 21 20 -22 22 -24 24 -26 26 29 28 -30 -31
leaf_value=0.0081808435757862921 -0.065555803784314623 0.026332052666038726 0.022097584532793715 0.061922802155234928 -0.10447780998384065 0.44861222223555752 1.7590383656855142 0.28733922912118337 1.150351213097262 0.12071879287263028 0.74548744464915961 0.097678432097422441 0.029501964419912447 -1.3573573967506147 -0.21696580861741022 0.68895112562007932 -0.019401564201354148 0.46209432763944974 -0.22019664180843712 0.56040653145188113 -0.34371638937502125 -0.3272579225475219 -1.561490507711444 -0.39541710975779792 -0.69941768591557074 -0.03641005736639677 0.54235111332960317 1.1027827295763739 0.19761663727662726 -0.46521465500740161
leaf_weight=45527 13393 199 1800 844 141 121 84 144 96 734 154 231 27766 58 1420 191 39560 275 910 95 305 67 57 219 109 1253 607 116 539 73
leaf_count=45527 13393 199 1800 844 141 121 84 144 96 734 154 231 27766 58 1420 191 39560 275 910 95 305 67 57 219 109 1253 607 116 539 73
internal_value=1.25204e-05 0.0165219 0.127267 0.243477 0.438676 0.557596 0.985567 0.357746 0.632544 -0.00915822 -0.0564333 0.260913 -0.000398021 -0.0182181 -0.0234094 0.238051 -0.0171971 -0.178017 -0.357177 0.111824 -0.128987 -0.301074 -0.894607 -0.010507 0.110161 0.141598 0.187041 0.0989604 0.357921 0.434186
internal_weight=137088 48956 3429 1629 785 644 205 439 240 88132 13778 385 74354 46588 45663 925 44243 1767 1092 675 400 1034 124 42476 2916 2807 2588 1908 655 680
internal_count=137088 48956 3429 1629 785 644 205 439 240 88132 13778 385 74354 46588 45663 925 44243 1767 1092 675 400 1034 124 42476 2916 2807 2588 1908 655 680
is_linear=0
shrinkage=0.05


Tree=186
num_leaves=31
num_cat=0
split_feature=6 13 20 12 22 10 0 22 13 22 21 22 11 21 21 12 2 14 0 12 13 20 3 9 10 22 22 5 17 17
split_gain=8162.32 29616.7 19271.6 25487.8 33400.9 59688.5 51815.4 18554.9 19761.2 16269.5 16146.2 18340.1 23262.5 15601 35480.6 15379.1 14738.8 16473.2 14936.9 14023.8 13446.9 16370.2 30381.1 17462.7 26105.4 21071.1 24735.1 19847.4 16442.2 15533.6
threshold=2.7916512135657912 -0.61734245059638992 -0.58861524978495927 0.39271506111191362 -26.410000000000004 85.012500000000031 128.02000000000004 -61.059999999999988 -0.97381903846659723 -60.530000000000008 9.2050994790551659 -33.810000000000002 113.20953613432755 2.5926344456835229 -4.9096938853079584 -0.20576496797711577 -0.023999999999999719 3.5000000000000004 118.38000000000001 -0.17364817766693016 -0.1413247892049839 -1.7752876166739306 92.696666666666687 422.50000000000006 66.470833333333346 -38.649999999999999 -26.570000000000004 139.66722222222225 35.500000000000007 0.03500000000000001
decision_type=2 2 10 2 10 10 2 8 2 8 8 8 2 8 10 2 8 2 2 2 2 8 2 2 10 10 10 2 2 2
left_child=1 2 7 9 5 16 -7 19 10 -4 11 12 -9 14 -6 20 17 -5 -18 -1 -3 -22 29 28 -25 -26 27 -27 -24 -23
right_child=-2 15 3 4 13 6 -8 8 -10 -11 -12 -13 -14 -15 -16 -17 18 -19 -20 -21 21 22 23 24 25 26 -28 -29 -30 -31
leaf_value=1.0242745794827426 -0.0067385868487959723 -0.039722238209532551 -0.73375026152051737 1.0889702869812028 -0.033073765696713428 0.69608679706590226 2.8898451502416651 1.6093240487846463 -0.078296165992601377 0.12087536132364463 -0.077396172134345673 0.15136951268341678 0.41732509245339316 -0.22443472030549194 0.9870443021686649 -0.020637415217886465 0.81931492188083599 0.14775164111019815 -0.047770473988930466 0.1758343890192002 -0.2731162960802721 0.4886438187036215 0.028464966602627984 -0.11732147719763289 0.062252877660095698 0.74873037913204299 0.26057747885246169 1.8201496054444997 0.60691962373811148 1.4785931163430215
leaf_weight=79 105055 1822 58 128 244 57 51 55 2023 1397 346 407 160 199 131 20551 67 73 192 127 242 191 2575 214 150 113 132 70 129 50
leaf_count=79 105055 1822 58 128 244 57 51 55 2023 1397 346 407 160 199 131 20551 67 73 192 127 242 191 2575 214 150 113 132 70 129 50
internal_value=-1.57049e-06 0.0220931 0.124404 0.22558 0.402387 0.674217 1.73203 0.0422173 0.0106052 0.0868078 0.196398 0.348701 0.722255 0.133398 0.323287 -0.000498977 0.425861 0.747135 0.176533 0.501207 0.0722621 0.125039 0.151627 0.112987 0.339682 0.550003 0.782264 1.15856 0.0560614 0.694027
internal_weight=137088 32033 5794 2597 1142 568 108 3197 2991 1455 968 622 215 574 375 26239 460 201 259 206 5688 3866 3624 3383 679 465 315 183 2704 241
internal_count=137088 32033 5794 2597 1142 568 108 3197 2991 1455 968 622 215 574 375 26239 460 201 259 206 5688 3866 3624 3383 679 465 315 183 2704 241
is_linear=0
shrinkage=0.05


Tree=187
num_leaves=31
num_cat=0
split_feature=11 9 12 22 12 14 10 9 22 22 18 13 10 20 6 16 10 15 10 8 13 4 22 9 13 14 18 5 20 21
split_gain=8247.97 27538 26185.4 31784.9 26486.4 33860.5 26186.1 25177.1 22202.6 27463.2 22720 22593.3 26895.4 18339.8 17708.3 17128.6 16939.8 37697.5 21836.9 18620.5 24060.6 27564.1 19476.3 59261.6 75424.6 40703 33718.4 20257.3 38070.3 20700.4
threshold=121.52027564747299 267.50000000000006 0.98279651670771939 -65.299999999999983 -0.68355163169896438 4.5000000000000009 84.870833333333351 322.50000000000006 2.6600000000000059 19.93 75.500000000000014 0.35222909080468506 83.470833333333346 -2.0720792423331171 33.096442698950163 0.25500000000000006 82.941666666666677 49.000000000000007 112.40000000000002 56.20000000000001 -0.93585024503435343 19.488258786747057 -2.6300000000000021 42.500000000000007 -0.95032354012166609 3.5000000000000004 23.550000000000004 201.92833333333334 1.194340573802289 9.5590121163027906
decision_type=2 2 2 8 2 2 10 2 10 10 2 2 10 10 2 2 10 2 10 2 2 2 8 2 2 2 2 2 10 10
left_child=16 8 3 4 6 7 -3 -6 11 10 -10 12 -2 -5 -13 -15 -1 18 19 20 21 -18 27 -24 -25 26 -26 -21 -29 -30
right_child=1 2 -4 13 5 -7 -8 -9 9 -11 -12 14 -14 15 -16 -17 17 -19 -20 22 -22 -23 23 24 25 -27 -28 28 29 -31
leaf_value=-0.0016577281081993829 -0.14934963397705933 0.71793327159156994 -0.28712473346210854 0.80645807503889777 -0.17700989328800365 1.8256521285364504 -0.26904549523360727 0.83258670106944122 -0.39088471838518002 0.48576739196266444 0.67131695325644514 0.053318156650594466 -0.0247651881838102 0.032000565073821416 0.87222478172338735 0.92490197279387054 -0.081106954912861018 -0.57650886247428057 -0.40885297268328896 0.11100158521435129 0.069172722433541209 -0.91083677831654242 0.11100158521435129 2.0583524337181678 1.5814020798453745 0.11100158521435129 0.39930234004510567 1.6763241591683606 0.11100158521435129 0.80318792713575127
leaf_weight=80536 5816 102 558 78 94 57 197 180 1004 112 53 4495 16978 9995 67 54 1551 234 242 2007 11423 107 296 91 106 176 140 57 161 121
leaf_count=80536 5816 102 558 78 94 57 197 180 1004 112 53 4495 16978 9995 67 54 1551 234 242 2007 11423 107 296 91 106 176 140 57 161 121
internal_value=-1.49178e-06 -0.0191628 0.04684 0.0641638 0.408756 0.716885 0.0676496 0.486229 -0.0453441 -0.258736 -0.337624 -0.0362252 -0.0565535 0.0427268 0.0653451 0.0367987 0.00784839 0.0536589 0.0626077 0.0696349 0.0433379 -0.134654 0.178665 0.39036 0.752773 0.471238 0.908662 0.111002 0.497767 0.259548
internal_weight=137088 39840 11315 10757 630 331 299 274 28525 1169 1057 27356 22794 10127 4562 10049 97248 16712 16478 16236 13081 1658 3155 809 513 422 246 2346 339 282
internal_count=137088 39840 11315 10757 630 331 299 274 28525 1169 1057 27356 22794 10127 4562 10049 97248 16712 16478 16236 13081 1658 3155 809 513 422 246 2346 339 282
is_linear=0
shrinkage=0.05


Tree=188
num_leaves=31
num_cat=0
split_feature=16 18 6 6 15 20 10 16 15 21 17 22 14 20 6 21 13 6 15 14 22 5 12 22 13 1 22 18 18 12
split_gain=7922.33 14055.1 19643.7 12301.2 12565.2 18382.8 10379.2 9455.25 14670.9 11637.9 11270.1 25037.5 28014.2 24845.2 19800.5 17087.2 15981.2 13926.4 12672.6 52008.6 47840.5 30058.1 40411.9 26471.7 30640.4 23762.9 18315.6 16500.1 26136.4 16046.3
threshold=174.50000000000003 104.50000000000001 25.301081297335561 19.193288441667402 237.50000000000003 1.4288458051520367 72.872222222222248 107.00000000000001 80.000000000000014 4.3056231854400986 82.500000000000014 -54.200000000000003 1.5000000000000002 0.39187320558980759 6.2743262338807764 10.479286811039318 -0.9927505997980649 6.2743262338807764 36.500000000000007 1.5000000000000002 -12.580000000000011 114.57500000000002 -0.45201865172701744 -31.389999999999993 -0.40274668985873718 3.0226666666666655 -27.759999999999987 33.500000000000007 21.500000000000004 0.68355163169896505
decision_type=2 2 2 2 2 10 8 2 2 8 2 8 2 10 2 8 2 2 2 2 10 2 2 10 2 10 10 2 2 2
left_child=1 7 6 4 5 -2 -3 8 10 -10 18 -12 13 14 -13 16 -14 -18 -1 20 21 22 -20 24 -23 27 -25 28 -21 -30
right_child=3 2 -4 -5 -6 -7 -8 -9 9 -11 11 12 15 -15 -16 -17 17 -19 19 25 -22 23 -24 26 -26 -27 -28 -29 29 -31
leaf_value=0.0018173896865739552 0.5969812428382667 0.21131983842334653 -1.1099687885154379 0.96697141516208651 -0.50606816846226887 -0.40769694580481608 -0.22022325694274844 0.49157240115182133 -0.90563028953969482 0.039185743765397511 1.166014382491509 -0.22028550109267236 1.0978079124153417 0.44748067928877266 -1.3167219841054507 -0.18418798384027205 -0.02690649349870949 0.60696227862826879 -0.95676298141479499 -0.46800496116692997 -0.46476990511123506 0.74855948081331369 0.54373472202242468 -0.43189133261677937 2.1296875298023226 -1.0833619022075041 0.77084094623724619 -0.41877350512411327 0.28271650736696613 -0.14700568854483223
leaf_weight=132035 152 173 55 50 63 65 716 98 80 55 60 100 79 70 70 138 163 185 74 350 180 204 114 67 50 81 60 620 389 492
leaf_count=132035 152 173 55 50 63 65 716 98 80 55 60 100 79 70 70 138 163 185 74 350 180 204 114 67 50 81 60 620 389 492
internal_value=-0.000122847 -0.000713289 -0.192976 0.244567 0.115566 0.296041 -0.136245 0.000623071 0.000268558 -0.520705 0.0007873 0.18069 0.107249 -0.345314 -0.671759 0.299489 0.455806 0.310064 -0.000367838 -0.107987 0.245702 0.470456 -0.0468867 0.725733 1.02044 -0.245105 0.136329 -0.208423 -0.102479 0.0427354
internal_weight=137088 136758 944 330 280 217 889 135814 135716 135 135581 865 805 240 170 565 427 348 134716 2681 749 569 188 381 254 1932 127 1851 1231 881
internal_count=137088 136758 944 330 280 217 889 135814 135716 135 135581 865 805 240 170 565 427 348 134716 2681 749 569 188 381 254 1932 127 1851 1231 881
is_linear=0
shrinkage=0.05


Tree=189
num_leaves=31
num_cat=0
split_feature=20 12 22 19 13 9 11 22 5 14 9 9 22 22 9 22 17 17 13 22 8 13 0 11 11 12 13 4 13 22
split_gain=7809.17 20497.8 20910.8 18293.6 18411.1 18380.4 16108.5 15954.4 25834.1 27085.9 16573.9 15148.6 26999 17898.1 14829.2 18619.1 14764 20021.2 20123.6 19435.6 14989.1 29935.5 14761.2 24932.2 22644.3 32562.1 45848.1 46047.4 34239.3 30597.4
threshold=-0.12138028280788692 -0.98279651670771895 -79.379999999999981 0.25066666666666848 0.84339144581288539 657.50000000000011 66.09803581237793 -63.149999999999984 198.1866666666667 4.5000000000000009 282.50000000000006 362.50000000000006 -26.02999999999999 -11.589999999999991 577.50000000000011 -17.590000000000003 49.750000000000007 32.800000000000004 0.6993099184844086 -77.679999999999964 205.00000000000003 0.93585024503435366 148.30000000000004 207.09767013700002 71.549480094500012 0.52803643325367289 -0.42261826174069955 2.0648744894852489 0.43245347597985034 -37.410000000000004
decision_type=8 2 8 10 2 2 2 10 2 2 2 2 10 10 2 10 2 2 2 10 2 2 2 2 2 2 2 2 2 10
left_child=3 2 -2 4 22 6 -6 10 11 -10 -4 -9 -13 -14 -8 -16 17 20 -19 -18 -3 -22 -1 24 -24 28 27 -27 -26 -28
right_child=1 16 7 -5 5 -7 14 8 9 -11 -12 12 13 -15 15 -17 19 18 -20 -21 21 -23 23 -25 25 26 29 -29 -30 -31
leaf_value=0.0025746492194031571 -1.1026214856240484 -0.0057249711684091405 -0.25435187646320889 0.069443359894624843 -0.10512237678205123 -0.20070985702363875 0.025590753181158939 -0.13098733298554505 -0.27938257047572485 -1.2119541721077245 0.63644805350813316 -0.10337228818072214 1.2647817158853853 0.16009983288390295 0.1644728633090238 1.3035058614450927 0.24545130028772491 0.41833227545887042 -0.60232089239138142 -0.20243232714025283 0.14955151983065929 1.1171722728841835 0.014733142389779614 -0.34788926213124738 0.03443454669610687 2.0915019517764448 0.54037204188229415 0.55043033407471043 0.66361229367613561 -0.38793762255685804
leaf_weight=43057 54 61941 84 11469 3335 1979 3189 2618 329 102 138 270 77 70 121 51 282 457 54 1717 301 90 2580 305 1561 80 271 123 251 132
leaf_count=43057 54 61941 84 11469 3335 1979 3189 2618 329 102 138 270 77 70 121 51 282 457 54 1717 301 90 2580 305 1561 80 271 123 251 132
internal_value=-0.000116705 -0.0120434 -0.125829 0.0118239 0.000237365 -0.0668356 -0.0272691 -0.111527 -0.137847 -0.500084 0.299389 -0.0864053 0.193488 0.738743 0.0499818 0.502209 -0.00547684 -0.00122162 0.310475 -0.139249 -0.00377692 0.304828 0.0122692 0.0909825 0.117764 0.227699 0.544977 1.15775 0.121589 0.23631
internal_weight=137088 68584 3742 68504 57035 8675 6696 3688 3466 431 222 3035 417 147 3361 172 64842 62843 511 1999 62332 391 48360 5303 4998 2418 606 203 1812 403
internal_count=137088 68584 3742 68504 57035 8675 6696 3688 3466 431 222 3035 417 147 3361 172 64842 62843 511 1999 62332 391 48360 5303 4998 2418 606 203 1812 403
is_linear=0
shrinkage=0.05


Tree=190
num_leaves=31
num_cat=0
split_feature=22 9 11 17 7 12 12 20 10 15 18 22 12 14 22 1 9 22 13 20 13 18 11 14 2 10 14 5 22 12
split_gain=7833.98 35888.6 35461 23340.4 26365.4 21947.7 18675.6 17738.9 18008.4 17475.1 16687.8 17698.4 44870.8 37816.7 29535.6 32524.4 32321.6 21637.4 21374.2 31104.4 21400.4 21276.8 20966 20807 20340.6 29867.4 20329.9 31031.9 26094.1 22889.7
threshold=-43.000000000000007 17.500000000000004 213.56658011700003 6.5000000000000009 0.77000000000000013 0.37256073532439576 0.96863394805116498 -0.892910519457909 88.783333333333346 43.500000000000007 210.00000000000003 -68.739999999999981 -0.94331137514050689 5.5000000000000009 -70.36999999999999 -0.093333333333333462 107.50000000000001 -70.36999999999999 -0.96298784033749818 1.5848503699965228 0.78661891169205844 1.5800000000000003 68.725355279000013 2.5000000000000004 -0.9691111111111107 85.26944444444446 1.5000000000000002 220.5916666666667 -79.379999999999981 0.91080963307804874
decision_type=8 2 2 2 2 2 2 10 8 2 2 10 2 2 10 10 2 10 2 10 2 2 2 2 10 10 2 2 10 2
left_child=1 2 3 4 -1 7 -7 8 -5 -9 11 12 13 17 24 16 -16 23 19 -13 -20 -22 -18 -3 25 -14 28 -28 -26 -30
right_child=-2 10 -4 5 -6 6 -8 9 -10 -11 -12 18 14 -15 15 -17 22 -19 20 -21 21 -23 -24 -25 26 -27 27 -29 29 -31
leaf_value=0.0028311918743632058 0.0067203294484132516 -0.88411271211470144 -0.97293606039522018 0.054540659783787998 0.9407528084643344 0.73258306563271391 -0.33748220291733744 -0.41199859225240199 0.96688819181274721 0.44578645817438761 -0.86443011023104188 -0.13710974879379836 0.14436862089792343 0.88204588010426499 -0.35009244770150294 0.042664023394749132 0.20807516788634184 0.089871125276378139 -0.0077443689340568334 -0.78140654034632284 -0.10012841037566991 -0.59750283381768632 0.87127593514305068 -0.28566219104442769 0.64889276018958031 -0.60523027222100845 0.04094166839908546 -0.61623617468782133 -0.012459582376054662 0.68814435689577036
leaf_weight=110 103263 257 58 201 235 221 50 285 74 75 60 2066 246 62 88 636 168 173 17588 206 5364 224 410 334 299 289 3018 191 697 140
leaf_count=110 103263 257 58 201 235 221 50 285 74 75 60 2066 246 62 88 636 168 173 17588 206 5364 224 410 334 299 289 3018 191 697 140
internal_value=-0.000120489 -0.0210046 0.235685 0.29172 0.641705 0.158448 0.535154 -0.00232002 0.300045 -0.233293 -0.0313381 -0.029798 0.040561 -0.305561 0.0868076 0.298392 0.5426 -0.401938 -0.0491738 -0.195528 -0.0348264 -0.120066 0.678512 -0.545902 0.0303563 -0.260555 0.0661762 0.00182638 0.247953 0.104726
internal_weight=137088 33825 1309 1251 345 906 271 635 275 360 32516 32456 7008 826 6182 1302 666 764 25448 2272 23176 5588 578 591 4880 535 4345 3209 1136 837
internal_count=137088 33825 1309 1251 345 906 271 635 275 360 32516 32456 7008 826 6182 1302 666 764 25448 2272 23176 5588 578 591 4880 535 4345 3209 1136 837
is_linear=0
shrinkage=0.05


Tree=191
num_leaves=31
num_cat=0
split_feature=11 9 12 22 12 14 13 3 10 22 22 18 13 10 13 22 22 0 12 6 9 5 22 3 14 22 6 17 9 13
split_gain=7647.16 23949.8 24215.6 26880 24704.4 32309.2 22244.6 22842.5 21753.9 19480.2 25311.6 20123.7 19897.9 23418.5 17930.1 19853.5 43731.6 34068.2 42492.5 27867.9 24507.5 21523.3 20577.5 20537.9 20139.2 18966.1 18310.3 18456.9 17570.5 17168.2
threshold=121.52027564747299 272.50000000000006 0.97854064376158201 -65.299999999999983 -0.68355163169896438 4.5000000000000009 -0.93585024503435343 147.40333333333336 84.870833333333351 2.6600000000000059 19.93 75.500000000000014 0.35222909080468506 86.608333333333363 0.91531147911944732 -23.949999999999999 -21.520000000000007 171.98000000000002 0.65106671239330416 6.5356305482051251 482.50000000000006 88.546666666666681 -23.709999999999983 175.3366666666667 4.5000000000000009 -26.700000000000003 33.096442698950163 0.19000000000000003 747.50000000000011 0.17364817766693066
decision_type=2 2 2 8 2 2 2 2 10 10 10 2 2 10 2 10 10 2 2 2 2 2 10 2 2 10 2 2 2 2
left_child=-1 9 3 4 8 6 -6 -8 -3 12 11 -11 13 -2 15 19 22 21 20 23 24 -18 -17 -5 -19 26 27 29 -23 -21
right_child=1 2 -4 14 5 -7 7 -9 -10 10 -12 -13 -14 -15 -16 16 17 18 -20 25 -22 28 -24 -25 -26 -27 -28 -29 -30 -31
leaf_value=0.0074441057095939681 -0.11704146858855394 0.66537609234148143 -0.25847255030903632 0.081292693920294673 -0.056895907491714026 1.8525294611267016 1.3684330018692548 0.043954645495350456 -0.25015584450059886 -0.36712320519055763 0.46972464580599849 0.63237352905408395 0.060669589625930567 -0.013302354716224048 -0.20842541979867069 0.23781511838203426 0.88217393047567727 0.19849787970058252 1.909744305253029 -0.18745490604121784 -0.14651594357909981 0.058598428636939572 0.88953039994209027 0.92853858072616868 1.4941582749455664 -0.77563422273134908 -1.0174687706507171 0.70824846901200922 -0.29493590552928262 0.10494203295023624
leaf_weight=97248 8823 98 624 3548 111 51 90 51 192 1011 113 53 4616 14189 664 219 69 61 50 1570 135 1686 271 73 59 105 52 74 444 738
leaf_count=97248 8823 98 624 3548 111 51 90 51 192 1011 113 53 4616 14189 664 219 69 61 50 1570 135 1686 271 73 59 105 52 74 444 738
internal_value=-0.000114464 -0.0185647 0.0440692 0.0622026 0.389108 0.704832 0.47256 0.889366 0.0592308 -0.0425593 -0.241773 -0.317336 -0.0340724 -0.0530768 0.0424577 0.0606559 0.166276 0.0817439 0.576955 0.00932033 0.315624 0.0130584 0.598254 0.0983733 0.835531 -0.117683 -0.0892995 -0.0690372 -0.0150961 -0.0939588
internal_weight=137088 39840 11035 10411 593 303 252 141 290 28805 1177 1064 27628 23012 9818 9154 2994 2504 305 6160 255 2199 490 3621 120 2539 2434 2382 2130 2308
internal_count=137088 39840 11035 10411 593 303 252 141 290 28805 1177 1064 27628 23012 9818 9154 2994 2504 305 6160 255 2199 490 3621 120 2539 2434 2382 2130 2308
is_linear=0
shrinkage=0.05


Tree=192
num_leaves=31
num_cat=0
split_feature=21 2 12 9 9 22 19 13 22 11 5 13 20 4 22 22 0 11 22 22 13 20 14 12 13 20 9 13 9 22
split_gain=7584.49 9384.27 16605.7 22328.2 19916.7 24439.3 18470.2 17236 18775.2 21214.5 20859.5 29169.7 16915.1 16906.7 16553.3 14720.4 19852.3 21401.2 19256.2 31541.8 24446.9 20493.9 19786.8 21589.5 24216.5 19195.9 18231.5 35390.4 18223.6 26218.1
threshold=-19.638438370846732 -0.11333333333333327 0.61734245059639015 612.50000000000011 897.50000000000011 -60.899999999999999 -0.48000000000000098 0.44228869021900119 -35.990000000000002 62.576381797000018 166.35333333333335 -0.40274668985873718 -1.7067233831074371 3.2505425173298375 -63.149999999999984 -30.380000000000006 200.46000000000001 56.714250147342653 -59.710000000000001 -41.969999999999978 -0.99512551815703254 2.0371132148740947 4.5000000000000009 -0.78661891169205822 0.79989897227935869 -1.4411273332751289 852.50000000000011 0.88186879444286481 37.500000000000007 -1.9200000000000228
decision_type=8 8 2 2 2 8 10 2 10 2 2 2 10 2 10 8 2 2 10 10 2 10 2 2 2 10 2 2 2 10
left_child=-1 2 4 -4 15 13 -5 8 9 -8 -10 -12 -7 -6 -15 16 25 -18 21 -20 -21 -19 -22 -24 -25 -2 -27 -28 29 -17
right_child=1 -3 3 6 5 12 7 -9 10 -11 11 -13 -14 14 -16 28 17 18 19 20 22 -23 23 24 -26 26 27 -29 -30 -31
leaf_value=-0.073446886313651108 0.1174966586701079 0.012281635222244781 -0.024963076575813956 0.58115815853942998 -0.12919915657878542 0.22590033276288801 0.032808017193194143 -0.10065734710062849 -6.1052818945677451e-05 0.42445566506276189 1.3608200793757159 0.17204692621201834 -0.15847042485639157 -0.29303480248520342 -1.2844655788883017 -0.027393418225089474 -0.36631696609935416 0.38974221386194741 -0.32087874253746124 1.1660612242489026 0.26621478933399761 -0.36920028287358586 -1.0165055493062194 0.49423568880865498 -0.46957876465938714 -0.086428743975942884 1.3781158017118773 -0.42302827388048175 0.030618939967962513 -0.48222397724845828
leaf_weight=3437 1298 82065 5981 207 120 330 542 882 2042 955 68 214 2158 69 108 1245 246 805 480 58 667 100 66 126 135 16507 60 50 15642 425
leaf_count=3437 1298 82065 5981 207 120 330 542 882 2042 955 68 214 2158 69 108 1245 246 805 480 58 667 100 66 126 135 16507 60 50 15642 425
internal_value=-0.000108741 0.00177724 -0.0149336 0.0399029 -0.0296092 -0.158663 0.118918 0.0985725 0.144561 0.282657 0.0556063 0.458701 -0.107489 -0.587359 -0.897976 -0.0201284 -0.048692 0.0781493 0.123015 0.014991 0.16824 0.305881 0.110017 -0.20859 -0.00428903 -0.0676881 -0.0821534 0.559414 0.0138569 -0.143144
internal_weight=137088 133651 51586 10891 40695 2785 4910 4703 3821 1497 2324 282 2488 297 177 37910 20598 2683 2437 1532 1052 905 994 327 261 17915 16617 110 17312 1670
internal_count=137088 133651 51586 10891 40695 2785 4910 4703 3821 1497 2324 282 2488 297 177 37910 20598 2683 2437 1532 1052 905 994 327 261 17915 16617 110 17312 1670
is_linear=0
shrinkage=0.05


Tree=193
num_leaves=31
num_cat=0
split_feature=20 19 12 16 0 5 10 13 0 9 12 13 9 9 11 21 20 21 5 21 13 2 12 21 5 22 9 12 17 11
split_gain=7651.82 18231.9 16699.7 17760.2 14115 13617.4 15357.1 13131.4 13257 20719.2 16935.8 59709.8 35757.9 23817.1 15939.5 28141.4 22163.8 14943.1 14088 13854.8 13832 13202.1 14579.4 12967.4 19505.3 49934.5 20684.9 37359.8 20457 26130.7
threshold=-0.55123890259000119 0.34400000000000036 -0.20576496797711577 13.437500000000002 118.65333333333335 103.90166666666669 95.036666666666676 0.95688340256707793 135.82000000000002 1132.5000000000002 0.83743052905771564 -0.23768589232617329 712.50000000000011 1042.5000000000002 135.96968442800002 1.5671508817961597 -1.0065256723893825 2.4762364320728243 156.48500000000004 -2.8711020291118312 0.06540312923014284 1.0000000180025095e-35 0.15212338618991691 -17.334429700590572 254.43166666666667 -62.099999999999994 652.50000000000011 0.23768589232617301 8.5000000000000018 66.408199812500001
decision_type=8 10 2 2 2 2 10 2 2 2 2 2 2 2 2 8 10 8 2 10 2 8 2 10 2 8 2 2 2 2
left_child=1 7 3 -3 -5 6 -2 8 21 10 14 12 -12 18 15 -10 -16 -17 -13 -11 -20 -1 -23 24 28 26 27 -26 -7 -30
right_child=5 2 -4 4 -6 23 -8 -9 9 19 11 13 -14 -15 16 17 -18 -19 20 -21 -22 22 -24 -25 25 -27 -28 -29 29 -31
leaf_value=-0.022461290764388103 -0.050445487247301857 0.27749564762982548 0.012335844547196623 -0.20317363599863125 0.39823471471094174 -0.050681561154193006 -0.29272452377673075 -0.10887922054575637 0.00075290776121163803 0.047877746333774951 0.55342184056838351 -0.14586777608626739 2.1021222578055823 1.1678940338369173 0.31863587600448745 1.1549101755472608 -0.33904907710728099 0.32128748148578368 1.0409981381622229 -0.46884092991622012 0.14566077399998903 0.098559956349971722 -0.022577247871451683 0.0041904521891547031 1.8606145500352509 -0.7298061732451121 -0.03329590087587183 0.22100918157666458 -0.080732871409956664 -0.92921233230903499
leaf_weight=18663 5257 1844 2159 391 130 10566 747 2314 1238 277 84 364 67 52 183 58 427 735 55 244 200 5977 4250 80160 76 75 55 64 223 153
leaf_count=18663 5257 1844 2159 391 130 10566 747 2314 1238 277 84 364 67 52 183 58 427 735 55 244 200 5977 4250 80160 76 75 55 64 223 153
internal_value=-0.000103304 0.0183944 0.112879 0.204665 -0.0531101 -0.00764706 -0.0805891 0.00624684 0.0143506 0.0998534 0.144081 0.342277 1.24059 0.140122 0.0823929 0.149711 -0.141744 0.382259 0.0537822 -0.194117 0.338773 0.00255952 0.0482194 -0.00285408 -0.0532188 0.366609 0.788308 1.11108 -0.0635783 -0.425992
internal_weight=137088 39712 4524 2365 521 97376 6004 35188 32874 3984 3463 822 151 671 2641 2031 610 793 619 521 255 28890 10227 91372 11212 270 195 140 10942 376
internal_count=137088 39712 4524 2365 521 97376 6004 35188 32874 3984 3463 822 151 671 2641 2031 610 793 619 521 255 28890 10227 91372 11212 270 195 140 10942 376
is_linear=0
shrinkage=0.05


Tree=194
num_leaves=31
num_cat=0
split_feature=5 20 1 14 21 13 22 5 6 8 21 3 22 11 10 9 22 17 22 10 12 17 22 5 14 15 11 1 8 22
split_gain=7428.7 12562.3 14957.3 13401.5 15263.5 12032.5 17987.5 22839.4 23805.4 22582.4 18631.5 16383.7 14612.7 20199.6 13185.6 12423 30044.4 11679.4 14099.8 21959.7 18517.3 21456.8 21612.5 19261.1 20339.9 17540.4 15737.2 13797.6 17922.7 22280.2
threshold=95.201666666666682 -1.0379089522204989 0.43999999999999989 1.5000000000000002 1.4590814546430411 -0.564573334685324 -32.93 80.27833333333335 4.8365972253332954 91.500000000000014 2.4762364320728243 64.737777777777794 -63.249999999999993 158.24230110200003 86.108333333333363 982.50000000000011 -47.609999999999992 23.550000000000004 -77.679999999999964 89.716666666666697 -0.49049438445969368 43.500000000000007 -22.109999999999992 194.84000000000003 3.5000000000000004 54.100000000000009 59.831161703000006 -0.0080000000000000644 90.500000000000014 -36.839999999999982
decision_type=2 8 10 2 10 2 10 2 2 2 10 2 8 2 10 2 8 2 10 8 2 2 10 2 2 2 2 10 2 10
left_child=5 2 -2 4 -4 6 7 8 15 11 -10 -8 13 -9 -11 16 -1 -3 19 25 26 22 -22 27 -25 -19 -20 -23 -29 -30
right_child=1 17 3 -5 -6 -7 9 12 10 14 -12 -13 -14 -15 -16 -17 -18 18 20 -21 21 23 -24 24 -26 -27 -28 28 29 -31
leaf_value=-0.087048673993823211 0.041753474070222833 0.0018635116447792994 0.15376969931994455 0.16878266258016805 1.2351947177762854 -0.091143307765105763 -0.49286581852235928 0.94522065777527653 0.42441728287045599 0.16659138751778108 -0.37551099956035616 -0.06643094753812144 -0.041008084867923136 -0.10930060184207456 0.86520626342131024 1.2346278996877773 1.3787459569244549 1.0568972581658851 0.66405301648994974 -0.2618701115297154 -0.83867116744646375 0.01554354364139319 0.017294985927436331 -0.18771473651015483 0.8818593112589872 0.19554646106676149 -0.021229471956166854 -0.38107071581443086 0.61169699590786231 -0.189366861439873
leaf_weight=88 10065 111394 59 389 73 5484 255 95 190 93 118 1930 1151 87 99 93 58 88 87 160 228 643 109 86 92 180 2262 992 112 328
leaf_count=88 10065 111394 59 389 73 5484 255 95 190 93 118 1930 1151 87 99 93 58 88 87 160 228 643 109 86 92 180 2262 992 112 328
internal_value=-9.81387e-05 0.00312096 0.0552755 0.316503 0.751831 -0.0421824 0.0208906 0.136459 0.408513 -0.0705138 0.117951 -0.116198 0.0248211 0.441136 0.449381 0.78296 0.495253 -0.00160757 -0.0736512 0.20165 -0.097508 -0.189708 -0.561816 -0.134049 0.365099 0.478378 0.00415136 -0.176867 -0.263264 0.00233699
internal_weight=137088 127347 10586 521 132 9741 4257 1880 547 2377 308 2185 1333 182 192 239 146 116761 5367 428 4939 2590 337 2253 178 268 2349 2075 1432 440
internal_count=137088 127347 10586 521 132 9741 4257 1880 547 2377 308 2185 1333 182 192 239 146 116761 5367 428 4939 2590 337 2253 178 268 2349 2075 1432 440
is_linear=0
shrinkage=0.05


Tree=195
num_leaves=31
num_cat=0
split_feature=6 13 20 9 11 13 0 21 6 10 8 18 22 21 13 22 0 22 12 9 22 10 14 12 22 13 21 21 11 9
split_gain=7319.47 26215.9 17628.7 23506.4 28779.7 37717.2 27391.9 21997 18594.1 23118.9 18016.1 17971.1 25701.7 16137.5 18739 15973.4 15957 14443.2 14168.4 14137.8 15031.6 24457.7 19196.3 13493.6 12420.5 27287.9 15440.2 15411.6 12046.1 23542.7
threshold=2.7916512135657912 -0.61734245059638992 -0.58861524978495927 337.50000000000006 85.259559940500012 -0.84915165824291594 141.46000000000004 1.4590814546430411 1.6380106188266101 79.508333333333354 40.250000000000007 50.500000000000007 -6.7199999999999944 9.037910062169134 -0.90159026428466893 -29.06999999999999 83.726666666666674 -59.710000000000001 0.71473537162315171 847.50000000000011 -22.869999999999994 93.53666666666669 3.5000000000000004 -0.20576496797711577 -66.999999999999986 -0.1413247892049839 5.5894005641125384 7.7884793952948224 104.09309995174402 287.50000000000006
decision_type=2 2 10 2 2 2 2 10 2 8 2 2 10 10 2 10 2 8 2 2 8 8 2 2 10 2 8 10 2 2
left_child=1 2 13 10 8 -6 7 18 9 -5 -4 12 -12 14 15 16 -1 -18 -7 -16 21 -21 -23 -3 25 26 -25 -26 -2 -30
right_child=28 23 3 4 5 6 -8 -9 -10 -11 11 -13 -14 -15 19 -17 17 -19 -20 20 -22 22 -24 24 27 -27 -28 -29 29 -31
leaf_value=1.0888101970904493 0.008095553839523241 0.067721762124478904 -0.016834544319628511 0.19151930863244668 0.06844134735016269 1.8515515512890286 1.9269586458572974 0.29565084299826916 -0.10684642359759987 1.2001647031718965 1.076210454735276 0.1766780502896694 0.1766780502896694 -0.17291874789146031 -0.17209535957599398 0.04255576364400368 1.0602381503787535 0.23244532979766117 0.75182560589164504 1.3595460107109765 -0.22951192506834081 0.96585825471966358 -0.1438748797907361 0.20504125383362842 -0.019830579720451727 0.03876905929131777 1.2200537498207655 -0.27782502529372022 -0.04668765044331058 0.03793022472506629
leaf_weight=73 60337 5688 1113 225 160 54 65 121 307 76 154 178 80 704 774 630 58 576 64 55 133 54 140 67 19042 760 85 597 33863 10855
leaf_count=73 60337 5688 1113 225 160 54 65 121 307 76 154 178 80 704 774 630 58 576 64 55 133 54 140 67 19042 760 85 597 33863 10855
internal_value=-0.000100613 0.0208222 0.11708 0.213847 0.393265 0.689822 1.01686 0.769349 0.166945 0.446194 0.0877257 0.370191 0.684548 0.0384744 0.0981699 0.225636 0.388777 0.308174 1.25509 -0.0492543 0.199643 0.428871 0.16502 -0.000433219 -0.0192968 0.161082 0.772647 -0.0276733 -0.00648032 -0.0261472
internal_weight=137088 32033 5794 2597 1072 464 304 239 608 301 1525 412 234 3197 2493 1337 707 634 118 1156 382 249 194 26239 20551 912 152 19639 105055 44718
internal_count=137088 32033 5794 2597 1072 464 304 239 608 301 1525 412 234 3197 2493 1337 707 634 118 1156 382 249 194 26239 20551 912 152 19639 105055 44718
is_linear=0
shrinkage=0.05


Tree=196
num_leaves=31
num_cat=0
split_feature=22 9 11 17 13 13 5 5 17 10 7 18 22 12 14 22 1 16 13 20 10 3 11 12 13 22 14 13 16 2
split_gain=7460.2 31944.7 31646.4 21291.1 24016.2 20064 24696.6 25049.9 22940.9 18081.9 16927.7 15255.6 14758.7 39830.1 34199.8 24978.7 29128.8 37614.1 19269.2 27597.8 19575.2 24357.2 23629.1 20708 20040.8 18726.5 18787.4 18692.3 20073.6 18680
threshold=-43.000000000000007 17.500000000000004 213.56658011700003 6.5000000000000009 0.50938662908026078 -0.22706275313213795 171.86833333333337 134.04500000000002 45.800000000000004 84.870833333333351 0.91000000000000014 210.00000000000003 -68.739999999999981 -0.94331137514050689 5.5000000000000009 -70.36999999999999 -0.49599999999999839 12.500000000000002 -0.96298784033749818 1.5848503699965228 82.270833333333343 183.55000000000001 101.51177031018705 0.15212338618991691 -0.98658463173998423 -70.36999999999999 2.5000000000000004 0.79989897227935869 2.0500000000000003 1.292
decision_type=8 2 2 2 2 2 2 2 2 10 2 2 10 2 2 10 10 2 2 10 8 2 2 2 2 10 2 2 2 10
left_child=1 2 3 4 10 6 7 -5 -7 -9 -1 12 13 14 25 29 17 -17 19 20 23 -22 -23 -14 -24 26 -3 -20 -29 -15
right_child=-2 11 -4 5 -6 8 -8 9 -10 -11 -12 -13 18 15 -16 16 -18 -19 27 -21 21 22 24 -25 -26 -27 -28 28 -30 -31
leaf_value=-0.098673770426973409 0.0065586001421307303 -0.8375857030951096 -0.92008814308150066 0.26642345844390425 1.518081561923027 -0.52907877611697363 -0.3311087477703889 0.51930878152922977 0.37923466198079225 1.7541235158288537 0.70515890729313346 -0.82678659290075318 0.23866420804862387 -0.0014546737392094099 0.83876131986898761 0.80920290419897456 0.11385997440942025 -0.61878191401373672 -0.0080773364634004596 -0.73729448211424564 -0.33314812419860773 -0.46046195936874607 1.2532146374303579 -0.36208413627678149 -0.013710296990578637 0.075256267006945057 -0.26891899308200901 -0.09705451313925044 -0.65390494208849836 0.36186534217267763
leaf_weight=102 103263 257 58 370 60 186 120 63 111 56 183 60 535 4496 62 355 894 53 17770 206 1138 71 69 196 57 173 334 5239 167 384
leaf_count=102 103263 257 58 370 60 186 120 63 111 56 183 60 535 4496 62 355 894 53 17770 206 1138 71 69 196 57 173 334 5239 167 384
internal_value=-0.000117029 -0.0204968 0.221678 0.274614 0.608882 0.147326 0.311644 0.469374 -0.189608 1.1004 0.417471 -0.030246 -0.0287735 0.035477 -0.290625 0.0790486 0.273627 0.623705 -0.0464671 -0.185427 -0.130401 -0.244288 0.269023 0.077588 0.680082 -0.382276 -0.516207 -0.0328445 -0.114257 0.0271344
internal_weight=137088 33825 1309 1251 345 906 609 489 297 119 285 32516 32456 7008 826 6182 1302 408 25448 2272 2066 1335 197 731 126 764 591 23176 5406 4880
internal_count=137088 33825 1309 1251 345 906 609 489 297 119 285 32516 32456 7008 826 6182 1302 408 25448 2272 2066 1335 197 731 126 764 591 23176 5406 4880
is_linear=0
shrinkage=0.05


Tree=197
num_leaves=31
num_cat=0
split_feature=20 22 21 22 5 13 0 8 10 16 0 3 22 9 13 16 8 20 16 7 20 22 22 12 17 11 8 22 20 22
split_gain=7081.07 12774.4 9626.9 11623.5 17807.8 17291.2 26600.8 20990.2 10390.3 17017.9 7439.36 7144.74 15341.7 21816.3 25297.1 20062 17092.9 22779 16644.8 14998.2 14876 14064.8 12149.4 19321.3 21819.9 12062.1 15391 11794.4 10796.7 14865.3
threshold=3.3283184234618255 -78.07999999999997 -8.856961520772737 -27.359999999999999 322.5533333333334 -0.81915204428899169 219.78000000000003 0.025000000000000005 71.070833333333354 12.500000000000002 288.90000000000003 100.50333333333334 -2.5699999999999963 22.500000000000004 -0.9970268106651744 37.400000000000013 83.500000000000014 -1.110023889748202 41.500000000000007 70.250000000000014 -2.2023140440303934 -36.839999999999982 -6.5399999999999983 -0.42261826174069955 49.750000000000007 72.819825432500025 28.500000000000004 -1.1199999999999972 -0.49713219330105846 -38.889999999999993
decision_type=8 8 8 8 2 2 2 2 10 2 2 2 8 2 2 2 2 10 2 2 10 10 10 2 2 2 2 10 10 10
left_child=11 -2 -3 4 5 6 -4 -7 -5 10 -10 12 15 -14 27 19 18 -18 25 28 -13 -21 23 24 -17 -16 -27 -15 -1 -30
right_child=1 2 3 8 -6 7 -8 -9 9 -11 -12 20 13 14 16 22 17 -19 -20 21 -22 -23 -24 -25 -26 26 -28 -29 29 -31
leaf_value=-0.024520504131170739 0.59761914127859572 0.3818859416246414 -0.22511714625714432 -0.55335003816419182 0.3265741235377439 -1.2002227982534097 -1.5917175982098439 -0.067644280062781434 -0.20795846052816427 0.70147661078898682 0.39916817063236643 0.78576867880879853 -0.38565749530009064 -0.92236508008141027 0.36919190652265366 -0.94979200285527254 1.5864212737633634 0.43874642930320129 -0.40839639229159208 0.78525748138034013 0.0047550568604556621 0.14467282549734448 -0.79196267887018623 0.054890348324300467 -0.026903540024469642 -0.00074616730996879916 0.43874642930320129 0.026442274712679681 -0.43141565193057652 -0.084181615966320678
leaf_weight=11190 58 75 67 81 76 50 76 225 271 84 62 61 215 77 603 143 52 86 124 109 119599 161 112 296 116 836 148 57 382 1596
leaf_count=11190 58 75 67 81 76 50 76 225 271 84 62 61 215 77 603 143 52 86 124 109 119599 161 112 296 116 836 148 57 382 1596
internal_value=-0.000111177 -0.125037 -0.16432 -0.205615 -0.377459 -0.505465 -0.951422 -0.273568 -0.0351519 0.0655053 -0.0949199 0.000922502 -0.0301298 0.0927403 0.144609 -0.0492768 0.192685 0.727982 0.149511 -0.0359916 0.0051532 0.332901 -0.316932 -0.221069 -0.536452 0.193103 0.0851946 -0.518768 -0.0435555 -0.151241
internal_weight=137088 1125 1067 992 494 418 143 275 498 417 333 135963 16303 2198 1983 14105 1849 138 1711 13438 119660 270 667 555 259 1587 984 134 13168 1978
internal_count=137088 1125 1067 992 494 418 143 275 498 417 333 135963 16303 2198 1983 14105 1849 138 1711 13438 119660 270 667 555 259 1587 984 134 13168 1978
is_linear=0
shrinkage=0.05


Tree=198
num_leaves=31
num_cat=0
split_feature=16 18 6 6 15 20 10 16 18 16 0 8 16 20 22 22 17 12 13 2 19 10 22 6 0 22 8 18 13 22
split_gain=7031.85 12148.1 17396.1 10812.1 11200.7 16462.9 8793.9 8668.47 44550.8 20278.2 51146.7 44422.8 29295 29384.5 38311.5 28162.2 23708.4 23283.2 22970.9 37259.1 22636 20090.8 31949.4 21395.1 20010.5 19542.8 20914.2 19458.8 20657.4 26017
threshold=174.50000000000003 104.50000000000001 25.301081297335561 19.193288441667402 237.50000000000003 1.4288458051520367 72.872222222222248 0.1125 0.16500000000000004 8.7500000000000018 251.18000000000004 40.250000000000007 0.19250000000000003 -0.74913186962026479 -27.800000000000001 19.93 4.5900000000000007 -0.22706275313213778 -0.564573334685324 1.0600000000000003 1.1733333333333349 80.604166666666686 -30.380000000000006 5.0864716591531112 191.58000000000001 -63.699999999999996 23.450000000000003 12.500000000000002 0.31107263240371752 -9.6200000000000028
decision_type=2 2 2 2 2 10 8 2 2 2 2 2 2 10 10 10 2 2 2 10 10 10 8 2 2 10 2 2 2 10
left_child=1 7 6 4 5 -2 -3 -1 -9 10 12 18 24 14 17 16 -15 21 19 25 27 23 -23 -14 -10 26 -11 28 29 -13
right_child=3 2 -4 -5 -6 -7 -8 8 9 11 -12 20 13 15 -16 -17 -18 -19 -20 -21 -22 22 -24 -25 -26 -27 -28 -29 -30 -31
leaf_value=-0.006330840605631988 0.56466097031769003 0.1938949658400837 -1.0423507321422751 0.90768508949875837 -0.47743621165790256 -0.38610801315651488 -0.20332598593554266 0.41836453468374946 -0.15095233641318637 -1.208094169852439 1.4053391175727323 0.48257233165612218 1.8772582083563263 0.093176410701913348 -0.011251298939005502 1.0552781487854435 -0.22378376205754882 0.1374486510059045 -0.043205182274218212 -0.75891570108488793 0.41891549571023828 0.21369110050102688 1.6585054621696473 0.70216399318979761 -1.1770039053524242 -0.12869286222767529 -0.18529222720024879 0.0093761240892223322 -0.043205182274218212 -0.043205182274218212
leaf_weight=104573 152 173 55 50 63 65 716 699 696 89 73 731 79 4636 374 71 676 155 2476 277 374 163 50 76 51 3400 114 15326 454 201
leaf_count=104573 152 173 55 50 63 65 716 699 696 89 73 731 79 4636 374 71 676 155 2476 277 374 163 50 76 51 3400 114 15326 454 201
internal_value=-0.000112638 -0.000668908 -0.179414 0.230416 0.109475 0.279868 -0.126027 0.000573493 0.0236844 0.0146515 0.0886808 -0.00777013 0.0750027 0.110212 0.375163 0.0660622 0.0528404 0.65149 -0.120621 -0.200108 0.0342103 0.868002 0.552849 1.30108 -0.221004 -0.157147 -0.633713 0.025601 0.205011 0.340246
internal_weight=137088 136758 944 330 280 217 889 135814 31241 30542 7100 23442 7027 6280 897 5383 5312 523 6356 3880 17086 368 213 155 747 3603 203 16712 1386 932
internal_count=137088 136758 944 330 280 217 889 135814 31241 30542 7100 23442 7027 6280 897 5383 5312 523 6356 3880 17086 368 213 155 747 3603 203 16712 1386 932
is_linear=0
shrinkage=0.05


Tree=199
num_leaves=31
num_cat=0
split_feature=20 13 21 22 9 22 11 22 22 10 1 12 0 9 12 6 16 5 16 0 18 22 11 21 8 12 4 9 2 22
split_gain=7093.57 17663 16626.3 22531.2 22186 16473 15052.8 16073.8 28391.3 24243 20073.3 15402.9 29608.6 14563.8 13844 14172.5 14837.8 22193.5 20092.2 18521.8 20957 22494.4 18025.4 15819.2 14535.5 18814.4 13833.4 13813.4 13085.1 18685.4
threshold=1.6836083523061911 0.94331137514050722 3.8108030532962691 -22.539999999999996 782.50000000000011 4.2700000000000005 60.785238921642289 -14.589999999999998 -25.800000000000001 76.90555555555558 2.4546666666666668 0.60003553868615167 245.82000000000002 87.500000000000014 0.9195955058153672 7.6966340536626054 13.937500000000002 254.43166666666667 19.500000000000004 276.64000000000004 65.500000000000014 -35.499999999999993 204.19011014900005 13.410642971631619 62.500000000000007 -0.10886687485196471 16.713138144313984 492.50000000000006 1.1400000000000001 -30.020000000000003
decision_type=8 2 10 8 2 10 2 10 10 8 10 2 2 2 2 2 2 2 2 2 2 10 2 10 2 2 2 2 10 8
left_child=28 2 6 4 14 27 -2 8 -8 13 -9 12 -11 -10 15 -4 19 18 -18 20 21 22 24 -22 25 -17 -21 -3 -1 -30
right_child=1 5 3 -5 -6 -7 7 10 9 11 -12 -13 -14 -15 -16 16 17 -19 -20 26 23 -23 -24 -25 -26 -27 -28 -29 29 -31
leaf_value=0.00014585677574920257 0.085821203116317954 0.18696163047828721 -0.39028248075706262 0.20593931785078112 -0.90174252444079939 0.85410172086727776 -0.19553184077487212 -0.29782685552133958 0.19369952642471991 0.32194006443851531 -1.2297366111051469 -0.29395613577216867 1.5106142231134267 -0.60860325553493266 -0.84840246886014947 0.50934131932031568 -0.99375602588900991 -0.84218470061109185 0.021110391792111136 0.17911260166388854 -0.97583009997445547 -0.18662148387998009 -0.38641937915454894 0.096816380268761104 0.80108216741623794 -0.19225309772731425 0.79600150134946623 -0.36066932111628436 0.17056291579584698 -0.062881606814044075
leaf_weight=124003 681 722 240 1069 77 79 2429 698 107 270 63 64 65 120 52 184 53 105 611 259 89 445 85 56 156 154 140 137 2595 1280
leaf_count=124003 681 722 240 1069 77 79 2429 698 107 270 63 64 65 120 52 184 53 105 611 259 89 445 85 56 156 154 140 137 2595 1280
internal_value=-7.91355e-05 -0.0424601 -0.0657769 0.0115918 -0.0651848 0.163165 -0.130724 -0.169368 -0.118152 0.182099 -0.374976 0.416793 0.552578 -0.230425 -0.0406831 -0.0243846 0.0131916 -0.16671 -0.0598955 0.101421 0.00102516 0.080689 0.286135 -0.561567 0.401858 0.2176 0.395565 0.0996212 0.00297322 0.0934509
internal_weight=137088 9210 8272 3775 2706 938 4497 3816 3055 626 761 399 335 227 2629 2577 2337 769 664 1568 1169 1024 579 145 494 338 399 859 127878 3875
internal_count=137088 9210 8272 3775 2706 938 4497 3816 3055 626 761 399 335 227 2629 2577 2337 769 664 1568 1169 1024 579 145 494 338 399 859 127878 3875
is_linear=0
shrinkage=0.05


Tree=200
num_leaves=31
num_cat=0
split_feature=20 13 2 5 10 21 9 11 12 13 20 0 12 9 5 22 21 20 5 22 22 22 16 1 6 22 9 20 11 22
split_gain=6976.42 17824 16843 14617.2 15214.7 11139.7 17767.9 36222.7 34105.5 36147.9 48269.6 42981.6 50358.8 51676.4 33665.8 56265 51747.9 70293.8 35254.9 36657.4 30262.8 27649.4 26722.3 26551.2 25459.2 24749.4 58158.7 36868.9 29556.2 27548.6
threshold=-0.94778272947264008 0.91080963307804863 0.33466666666666672 99.571666666666687 99.683333333333351 -17.572304465993707 692.50000000000011 270.41185098700004 0.43245347597985045 -0.27982901403099208 -0.065864614504566474 144.25333333333336 0.78661891169205866 1172.5000000000002 159.64833333333337 -50.329999999999998 -13.653098688189049 0.8751983419358661 145.37500000000003 -2.5699999999999963 -38.349999999999994 -19.59 0.10250000000000002 0.42666666666666758 14.826284739953705 -35.699999999999996 842.50000000000011 -0.54188563233838594 193.89688390340925 -53.689999999999991
decision_type=8 2 10 2 10 10 2 2 2 2 8 2 2 2 2 10 10 10 2 10 10 10 2 10 2 8 2 10 2 10
left_child=1 2 -1 4 -2 -5 -7 8 21 10 11 25 -13 20 18 -16 -17 -18 19 22 -14 -8 -12 -19 -11 26 29 -28 -27 -10
right_child=3 -3 -4 5 -6 6 7 -9 9 24 14 12 13 -15 15 16 17 23 -20 -21 -22 -23 -24 -25 -26 28 27 -29 -30 -31
leaf_value=0.03000307584487116 -0.059475972316444574 -0.13409190563308701 0.25013336705255856 -0.042322601345148557 -0.36458073209232844 -0.0029556635060356906 -0.11716095544989498 -0.49119671126763365 -0.051514036128652532 0.021428153497271302 0.2239514374874586 1.8532728149710846 1.4678524340352705 -0.55637116760015493 -0.55593630019223916 -0.64460847134943366 1.8665373625150368 -0.26444591512395577 -0.48642715620963523 -0.98412736517190946 0.42285057400726966 0.35431579494232412 -0.8633208220514158 1.1693690915537232 0.92057470532832664 0.0095455334355945658 0.43287882699829638 2.0287049168616202 0.95673408250693925 0.67997847996751037
leaf_weight=17634 5126 1580 914 14106 444 84854 2853 290 299 4948 972 96 124 80 106 54 134 88 360 75 157 349 60 51 80 786 61 89 92 226
leaf_count=17634 5126 1580 914 14106 444 84854 2853 290 299 4948 972 96 124 80 106 54 134 88 360 75 157 349 60 51 80 786 61 89 92 226
internal_value=-7.17367e-05 0.027118 0.0408506 -0.0047509 -0.0837967 -0.000798254 0.0052227 0.0610527 0.0742448 0.124405 0.238431 0.409234 0.835461 0.564797 0.0577383 0.445137 0.769644 1.04939 -0.0566065 0.0831725 0.88399 -0.0657726 0.160738 0.26163 0.0357344 0.283809 0.511456 1.37974 0.108795 0.263376
internal_weight=137088 20128 18548 116960 5570 111390 97284 12430 12140 8938 3910 2010 457 361 1900 433 327 273 1467 1107 281 3202 1032 139 5028 1553 675 150 878 525
internal_count=137088 20128 18548 116960 5570 111390 97284 12430 12140 8938 3910 2010 457 361 1900 433 327 273 1467 1107 281 3202 1032 139 5028 1553 675 150 878 525
is_linear=0
shrinkage=0.05


Tree=201
num_leaves=31
num_cat=0
split_feature=20 0 22 9 16 11 18 10 0 14 14 6 5 14 2 10 11 18 5 22 0 14 22 19 19 22 21 3 9 11
split_gain=6967.41 16730.1 14255.5 28275.9 16421.6 16191.4 20669.8 16197.3 10041.6 8877.36 8736.4 9609.84 8805.08 8640.94 7227.21 28343 29423.9 30510.2 34124.8 37045 19848.6 18562.8 17853.6 16006.6 15655.9 14476.8 13578 13067.9 11901.7 11584.9
threshold=3.0268657566268105 335.52000000000004 -26.570000000000004 147.50000000000003 41.500000000000007 100.20927138250002 21.500000000000004 70.883333333333354 228.90000000000003 3.5000000000000004 1.0000000180025095e-35 37.345984246274824 125.39083333333335 1.0000000180025095e-35 1.186666666666667 64.779166666666683 79.859723976000012 46.500000000000007 143.3416666666667 -34.679999999999986 228.90000000000003 3.5000000000000004 7.0999999999999988 -1.2773333333333319 -0.49866666666666654 -33.490000000000009 5.9779716223845236 131.24333333333337 837.50000000000011 68.725355279000013
decision_type=8 2 8 2 2 2 2 10 2 2 2 2 2 2 10 10 2 2 2 10 2 2 10 10 10 8 10 2 2 2
left_child=14 2 3 4 5 6 7 -2 -6 13 -4 12 -12 -7 -1 25 17 18 24 20 -20 -21 23 26 -17 -16 -18 -26 29 -27
right_child=1 -3 10 -5 8 9 -8 -9 -10 -11 11 -13 -14 -15 15 16 22 -19 19 21 -22 -23 -24 -25 27 28 -28 -29 -30 -31
leaf_value=-0.0012294368881168997 0.22618391225114465 0.28255489659072325 -0.55464964334034561 -1.2938760740244213 -0.34305200321772666 -0.092206292406276424 0.70517345741391191 -0.85573977153552205 -1.1537793643890866 0.047372607188299304 -0.54689110530274254 0.57340703921017611 0.052601279726332745 -0.87710573029518124 -0.040236863575911413 -0.38953279049678163 -0.72456348466180398 -0.39069496505393614 0.92272411384261577 1.9013183166151462 -0.20525810274367151 0.76510330547215588 -0.46850808433123997 0.092834873770233667 -0.016269906989315099 -0.66393572395723888 0.054122807584829971 0.71200133276575095 -1.1160844113005968 0.010509627816698902
leaf_weight=129771 88 242 66 68 97 54 112 57 63 80 70 77 490 100 418 91 114 108 78 92 78 59 161 3780 114 132 110 134 61 123
leaf_count=129771 88 242 66 68 97 54 112 57 63 80 70 77 490 100 418 91 114 108 78 92 78 59 161 3780 114 132 110 134 61 123
internal_value=-6.81499e-05 -0.101758 -0.167161 -0.323701 -0.222362 -0.0790091 0.194967 -0.199124 -0.662276 -0.379914 -0.00705873 0.0496775 -0.0223353 -0.601881 0.00118135 0.0565236 0.0997713 0.387182 0.51723 0.899103 0.358733 1.45737 0.0477405 0.0684988 0.171404 -0.233307 -0.342173 0.377231 -0.488696 -0.338615
internal_weight=137088 1664 1422 719 651 491 257 145 160 234 703 637 560 154 135424 5653 4919 754 646 307 156 151 4165 4004 339 734 224 248 316 255
internal_count=137088 1664 1422 719 651 491 257 145 160 234 703 637 560 154 135424 5653 4919 754 646 307 156 151 4165 4004 339 734 224 248 316 255
is_linear=0
shrinkage=0.05


Tree=202
num_leaves=31
num_cat=0
split_feature=22 9 11 17 12 15 10 5 3 21 22 14 0 7 22 18 17 12 12 13 17 2 18 10 21 10 9 14 1 13
split_gain=6987.13 28059 24128.6 16585.7 18297.1 13921 18141.1 20606.9 32331.7 21780.8 22883.2 29644.2 46218 17569.4 52070.9 30378.3 51467 29137.2 26926.7 22102.8 19524.5 21937.3 25298 19127.6 16166.1 15754.7 15499.4 24594.8 17127.3 14362.8
threshold=-43.000000000000007 12.500000000000002 207.09767013700002 6.5000000000000009 0.39271506111191362 13.437500000000002 80.070833333333354 153.11833333333337 174.24777777777783 15.679745128465528 -37.399999999999991 1.0000000180025095e-35 217.10000000000002 30.050000000000001 -25.27 57.500000000000007 11.500000000000002 0.83743052905771564 -0.48098876891938752 -0.98279651670771917 0.58500000000000008 1.2366666666666666 0.82500000000000007 82.270833333333343 9.5590121163027906 80.870833333333351 92.500000000000014 1.0000000180025095e-35 1.7173333333333334 -0.99512551815703254
decision_type=8 2 2 2 2 2 8 2 2 10 10 2 2 2 8 2 2 2 2 2 2 10 2 10 10 8 2 2 10 2
left_child=1 2 3 -1 -5 13 29 -8 24 10 -10 -12 -13 20 15 16 25 18 -18 -16 26 22 -22 -20 -9 -15 27 28 -2 -7
right_child=5 -3 -4 4 -6 6 7 8 9 -11 11 12 -14 14 19 -17 17 -19 23 -21 21 -23 -24 -25 -26 -27 -28 -29 -30 -31
leaf_value=0.64426538019843316 -0.1112098436047641 -0.02766634829393505 -0.79424277116667552 0.0025627126913305067 0.57302059199218636 0.50597297906740957 -0.073615204308134535 -1.1864278279897504 0.69727245683340655 -1.0567560566483805 0.88064269572496423 0.12914266128700677 -1.3114796453196069 0.86966577663662903 1.2463596803957926 0.074647190712336622 1.2832181835341978 2.060259370625019 0.96927964807602407 0.074647190712336622 -0.49414982743608427 -0.52681125118413064 -0.019597760075998453 0.1172261920876992 -0.38429937713362022 0.074647190712336622 0.0054310440966691565 0.074647190712336622 -1.0388580158925975 0.021657465179176195
leaf_weight=257 1154 32842 53 473 200 166 4120 137 95 53 52 141 92 63 68 390 168 50 114 1329 316 293 2524 156 116 187 82219 7241 52 1967
leaf_count=257 1154 32842 53 473 200 166 4120 137 95 53 52 141 92 63 68 390 168 50 114 1329 316 293 2524 156 116 187 82219 7241 52 1967
internal_value=-6.47425e-05 -0.0197877 0.243436 0.302573 0.17209 0.00639576 -0.0620036 -0.115862 -0.369592 -0.107207 0.0252297 -0.198785 -0.439687 0.0113231 0.141475 0.428769 0.617399 0.91676 0.786223 0.0746472 0.00781953 -0.114897 -0.0724 0.476982 -0.818654 0.0746472 0.01206 0.0746472 -0.151208 0.0593492
internal_weight=137088 33825 983 930 673 103263 6939 4806 686 433 380 285 233 96324 2525 1128 738 488 438 1397 93799 3133 2840 270 253 250 90666 8447 1206 2133
internal_count=137088 33825 983 930 673 103263 6939 4806 686 433 380 285 233 96324 2525 1128 738 488 438 1397 93799 3133 2840 270 253 250 90666 8447 1206 2133
is_linear=0
shrinkage=0.05


Tree=203
num_leaves=31
num_cat=0
split_feature=11 9 12 22 12 14 10 9 22 22 18 13 22 22 12 10 13 15 15 18 20 5 8 22 13 12 7 2 22 13
split_gain=6679.65 19286.5 21509.3 19372.4 19401.9 32987.7 21536.2 21295.5 18576.6 20955.9 18661.3 18170.7 17652.3 32334 19850.1 17429.6 19771.5 28202.3 44875.3 20008.6 20355.3 17599.6 16421.4 15752.7 28192 30293.6 27627.9 22132.6 21089.4 23092.7
threshold=121.52027564747299 262.50000000000006 0.97381903846659756 -65.299999999999983 -0.68355163169896438 4.5000000000000009 84.870833333333351 317.50000000000006 2.6600000000000059 19.93 75.500000000000014 0.96298784033749851 -86.980000000000018 -79.379999999999981 -0.66746801135786415 86.941666666666677 0.3007057995042734 3.7250000000000005 8.7500000000000018 54.500000000000007 -0.048882003956328184 166.35333333333335 56.70000000000001 -59.080000000000005 -0.97854064376158167 -0.63435554093529889 65.550000000000011 0.086666666666666725 -34.350000000000001 -0.98658463173998423
decision_type=2 2 2 8 2 2 10 2 10 10 2 2 8 8 2 10 2 2 2 2 10 2 2 10 2 2 2 10 10 2
left_child=-1 8 3 4 6 7 -3 -6 11 10 -10 12 14 22 -2 16 23 19 -19 20 -18 -22 -14 24 -15 -26 27 -27 29 -25
right_child=1 2 -4 -5 5 -7 -8 -9 9 -11 -12 -13 13 15 -16 -17 17 18 -20 -21 21 -23 -24 28 25 26 -28 -29 -30 -31
leaf_value=0.006972389990338515 -0.069607600858134611 0.62318707494200987 -0.23259350084619404 0.037589723278863611 -0.21793716579976707 1.6980779885181361 -0.25738316370946607 0.70860422910920473 -0.35316290833054109 0.41784646338070036 0.60966935219629759 0.25242091081950185 -0.6860877503916778 -0.44051452477420261 1.200801073136877 0.002015619145446141 0.13018977773275051 1.2919144950202994 0.10389988507809385 0.72412749146481603 -0.36011016887680786 0.18091478112798473 -0.094155004638896311 0.14298111450649909 -0.2118738554703693 0.57631027019144998 1.3970996734996639 -0.096648890436735274 -0.074943761480791113 -0.29895454443049113
leaf_weight=97248 62 105 696 10285 99 56 205 166 997 111 53 553 287 220 61 15210 684 111 280 83 656 195 198 335 300 283 63 215 4758 2513
leaf_count=97248 62 105 696 10285 99 56 205 166 997 111 53 553 287 220 61 15210 684 111 280 83 656 195 198 335 300 283 63 215 4758 2513
internal_value=-9.1864e-05 -0.0173355 0.036905 0.0540882 0.323005 0.595467 0.0408745 0.362462 -0.0396481 -0.235495 -0.304563 -0.0312475 -0.0371639 -0.0399491 0.560432 -0.0323766 -0.0812832 0.0600761 0.441162 -0.0320158 -0.0729017 -0.236139 -0.444433 -0.113975 0.0646237 0.193695 0.410577 0.285776 -0.139358 -0.246971
internal_weight=137088 39840 11612 10916 631 321 310 265 28228 1161 1050 27067 26514 26391 123 25906 10696 2009 391 1618 1535 851 485 8687 1081 861 561 498 7606 2848
internal_count=137088 39840 11612 10916 631 321 310 265 28228 1161 1050 27067 26514 26391 123 25906 10696 2009 391 1618 1535 851 485 8687 1081 861 561 498 7606 2848
is_linear=0
shrinkage=0.05


Tree=204
num_leaves=31
num_cat=0
split_feature=20 2 19 14 0 22 9 22 10 12 21 3 9 12 5 12 0 6 5 22 20 9 12 2 22 3 9 0 11 9
split_gain=6619.37 20087.7 15381.4 14695.6 33583.8 32667.2 26842 26534.9 29182.4 19857.4 19022.2 19034.2 18832.1 17038.1 18219.4 18435.4 26991.1 27911.6 34924.3 32148.4 25694.9 18403.2 16814.7 15859.7 22161.8 18312.8 19055.7 21180.5 26236.4 24293.1
threshold=0.45370804270178872 1.6499999999999997 1.0706666666666662 2.5000000000000004 245.82000000000002 -47.379999999999988 907.50000000000011 -59.710000000000001 63.733333333333341 0.6993099184844086 19.164090509498141 235.05000000000004 352.50000000000006 0.39271506111191362 108.80166666666669 0.87137607974597331 195.74000000000004 13.315379806152633 232.36000000000004 -19.430000000000003 2.0371132148740947 1092.5000000000002 -0.91959550581536686 -1.1386666666666658 -39.329999999999977 327.43333333333339 1212.5000000000002 241.50000000000003 156.8718895316124 67.500000000000014
decision_type=8 10 10 2 2 8 2 10 10 2 8 2 2 2 2 2 2 2 2 10 10 2 2 10 10 2 2 2 2 2
left_child=1 2 -1 4 5 6 7 8 12 -10 11 -9 -2 -5 -15 23 20 -18 19 -19 21 -17 -7 24 -16 26 27 -25 29 -29
right_child=3 -3 -4 13 -6 22 -8 10 9 -11 -12 -13 -14 14 15 16 17 18 -20 -21 -22 -23 -24 25 -26 -27 -28 28 -30 -31
leaf_value=0.0033669034462596513 -0.70585306158153027 0.41708765825639271 0.20530288250365555 -0.019099778056542754 0.22511782902785488 -0.13350004802592935 -1.0355682279432521 -0.45006157738680486 0.18977626553122406 -0.40736745410365982 0.16810070808519031 0.37700649480024978 0.16515177902713252 -0.54268537095713953 0.50109498339588754 0.059512994925551267 -0.21742193500446805 0.65940663325159177 -0.21188423447921628 2.1964307238470835 -0.95796952681740122 -0.83777398617296928 0.051162558347440858 -0.17426037454207174 -0.47670268053749959 0.35986068645262559 0.57057403322603362 0.13047745314898429 -1.4280475215203521 -0.63700195575037455
leaf_weight=99679 205 297 952 14561 1730 1401 85 960 1072 160 179 75 89 247 192 904 101 95 61 53 75 61 10264 2750 83 146 76 154 69 312
leaf_count=99679 205 297 952 14561 1730 1401 85 960 1072 160 179 75 89 247 192 904 101 95 61 53 75 61 10264 2750 83 146 76 154 69 312
internal_value=-8.7271e-05 0.00648911 0.00527728 -0.0184429 0.0168986 -0.00796121 -0.160516 -0.13337 0.00541284 0.112225 -0.30782 -0.390129 -0.442182 -0.0471912 -0.123235 -0.103047 0.0555687 0.465064 0.794878 1.20983 -0.0664925 0.0027933 0.028984 -0.159666 0.205978 -0.188337 -0.212151 -0.230259 -0.518105 -0.383371
internal_weight=137088 100928 100631 36160 16220 14490 2825 2740 1526 1232 1214 1035 294 19940 5379 5132 1350 310 209 148 1040 965 11665 3782 275 3507 3361 3285 535 466
internal_count=137088 100928 100631 36160 16220 14490 2825 2740 1526 1232 1214 1035 294 19940 5379 5132 1350 310 209 148 1040 965 11665 3782 275 3507 3361 3285 535 466
is_linear=0
shrinkage=0.05


Tree=205
num_leaves=31
num_cat=0
split_feature=20 22 21 22 20 0 0 13 9 16 10 5 2 2 12 9 1 18 14 11 22 13 9 22 21 1 22 11 5 20
split_gain=6568.87 10735 8380.01 9358.86 15344.1 14473.7 13184 10418 9439.46 8391.37 12350.2 7435.3 8399.88 6721.76 13738.9 20450.7 25650.1 23122.7 20198.7 19886.6 22904.3 18609.5 16570.1 20644.3 17732.5 16397.7 14619.4 13643 14911.9 13419.3
threshold=3.3283184234618255 -78.07999999999997 -8.856961520772737 -27.359999999999999 3.774112872975913 335.52000000000004 228.90000000000003 -0.78661891169205833 72.500000000000014 10.750000000000002 83.208333333333357 155.40833333333336 2.4566666666666666 -0.11333333333333327 0.61734245059639015 377.50000000000006 -0.53333333333333277 0.65000000000000013 5.5000000000000009 189.36787473807945 -38.179999999999986 -0.27982901403099208 887.50000000000011 -60.899999999999999 -2.3423222183222232 -0.41599999999999909 -63.149999999999984 62.784721619655222 182.00833333333335 -1.3529249602542035
decision_type=8 8 8 8 10 2 2 2 2 2 10 2 8 8 2 2 10 2 2 2 8 2 2 8 8 10 10 2 2 10
left_child=13 -2 -3 4 5 6 -4 -6 -9 11 -11 -5 -13 14 22 17 -17 18 -16 21 -21 -19 -1 25 29 26 -24 28 -26 -25
right_child=1 2 3 9 7 -7 -8 8 -10 10 -12 12 -14 -15 15 16 -18 19 -20 20 -22 -23 23 24 27 -27 -28 -29 -30 -31
leaf_value=-0.017967491114951658 0.54205785283240782 0.35319031876449786 -0.016848901874372657 -0.46697150301486251 -1.1465242093330936 0.52772162476582307 -0.8100837552493596 0.070846812554488062 -0.7986477920110675 -0.15726219647830086 0.92387649781443182 -0.16203935595974328 0.48482004141629631 0.0097439104069296026 -0.11938640756315524 0.24190841502386934 0.029950483190641353 0.26238817187206026 -0.57575369818161615 -0.89009587925214051 0.01038179323077202 -0.21708504715938945 -0.27747264661287008 0.70475857441473488 -0.086683184370537125 -0.17553171922299493 -1.2965260234215987 -0.30602133572427825 0.74185635248819992 0.043506738000421014
leaf_weight=38237 58 75 142 125 76 67 83 57 69 56 50 200 67 83361 1429 1835 6425 966 292 104 220 256 57 99 1149 158 92 885 57 341
leaf_count=38237 58 75 142 125 76 67 83 57 69 56 50 200 67 83361 1429 1835 6425 966 292 104 220 256 57 99 1149 158 92 885 57 341
internal_value=-8.29072e-05 -0.120406 -0.156416 -0.194945 -0.349143 -0.11737 -0.309464 -0.68418 -0.405305 -0.0419864 0.352709 -0.148715 0.000281167 0.000912685 -0.0130826 0.0351538 0.077038 -0.0707426 -0.196818 0.0696036 -0.27866 0.161942 -0.0266193 -0.143187 -0.0962209 -0.530392 -0.906687 -0.156931 -0.0475234 0.192288
internal_weight=137088 1125 1067 992 494 292 225 202 126 498 106 392 267 135963 52602 11527 8260 3267 1721 1546 324 1222 41075 2838 2531 307 149 2091 1206 440
internal_count=137088 1125 1067 992 494 292 225 202 126 498 106 392 267 135963 52602 11527 8260 3267 1721 1546 324 1222 41075 2838 2531 307 149 2091 1206 440
is_linear=0
shrinkage=0.05


Tree=206
num_leaves=31
num_cat=0
split_feature=20 19 12 16 0 13 5 10 7 22 1 19 13 5 20 9 2 9 10 22 22 12 12 10 22 22 22 13 9 22
split_gain=6461.19 14281.7 15778.4 14525.2 13023.8 12594.1 11490.6 12338.6 11308.5 11157.9 10990.1 16839.3 16796.6 13659.5 11660 10693.9 10284.5 10197.7 10169.1 9605.08 47724.6 25137.8 18981.6 25648 26968.8 22295.7 22552.7 21163.1 26592.3 56499.2
threshold=-0.64523135743531801 0.34400000000000036 -0.22706275313213778 13.437500000000002 118.65333333333335 0.94331137514050722 99.571666666666687 95.036666666666676 93.500000000000014 -2.5699999999999963 -0.066666666666666888 -0.30711111111111222 -0.72236396205975562 137.32500000000005 -2.2023140440303934 697.50000000000011 -0.77266666666666672 717.50000000000011 84.069444444444471 -38.909999999999982 -38.889999999999993 0.84915165824291627 -0.97854064376158167 86.608333333333363 -47.609999999999992 -79.379999999999981 -77.679999999999964 -0.93585024503435343 197.50000000000003 -69.469999999999985
decision_type=8 10 2 2 2 2 2 10 2 8 10 8 2 2 10 2 10 2 8 8 8 2 2 10 10 10 10 2 2 10
left_child=1 5 3 15 -5 10 7 8 9 -2 11 12 -1 -14 -12 -3 -7 -15 -11 22 21 -21 23 25 -25 -8 -27 28 -24 -30
right_child=6 2 -4 4 -6 16 19 -9 -10 18 14 -13 13 17 -16 -17 -18 -19 -20 20 -22 -23 27 24 -26 26 -28 -29 29 -31
leaf_value=-0.075766991065271821 -0.12728518697977284 0.25021492144816754 0.0064744897694617208 -0.19597772878942207 0.46194247206692229 0.36586046850462572 -1.0784039600864872 -0.31605052477076967 0.54700144497971792 -0.0757763147934086 -0.18751837996243839 -0.034492186551360847 0.14551383019907285 0.40033736753809662 0.057819457894345561 0.86622302298610276 -0.13224467144149718 1.1837296804084498 0.23829985359758599 0.35460242112373636 0.0031541311554690345 1.3805491625836916 -0.2437315452901217 0.28699258844177405 -0.53588851297004081 0.7327210585276287 -0.31686929692540378 -0.001825379281416854 0.96482979869653818 -0.10785577615553683
leaf_weight=672 2266 1470 1909 335 97 109 91 531 76 440 503 12750 951 224 13024 74 2103 51 368 406 71292 70 2015 415 131 54 980 22891 152 638
leaf_count=672 2266 1470 1909 335 97 109 91 531 76 440 503 12750 951 224 13024 74 2103 51 368 406 71292 70 2015 415 131 54 980 22891 152 638
internal_value=-7.8762e-05 0.0187225 0.108992 0.208033 -0.0482503 0.00718155 -0.00634585 -0.0930904 -0.0555057 -0.0704017 0.0162008 -0.0138081 0.125139 0.235261 0.0486966 0.279739 -0.1077 0.545621 0.0891254 -0.00312493 0.00648578 0.505477 -0.0283283 -0.191621 0.0895614 -0.328089 -0.262055 -0.0177094 -0.147336 0.0985344
internal_weight=137088 34272 3885 1976 432 30387 102816 3681 3150 3074 28175 14648 1898 1226 13527 1544 2212 275 808 99135 71768 476 27367 1671 546 1125 1034 25696 2805 790
internal_count=137088 34272 3885 1976 432 30387 102816 3681 3150 3074 28175 14648 1898 1226 13527 1544 2212 275 808 99135 71768 476 27367 1671 546 1125 1034 25696 2805 790
is_linear=0
shrinkage=0.05


Tree=207
num_leaves=31
num_cat=0
split_feature=16 18 16 0 8 16 9 20 22 22 14 17 10 13 2 22 13 22 10 0 15 17 8 17 16 22 8 1 20 1
split_gain=6339.12 40629.3 18678.7 44681.3 36040.4 25515 24667.3 24111.9 31906.4 25711.2 23909.8 20641.5 20372.2 18910.7 32487.2 27413.5 22193.5 17743.2 17595.7 17492.4 16632.7 23142 16302.8 26573.6 18628.7 17385 16262.6 16559.1 16038.5 15482.8
threshold=0.1125 0.16500000000000004 8.7500000000000018 251.18000000000004 30.050000000000001 0.19250000000000003 487.50000000000006 -0.74913186962026479 -27.800000000000001 19.93 3.5000000000000004 4.5900000000000007 80.604166666666686 -0.58244304235731414 0.94933333333333381 -62.649999999999991 -0.91080963307804841 -29.199999999999992 60.233333333333341 191.58000000000001 0.14500000000000005 0.11000000000000001 0.92500000000000016 0.37000000000000005 0.38500000000000006 -33.490000000000009 0.34500000000000008 0.38399999999999995 -0.081771827934374874 3.0226666666666655
decision_type=2 2 2 2 2 2 2 10 10 10 2 2 10 2 10 10 2 8 10 2 2 2 2 2 2 10 2 10 10 8
left_child=29 20 3 5 13 19 7 8 10 11 17 18 -12 14 15 16 -4 -7 28 -3 21 26 23 -20 25 -24 -2 -28 -9 -1
right_child=1 2 4 -5 -6 6 -8 9 -10 -11 12 -13 -14 -15 -16 -17 -18 -19 22 -21 -22 -23 24 -25 -26 -27 27 -29 -30 -31
leaf_value=-0.0049552708168623741 -0.38237750321626662 -0.1411300378620769 -1.6316895116050292 1.3130371942912065 0.019691658199974049 0.71983552468377487 1.1567224812507628 0.52456639122962956 -0.017846835539103514 0.99808150334677226 0.96996701456930323 -0.21773740174937664 -0.038972796808805443 -0.057174157067722248 -0.75004251655979237 -0.12436600987437692 -0.39158124967222724 1.7571774561323374 0.058797345566413653 -1.10045269984825 -0.020981273959191998 1.240003222723802 1.0413399004411918 -0.54141719977262326 0.12393300117124686 0.27284697407525987 0.72470617733838028 0.061750244916199848 -0.45673611443414991 -0.33997992232786439
leaf_weight=104227 60 696 53 73 20006 215 55 50 374 71 69 676 182 1738 260 2546 113 51 1089 51 178 96 108 222 2638 231 258 107 249 346
leaf_count=104227 60 696 53 73 20006 215 55 50 374 71 69 676 182 1738 260 2546 113 51 1089 51 178 96 108 222 2638 231 258 107 249 346
internal_value=-6.83825e-05 0.0192136 0.0109292 0.0824085 -0.00960418 0.0696241 0.102484 0.0931692 0.33394 0.0529504 0.588424 0.0402002 0.238385 -0.13404 -0.216142 -0.164957 -0.787519 0.918724 0.0782133 -0.206626 0.396293 0.538854 0.104073 -0.0428408 0.16877 0.517677 0.380477 0.505878 -0.292639 -0.00606376
internal_weight=137088 32515 31816 7100 24716 7027 6280 6225 891 5334 517 5263 251 4710 2972 2712 166 266 4587 747 699 521 4288 1311 2977 339 425 365 299 104573
internal_count=137088 32515 31816 7100 24716 7027 6280 6225 891 5334 517 5263 251 4710 2972 2712 166 266 4587 747 699 521 4288 1311 2977 339 425 365 299 104573
is_linear=0
shrinkage=0.05


Tree=208
num_leaves=31
num_cat=0
split_feature=16 18 12 21 11 16 15 5 22 1 16 18 22 6 12 18 22 16 22 13 22 11 5 22 16 8 6 19 15 12
split_gain=6204.74 11470.4 13194.9 10064 9671.51 9651.28 8910.73 12763.7 12092.5 8159.96 7467.2 35803.4 20021.9 25205.8 31969.2 25988.7 21351 21151.5 24939.9 20187.7 19132.1 26859.5 19806.1 18491.5 32594.9 20514.6 21152 18458.6 18277.6 17878.8
threshold=174.50000000000003 210.00000000000003 -0.89194178735545504 -3.9542646888150013 73.758240056500014 131.00000000000003 73.500000000000014 150.66833333333335 -47.749999999999993 0.52533333333333221 0.1125 0.16500000000000004 -54.849999999999994 7.0212193536539065 -0.47136869107721074 2.6750000000000003 -63.249999999999993 0.19250000000000003 -62.099999999999994 0.098011308799811445 -51.289999999999992 204.19011014900005 132.6516666666667 -60.530000000000008 0.50000000000000011 72.500000000000014 26.042071671867902 1.1733333333333349 0.20500000000000004 0.96298784033749862
decision_type=2 2 2 10 2 2 2 2 10 10 2 2 10 2 2 2 8 2 10 2 10 2 2 10 2 2 2 10 2 2
left_child=1 6 5 4 -2 -3 10 8 -8 -5 -1 -12 13 14 15 28 19 -15 27 -17 21 22 -14 24 -20 26 -25 -19 -13 -16
right_child=3 2 -4 9 -6 -7 7 -9 -10 -11 11 12 20 17 29 16 -18 18 23 -21 -22 -23 -24 25 -26 -27 -28 -29 -30 -31
leaf_value=-0.0057605764305162371 0.11663101451552434 -0.46420821010002067 -0.84692112706428357 0.19939935653264287 0.94787315583564868 0.49152427718043329 -0.77167243058482804 -0.97612749215434591 0.010766469707251878 -0.50875687550563942 0.37583868161392786 -0.056833830448212455 0.11068927443522902 -0.54773628242663885 0.5454199914497283 -0.36804296723727525 -0.56151448695177064 -0.046812723046471022 1.2262547076866033 0.69718615296859665 0.004275371588663918 -1.3412610363142163 -0.36565132268497719 0.16815212767757023 0.234157305968444 0.80332209738734583 -0.54923661791712697 0.68583157712154175 0.96061091166056856 -0.33032353913027146
leaf_weight=104573 69 56 86 131 71 50 60 51 279 59 699 81 382 149 778 87 218 2526 120 91 24758 51 509 411 267 90 137 89 97 63
leaf_count=104573 69 56 86 131 71 50 60 51 279 59 699 81 382 149 778 87 218 2526 120 91 24758 51 509 411 267 90 137 89 97 63
internal_value=-2.79508e-05 -0.000550483 -0.386743 0.216519 0.53819 -0.013391 -7.5293e-06 -0.238664 -0.127718 -0.0205018 0.000675969 0.0219742 0.0139704 0.103407 0.283474 -0.00419902 -0.229763 0.0361605 0.0600617 0.17654 -0.00413961 -0.225305 -0.161429 0.269107 0.541784 0.103705 -0.0111951 -0.0218776 0.497616 0.479817
internal_weight=137088 136758 192 330 140 106 136566 390 339 190 136176 31603 30904 5204 1415 574 396 3789 3640 178 25700 942 891 1025 387 638 548 2615 178 841
internal_count=137088 136758 192 330 140 106 136566 390 339 190 136176 31603 30904 5204 1415 574 396 3789 3640 178 25700 942 891 1025 387 638 548 2615 178 841
is_linear=0
shrinkage=0.05


Tree=209
num_leaves=31
num_cat=0
split_feature=20 14 0 9 22 13 8 22 10 14 13 20 10 13 9 10 13 6 22 10 19 21 12 22 14 9 13 12 10 22
split_gain=6218.79 13929.5 28416.7 22331.1 19082.2 18763.2 20085.2 19325.9 18495.7 24242.8 17786.8 17347.9 22766.9 49301.5 25129.7 19012.3 18051 16626.7 16324.6 20894.6 15718.7 16303.3 15591.9 15562.7 26095.6 15578.2 15495.3 15747.6 15305 15236.6
threshold=1.024555271276103 2.5000000000000004 245.82000000000002 472.50000000000006 -38.909999999999982 0.13052619222005152 31.500000000000004 -60.530000000000008 79.109722222222231 1.5000000000000002 -0.69930991848440816 2.199700411570332 79.741666666666688 0.22706275313213803 192.50000000000003 74.310000000000016 -0.91959550581536675 26.903303259931374 -43.879999999999988 75.387500000000017 -1.2773333333333319 3.8108030532962691 -0.90159026428466904 9.0499999999999954 5.5000000000000009 1022.5000000000001 0.076279435988900593 -0.42261826174069955 86.444444444444471 -65.299999999999983
decision_type=8 2 2 2 10 2 2 10 8 2 2 10 8 2 2 8 2 2 8 8 8 10 2 10 2 2 2 2 10 8
left_child=-1 2 5 11 -5 6 18 -8 9 -9 -11 12 26 17 -15 -13 -17 -14 19 -2 21 -3 -20 25 -25 29 27 -4 -23 -22
right_child=1 20 3 4 -6 -7 7 8 -10 10 -12 15 13 14 -16 16 -18 -19 22 -21 23 28 -24 24 -26 -27 -28 -29 -30 -31
leaf_value=0.0043037873230520529 -0.077433221573434796 -0.76020476058656872 0.91184069029355452 0.096667881287178223 -1.0241516409141402 0.068645900841336691 0.51669191361144584 0.024792395077467076 -0.077433221573434796 1.4098215324913754 0.16753939667344095 1.039023813996464 0.073348790999034269 2.3252447040677069 0.93786400984576412 -0.54180653869060047 0.15796119946591447 0.8028708071368984 -0.4631157372983068 -0.6273687112582278 -0.26696838473717982 0.59038746142286369 -0.077433221573434796 -0.1099642614225457 0.61142831133458941 -0.39836473353856872 -0.59062386436361658 -0.29424694371223453 -0.39731172570306011 -0.036602102474002453
leaf_weight=117637 99 163 59 98 62 3300 186 271 1207 68 50 50 231 50 94 114 481 118 284 392 783 59 1527 277 229 344 71 50 117 8617
leaf_count=117637 99 163 59 98 62 3300 186 271 1207 68 50 50 231 50 94 114 481 118 284 392 783 59 1527 277 229 344 71 50 117 8617
internal_value=-2.65532e-05 -0.0262159 0.0200359 0.22016 -0.33765 -0.0200214 -0.0916674 0.0343596 -0.021852 0.285253 0.883431 0.287876 0.465462 0.641184 1.41959 0.102581 0.0238881 0.320007 -0.189226 -0.444941 -0.0649243 -0.3999 -0.119896 -0.0538456 0.216516 -0.0678853 -0.0158224 0.358589 -0.066208 -0.0557911
internal_weight=137088 19451 8862 1478 160 7384 4084 1782 1596 389 118 1318 673 493 144 645 595 349 2302 491 10589 339 1811 10250 506 9744 180 109 176 9400
internal_count=137088 19451 8862 1478 160 7384 4084 1782 1596 389 118 1318 673 493 144 645 595 349 2302 491 10589 339 1811 10250 506 9744 180 109 176 9400
is_linear=0
shrinkage=0.05


Tree=210
num_leaves=31
num_cat=0
split_feature=6 13 14 12 5 11 10 21 9 13 2 4 19 9 22 14 10 1 14 5 20 12 10 21 20 22 11 11 10 15
split_gain=6047.42 22693.5 16171 29381.7 17596.3 49861.3 22015.5 17330.4 22632.8 26781 16187.6 13069.2 12126.2 13084.2 13289.1 12608.3 15724.2 11807.4 10571.6 27999.7 36914.2 13055.9 11146.3 11889.4 10483.3 10959.1 13546.1 10166.6 20151.5 26740.1
threshold=2.7916512135657912 -0.60003553868615123 3.5000000000000004 0.52803643325367289 130.06833333333336 106.09808146953573 68.716666666666683 5.4578243330840204 1027.5000000000002 -0.91080963307804841 0.15866666666666709 2.2105806175446792 0.23466666666666647 852.50000000000011 -29.06999999999999 1.5000000000000002 75.541666666666686 0.090666666666668061 2.5000000000000004 113.83500000000001 -0.36609514935007409 0.18436924984152928 88.436666666666682 7.4917588157624744 0.11701910526653117 -66.999999999999986 84.762284964322987 104.09309995174402 81.170833333333348 54.350000000000009
decision_type=2 2 2 2 2 2 8 8 2 2 10 2 8 2 10 2 10 8 2 2 10 2 8 10 8 8 2 2 10 2
left_child=1 2 3 18 12 6 -6 8 9 10 -4 24 13 15 -15 16 -5 -10 21 22 -21 -1 -20 -24 25 26 -3 28 -2 -30
right_child=27 11 7 4 5 -7 -8 -9 17 -11 -12 -13 -14 14 -16 -17 -18 -19 19 20 -22 -23 23 -25 -26 -27 -28 -29 29 -31
leaf_value=0.099192925128397891 -0.0065393874289565966 0.07370080831192577 0.28512306483983996 -0.053549271867966944 1.061678340747243 1.7069299162729927 -0.075763361204330248 -0.12597295726157226 1.4022989394664764 -0.092923093449430949 1.242878117799759 0.084601056344190281 -0.36232947736644927 1.0846315277721545 0.084610494256019603 -0.093974349190476092 0.85757177609035318 0.31567832547426228 -0.078674753699464528 0.12444889839623392 1.5517212363902262 -0.22166613724387002 0.8053663237170241 -0.15027857110477413 0.046171003119690072 -0.042204818220433211 0.73725742535746619 -0.0238861378835954 0.07480946386715788 -0.64633704268015357
leaf_weight=1473 48718 469 375 81 63 92 131 1209 50 804 50 3794 67 99 50 189 114 50 363 97 85 404 87 52 5223 16470 92 44718 11489 130
leaf_count=1473 48718 469 375 81 63 92 131 1209 50 804 50 3794 67 99 50 189 114 50 363 97 85 404 87 52 5223 16470 92 44718 11489 130
internal_value=-1.96145e-05 0.0189984 0.106795 0.177318 0.425503 0.748246 0.293612 0.0110136 0.135631 0.0767737 0.3978 -0.00117446 0.271663 0.351358 0.749054 0.197043 0.479106 0.858989 0.0914562 0.259739 0.791032 0.0301322 0.0671184 0.447859 -0.015798 -0.0348024 0.182519 -0.00581851 0.00757207 0.0667409
internal_weight=137088 32033 5985 3447 886 286 194 2538 1329 1229 425 26048 600 533 149 384 195 100 2561 684 182 1877 502 139 22254 17031 561 105055 60337 11619
internal_count=137088 32033 5985 3447 886 286 194 2538 1329 1229 425 26048 600 533 149 384 195 100 2561 684 182 1877 502 139 22254 17031 561 105055 60337 11619
is_linear=0
shrinkage=0.05


Tree=211
num_leaves=31
num_cat=0
split_feature=20 22 10 9 21 3 12 14 12 11 13 5 22 22 21 11 11 21 10 12 4 12 22 10 9 3 0 10 11 21
split_gain=6027.14 11804.4 27585.4 21065.1 19962.7 18446.1 18095.5 18002.1 24384.6 15374.7 14712.5 21927.2 14484.5 22620.3 17776.7 15525.6 19570.1 14062.2 13791.7 17058.1 16406.3 13311.7 18865.9 12127.8 11316.6 10934.7 10876.1 13445.3 19161.1 10768.9
threshold=2.0371132148740947 -47.379999999999988 86.783333333333346 162.50000000000003 -3.6237611922306878 161.17000000000004 0.90159026428466926 3.5000000000000004 -0.53729960834682411 100.20927138250002 -0.52803643325367244 177.22000000000006 -37.309999999999988 -18.729999999999997 18.106892743157534 132.17175120000005 61.807323038578168 -0.32572178361075282 97.616666666666688 -0.66746801135786415 15.729852721031733 0.31107263240371752 -59.710000000000001 92.836666666666687 787.50000000000011 219.55000000000007 306.10000000000008 92.346666666666678 127.50979970950002 6.7638304895388979
decision_type=8 8 8 2 10 2 2 2 2 2 2 2 8 8 8 2 2 10 10 2 2 2 10 8 2 2 2 10 2 8
left_child=-1 2 3 7 -5 6 -3 8 -2 17 11 23 14 24 26 16 -15 -9 20 -20 29 -10 -23 -4 -14 -18 27 28 -7 -17
right_child=1 5 10 4 -6 12 -8 9 21 -11 -12 -13 13 15 -16 18 25 -19 19 -21 -22 22 -24 -25 -26 -27 -28 -29 -30 -31
leaf_value=0.0022196233818067958 0.25702541644724325 -0.12754676213642821 1.0300123382156545 -0.29445571926468989 -1.6471997620165348 0.26647889272472453 -0.97753790955651887 -0.23257956866857032 -1.2520921498226623 -0.42745934092416998 0.41394725160313972 -0.29503981000808305 -0.090710915206505399 0.53564432074181123 -0.59523150185788321 0.027889323453692827 0.049129580716481026 0.68758535370975737 0.58333421985068956 -0.50786021243012136 1.4858190480145543 0.059097184455149804 -1.1431891017040965 0.031444177469786477 -0.79609807456954051 -0.45498525941940521 0.74762422517528693 0.73421671439248781 -0.61803830058657028 0.978618289783316
leaf_weight=131112 71 1221 55 50 60 315 66 71 96 123 197 361 1567 159 56 68 368 100 83 63 55 73 59 68 59 152 127 104 76 53
leaf_count=131112 71 1221 55 50 60 315 66 71 96 123 197 361 1567 159 56 68 368 100 83 63 55 73 59 68 59 152 127 104 76 53
internal_value=-1.8634e-05 -0.0491255 -0.177129 -0.396832 -1.03232 -0.0105461 -0.171136 -0.278951 -0.552127 -0.00112964 0.0496727 -0.0985961 0.0519892 -0.00118751 0.258029 0.185808 0.0502053 0.305529 0.471754 0.112476 0.769791 -0.8041 -0.478288 0.477958 -0.116306 -0.0982271 0.33485 0.228946 0.0945523 0.444324
internal_weight=137088 5976 1384 703 110 4592 1287 593 299 294 681 484 3305 2627 678 1001 679 171 322 146 176 228 132 123 1626 520 622 495 391 121
internal_count=137088 5976 1384 703 110 4592 1287 593 299 294 681 484 3305 2627 678 1001 679 171 322 146 176 228 132 123 1626 520 622 495 391 121
is_linear=0
shrinkage=0.05


Tree=212
num_leaves=31
num_cat=0
split_feature=21 2 19 12 9 22 5 10 13 22 11 11 6 15 11 12 22 10 20 17 7 22 22 17 22 9 22 11 21 12
split_gain=5978.02 7623.07 15004.2 19716.1 28049.9 24273.8 36411.1 33255.3 25026.2 28167.4 57010.6 55532.4 20247.7 18059.5 17677.5 17124.9 20962.6 28092.8 23279.4 16831.6 28016.4 50486 42950.2 29500.8 22318 16757.8 16627.3 16110 20458.4 15364.9
threshold=-19.638438370846732 0.019999999999999931 -0.17333333333333092 0.25881904510252091 797.50000000000011 -11.589999999999991 145.37500000000003 70.883333333333354 -0.26932402956675622 -35.499999999999993 62.262162506580204 73.149449222464 11.24975285918676 73.500000000000014 116.16393151879311 0.44228869021900152 -13.899999999999997 68.901388888888917 0.079290475033259755 50.500000000000007 65.550000000000011 -35.57 -37.410000000000004 0.64500000000000013 -60.530000000000008 1007.5000000000001 -16.909999999999986 173.72042959681445 6.8997808012093715 0.71473537162315171
decision_type=8 8 10 2 2 10 2 10 2 8 2 2 2 2 2 2 8 10 10 2 2 8 10 2 10 2 10 2 10 2
left_child=-1 -2 -3 13 19 8 25 -8 9 10 -6 -12 14 -4 15 -11 17 -17 -19 20 23 22 24 -5 -22 -7 -21 28 -13 -18
right_child=1 2 3 4 5 6 7 -9 -10 12 11 27 -14 -15 -16 16 29 18 -20 26 21 -23 -24 -25 -26 -27 -28 -29 -30 -31
leaf_value=-0.065127355308428572 -0.0090584827808214419 -0.023198913416733337 0.066032410986865339 -0.03386297080260172 -0.040782540350914956 0.039588862526181497 0.34331819057324026 2.0832055360078812 -0.051355868834113208 -0.30563389788818862 2.3439703353246055 0.5039297036281446 -0.52092539120238024 -0.3343881435862236 -0.27754457738805327 -0.021998703516529581 0.42214027535584242 1.65151778884508 0.24187190218362958 -0.15984563559528675 1.1554325399681544 0.091331748019788536 1.7345593309788794 -0.41412555075986196 0.16623954150896028 0.95271203154545336 -0.79901082418915459 -0.15922881016135215 1.6790219505229649 1.6205130507361216
leaf_weight=3437 74037 17985 23513 11842 251 285 53 57 1993 106 60 123 131 285 188 304 54 54 64 444 78 569 81 533 212 61 132 50 53 53
leaf_count=3437 74037 17985 23513 11842 251 285 53 57 1993 106 60 123 131 285 188 304 54 54 64 444 78 569 81 533 212 61 132 50 53 53
internal_value=-1.77022e-05 0.00165667 0.0149643 0.0314519 -0.00830061 0.109451 0.452493 1.2449 0.0645522 0.219485 0.509147 0.991777 0.0564362 0.0612371 0.148337 0.274425 0.390656 0.232166 0.886964 -0.0416993 -0.0302519 0.232905 0.716619 -0.0502411 0.432298 0.200573 -0.306321 0.632788 0.857793 1.01573
internal_weight=137088 133651 59614 41629 17831 3940 456 110 3484 1491 537 286 954 23798 823 635 529 422 118 13891 13315 940 371 12375 290 346 576 226 176 107
internal_count=137088 133651 59614 41629 17831 3940 456 110 3484 1491 537 286 954 23798 823 635 529 422 118 13891 13315 940 371 12375 290 346 576 226 176 107
is_linear=0
shrinkage=0.05


Tree=213
num_leaves=31
num_cat=0
split_feature=5 20 13 22 3 13 21 8 3 5 16 14 6 13 22 11 22 22 12 13 9 8 10 21 20 2 17 22 12 7
split_gain=6051.52 11193.3 10107.6 14032.6 20097.1 41472.7 38815.7 17850.7 13566.1 12455.9 12072.2 11794.7 14579.5 31252.1 10150.7 10064.6 17424.8 27431.6 32950.7 25467.6 21468 18742.8 19834.1 16209.9 22888.3 27508.9 29602.1 25522.9 20041.2 23079.1
threshold=95.201666666666682 -1.3024052539028357 -0.61734245059638992 -32.93 75.38666666666667 -0.96863394805116465 3.1959200699189556 91.500000000000014 64.737777777777794 82.758333333333354 39.500000000000007 2.5000000000000004 9.4646042349099506 -0.97381903846659723 -78.07999999999997 121.52027564747299 -1.9200000000000228 20.330000000000005 0.6993099184844086 0.11969653353600802 27.500000000000004 75.500000000000014 93.070833333333354 -8.856961520772737 1.5417110684248796 0.64000000000000046 0.15500000000000003 -63.249999999999993 0.79989897227935891 25.250000000000004
decision_type=2 8 2 10 2 2 8 2 2 2 2 2 2 2 8 2 10 10 2 2 2 2 8 10 8 10 2 10 2 2
left_child=2 -2 3 4 5 6 -1 8 -5 -9 14 12 -6 -14 -4 23 -17 19 -19 20 -18 -22 -23 -3 25 -25 27 -27 29 -26
right_child=1 15 10 7 11 -7 -8 9 -10 -11 -12 -13 13 -15 -16 16 17 18 -20 -21 21 22 -24 24 28 26 -28 -29 -30 -31
leaf_value=0.69597456615704756 0.076448545744451535 -0.014457161502545252 0.56640060318093155 -0.45778152562101138 0.043891551224751538 0.85802438947987769 -0.94442946300094521 0.98449200745071141 -0.057247470646874354 0.14849422337931914 -0.55005985480635911 0.18063502861276784 -1.408688371103318 -0.066418079125384485 -0.076972574672682897 -0.013879051501917462 -0.64005873954464043 0.036039371626717706 1.4914642485380174 -0.65387851142831632 -0.12890063658423653 0.22310115838280314 1.3386598721742631 0.028622876968874791 -0.083070663543157619 -0.18960362821534107 -0.0080979180127456439 0.33202750027367361 -0.49768767697079214 0.22424347602635042
leaf_weight=65 4965 40114 62 239 482 236 81 62 1831 130 134 725 61 150 5483 32821 193 175 50 292 1293 52 50 37630 4849 263 1482 2164 255 699
leaf_count=65 4965 40114 62 239 482 236 81 62 1831 130 134 725 61 150 5483 32821 193 175 50 292 1293 52 50 37630 4849 263 1482 2164 255 699
internal_value=-5.289e-05 0.00285254 -0.0380364 0.0221859 0.126365 0.448255 -0.214113 -0.0607151 -0.103493 0.400481 -0.0811114 0.0396498 -0.107846 -0.454468 -0.0697789 -0.000133231 -0.022823 -0.162276 0.359467 -0.224719 -0.145806 -0.0774251 0.575103 0.00892805 0.0287429 0.0417372 0.167982 0.275501 -0.0642726 -0.0443517
internal_weight=137088 127347 9741 4062 1800 382 146 2262 2070 192 5679 1418 693 211 5545 122382 34926 2105 225 1880 1588 1395 102 87456 47342 41539 3909 2427 5803 5548
internal_count=137088 127347 9741 4062 1800 382 146 2262 2070 192 5679 1418 693 211 5545 122382 34926 2105 225 1880 1588 1395 102 87456 47342 41539 3909 2427 5803 5548
is_linear=0
shrinkage=0.05


Tree=214
num_leaves=31
num_cat=0
split_feature=16 18 10 12 21 11 1 15 5 22 16 14 22 8 10 5 13 20 18 21 12 10 5 17 9 14 11 13 15 14
split_gain=5928.75 10095.4 9508.02 14218.3 8936.42 8676.6 7338.93 7337.82 11511.7 10848.4 6845.05 23448.5 32275.9 32441.9 25574.4 19047.1 18092.1 17758.4 17138.4 19394.3 18947.3 20763 16837.9 20080.1 15942.3 13943.2 12201.2 18693.8 11254.9 34304.6
threshold=174.50000000000003 195.50000000000003 101.31000000000002 -0.90159026428466904 -3.9542646888150013 73.758240056500014 0.079999999999999488 73.500000000000014 150.66833333333335 -47.749999999999993 43.500000000000007 1.0000000180025095e-35 -36.349999999999987 82.90000000000002 85.941666666666677 133.34500000000003 -0.96863394805116465 -0.892910519457909 36.500000000000007 2.7044919661661955 -0.22706275313213778 81.877777777777794 113.00500000000001 67.500000000000014 52.500000000000007 1.5000000000000002 114.68268051800001 0.18436924984152961 36.500000000000007 1.0000000180025095e-35
decision_type=2 2 8 2 10 2 10 2 2 10 2 2 8 2 10 2 2 10 2 8 2 8 2 2 2 2 2 2 2 2
left_child=1 7 3 -3 5 -2 -6 10 9 -9 28 17 13 -13 18 -16 -15 -12 -14 -20 22 -22 -21 -24 -17 -18 -19 -28 -1 -30
right_child=4 2 -4 -5 6 -7 -8 8 -10 -11 11 12 14 16 15 24 25 26 19 20 21 -23 23 -25 -26 -27 27 -29 29 -31
leaf_value=0.0008464960028712091 0.11544497034687927 -0.13305781190089572 0.25456022939407358 -1.0740280040796253 0.34109667728105225 0.90277185657284642 -0.28541942391997183 -0.72116646252882977 -0.916962067636789 0.01993183878694384 -1.0583067983877463 -0.14746201198431663 0.99336384828052227 1.2647732576186008 -0.029906688978918662 -1.153669940380307 1.0248800858696725 -0.46045155108831132 -0.080155778524249488 0.058097897877451038 0.53898368384689099 -0.85701187809831225 0.52031283834949138 1.5828811513840177 -0.28485207219519432 0.34180271687461983 -0.22110090378279748 0.7980450458824635 0.3716385372709366 -0.18765392062687547
leaf_weight=130874 69 96 51 69 83 71 107 60 51 279 61 192 62 88 564 77 94 161 495 112 50 57 164 61 168 364 133 68 318 1989
leaf_count=130874 69 96 51 69 83 71 107 60 51 279 61 192 62 88 564 77 94 161 495 112 50 57 164 61 168 364 133 68 318 1989
internal_value=-5.87524e-05 -0.000569531 -0.342125 -0.526554 0.211617 0.514732 -0.0117308 -2.92144e-05 -0.2166 -0.111236 0.000591141 0.0756524 0.132885 0.411575 0.0192541 -0.189809 0.608159 -0.269099 0.188217 0.135055 0.374985 -0.204678 0.559033 0.808387 -0.557909 0.481998 -0.136111 0.123685 -0.00108332 -0.11056
internal_weight=137088 136758 216 165 330 140 190 136542 390 339 136152 2971 2548 738 1810 809 546 423 1001 939 444 107 337 225 245 458 362 201 133181 2307
internal_count=137088 136758 216 165 330 140 190 136542 390 339 136152 2971 2548 738 1810 809 546 423 1001 939 444 107 337 225 245 458 362 201 133181 2307
is_linear=0
shrinkage=0.05


Tree=215
num_leaves=31
num_cat=0
split_feature=20 2 12 15 22 11 20 9 21 0 9 12 19 10 13 12 22 22 5 13 22 14 5 14 0 22 9 21 18 9
split_gain=5879.53 13546.7 13714.6 15868.3 16072.6 17470.4 19256.4 14855 15704.6 17408.2 14119.3 21187.5 15300.3 13576.6 18664.2 13044.6 24039.9 39295.5 30123.7 25731.2 25192.6 21097.3 34768.1 28299.7 24609.3 20504.7 20296 16471.4 15680.4 22614
threshold=-0.33342573629608835 0.3453333333333336 -0.46174861323503386 37.400000000000013 -35.57 187.02226984500888 -0.73846953883813649 512.50000000000011 25.064146373209606 116.30000000000003 302.50000000000006 -0.68355163169896438 0.10666666666666727 82.805555555555586 -0.33172980431441507 -0.89194178735545504 -12.909999999999998 -13.899999999999997 121.77166666666668 0.14132478920498384 -28.009999999999994 4.5000000000000009 217.49500000000003 1.0000000180025095e-35 180.98000000000002 -28.249999999999993 42.500000000000007 -17.112301800895636 78.000000000000014 237.50000000000003
decision_type=8 10 2 2 8 2 10 2 8 2 2 2 10 10 2 2 10 10 2 2 8 2 2 2 2 10 2 10 2 2
left_child=1 -1 3 4 5 6 10 8 9 -6 11 -3 -12 14 -11 16 17 19 -19 20 25 23 28 24 -21 -2 -22 -25 29 -23
right_child=15 2 -4 -5 7 -7 -8 -9 -10 13 12 -13 -14 -15 -16 -17 -18 18 -20 21 26 22 -24 27 -26 -27 -28 -29 -30 -31
leaf_value=0.0057560051034593902 -0.15171054142429052 0.04242002259080227 0.013307889376519914 -0.38019922971054243 -0.025934015101886223 -0.09053286538638225 0.25799271738364765 -0.40869978174684563 -0.64279407972639258 -0.57229595910462128 0.67620856576952448 1.2865744463953319 1.6615631291021904 0.69068114967009087 0.53077710729320449 -0.00038825221291818255 -0.19824708350984432 -0.1084228353715449 1.4174446826957796 0.2085021338087541 -0.34527674774954642 0.0905126294720765 -0.65586998327059698 0.53993653590772672 1.2707955789944483 -1.0906763740515304 0.14044921997023838 -0.11187580903259842 1.1629423517237107 0.64547585640986793
leaf_weight=49886 4001 104 2077 111 350 151 367 127 55 63 87 51 72 244 98 71567 2405 53 83 405 254 438 89 102 63 59 1403 1947 60 316
leaf_count=49886 4001 104 2077 111 350 151 367 127 55 63 87 51 72 244 98 71567 2405 53 83 405 254 438 89 102 63 59 1403 1947 60 316
internal_value=-5.58148e-05 0.0128194 0.101868 0.199709 0.236097 0.396037 0.503925 0.0940793 0.17291 0.232332 0.791368 0.451787 1.12241 0.455525 0.0991398 -0.00838355 -0.0573816 -0.0208475 0.822805 -0.0334048 -0.0983022 0.0750801 0.282413 0.000697184 0.351503 -0.165356 0.0659927 -0.0794283 0.385002 0.323097
internal_weight=137088 53843 3957 1880 1769 832 681 937 810 755 314 155 159 405 161 83245 11678 9273 136 9137 5717 3420 903 2517 468 4060 1657 2049 814 754
internal_count=137088 53843 3957 1880 1769 832 681 937 810 755 314 155 159 405 161 83245 11678 9273 136 9137 5717 3420 903 2517 468 4060 1657 2049 814 754
is_linear=0
shrinkage=0.05


Tree=216
num_leaves=31
num_cat=0
split_feature=3 20 16 21 16 14 11 22 22 22 15 11 22 22 15 9 9 13 14 17 19 21 20 22 3 18 5 12 13 22
split_gain=5773.88 13780.3 12673.3 14977.3 11538.6 13576.2 11002.1 21247.9 14469.2 15545.9 10017.6 14996.6 15405.1 10108 12587.4 9728.2 32659.7 81295.4 52402.2 23434.6 20489 16222.4 14117.5 24463.1 18829.7 19010.6 13634.1 19124.2 12674.4 16476.4
threshold=103.30333333333336 -2.2023140440303934 41.500000000000007 2.7044919661661955 55.500000000000007 1.5000000000000002 100.20927138250002 -47.749999999999993 -26.570000000000004 9.6500000000000039 18.250000000000004 101.51177031018705 -39.639999999999993 -9.7599999999999962 20.625000000000004 1322.5000000000002 1232.5000000000002 -0.50938662908026078 4.5000000000000009 0.12500000000000003 -0.084222222222221879 -2.3423222183222232 -1.3024052539028357 -62.649999999999991 111.95666666666668 29.500000000000004 118.00055555555558 0.032717136199948427 -0.35222909080468495 -23.739999999999984
decision_type=2 8 2 10 2 2 2 10 10 10 2 2 10 10 2 2 2 2 2 2 10 8 10 10 2 2 2 2 2 8
left_child=2 -2 10 4 5 -4 8 -8 -5 -10 -1 12 -12 14 -13 16 22 18 21 20 -17 -18 23 24 -3 -26 27 28 29 -22
right_child=1 15 3 6 -6 -7 7 -9 9 -11 11 13 -14 -15 -16 19 17 -19 -20 -21 26 -23 -24 -25 25 -27 -28 -29 -30 -31
leaf_value=-0.021467922114635319 0.79546122437173672 0.19764454409872231 -0.8901808494677147 -0.15791108843272295 0.067649710930331994 -0.28619091972100491 0.73534275011582817 -0.3157865910093588 1.0379393748844727 -0.081887934020921302 1.1867269705235959 0.42261026446361827 0.26096406320120374 -0.40378335087195688 -0.30229653559149583 -0.22654167097776445 2.6228798742191151 -0.086984758153009947 0.11214204170463378 0.97639203656394535 0.97926243350145892 1.3739422729382149 0.0027244150933167267 0.20214022771962661 -0.21369467483640744 -1.5440887093842031 -0.084972200781232174 -0.04742431085068758 0.11656491672043252 0.12030701943389749
leaf_weight=18347 55 76 150 123 108 245 55 382 79 51 60 165 179 115 94 1564 52 272 57 53 142 52 110147 1670 58 50 1785 584 226 92
leaf_count=18347 55 76 150 123 108 245 55 382 79 51 60 165 179 115 94 1564 52 272 57 53 142 52 110147 1670 58 50 1785 584 226 92
internal_value=-5.30242e-05 0.0042069 -0.0247706 -0.182839 -0.390333 -0.515554 -0.0315779 -0.183493 0.230822 0.598623 -0.0148247 0.184006 0.493373 -0.0136906 0.159517 0.00383456 0.00670304 0.440109 1.3306 -0.0687059 -0.0813146 1.99841 0.00502748 0.141854 -0.405314 -0.829618 -0.00102651 0.142501 0.383624 0.641553
internal_weight=137088 116935 20153 1193 503 395 690 437 253 130 18960 613 239 374 259 116880 112434 433 161 4446 4393 104 112001 1854 184 108 2829 1044 460 234
internal_count=137088 116935 20153 1193 503 395 690 437 253 130 18960 613 239 374 259 116880 112434 433 161 4446 4393 104 112001 1854 184 108 2829 1044 460 234
is_linear=0
shrinkage=0.05


Tree=217
num_leaves=31
num_cat=0
split_feature=2 18 13 22 9 14 6 12 14 1 13 10 21 22 11 2 11 9 22 3 9 10 19 0 9 9 13 10 22 20
split_gain=5808.52 25800 29022.1 18924.2 11872.6 11445.4 15798.9 12827 10115 10106.6 26241.5 12622.8 17074.4 12824.8 14882.9 14849.6 11516 11415.7 13194.3 11363.1 11619.5 9880.32 14625.7 9654.17 9635.06 13486.8 12514.9 10233.2 9095.5 8911.56
threshold=-1.5959999999999994 62.500000000000007 0.3007057995042734 2.6600000000000059 177.50000000000003 3.5000000000000004 46.763647405331788 0.76604444311897824 4.5000000000000009 -1.154666666666665 0.34202014332566844 71.601388888888906 5.3344215629162202 -41.189999999999976 75.497950365000023 -1.092666666666666 82.540250612500017 352.50000000000006 -63.699999999999996 141.87000000000003 17.500000000000004 81.877777777777794 0.76799999999999946 150.21333333333334 1002.5000000000001 137.50000000000003 -0.96863394805116465 102.78333333333335 -43.000000000000007 -0.76030805847135208
decision_type=8 2 2 10 2 2 2 2 2 8 2 8 8 10 2 8 2 2 10 2 2 8 10 2 2 2 2 8 10 10
left_child=1 2 3 5 -5 6 24 21 -4 10 11 29 13 15 -15 16 -13 18 -12 -14 -21 -7 23 -23 25 26 -1 28 -27 -2
right_child=9 -3 8 4 -6 7 -8 -9 -10 -11 17 12 19 14 -16 -17 -18 -19 -20 20 -22 22 -24 -25 -26 27 -28 -29 -30 -31
leaf_value=-0.64548547032754877 0.70476985771728806 0.54157861308618027 0.45067539676370849 -0.28886472181313566 -1.1765347507935535 0.38707355635373725 -1.1076182289557024 -0.70440537398060166 -0.12802144558065467 -0.001723453729223585 -0.37870359864439174 -1.2481097155520995 -0.11246205486048895 0.40392101855086004 -0.14330324786615603 -0.14170361264245357 -0.45078734821817346 0.38658177247072789 0.18127650423152777 0.74706879543761417 0.096508289596802577 0.04839662601284328 0.51029661705439122 -0.49089027738039637 0.41358231747591945 -0.91704204142555712 0.1421213050153764 0.028881009229059729 -0.3796061876718656 0.13653263140117541
leaf_weight=64 86 154 251 72 79 168 55 60 108 128886 116 62 731 149 748 328 168 658 1129 72 1469 168 87 164 54 129 238 84 202 349
leaf_count=64 86 154 251 72 79 168 55 60 108 128886 116 62 731 149 748 328 168 658 1129 72 1469 168 87 164 54 129 238 84 202 349
internal_value=-5.0373e-05 -0.0818383 -0.130253 -0.220188 -0.753275 -0.16554 -0.288892 -0.0080611 0.276583 0.00124477 0.0643218 -0.00600444 -0.0357528 -0.169485 -0.0524042 -0.357695 -0.665718 0.218131 0.129102 0.0498899 0.126904 0.0631155 -0.066777 -0.217998 -0.230487 -0.278995 -0.0247887 -0.463983 -0.58906 0.248874
internal_weight=137088 2137 1983 1624 151 1473 826 647 359 134951 6065 4162 3727 1455 897 558 230 1903 1245 2272 1541 587 419 332 771 717 302 415 331 435
internal_count=137088 2137 1983 1624 151 1473 826 647 359 134951 6065 4162 3727 1455 897 558 230 1903 1245 2272 1541 587 419 332 771 717 302 415 331 435
is_linear=0
shrinkage=0.05


Tree=218
num_leaves=31
num_cat=0
split_feature=6 13 20 22 9 22 10 6 9 8 18 22 21 22 13 22 19 12 1 22 21 9 12 21 11 0 10 20 5 22
split_gain=5669.7 19734.2 15021.9 23279.3 26332.4 36048.9 31419.8 30269.8 17465.2 13859.4 16064.6 24325.9 13483.4 16432.4 15850.5 14709.3 12609.6 12129.6 10903.7 10546.4 16250.2 11580.3 10380.2 11421.5 25523.2 39239.7 11733.3 10349.4 24701.5 18887.6
threshold=2.7916512135657912 -0.61734245059638992 -0.60852054302596059 -61.550000000000004 337.50000000000006 -23.739999999999984 81.741666666666688 1.8061578171948816 577.50000000000011 40.250000000000007 50.500000000000007 -6.7199999999999944 8.3887896825396826 -62.099999999999994 -0.97381903846659723 -6.5399999999999983 0.53866666666666596 -0.098011308799811112 -0.079999999999999696 -39.499999999999986 -3.7364083274752953 797.50000000000011 -0.22706275313213778 7.0507854914260131 167.25433606200002 127.7 66.250000000000014 -1.7752876166739306 92.186666666666682 -36.069999999999993
decision_type=2 2 10 8 2 8 10 2 2 2 2 10 10 8 2 10 8 2 8 10 10 2 2 10 2 2 8 10 2 10
left_child=1 2 12 -4 9 6 19 -8 -7 -5 11 -11 13 17 15 18 22 -1 -15 20 -6 -21 23 24 26 -26 -3 -28 29 -29
right_child=-2 16 3 4 5 8 7 -9 -10 10 -12 -13 -14 14 -16 -17 -18 -19 -20 21 -22 -23 -24 -25 25 -27 27 28 -30 -31
leaf_value=1.2247301266743589 -0.0056627385632579096 -0.11866236384251105 -0.71011678080473628 -0.0095713664765508851 1.4399859577931207 0.98812542656120272 2.0294611922005816 0.599206725559006 0.033025543909022202 1.0162241781590049 0.16033490218373345 0.16033490218373345 -0.15478700343763252 -0.046917012091967969 -0.036635153793906569 -0.43649493042432086 0.59074275417460331 0.23886697147137081 0.43403044237766369 -0.10425631062941508 0.23467784325281779 0.58747533136292507 -0.018548088123873995 -0.069425420931573945 0.19578791687381455 1.5108215247304777 -0.21056890317083649 1.1197500465255157 0.084745915537226935 0.26812879449480936
leaf_weight=52 105055 711 70 1119 58 53 75 73 494 154 174 82 764 154 1523 71 90 78 502 111 54 133 20552 1334 208 78 240 102 2744 180
leaf_count=52 105055 711 70 1119 58 53 75 73 494 154 174 82 764 154 1523 71 90 78 502 111 54 133 20552 1334 208 78 240 102 2744 180
internal_value=-4.78543e-05 0.0183666 0.101882 0.189574 0.213984 0.406651 0.711717 1.324 0.125567 0.0815491 0.330241 0.629726 0.0279682 0.0866341 0.055054 0.247135 -7.48505e-05 0.633212 0.321125 0.457173 0.858855 0.272794 -0.00210833 0.0582579 0.0982132 0.554433 0.0654048 0.105476 0.130542 0.576162
internal_weight=137088 32033 5794 2650 2580 1051 504 148 547 1529 410 236 3144 2380 2250 727 26239 130 656 356 112 244 26149 5597 4263 286 3977 3266 3026 282
internal_count=137088 32033 5794 2650 2580 1051 504 148 547 1529 410 236 3144 2380 2250 727 26239 130 656 356 112 244 26149 5597 4263 286 3977 3266 3026 282
is_linear=0
shrinkage=0.05


Tree=219
num_leaves=31
num_cat=0
split_feature=22 9 11 17 12 12 15 17 22 8 17 22 14 12 0 14 22 22 2 14 9 16 5 19 7 5 14 17 13 22
split_gain=5624.1 22605.2 21426.8 13428.4 15875.9 12758 12308.5 17154.4 34782.4 20263.7 17270 15855.8 26788.8 28688.8 16939.3 43310.6 16091.2 14458.1 23797.9 16324.9 27362.4 14515.5 35314.8 17466.1 15180 31669.5 24074.4 28298.6 19809.9 15075.9
threshold=-43.000000000000007 12.500000000000002 207.09767013700002 6.5000000000000009 0.39271506111191362 0.71473537162315171 13.437500000000002 7.6000000000000005 -35.499999999999993 37.500000000000007 19.600000000000005 -36.839999999999982 4.5000000000000009 -0.15212338618991697 192.86000000000004 1.0000000180025095e-35 -37.410000000000004 -41.969999999999978 -0.33333333333333304 4.5000000000000009 227.50000000000003 34.750000000000007 143.3416666666667 0.76799999999999946 65.550000000000011 174.9677777777778 3.5000000000000004 65.500000000000014 -0.98279651670771917 -27.359999999999999
decision_type=8 2 2 2 2 2 2 2 10 2 2 10 2 2 2 2 8 8 10 2 2 2 2 10 2 2 2 2 2 10
left_child=1 2 3 -1 -5 -6 17 8 -8 -10 -9 12 -12 -14 -13 -16 -15 18 19 -2 -21 24 -23 29 -19 28 27 -27 -26 -24
right_child=6 -3 -4 4 5 -7 7 10 9 -11 11 14 13 16 15 -17 -18 21 -20 20 -22 22 23 -25 25 26 -28 -29 -30 -31
leaf_value=0.58168130567304588 1.1788610401832396 -0.024834717740418465 -0.75935939797815299 -0.0010952026912072245 1.221963204652071 0.29971977765361468 -0.71877627323071169 -0.28498711431229307 -0.11815034692486129 0.97778689016548681 -0.0058061621670143782 -0.061037789493201822 0.09351019563331997 0.55799045022261351 0.70058338834787726 -0.7679283921458947 1.7257494923927017 0.0019699358359108999 0.057109362200907114 -0.33515247119389274 1.1016865276296934 -0.028870421629638245 0.15150233960542969 0.99079555215035708 0.77578218983541625 1.0110000783906263 1.2025321465982288 0.074064139943029697 0.074064139943029697 0.53222382838390148
leaf_weight=257 90 32842 53 473 50 150 60 848 60 142 973 4295 146 59 64 233 59 90373 623 74 60 1869 923 87 101 85 114 63 1500 362
leaf_count=257 90 32842 53 473 50 150 60 848 60 142 973 4295 146 59 64 233 59 90373 623 74 60 1869 923 87 101 85 114 63 1500 362
internal_value=-6.81278e-05 -0.0177631 0.218499 0.274226 0.156817 0.530281 0.00572807 -0.058588 0.338283 0.652261 -0.0741609 -0.0434901 0.115395 0.562095 -0.0862908 -0.451481 1.14187 0.0103613 0.216029 0.658024 0.308208 0.00853676 0.11254 0.305176 0.00488228 0.146158 0.656428 0.235781 0.0740641 0.258756
internal_weight=137088 33825 983 930 673 200 103263 6939 262 202 6677 5829 1237 264 4592 297 118 96324 847 224 134 95477 3241 1372 92236 1863 262 148 1601 1285
internal_count=137088 33825 983 930 673 200 103263 6939 262 202 6677 5829 1237 264 4592 297 118 96324 847 224 134 95477 3241 1372 92236 1863 262 148 1601 1285
is_linear=0
shrinkage=0.05


Tree=220
num_leaves=31
num_cat=0
split_feature=20 12 2 12 9 11 22 22 18 22 10 18 4 19 3 21 9 22 22 22 14 22 13 22 21 13 9 12 5 10
split_gain=5531.3 15948.3 15008.6 28366.9 17276.6 14866.6 14382.1 44692.3 21647 14766.8 18403.5 14565.6 13958.4 12914.7 12897.1 12530.8 11917.6 11614.1 29241.3 23977.4 41426.9 71852.9 44540.9 25048.6 34253.4 24447.1 22667.4 25323.2 25662 23395.6
threshold=-0.12138028280788692 -0.98658463173998423 0.64000000000000046 -0.57357643635104605 437.50000000000006 95.810359776000013 -23.949999999999999 -22.969999999999995 1.0700000000000003 -36.249999999999993 83.470833333333346 0.6100000000000001 18.655514287559061 0.35999999999999982 125.73666666666669 3.8108030532962691 27.500000000000004 -43.509999999999984 -59.47999999999999 -62.649999999999991 5.5000000000000009 -61.550000000000004 -0.9927505997980649 -68.739999999999981 14.144087964688788 -0.91080963307804841 692.50000000000011 0.66746801135786471 162.44500000000002 90.083333333333343
decision_type=8 2 10 2 2 2 8 8 2 10 10 2 2 10 2 10 2 8 10 10 2 10 2 10 8 2 2 2 2 8
left_child=2 6 -1 4 -4 -6 8 -8 11 10 -10 12 15 -5 -3 -2 -9 18 19 23 22 -22 -21 -16 -25 -24 27 29 -29 -27
right_child=1 14 3 13 5 -7 7 16 9 -11 -12 -13 -14 -15 17 -17 -18 -19 -20 20 21 -23 25 24 -26 26 -28 28 -30 -31
leaf_value=0.0060100810586294932 -0.36918819551798387 -0.044172525423000673 0.2569193875866817 -0.11188145058034793 1.1882314941641832 0.19085235462106509 1.1685483319849908 -0.45981623381144882 -0.1413945498061929 -0.22524880752006543 0.50845268785953524 -0.99006452216551866 -1.0209445261564412 0.30857478750981077 0.053534824612576665 -0.019239144959491701 0.004125000213404029 0.02174202462508611 -0.13258586554444643 1.4458070671763914 2.2906897700944189 0.32284452148755016 -0.52276797496421001 -0.26037508909220314 0.26350999263880764 0.046772136273786208 -0.73351322691645715 0.29759712947055328 -0.64830052916129888 0.50616496672817302
leaf_weight=66633 716 15735 642 832 105 58 79 161 207 381 230 78 61 234 3587 398 987 37191 4688 58 59 217 175 1703 382 607 77 121 176 510
leaf_count=66633 716 15735 642 832 105 58 79 161 207 381 230 78 61 234 3587 398 987 37191 4688 58 59 217 175 1703 382 607 77 121 176 510
internal_value=-0.000117551 -0.0101552 0.00993178 0.149598 0.373635 0.833336 -0.117431 0.0182203 -0.1978 0.00226852 0.20063 -0.328411 -0.284488 -0.0195862 -0.00473601 -0.244162 -0.0609399 0.00778712 -0.0342029 0.0259143 0.174772 0.743507 0.083721 -0.0265741 -0.164392 0.0363015 0.10192 0.147414 -0.262935 0.256522
internal_weight=137088 68584 68504 1871 805 163 3298 1227 2071 818 437 1253 1175 1066 65286 1114 1148 49551 12360 7672 2000 276 1724 5672 2085 1666 1491 1414 297 1117
internal_count=137088 68584 68504 1871 805 163 3298 1227 2071 818 437 1253 1175 1066 65286 1114 1148 49551 12360 7672 2000 276 1724 5672 2085 1666 1491 1414 297 1117
is_linear=0
shrinkage=0.05


Tree=221
num_leaves=31
num_cat=0
split_feature=20 0 22 9 16 18 18 11 21 10 6 21 0 0 2 10 11 18 5 22 0 14 22 19 19 22 3 21 10 18
split_gain=5476.68 13029.9 10984.5 24145.5 13035.8 13641.4 15537.8 15682.8 13334.8 9282.36 12037 8528.71 8390.92 7988.54 6903.49 24154.9 24732.1 26281.8 29530.9 32120.9 18319.2 17311.5 16320.4 13651.3 13312.4 12910.2 11898.8 11454 10133.3 13989.5
threshold=3.0268657566268105 335.52000000000004 -26.570000000000004 147.50000000000003 41.500000000000007 43.500000000000007 21.500000000000004 100.79178984150001 -4.9096938853079584 97.316666666666691 25.301081297335561 2.8253041979949818 245.82000000000002 228.90000000000003 1.186666666666667 64.779166666666683 79.859723976000012 46.500000000000007 143.3416666666667 -34.679999999999986 228.90000000000003 3.5000000000000004 7.0999999999999988 -0.49866666666666654 -1.2773333333333319 -33.490000000000009 131.24333333333337 5.9779716223845236 94.27500000000002 93.375000000000014
decision_type=10 2 8 2 2 2 2 2 10 8 2 10 2 2 10 10 2 2 2 10 2 2 10 10 10 8 2 10 10 2
left_child=14 2 3 4 5 6 8 -8 -2 10 -4 -10 -12 -6 -1 25 17 18 23 20 -20 -21 24 -17 27 -16 -25 -18 29 -26
right_child=1 -3 9 -5 13 -7 7 -9 11 -11 12 -13 -14 -15 15 16 22 -19 19 21 -22 -23 -24 26 28 -27 -28 -29 -30 -31
leaf_value=-0.001375168055185368 0.39060351709051738 0.24673550692964194 -0.11088876644569812 -1.1826370796736549 -0.2996942686205058 -0.80677928258072251 0.79877650362253194 -0.10578631867209208 -0.81874557105933921 -0.51147994035029709 0.16392082160519017 -0.1310347779809187 0.85216562803233831 -1.0228097117609447 -0.030168129013557185 -0.36630779927248486 -0.65859049130884706 -0.36346937669613572 0.87308672138800236 1.7830022797474396 -0.21056731583980415 0.68575154112936076 -0.44629373668883904 -0.025798993964532491 0.061078991420064468 -0.45366827553503591 0.66913218951589482 0.056602561428126967 0.24319460892545092 -0.72992106027770465
leaf_weight=129818 63 242 360 68 97 55 100 92 85 79 155 96 62 63 418 91 114 108 78 92 78 59 161 114 2889 316 134 110 834 57
leaf_count=129818 63 242 360 68 97 55 100 92 85 79 155 96 62 63 418 91 114 108 78 92 78 59 161 114 2889 316 134 110 834 57
internal_value=-0.000111674 -0.0915855 -0.15113 -0.286118 -0.192473 -0.06475 0.0288546 0.36534 -0.235921 -0.00317816 0.066416 -0.453993 0.360562 -0.584421 0.00098017 0.0550692 0.094994 0.358496 0.479196 0.834437 0.33126 1.35428 0.0472916 0.157489 0.0671386 -0.212492 0.349688 -0.30738 0.0893323 0.0457745
internal_weight=137088 1617 1375 719 651 491 436 192 244 656 577 181 217 160 135471 5653 4919 754 646 307 156 151 4165 339 4004 734 248 224 3780 2946
internal_count=137088 1617 1375 719 651 491 436 192 244 656 577 181 217 160 135471 5653 4919 754 646 307 156 151 4165 339 4004 734 248 224 3780 2946
is_linear=0
shrinkage=0.05


Tree=222
num_leaves=31
num_cat=0
split_feature=16 18 0 21 15 10 12 15 5 22 22 11 16 18 22 6 12 18 22 13 16 13 16 2 10 21 22 11 10 0
split_gain=5476.12 9084.21 8591.44 10217.1 9333.44 8285.4 12983.7 6062.44 10214.6 9394.39 6713.55 7345.52 6222.7 32257.9 18469.4 21666.1 26388.9 22135.6 20790.6 22698.7 19007.1 22760.4 30127.4 26296.8 25322.5 25487.3 36063.4 23581.1 51009.5 18199.4
threshold=174.50000000000003 195.50000000000003 222.62000000000003 -1.1267507971106949 190.50000000000003 101.31000000000002 -0.90159026428466904 73.500000000000014 150.66833333333335 -47.749999999999993 -27.800000000000001 116.88900124550294 0.1125 0.16500000000000004 -54.849999999999994 7.0212193536539065 -0.47136869107721074 2.6750000000000003 -63.249999999999993 0.098011308799811445 0.19250000000000003 0.87137607974597331 9.8750000000000018 0.62244444444444402 74.310000000000016 14.144087964688788 -75.070000000000007 93.262063682079287 74.503333333333345 155.22000000000003
decision_type=2 2 2 10 2 8 2 2 2 10 10 2 2 2 10 2 2 2 8 2 2 2 2 10 8 8 8 2 10 2
left_child=1 7 3 -2 -5 6 -3 12 9 -9 11 -11 -1 -14 15 16 17 -15 19 -19 -17 22 27 24 -24 -26 -27 -22 -29 -28
right_child=2 5 -4 4 -6 -7 -8 8 -10 10 -12 -13 13 14 -16 20 -18 18 -20 -21 21 -23 23 -25 25 26 29 28 -30 -31
leaf_value=-0.005394605471638933 0.67092870859826204 -0.12073601451702416 -0.27535733223879993 0.36354650962388235 -0.49395133362096905 0.23240623523061182 -1.0199238000788551 -0.66527112784485032 -0.85666140586722139 -0.17027296863104169 -0.42516972837038342 0.41822908948486054 0.35581469027003032 0.46404303035207017 -0.005032185035013733 -0.51747326094082147 0.44356500769253293 -0.36244765866076811 -0.53286503056030077 0.7898628946925913 0.66567311382945915 -0.4815027318003342 0.47894812757554261 0.16781160701359588 -0.40624770197143412 -0.50821199768355918 0.029424542491718875 -1.2818983922402065 0.28173556409363637 0.90035515675076949
leaf_weight=104573 122 96 73 84 51 51 69 60 51 95 64 120 699 178 25700 149 841 87 218 84 329 185 138 1143 763 154 118 57 614 122
leaf_count=104573 122 96 73 84 51 51 69 60 51 95 64 120 699 178 25700 149 841 87 218 84 329 185 138 1143 763 154 118 57 614 122
internal_value=-0.00010609 -0.000596984 0.203329 0.339298 0.0396029 -0.324596 -0.49676 -8.44401e-05 -0.196937 -0.0976861 0.0243753 0.158193 0.000479432 0.0199311 0.0123281 0.0984592 0.26583 0.00220568 -0.209123 0.2036 0.0359835 0.058745 0.0878159 -0.00697814 -0.161252 -0.237611 0.0889614 0.318924 0.148908 0.472148
internal_weight=137088 136758 330 257 135 216 165 136542 390 339 279 215 136152 31579 30880 5180 1408 567 389 171 3772 3623 3438 2438 1295 1157 394 1000 671 240
internal_count=137088 136758 330 257 135 216 165 136542 390 339 279 215 136152 31579 30880 5180 1408 567 389 171 3772 3623 3438 2438 1295 1157 394 1000 671 240
is_linear=0
shrinkage=0.05


Tree=223
num_leaves=31
num_cat=0
split_feature=20 2 15 3 22 5 10 22 10 19 14 0 22 5 22 12 8 0 12 12 10 6 21 22 10 22 4 22 0 2
split_gain=5553.26 15135.8 15149 13735.4 18117.8 18041.2 16246.2 20715.8 17122.5 13161 12853.8 26983.4 20490.6 18544.7 16388.5 16449.9 19177.1 16260.2 15034 22186.3 39946.4 25306.6 24511.8 23538.8 23374.2 21607.3 19149.3 20918.9 30827.6 18192
threshold=0.73215004873171041 1.5666666666666667 7.9000000000000012 226.17000000000002 -69.469999999999985 241.53 81.010000000000034 -43.509999999999984 93.805555555555586 1.0706666666666662 2.5000000000000004 245.82000000000002 -44.499999999999993 208.80166666666668 -35.499999999999993 -0.55557023301960229 117.50000000000001 128.41333333333338 0.4126824757997184 0.88186879444286481 105.88333333333334 12.969235158582876 8.3887896825396826 -16.909999999999986 79.508333333333354 -22.109999999999992 9.5318357797858138 -53.689999999999991 288.90000000000003 -1.092666666666666
decision_type=8 10 2 2 8 2 8 8 8 10 2 2 8 2 10 2 2 2 2 2 8 2 8 10 10 10 2 10 2 10
left_child=1 3 -3 9 -5 6 -6 -8 -9 -1 11 12 17 14 -14 -16 -17 -2 -12 22 21 -21 24 -23 -20 26 -26 28 -28 -24
right_child=10 2 -4 4 5 -7 7 8 -10 -11 18 -13 13 -15 15 16 -18 -19 19 20 -22 23 29 -25 25 -27 27 -29 -30 -31
leaf_value=-8.4008104678500852e-05 -1.0322175564719183 0.43298170035294742 -0.11163479618212963 0.52562162532307555 -0.049158914106156304 -0.13373808274602156 -0.1569327764553092 1.5122446811374497 0.45052391575692702 0.17655024760059235 -0.024051424544000902 0.20552342667859411 0.17960620865154531 -0.26075745700499531 -0.11129173240048294 0.050284877399736264 0.98212460566844273 -0.1286139153219211 -0.14382923195893457 -0.073433560327656813 -1.0104829885590245 0.29804775903553321 0.58541360468688342 1.2930782368270364 -0.6720798659442675 -1.0110706538215959 1.0127396176774781 -0.4518477417604656 -0.51358573786143602 -0.092440761261391516
leaf_weight=107814 51 398 188 279 167 502 63 68 86 1065 10978 1646 1712 537 2037 3928 56 2092 834 310 71 216 110 82 303 176 77 196 58 988
leaf_count=107814 51 398 188 279 167 502 63 68 86 1065 10978 1646 1712 537 2037 3928 56 2092 834 310 71 216 110 82 303 176 77 196 58 988
internal_value=-0.000100785 0.00482059 0.258258 0.00347099 0.174243 0.0635947 0.321566 0.606871 0.919336 0.00164374 -0.0206787 0.0174031 -0.0123334 0.0233707 0.0431013 0.00428778 0.063383 -0.150118 -0.0525718 -0.144094 0.111785 0.242839 -0.207457 0.571848 -0.32963 -0.520936 -0.384873 -0.121961 0.356985 -0.0245319
internal_weight=137088 110630 586 110044 1165 886 384 217 154 108879 26458 12059 10413 8270 7733 6021 3984 2143 14399 3421 679 608 2742 298 1644 810 634 331 135 1098
internal_count=137088 110630 586 110044 1165 886 384 217 154 108879 26458 12059 10413 8270 7733 6021 3984 2143 14399 3421 679 608 2742 298 1644 810 634 331 135 1098
is_linear=0
shrinkage=0.05


Tree=224
num_leaves=31
num_cat=0
split_feature=11 22 9 20 12 3 11 22 22 22 9 18 17 22 22 20 13 21 5 6 14 22 22 3 9 14 12 12 22 9
split_gain=5444.84 22017.7 18086.9 27969.1 15131 19575.4 27578.2 17762.1 14497.1 24799.2 44805.1 14633 18123.7 13353.5 16513.8 13299.8 18717.4 12648.2 20422.3 17745.6 18816 11454.3 24208.3 20682.1 18446 16497.9 55239.9 15639.2 11395.9 12715.2
threshold=162.48812430800004 -38.179999999999986 847.50000000000011 -0.39074462483889721 -0.08715574274765768 239.47000000000006 178.95372528020729 -6.7199999999999944 -13.899999999999997 -13.06 472.50000000000006 65.500000000000014 45.800000000000004 -12.580000000000011 -9.7599999999999962 -1.4411273332751289 -0.18436924984152966 21.162526170772797 152.59833333333336 5.7407633322006175 4.5000000000000009 -28.204999999999995 -31.059999999999999 142.30333333333337 512.50000000000011 1.0000000180025095e-35 0.86046863722869271 0.31107263240371752 -26.969999999999992 32.500000000000007
decision_type=2 8 2 10 2 2 2 8 10 10 2 2 2 10 10 10 2 10 2 2 2 8 10 2 2 2 2 2 8 2
left_child=-1 2 15 -4 7 21 -7 8 11 10 -10 12 -3 -11 -15 16 -2 -17 -19 -20 -21 22 25 24 -24 26 -6 -25 29 -23
right_child=1 4 3 -5 5 6 -8 -9 9 13 -12 -13 -14 14 -16 17 -18 18 19 20 -22 28 23 27 -26 -27 -28 -29 -30 -31
leaf_value=0.004159573385309645 0.022852146845284128 0.063614587606009132 0.97098851206990866 -0.22364317115509147 -0.018549853641260824 0.1426319902322509 -1.3733428913648382 -0.12008622561729779 1.2176002967548936 -0.51103965060909595 -0.34082118081512736 -0.1935717566068319 0.8505747205300912 0.5665103930760832 0.02418303105151022 -0.17808166343662632 1.0288790413966546 -0.21885258592179008 0.95276886784024062 0.27935493065735456 -0.65424871992606393 1.0228536329269411 -0.3490772057739257 0.084353572422382894 0.41005299583487559 -0.087150046964298677 1.7475972084565599 -0.88499085366462182 -0.012040656851680032 0.168237133097275
leaf_weight=115944 417 6455 97 99 227 55 66 1349 148 75 67 561 74 204 450 4413 52 431 77 318 65 50 301 51 109 1693 55 226 2623 336
leaf_count=115944 417 6455 97 99 227 55 66 1349 148 75 67 561 74 204 450 4413 52 431 77 318 65 50 301 51 109 1693 55 226 2623 336
internal_value=-9.57463e-05 -0.02343 -0.104783 0.367578 0.00856991 -0.0549773 -0.684263 0.0477968 0.0759862 0.260055 0.731953 0.0514783 0.072534 0.120881 0.193349 -0.120821 0.134395 -0.143388 0.0284472 0.260156 0.12091 -0.0415505 -0.1171 -0.372755 -0.14726 -0.0281711 0.325911 -0.706519 0.0252867 0.278939
internal_weight=137088 21144 5969 196 15175 5792 121 9383 8034 944 215 7090 6529 729 654 5773 469 5304 891 460 383 5671 2662 687 410 1975 282 277 3009 386
internal_count=137088 21144 5969 196 15175 5792 121 9383 8034 944 215 7090 6529 729 654 5773 469 5304 891 460 383 5671 2662 687 410 1975 282 277 3009 386
is_linear=0
shrinkage=0.05


Tree=225
num_leaves=31
num_cat=0
split_feature=5 20 11 22 22 6 22 11 22 22 22 16 3 12 0 20 13 13 10 0 8 13 22 9 21 22 12 19 6 9
split_gain=5376.11 9273.3 9216.48 15786.6 35717.9 29668.4 27133 27867.1 29213.6 24395.4 56184.1 33973.6 56249.5 24395.3 23345.1 29597.3 22767 24923.5 22795.4 21371.1 21198.3 21175 20098 48049.3 36372.7 31298.7 23514.3 20008.1 19267.7 19080.1
threshold=95.201666666666682 -1.3024052539028357 121.52027564747299 -86.980000000000018 -79.379999999999981 4.1125484246565991 -59.710000000000001 185.06357079700001 -61.299999999999997 -62.099999999999994 -62.649999999999991 13.937500000000002 187.50666666666669 -0.89194178735545504 103.04666666666668 -0.38256073648472816 -0.98658463173998423 -0.77296446310592981 90.873333333333349 129.40666666666669 56.70000000000001 0.18436924984152961 -38.909999999999982 662.50000000000011 13.886402384123359 -55.440000000000005 0.93585024503435366 0.63466666666666616 7.6966340536626054 942.50000000000011
decision_type=2 8 2 8 8 2 10 2 10 10 10 2 2 2 2 10 2 2 10 2 2 2 10 2 10 10 2 10 2 2
left_child=-1 -2 -3 -4 5 -5 7 8 9 10 14 12 -12 -10 -6 19 -17 27 -19 21 -7 -16 23 -8 25 -25 28 -18 -27 -9
right_child=1 2 3 4 6 20 22 29 13 -11 11 -13 -14 -15 15 16 17 18 -20 -21 -22 -23 -24 24 -26 26 -28 -29 -30 -31
leaf_value=-0.035892098190662268 0.069634768426957469 0.0086009659825347414 0.54137597980518493 0.3884134228300789 -0.50537071302533154 -0.86509435723046613 -0.16636393372616121 -0.12971062088029087 -0.2731508822417727 -0.34559657795910254 2.7981199733339825 0.062992379945867205 0.46110647887575862 0.94770039270321527 0.11191005515973561 -0.6412854541160844 0.27843148918988198 0.064146903142951933 -0.65221413936879902 1.02919082791157 -0.15103321780102799 1.0357048920904979 -0.014633873226762108 -0.40580622231518781 1.6444286076426509 1.1285860934475467 -0.41347803696287128 1.2751075235067 0.14410084410558774 0.59103074109162945
leaf_weight=9741 4965 87456 124 92 136 278 4931 1267 51 228 52 51 51 207 303 110 382 626 135 137 166 78 24913 135 50 134 53 58 79 99
leaf_count=9741 4965 87456 124 92 136 278 4931 1267 51 228 52 51 51 207 303 110 382 626 135 137 166 78 24913 135 50 134 53 58 79 99
internal_value=-9.0959e-05 0.00264753 -7.01172e-05 -0.0217828 -0.0237894 -0.428794 -0.0174542 0.105438 0.201353 0.145837 0.198715 1.11838 1.64096 0.706369 0.126639 0.173633 0.0472027 0.110262 -0.0629342 0.493616 -0.598126 0.301033 -0.0335625 -0.121182 0.372811 0.214255 0.528948 0.409812 0.763448 -0.0774753
internal_weight=137088 127347 122382 34926 34802 536 34266 3971 2605 2347 2119 154 103 258 1965 1829 1311 1201 761 518 444 381 30295 5382 451 401 266 440 213 1366
internal_count=137088 127347 122382 34926 34802 536 34266 3971 2605 2347 2119 154 103 258 1965 1829 1311 1201 761 518 444 381 30295 5382 451 401 266 440 213 1366
is_linear=0
shrinkage=0.05


Tree=226
num_leaves=31
num_cat=0
split_feature=20 13 2 3 22 20 21 6 5 22 9 12 9 12 13 20 11 1 11 22 9 9 0 9 14 22 20 14 9 22
split_gain=5341.19 14993.9 13396.2 11863.8 15371.6 13333.1 9632.24 14903.6 19535.8 32680 18339.1 31604.8 14680.8 40106 35278.2 42172.7 32826.6 34516.3 28808.3 20860.6 118598 36463.1 47704.9 36726.5 28760.2 27652.8 21300.3 26545.8 21261.5 19202.2
threshold=-0.94778272947264008 0.91080963307804863 0.21333333333333401 99.203333333333347 -38.909999999999982 0.18126655136271305 -17.572304465993707 37.345984246274824 254.43166666666667 -62.099999999999994 652.50000000000011 0.23768589232617301 797.50000000000011 0.44228869021900152 -0.27982901403099208 0.55138505709939833 270.41185098700004 0.3466666666666664 143.23594968850003 -17.820000000000011 952.50000000000011 957.50000000000011 154.22000000000003 912.50000000000011 1.0000000180025095e-35 -24.459999999999997 -0.24784217989547955 4.5000000000000009 867.50000000000011 -37.399999999999991
decision_type=8 2 10 2 8 10 10 2 2 8 2 2 2 2 2 8 2 10 2 10 2 2 2 2 2 10 10 2 2 8
left_child=1 2 -1 4 5 -2 7 8 -5 10 11 -10 -8 -14 15 16 17 19 -17 21 -21 22 25 28 -23 26 27 -15 -24 -26
right_child=3 -3 -4 6 -6 -7 12 -9 9 -11 -12 -13 13 14 -16 18 -18 -19 -20 20 -22 24 23 -25 29 -27 -28 -29 -30 -31
leaf_value=0.022343353273290591 -0.20179346695596112 -0.12415458758342482 0.1656767827305522 -0.043306035998810145 -0.039592976213665511 -0.82419294671145915 -0.00091435903283641751 -0.7073332564478898 1.7250780207713445 -0.58681702036706229 -0.042333572019230242 0.18548183759053549 -0.10029049314864127 1.0425696279342269 0.031374267391706567 -0.34615903533995152 -0.52597185190646878 1.0142185144093594 0.63625132710811627 0.2193248766086375 2.9532103450298308 -0.88225136550076044 1.449423466792755 2.2779928474021811 0.75433247474972731 -0.32993708844531144 0.10730907541772002 -0.17792524078436067 0.14015083318466651 -0.029643325541084842
leaf_weight=16742 762 1580 1806 13871 4127 97 90019 83 75 63 55 60 2375 204 2974 362 93 227 94 192 50 83 57 56 97 139 219 57 68 401
leaf_count=16742 762 1580 1806 13871 4127 97 90019 83 75 63 55 60 2375 204 2974 362 93 227 94 192 50 83 57 56 97 139 219 57 68 401
internal_value=-8.6411e-05 0.0237043 0.0362996 -0.00418063 -0.0796457 -0.272076 -0.000820305 -0.0392901 -0.0353644 0.400047 0.727271 1.04081 0.00476993 0.070812 0.146444 0.289093 0.390652 0.436731 -0.143645 0.355961 0.784177 0.280922 0.499871 1.21389 -0.0205569 0.291085 0.470923 0.776025 0.737179 0.123059
internal_weight=137088 20128 18548 116960 4986 859 111974 14207 14124 253 190 135 97767 7748 5373 2399 1943 1850 456 1623 242 1381 800 181 581 619 480 261 125 498
internal_count=137088 20128 18548 116960 4986 859 111974 14207 14124 253 190 135 97767 7748 5373 2399 1943 1850 456 1623 242 1381 800 181 581 619 480 261 125 498
is_linear=0
shrinkage=0.05


Tree=227
num_leaves=31
num_cat=0
split_feature=20 13 21 22 9 22 6 12 14 0 11 22 22 10 1 12 0 9 2 14 12 21 9 9 11 22 9 0 2 22
split_gain=5200.07 13939.5 13681.3 16345.5 18391.8 13552.6 12823.4 13132.7 21445.6 12703.1 12066.6 13358.5 21698.7 20173.9 16153.4 13358.1 23652 12245.5 12206.6 11635 11343.9 21673.9 11333.5 17637.7 12426.5 18697.9 11281.5 13493 11209.7 11146.9
threshold=1.6836083523061911 0.94331137514050722 3.8108030532962691 -22.539999999999996 782.50000000000011 4.2700000000000005 12.969235158582876 -0.22706275313213778 4.5000000000000009 306.10000000000008 60.785238921642289 -14.589999999999998 -25.800000000000001 76.90555555555558 2.4546666666666668 0.60003553868615167 245.82000000000002 87.500000000000014 -1.3999999999999995 2.5000000000000004 0.58244304235731448 16.413425442766194 792.50000000000011 397.50000000000006 106.79841173057153 -29.260000000000009 272.50000000000006 237.02000000000004 0.24000000000000107 -13.899999999999997
decision_type=8 2 10 8 2 10 2 2 2 2 2 10 10 8 10 2 2 2 10 2 2 10 2 2 2 10 2 2 10 8
left_child=-1 2 10 4 6 26 7 8 -4 -9 29 12 18 17 -13 16 28 -14 -12 -20 -8 -22 23 24 -21 -26 27 -3 -15 -2
right_child=1 5 3 -5 -6 -7 20 9 -10 -11 11 14 13 15 -16 -17 -18 -19 19 22 21 -23 -24 -25 25 -27 -28 -29 -30 -31
leaf_value=0.0025313141565037603 -0.069911143014853544 0.1312006876144248 0.20566394480981717 0.17863419671508965 -0.8139661489756076 0.77300726605367065 0.11619649079658152 -0.58012864792600594 -0.91677469915034726 0.14821158339220442 -0.79103372437613351 -0.26882732949462479 0.17117165988572292 -0.19482692801734297 -1.1048085668257304 -0.28921948266215625 1.3553879267765354 -0.56450712488343313 -0.026796785912608506 -0.17508882829462583 -0.31511147172707205 0.36150774479779246 -0.90490485530878828 0.33842194669414316 -0.71619637726286378 0.29621504608880395 -0.12932345525618971 0.85364958335106322 0.50576039867208122 0.35476196082289246
leaf_weight=127878 444 432 257 1069 77 79 1341 282 51 76 77 698 107 82 63 64 65 120 1044 795 463 159 63 128 267 55 351 76 188 237
leaf_count=127878 444 432 257 1069 77 79 1341 282 51 76 77 698 107 82 63 64 65 120 1044 795 463 159 63 128 267 55 351 76 188 237
internal_value=-8.20904e-05 -0.0363684 -0.0570822 0.0131007 -0.052293 0.146302 -0.0299846 -0.219568 0.0198056 -0.425509 -0.115997 -0.150597 -0.103906 0.158581 -0.338035 0.372675 0.499126 -0.217733 -0.171554 -0.151273 0.0343365 -0.142149 -0.250626 -0.217518 -0.281225 -0.543269 0.0886653 0.239284 0.292989 0.0778826
internal_weight=137088 9210 8272 3775 2706 938 2629 666 308 358 4497 3816 3055 626 761 399 335 227 2429 2352 1963 622 1308 1245 1117 322 859 508 270 681
internal_count=137088 9210 8272 3775 2706 938 2629 666 308 358 4497 3816 3055 626 761 399 335 227 2429 2352 1963 622 1308 1245 1117 322 859 508 270 681
is_linear=0
shrinkage=0.05


Tree=228
num_leaves=31
num_cat=0
split_feature=2 18 13 22 9 14 6 12 1 13 10 21 5 22 2 22 12 3 9 22 14 12 12 22 12 10 20 20 9 3
split_gain=5095.39 22591 25625.5 16842.9 10634.4 10161.6 14185.8 11762 9641.77 23218.9 10957.8 14920.6 11318.8 10902.8 12625.6 12764.1 11094.8 10867.9 10266.8 11462.5 9968.88 13959 12660.7 10335.2 10302.3 11298.3 9546.48 9237.91 8958.23 8897.89
threshold=-1.5959999999999994 62.500000000000007 0.3007057995042734 2.6600000000000059 177.50000000000003 3.5000000000000004 46.763647405331788 0.76604444311897824 -1.154666666666665 0.34202014332566844 71.601388888888906 7.1977211074166201 294.63333333333338 -34.679999999999986 -1.1386666666666658 -36.839999999999982 0.89194178735545526 143.54333333333338 352.50000000000006 -63.699999999999996 1.0000000180025095e-35 -0.98658463173998423 -0.03271713619994817 -39.329999999999977 0.25881904510252091 97.950000000000003 0.26980521835241694 0.29158568437568883 292.50000000000006 187.50666666666669
decision_type=8 2 2 10 2 2 2 2 8 2 8 8 2 10 10 8 2 2 2 10 2 2 2 8 2 8 10 10 2 2
left_child=1 2 3 5 -5 6 -1 -7 9 10 -2 12 13 14 29 26 -15 -13 19 -11 23 -22 28 -19 25 -24 -16 -4 -23 -12
right_child=8 -3 27 4 -6 7 -8 -9 -10 18 11 17 -14 16 15 -17 -18 20 -20 -21 21 22 24 -25 -26 -27 -28 -29 -30 -31
leaf_value=-0.21582304731905422 0.23406579553395856 0.50667947559169935 0.40374805550125209 -0.26988594187423587 -1.1099923293801803 0.061604240128304011 -1.0469721892962909 -0.67336304603765418 -0.0017641170039789393 -0.35031261440238048 -0.74874200101212129 -0.10080731290641685 0.50677523460013407 -0.079543934615028039 0.20840825614650058 -0.63894900934627419 0.68788240844011306 -0.51627888288526314 0.36717336075097373 0.1716246856206185 0.88305928853510973 0.041787349080978919 0.32773199151544014 0.25523905780267075 0.19468755454750125 1.2525941389578361 -0.25901392106725663 -0.18816796320265738 -0.63941289852965966 -0.19812595047435519
leaf_weight=771 435 154 272 72 79 587 55 60 128886 116 194 658 66 811 221 104 50 105 658 1129 71 394 85 74 451 54 216 87 55 118
leaf_count=771 435 154 272 72 79 587 55 60 128886 116 194 658 66 811 221 104 50 105 658 1129 71 394 85 74 451 54 216 87 55 118
internal_value=-7.79859e-05 -0.0766808 -0.121985 -0.206493 -0.709412 -0.154938 -0.271166 -0.00655347 0.00113505 0.0627446 -0.00340755 -0.0311245 -0.135755 -0.160496 -0.287191 -0.141108 -0.0349779 0.0645312 0.207424 0.122994 0.148932 0.20477 0.15842 -0.197327 0.31068 0.687031 -0.0226288 0.260303 -0.0416559 -0.540496
internal_weight=137088 2137 1983 1624 151 1473 826 647 134951 6065 4162 3727 1780 1714 853 541 861 1947 1903 1245 1289 1110 1039 179 590 139 437 359 449 312
internal_count=137088 2137 1983 1624 151 1473 826 647 134951 6065 4162 3727 1780 1714 853 541 861 1947 1903 1245 1289 1110 1039 179 590 139 437 359 449 312
is_linear=0
shrinkage=0.05


Tree=229
num_leaves=31
num_cat=0
split_feature=6 13 21 10 12 5 9 20 11 22 19 9 22 19 1 22 0 21 22 5 10 13 22 21 11 22 20 22 22 22
split_gain=5052.29 17288.7 13403.3 13982.1 27910.1 31496.8 15286.2 18983.6 15676.2 22782.4 13182 22744.1 12462.2 11107.6 10438.2 10085.9 24934.9 9805.98 15851.6 9751.64 12394.8 9929.16 13002 9566.68 26093.6 27095.7 44796.2 13893.5 10388.5 25301
threshold=2.7916512135657912 -0.61734245059638992 9.5590121163027906 83.810000000000016 0.51877325816052167 135.44388888888892 237.50000000000003 -2.0720792423331171 66.536591028981107 -50.329999999999998 0.098666666666665112 1017.5000000000001 4.2700000000000005 0.53866666666666596 0.019333333333334226 -19.790000000000013 110.96666666666668 -5.6595914665941249 -33.649999999999991 131.67833333333337 75.037500000000023 -0.79989897227935869 -43.509999999999984 6.8997808012093715 155.54379045963285 -31.399999999999995 -0.47993440382934138 -35.499999999999993 -30.020000000000003 -35.499999999999993
decision_type=2 2 10 10 2 2 2 10 2 8 10 2 8 8 8 10 2 8 10 2 8 2 8 10 2 10 10 10 8 10
left_child=1 2 3 6 14 -6 -1 -8 10 -10 19 -12 15 23 -5 17 -17 18 -11 21 -21 22 -9 24 -3 26 -26 -28 29 -25
right_child=-2 13 -4 4 5 -7 7 8 9 12 11 -13 -14 -15 -16 16 -18 -19 -20 20 -22 -23 -24 28 25 -27 27 -29 -30 -31
leaf_value=-0.03577725940678024 -0.0053744381629717182 -0.00076029310348228252 -0.059020830112245695 -0.022829897140356551 0.36759500186038174 1.6128796976647881 -0.26162078944201184 0.75640138336556395 1.3881915319997531 1.2174292877316475 -0.19043220925938201 1.1932161297536259 -0.33395007614964162 0.55456165293024651 0.3292091343555093 0.3358052550523139 1.6442189681529999 0.15578225670378393 0.18809790576497715 0.097865096859487841 -1.0099846785068514 -0.13040575564689474 0.081684933708171648 -0.14447293685492135 0.090585030247146883 -0.035786920565490925 0.72480526875566564 1.7601925737327999 -0.18936897265886288 0.49152374437313767
leaf_weight=1506 105055 23552 1130 409 153 76 224 94 52 64 54 66 69 90 434 134 50 467 90 51 50 324 297 529 150 240 54 81 1321 222
leaf_count=1506 105055 23552 1130 409 153 76 224 94 52 64 54 66 69 90 434 134 50 467 90 51 50 324 297 529 150 240 54 81 1321 222
internal_value=-7.40866e-05 0.0173089 0.0954783 0.132911 0.291381 0.780877 0.0856166 0.173258 0.225574 0.371433 0.081273 0.570574 0.310939 4.7783e-05 0.15841 0.366215 0.691352 0.269879 0.615872 0.00931688 -0.450575 0.0742807 0.243893 -0.00186075 0.00701115 0.355646 0.685273 1.34604 -0.104954 0.0435314
internal_weight=137088 32033 5794 4664 1072 229 3592 2086 1862 926 936 120 874 26239 843 805 184 621 154 816 101 715 391 26149 24077 525 285 135 2072 751
internal_count=137088 32033 5794 4664 1072 229 3592 2086 1862 926 936 120 874 26239 843 805 184 621 154 816 101 715 391 26149 24077 525 285 135 2072 751
is_linear=0
shrinkage=0.05


Tree=230
num_leaves=31
num_cat=0
split_feature=16 16 14 20 16 0 8 13 2 16 13 16 6 8 9 3 22 22 18 18 8 21 16 5 11 18 16 6 22 13
split_gain=5079.05 30160.7 30825.2 26680.2 18661 38855.5 29514.1 18996.6 28249.4 17634 33847 19550.9 22125.3 20115.6 19510.4 19274.9 18227.6 43939.4 19052.2 20492.2 26692.3 24541.3 21602.4 20840.7 20183.1 25716.9 19248.6 18662.4 18527 34056.6
threshold=0.1125 0.13500000000000004 4.5000000000000009 0.31252773141979123 8.7500000000000018 257.78000000000003 40.250000000000007 -0.564573334685324 1.0600000000000003 0.19250000000000003 -0.1413247892049839 0.29000000000000009 6.3384406836975744 0.83500000000000019 292.50000000000006 141.87000000000003 -62.649999999999991 -60.530000000000008 0.85500000000000009 3.9000000000000008 33.500000000000007 6.3726350938532841 3.2200000000000002 112.48833333333336 113.20953613432755 12.500000000000002 7.2500000000000009 19.918911365069857 -61.299999999999997 0.26932402956675644
decision_type=2 2 2 10 2 2 2 2 10 2 2 2 2 2 2 2 8 8 2 2 2 8 2 2 2 2 2 2 10 2
left_child=-1 2 3 -2 5 9 7 8 -6 10 -3 12 15 -14 16 -11 -13 28 -19 20 22 -22 27 -24 25 -21 -27 -20 -18 -30
right_child=1 4 -4 -5 6 -7 -8 -9 -10 11 -12 14 13 -15 -16 -17 17 18 19 24 21 -23 23 -25 -26 26 -28 -29 29 -31
leaf_value=-0.0054369130879338102 1.5489235061605773 -0.25271500053274193 -0.52648729736867705 0.41156381530743658 -0.13762187771809098 1.4057248236916282 0.023912170693979551 -0.038439839719472783 -0.66160659531017085 1.0878395790753721 0.72085241492431951 -0.25597669208954182 -0.14567000618610615 0.44971257166233908 0.6911533547610772 0.059290217088930536 0.26530905961552087 -0.11752052415474608 0.11738069403519485 -0.39906194323542282 1.5403891268372538 0.54383626136816665 -0.089444505660862164 0.54383626136816665 0.16284114343001724 -0.052717299352945238 0.75836554489543906 -0.59309683300408667 1.8473208855731149 0.40023541402878221
leaf_weight=104573 75 769 57 165 3603 55 18312 2524 277 147 101 436 266 304 123 66 170 1348 985 538 80 51 138 321 886 357 92 102 70 97
leaf_count=104573 75 769 57 165 3603 55 18312 2524 277 147 101 436 266 304 123 66 170 1348 985 538 80 51 138 321 886 357 92 102 70 97
internal_value=-7.03823e-05 0.0171892 0.518746 0.766989 0.0125656 0.0816355 -0.00839907 -0.100792 -0.17503 0.0718564 -0.139692 0.0998398 0.334342 0.171867 0.0681492 0.769134 0.0546367 0.0805063 0.0425097 0.103276 0.230232 0.915507 0.172165 0.459789 -0.0103943 -0.165903 0.113473 0.0507121 0.632753 1.0068
internal_weight=137088 32515 297 240 32218 7502 24716 6404 3880 7447 870 6577 783 570 5794 213 5671 5235 4898 3550 1677 131 1546 459 1873 987 449 1087 337 167
internal_count=137088 32515 297 240 32218 7502 24716 6404 3880 7447 870 6577 783 570 5794 213 5671 5235 4898 3550 1677 131 1546 459 1873 987 449 1087 337 167
is_linear=0
shrinkage=0.05


Tree=231
num_leaves=31
num_cat=0
split_feature=20 11 21 12 18 12 5 8 11 22 22 9 21 10 22 18 22 12 9 13 10 20 14 21 1 3 13 6 22 11
split_gain=5235.8 9444.9 11361.8 10856.1 9144.17 17394.4 17466.9 12318.3 16098 13514.3 11736.3 11096.2 10468.5 13190.7 16698 13333.5 9875.1 9445.68 8596.58 8501.87 10186 7989.1 7391.19 11759.4 9836.52 7023.94 14323.7 23986.5 15479.4 22482.9
threshold=2.4007353610803159 231.67598128318795 15.679745128465528 -0.99512551815703243 29.500000000000004 0.63435554093529933 206.26833333333335 62.500000000000007 102.77339870200001 -30.719999999999992 -38.909999999999982 87.500000000000014 -7.3423273711541546 75.738888888888908 -62.099999999999994 20.500000000000004 -18.729999999999997 -0.46174861323503386 92.500000000000014 -0.26932402956675622 84.483333333333363 3.774112872975913 3.5000000000000004 4.0700396861616648 0.053333333333333385 230.21666666666673 -0.9970268106651744 19.918911365069857 -56.479999999999997 173.72042959681445
decision_type=8 2 10 2 2 2 2 2 2 10 8 2 10 10 8 2 10 2 2 2 8 10 2 8 10 2 2 2 10 2
left_child=25 3 -3 -2 7 19 -7 12 9 10 11 -9 -5 17 -15 21 -10 -14 -11 22 -21 -16 24 -24 -6 -1 27 -27 -28 -30
right_child=1 2 -4 4 5 6 -8 8 16 18 -12 -13 13 14 15 -17 -18 -19 -20 20 -22 -23 23 -25 -26 26 28 -29 29 -31
leaf_value=-0.00037913032047667442 -0.70255547432757137 0.81155047685797543 -0.16818292060128925 -0.0015264837304158508 0.1520079024732113 -1.4264896184206011 -0.14743052852504396 0.6259666052357904 -0.0015264837304158508 -0.0015264837304158508 0.97135933275940356 -0.0015264837304158508 -0.17183902520330605 -0.7735419016286551 -0.0015264837304158508 -0.74224518763404046 0.52070888773753088 -0.67558742214089795 0.64852004624330084 -0.23768406929728766 0.52430393368967121 -0.40094526537531427 -0.52346587820351131 0.4999197336379439 -0.65915406067931182 -0.19591121941252992 0.16455620444643854 1.2066376546876771 0.010090229517500389 -0.57748402047291991
leaf_weight=129262 67 67 53 385 50 56 51 116 525 200 103 72 178 83 836 63 104 195 52 83 93 126 50 64 148 54 1675 70 2030 177
leaf_count=129262 67 67 53 385 50 56 51 116 525 200 103 72 178 83 836 63 104 195 52 83 93 126 50 64 148 54 1675 70 2030 177
internal_value=-1.27201e-05 -0.0577283 0.378835 -0.0718871 -0.0602563 -0.2395 -0.816845 -0.0251509 0.10189 0.310242 0.542366 0.307333 -0.104943 -0.17801 -0.0914315 -0.0361972 -0.00152648 -0.435193 0.0421942 -0.112911 0.164957 -0.00152648 -0.269657 0.0510664 -0.454315 0.00164164 0.0668461 0.59585 0.0499485 -0.0370329
internal_weight=137088 3820 120 3700 3633 595 107 3038 1172 543 291 188 1866 1481 1108 1025 629 373 252 488 176 962 312 114 198 133268 4006 124 3882 2207
internal_count=137088 3820 120 3700 3633 595 107 3038 1172 543 291 188 1866 1481 1108 1025 629 373 252 488 176 962 312 114 198 133268 4006 124 3882 2207
is_linear=0
shrinkage=0.05


Tree=232
num_leaves=31
num_cat=0
split_feature=20 2 12 0 13 20 6 9 3 14 10 11 13 13 10 0 12 0 22 14 3 19 5 12 22 22 13 10 0 3
split_gain=5123.26 17727.1 24739 30204.2 27521 34620.7 27101 17321.6 15470.9 28251.3 15718.6 14761.2 18919 14758 13531.2 20505.7 14040.6 13491.9 14018 21244.1 13280.6 20418 13088.8 12241.7 20971.7 39874.3 21116.7 19235.3 27326.4 19772.1
threshold=0.30244390247164804 0.39333333333333353 -0.58244304235731426 138.62000000000003 -0.1413247892049839 -0.32515925027586462 22.804472442252152 1437.5000000000002 216.69222222222223 4.5000000000000009 92.346666666666678 65.297298437028857 -0.74455857214455057 -0.9927505997980649 84.483333333333363 180.98000000000002 -0.14132478920498429 158.82000000000002 -36.919999999999995 1.5000000000000002 130.90333333333336 0.25066666666666848 141.22833333333338 -0.87137607974597275 -12.909999999999998 -13.899999999999997 0.17364817766693066 75.208333333333357 265.42000000000002 216.69222222222223
decision_type=8 10 2 2 2 10 2 2 2 2 10 2 2 2 10 2 2 2 10 2 2 10 2 2 8 10 2 8 2 2
left_child=1 8 3 7 -5 22 17 -3 -1 10 11 -10 -13 20 -15 -16 -17 18 -7 -20 21 -4 -6 24 25 26 -2 29 -29 -28
right_child=23 2 13 4 5 6 -8 -9 9 -11 -12 12 -14 14 15 16 -18 -19 19 -21 -22 -23 -24 -25 -26 -27 27 28 -30 -31
leaf_value=-0.0020111089602369166 -0.12861343491024763 0.022001077773845409 -0.40548870125528202 0.1156507884465158 1.6740543942525983 -0.44059494478800865 1.4940791878045774 0.77376379400608131 0.12747880433444622 -0.2433973301070268 -0.32780875662962594 0.15518787474244497 1.0390851266259693 -0.030664558328032773 0.10245191268693646 0.22750585491840658 1.3684902119317226 0.54018377780405691 -0.47461378588262254 0.68102523396555037 -0.78196591066503984 0.55371975158341236 0.75777127812371448 -0.0026613901026983282 -0.25321274891720175 0.98845982361347129 -0.042391619321193785 0.12104814331773256 1.2455706049422068 -0.82707063333720576
leaf_weight=85200 3339 1816 181 625 80 97 51 80 135 212 57 88 194 2970 1316 52 56 271 59 122 103 80 76 36269 1336 94 444 1531 56 98
leaf_count=85200 3339 1816 181 625 80 97 51 80 135 212 57 88 194 2970 1316 52 56 271 59 122 103 80 76 36269 1336 94 444 1531 56 98
internal_value=-1.57516e-05 0.00653722 0.0775563 0.183273 0.361137 0.564085 0.391555 0.053721 -0.000106922 0.23639 0.450978 0.557431 0.763259 0.00474577 0.0300907 0.156807 0.819127 0.289135 0.044407 0.304325 -0.301204 -0.111478 1.22766 -0.0142734 -0.0753284 -0.0326004 -0.0501533 0.0728989 0.160729 -0.184271
internal_weight=137088 93921 8035 3277 1381 756 600 1896 85886 686 474 417 282 4758 4394 1424 108 549 278 181 364 261 156 43167 6898 5562 5468 2129 1587 542
internal_count=137088 93921 8035 3277 1381 756 600 1896 85886 686 474 417 282 4758 4394 1424 108 549 278 181 364 261 156 43167 6898 5562 5468 2129 1587 542
is_linear=0
shrinkage=0.05


Tree=233
num_leaves=31
num_cat=0
split_feature=20 0 9 9 11 14 12 9 11 0 11 2 20 9 5 16 13 12 9 3 3 0 22 22 1 6 6 21 10 21
split_gain=4947.97 14333.2 26416.4 21883.7 33985.5 16068.7 15505.1 15439.2 25682 20507.8 18185.2 18789 26016.3 16235.3 29082.2 20650.8 14001.5 13986.7 32146.8 16692.2 15139.6 13690 25554.5 29070.8 17975.1 13737.2 12456 22719.2 12359.6 12219.8
threshold=-0.55123890259000119 131.09333333333333 1122.5000000000002 997.50000000000011 63.829710926000011 3.5000000000000004 0.36243803828370152 597.50000000000011 69.078945815563173 134.22000000000003 149.12952108250002 -1.1386666666666658 -1.1298890583573615 262.50000000000006 136.5516666666667 0.43000000000000005 -0.10886687485196482 -0.94331137514050689 397.50000000000006 174.24777777777783 148.8366666666667 161.45333333333335 -38.889999999999993 -59.710000000000001 -0.16533333333333167 8.2683665152166608 10.41690205784413 0.89595888963422976 78.836666666666687 -2.8711020291118312
decision_type=8 2 2 2 2 2 2 2 2 2 2 10 10 2 2 2 2 2 2 2 2 2 8 10 10 2 2 10 10 10
left_child=1 -1 3 5 -5 7 -4 10 16 -10 11 -3 -13 14 15 -14 -9 18 19 26 -19 22 23 -22 -25 -23 27 -7 -24 -8
right_child=-2 2 6 4 -6 17 29 8 9 -11 -12 12 13 -15 -16 -17 -18 20 -20 -21 21 25 28 24 -26 -27 -28 -29 -30 -31
leaf_value=0.0018222488530853056 -0.0060811898497577475 -0.56972729202795347 -0.44833503772194194 0.094249539432302132 1.385628047724103 -0.11467564485289834 0.19911186973702491 0.75295497607439765 0.27399312370810014 1.4905931208022807 -0.17731865084617487 1.242792142805506 1.6685116934409336 0.069781754883859279 0.22627291152832041 0.39140326485037802 0.024003084395649552 -0.17272482338463935 1.208869714340703 -0.69314086437225342 -0.21627554846080868 -0.29038418891456058 0.17297138113079225 0.63599250395814855 1.7067072517273052 0.26623674445535717 -0.39264721829030247 1.1039217871736342 -0.40959865730307971 -0.40626506337275115
leaf_weight=33417 97376 77 336 125 86 77 273 88 58 86 397 61 67 1059 554 60 262 1045 77 59 77 342 284 143 54 164 54 76 134 120
leaf_count=33417 97376 77 336 125 86 77 273 88 58 86 397 61 67 1059 554 60 262 1045 77 59 77 342 284 143 54 164 54 76 134 120
internal_value=-1.4964e-05 0.0148598 0.0840693 0.121137 0.620593 0.101458 -0.19895 0.185159 0.438525 1.00057 0.130143 0.195138 0.227839 0.192258 0.382716 1.06515 0.207282 0.0118331 0.309192 0.0487585 -0.0336391 0.0876836 0.232216 0.607503 0.929488 -0.109977 0.260218 0.490641 -0.0137855 0.014264
internal_weight=137088 39712 6295 5566 211 5355 729 2769 494 144 2275 1878 1801 1740 681 127 350 2586 343 266 2243 1198 692 274 197 506 207 153 418 393
internal_count=137088 39712 6295 5566 211 5355 729 2769 494 144 2275 1878 1801 1740 681 127 350 2586 343 266 2243 1198 692 274 197 506 207 153 418 393
is_linear=0
shrinkage=0.05


Tree=234
num_leaves=31
num_cat=0
split_feature=22 15 11 17 12 2 6 22 13 7 10 13 17 15 5 22 11 14 21 10 17 22 16 20 15 8 18 12 5 20
split_gain=5119.43 18941.5 37816.8 33616.9 27575 25586.6 23237.5 23995.1 22885.4 40865.2 32772.3 21670.8 21376 27593.7 19893 28209.6 29828.4 20281.5 19269.5 18566.6 18565 28121.3 17260.1 18982.2 16806.8 16095.5 24569.3 16159.6 19998.3 26110.5
threshold=-43.000000000000007 0.025000000000000005 201.40593045750003 9.8000000000000025 0.94331137514050722 -1.3206666666666667 7.2403172539628882 -63.249999999999993 -0.29026740676763257 34.500000000000007 60.816666666666684 0.50938662908026078 1.5800000000000003 0.41000000000000009 196.56500000000003 -54.849999999999994 68.725355279000013 5.5000000000000009 5.5894005641125384 72.872222222222248 45.800000000000004 -59.710000000000001 1.8750000000000002 -0.14525278519368384 39.500000000000007 70.250000000000014 15.150000000000002 0.87137607974597331 228.3116666666667 1.1053750793047967
decision_type=8 2 2 2 2 10 2 10 2 2 10 2 2 2 2 10 2 2 10 8 2 10 2 10 2 2 2 2 2 10
left_child=1 25 3 4 6 -5 11 12 9 -7 -10 22 13 -8 15 16 -11 -18 19 -9 21 24 23 -3 -12 27 -27 28 29 -1
right_child=-2 2 -4 5 -6 8 7 18 10 14 20 -13 -14 -15 -16 -17 17 -19 -20 -21 -22 -23 -24 -25 -26 26 -28 -29 -30 -31
leaf_value=-0.053645275916761465 0.0055158147730151067 0.8837106204828219 -0.50824881324106497 -1.0366594859531948 -0.56148003004491331 -0.29952369105352167 0.036959672012390234 0.93984932661056519 0.85975369579262206 -0.0054726485039570116 -0.58393831000528262 1.6023026328337822 0.55396211297582776 -1.3892757638295492 -0.0054726485039570116 0.12239131677580779 0.62089518507490626 1.505276868492365 0.7935126425557999 0.0033857480325458346 0.060875169688879641 -0.14483962878349085 -0.23699458796402506 -0.16553746696848137 -1.5725000783335419 1.051258792852362 0.095079187961272987 0.044408871728164552 0.060571406071278089 -0.25292483056109466
leaf_weight=19623 103263 252 253 56 80 384 78 65 72 62 131 57 59 60 106 595 441 76 199 285 297 316 58 52 64 72 1004 4934 2300 1794
leaf_count=19623 103263 252 253 56 80 384 78 65 72 62 131 57 59 60 106 595 441 76 199 285 297 316 58 52 64 72 1004 4934 2300 1794
internal_value=-1.42158e-05 -0.0168966 0.0838772 0.122839 0.336489 0.0205336 0.398152 0.230797 0.0438051 0.152863 -0.162413 0.696116 -0.242588 -0.583143 0.288578 0.364169 0.612627 0.750901 0.400663 0.1773 -0.253497 -0.436214 0.553429 0.704234 -0.908389 -0.0307888 0.159061 -0.0379187 -0.0550458 -0.070338
internal_weight=137088 33825 4098 3845 1245 2600 1165 746 2544 1664 880 419 197 138 1280 1174 579 517 549 350 808 511 362 304 195 29727 1076 28651 23717 21417
internal_count=137088 33825 4098 3845 1245 2600 1165 746 2544 1664 880 419 197 138 1280 1174 579 517 549 350 808 511 362 304 195 29727 1076 28651 23717 21417
is_linear=0
shrinkage=0.05


Tree=235
num_leaves=31
num_cat=0
split_feature=20 22 10 12 22 5 0 13 8 8 10 3 21 11 22 22 22 13 4 12 18 10 10 19 15 13 22 13 13 9
split_gain=5011.88 9870.91 7624.05 10177.4 8113.3 13384.3 11539.4 13221.5 8650.62 8215.6 7439.01 5803.94 32833.2 21877.6 21097.2 30539.5 30353.8 59103 37917.4 29681.4 33434.6 32320.8 22395.4 19791.4 20308.2 22742.6 21323.7 23453.5 27276.1 22673
threshold=3.3283184234618255 -77.679999999999964 100.90000000000002 0.86046863722869271 -27.359999999999999 322.5533333333334 228.90000000000003 -0.83146961230254512 40.250000000000007 39.500000000000007 83.083333333333357 156.03666666666669 9.037910062169134 143.23594968850003 -43.000000000000007 -54.849999999999994 -58.079999999999991 0.06540312923014284 12.639959915321151 -0.82531082829576841 1.4200000000000002 79.841666666666683 72.872222222222248 1.1733333333333349 13.937500000000002 -0.89194178735545482 -16.149999999999999 -0.81279832427823695 -0.35222909080468495 482.50000000000006
decision_type=10 8 8 2 8 2 2 2 2 2 10 2 10 2 10 8 10 2 2 2 2 10 10 10 2 2 8 2 2 2
left_child=11 -2 3 4 5 6 9 -8 -6 -3 -10 -1 13 14 15 16 -13 18 -18 20 -17 -22 -21 24 26 -26 -14 -28 -29 -30
right_child=1 2 -4 -5 8 -7 7 -9 10 -11 -12 12 23 -15 -16 19 17 -19 -20 22 21 -23 -24 -25 25 -27 27 28 29 -31
leaf_value=-0.0049477128709173313 0.50506774593264836 -0.6574062720725411 -0.56398843274432786 0.52952453317275894 -0.20692455141555308 0.29057230358943342 -1.3786417443797274 -0.42671545466933503 0.020373557817976541 0.060877465264815279 0.58885510963698229 -0.030935164572655216 0.10389324491630221 -0.15205264971198587 0.044929894777526791 -0.16697811560972531 1.1080655281330827 -0.1854897065327708 -0.23481405272857467 -0.13866164875301776 0.14211482816291127 1.6188467543572189 -0.48581553386752985 0.78041568188804444 -0.67305778875015676 0.076207241226060721 -0.085081283302932256 1.2573555902515849 0.73286272418280118 -0.142671494954449
leaf_weight=103620 62 57 98 60 216 80 53 117 113 132 90 5939 4867 2299 15277 264 244 277 67 1041 88 64 839 113 168 255 164 120 177 127
leaf_count=103620 62 57 98 60 216 80 53 117 113 132 90 5939 4867 2299 15277 264 244 277 67 1041 88 64 839 113 168 255 164 120 177 127
internal_value=-2.41352e-05 -0.10741 -0.144785 -0.100034 -0.144059 -0.294269 -0.424596 -0.723492 0.0133213 -0.155748 0.247672 0.000826992 0.0193011 -0.00468048 0.00937796 -0.0521801 0.00299232 0.345671 0.818763 -0.209023 0.173149 0.763897 -0.293588 0.124974 0.112374 -0.221373 0.138254 0.422665 0.619057 0.367097
internal_weight=137088 1078 1016 918 858 439 359 170 419 189 203 136010 32390 26399 24100 8823 6527 588 311 2296 416 152 1880 5991 5878 423 5455 588 424 304
internal_count=137088 1078 1016 918 858 439 359 170 419 189 203 136010 32390 26399 24100 8823 6527 588 311 2296 416 152 1880 5991 5878 423 5455 588 424 304
is_linear=0
shrinkage=0.05


Tree=236
num_leaves=31
num_cat=0
split_feature=20 9 12 5 13 21 19 13 0 17 10 0 9 1 2 12 22 3 22 10 5 11 12 6 22 13 20 1 14 13
split_gain=4958.67 13662.8 16245.1 18866.9 17700.4 41184.1 16030.3 15771.9 14071.4 14438.8 14656.4 15748.3 16892.5 11652.1 11434.3 10939.4 10642.8 10520 14179 11950.6 10223.5 14615.1 14002.8 14092.7 19622.5 20674.8 17731.7 11859.4 11183.5 10333.6
threshold=-0.94778272947264008 567.50000000000011 0.45201865172701788 130.06833333333336 -0.77296446310592981 -6.108068749413639 0.27466666666666617 -0.71473537162315159 145.62000000000003 65.500000000000014 83.335416666666688 169.05333333333337 267.50000000000006 0.20000000000000026 0.12800000000000036 -0.7729644631059297 -6.7199999999999944 99.203333333333347 -22.539999999999996 94.783333333333346 72.52166666666669 98.948249019000016 -0.95032354012166598 12.192185771125517 -50.47999999999999 -0.95032354012166609 -1.5969197014233705 -0.10666666666666651 2.5000000000000004 -0.054511258297739423
decision_type=8 2 2 2 2 8 10 2 2 2 10 2 2 10 10 2 8 2 8 10 2 2 2 2 10 2 10 10 2 2
left_child=1 8 3 6 5 -4 -3 -8 14 10 11 12 -10 -9 20 -12 -6 18 19 -2 -1 22 28 -24 26 -26 -25 -23 -22 -29
right_child=17 2 4 -5 16 -7 7 13 9 -11 15 -13 -14 -15 -16 -17 -18 -19 -20 -21 21 27 23 24 25 -27 -28 29 -30 -31
leaf_value=-0.256588621801904 -0.11615479488711 -0.10474776473706926 1.6493052196952533 -0.42253804833617536 -0.032617756135618847 0.15563428398615978 -0.23129479659766689 0.28040058500664211 0.56729581821972219 -0.43496502885278671 -0.19109750434204387 0.081216036656807211 1.7346190000054513 1.1787103354173192 0.15067722050716442 0.59495015347003943 0.29411710819331083 -0.00080535400561827829 -0.01310855334184865 -0.42192731251953408 0.73184472401352496 -0.0637939123882168 0.023356518634116002 1.5378822749736263 -0.40586218546603381 0.2986966179485126 0.39224280005320911 0.026165317051979626 0.16868031351970367 0.28569865272132333
leaf_weight=319 1326 2561 53 435 2660 357 82 93 71 53 108 58 55 59 2059 75 275 111974 3239 421 153 4272 2553 51 134 467 100 2359 208 458
leaf_count=319 1326 2561 53 435 2660 357 82 93 71 53 108 58 55 59 2059 75 275 111974 3239 421 153 4272 2553 51 134 467 100 2359 208 458
internal_value=-2.476e-05 0.0228982 -0.0362456 -0.116225 0.0409846 0.348719 -0.0685524 0.327585 0.0515908 0.336481 0.447889 0.763003 1.07684 0.629087 0.0424799 0.131053 -0.00200376 -0.00396965 -0.0750323 -0.189841 0.0223626 0.0306365 0.111688 0.0793922 0.26963 0.141607 0.779181 -0.0112785 0.407362 0.0683614
internal_weight=137088 20128 6575 3230 3345 410 2795 234 13553 420 367 184 126 152 13133 183 2935 116960 4986 1747 11074 10755 3666 3305 752 601 151 7089 361 2817
internal_count=137088 20128 6575 3230 3345 410 2795 234 13553 420 367 184 126 152 13133 183 2935 116960 4986 1747 11074 10755 3666 3305 752 601 151 7089 361 2817
is_linear=0
shrinkage=0.05


Tree=237
num_leaves=31
num_cat=0
split_feature=11 9 12 22 12 22 22 13 9 9 21 12 14 11 9 22 20 9 6 11 5 14 6 8 18 21 10 3 9 10
split_gain=4833.4 26182.9 24879.9 22774.5 29781.8 30572.7 19819.8 38777.4 39863.8 71153.5 38422.7 48372 55907.9 27609.8 24476.1 24704.7 21262.6 20735.7 27460.8 24781.7 19246.8 19182.2 18855.4 18351.8 18089 17958.8 17021.5 16774.3 24878.2 16274.6
threshold=97.009291887283155 277.50000000000006 0.98279651670771939 -65.299999999999983 -0.89194178735545504 -77.679999999999964 -2.5699999999999963 -0.35222909080468495 152.50000000000003 32.500000000000007 -4.9096938853079584 -0.03271713619994817 2.5000000000000004 74.199148962000024 37.500000000000007 -30.020000000000003 -1.3797042757225293 157.50000000000003 13.490768550692232 72.027331000888537 169.94666666666669 4.5000000000000009 16.188342231805077 24.260000000000002 39.800000000000004 4.687129018338724 114.51666666666667 147.85666666666671 492.50000000000006 80.737500000000011
decision_type=2 2 2 8 2 10 10 2 2 2 10 2 2 2 2 10 10 2 2 2 2 2 2 2 2 8 10 2 2 10
left_child=6 -2 3 4 -3 27 14 8 9 -8 -11 23 13 -13 15 25 -9 18 19 -18 -17 -7 -14 -12 -25 -1 29 28 -6 -16
right_child=1 2 -4 -5 5 21 7 16 -10 10 11 12 22 -15 26 20 17 -19 -20 -21 -22 -23 -24 24 -26 -27 -28 -29 -30 -31
leaf_value=0.38822476752485713 -0.032028734057463995 -0.050711860602170644 -0.23549389531921819 0.042469500103668546 0.12208326171926209 0.6632330500887651 -0.75180020316568053 1.0077446826956642 -0.36539027531288043 -0.38452836699681742 -0.25637774125785584 2.660358611560826 0.89161347471066377 1.1038688041783613 -0.01437700531602485 -0.050718122759941232 0.76608196941883988 0.089189680250959621 -0.1587760229635149 0.235873199861941 0.92825995210844747 1.6366616424632399 -0.3576368011127819 0.93714257372380461 0.11540974113610523 0.067802116950671829 -0.52816666852300753 -0.33474232174304069 1.3915297474501269 0.059589258593064111
leaf_weight=1069 41340 355 759 14077 142 165 189 71 854 146 157 56 67 58 60552 1455 370 4548 232 545 52 73 55 103 73 740 156 98 53 8478
leaf_count=1069 41340 355 759 14077 142 165 189 71 854 146 157 56 67 58 60552 1455 370 4548 232 545 52 73 55 103 73 740 156 98 53 8478
internal_value=-2.3522e-05 -0.0111418 0.0437789 0.0579451 0.303825 0.540851 0.00790432 0.0851466 -0.120425 0.110992 0.339058 0.524724 1.07234 1.86846 -0.000111613 0.132588 0.147823 0.137103 0.327084 0.450275 -0.0169379 0.961806 0.328427 0.136623 0.487197 0.257151 -0.00647172 0.198915 0.467112 -0.00529275
internal_weight=137088 57062 15722 14963 886 531 80026 7524 1758 904 715 569 236 114 72502 3316 5766 5695 1147 915 1507 238 122 333 176 1809 69186 293 195 69030
internal_count=137088 57062 15722 14963 886 531 80026 7524 1758 904 715 569 236 114 72502 3316 5766 5695 1147 915 1507 238 122 333 176 1809 69186 293 195 69030
is_linear=0
shrinkage=0.05


Tree=238
num_leaves=31
num_cat=0
split_feature=6 13 20 22 9 22 10 6 9 13 21 22 22 11 8 18 22 22 21 9 19 12 13 22 22 11 9 10 22 22
split_gain=4825.38 15659.2 12702.4 20831.2 22387.4 30960.9 27629.4 27711.2 16148.9 12234.8 14854.1 17404.1 24447.2 20289.4 10957.8 14124.2 22714 10738.4 12771.6 19080.3 13788.4 10011.8 11019.5 13059.3 19014.4 14752.1 36887.9 20161.2 17676.2 12243.9
threshold=2.7916512135657912 -0.61734245059638992 -0.60852054302596059 -61.550000000000004 342.50000000000006 -23.739999999999984 81.741666666666688 1.8061578171948816 577.50000000000011 -0.95032354012166609 8.6972975805622657 -33.219999999999992 -35.990000000000002 102.16608048500002 40.250000000000007 50.500000000000007 -6.7199999999999944 -6.7199999999999944 -9.1626488137172952 22.500000000000004 0.09066666666666863 -0.20576496797711577 -0.1413247892049839 -26.570000000000004 -26.700000000000003 144.41860821625019 372.50000000000006 89.316666666666677 -38.649999999999999 -31.059999999999999
decision_type=2 2 10 8 2 8 10 2 2 2 8 10 8 2 2 2 10 10 10 2 10 2 2 10 8 2 2 10 10 10
left_child=1 2 9 -4 14 6 -6 -8 -7 10 11 12 13 -1 -5 16 -16 18 20 -20 -11 22 -3 24 25 -24 28 -28 -27 -30
right_child=-2 21 3 4 5 8 7 -9 -10 17 -12 -13 -14 -15 15 -17 -18 -19 19 -21 -22 -23 23 -25 -26 26 27 -29 29 -31
leaf_value=1.1886260918502149 -0.0052093137811173029 -0.042135925814161812 -0.67907731456415998 -0.0070902636298702821 0.41903425571508707 0.95998549673194988 1.9253324587459435 0.54764258608426131 0.025461178399652607 0.036468938645484346 -0.073149001360208341 0.086029866296213037 1.5318035083788413 0.12881991985600955 0.95548278026573075 0.14387854282419754 0.14387854282419754 0.3347802933305502 0.3281627695212459 -0.2497535447652787 0.91401358140157718 -0.015717312493561682 0.093007768306018757 0.0052755547501093175 1.1076052497462794 -0.25944033400802358 1.9202729930292888 0.54754182298978171 0.76494021392785594 0.015876091081411282
leaf_weight=58 105055 1822 70 1125 354 51 73 73 494 366 499 484 54 204 154 174 82 158 164 1106 51 20551 1599 1737 55 144 53 54 130 94
leaf_count=58 105055 1822 70 1125 354 51 73 73 494 366 499 484 54 204 154 174 82 158 164 1106 51 20551 1599 1737 55 144 53 54 130 94
internal_value=-2.93502e-05 0.0169588 0.0913533 0.171992 0.195083 0.373591 0.657731 1.23649 0.112912 0.0233852 0.140935 0.274469 0.563092 0.363433 0.0735576 0.294847 0.578869 -0.0593773 -0.0962931 -0.175125 0.143795 0.000531274 0.0592381 0.107015 0.190021 0.165688 0.410351 1.22749 0.172759 0.450601
internal_weight=137088 32033 5794 2650 2580 1045 500 146 545 3144 1299 800 316 262 1535 410 236 1845 1687 1270 417 26239 5688 3866 2129 2074 475 107 368 224
internal_count=137088 32033 5794 2650 2580 1045 500 146 545 3144 1299 800 316 262 1535 410 236 1845 1687 1270 417 26239 5688 3866 2129 2074 475 107 368 224
is_linear=0
shrinkage=0.05


Tree=239
num_leaves=31
num_cat=0
split_feature=15 17 15 22 10 10 2 11 12 12 12 15 14 22 21 10 10 12 19 18 13 20 12 5 16 3 22 22 18 17
split_gain=4851.89 21717.6 18866.3 24450.8 16615.9 24624.3 14244.4 14193 14143.2 13507.9 13120.4 10606.3 30578.4 21037.2 18762.4 26747.7 15398.8 18829.6 18177.3 17278.7 16580.7 15354.2 25423.9 15205.1 13831.4 18586 17098.4 24201.1 16301.4 16833.3
threshold=47.000000000000007 31.500000000000004 43.500000000000007 -34.350000000000001 100.51666666666667 84.754166666666677 -0.073333333333332709 77.831459432840461 -0.42261826174069955 -0.89194178735545504 -0.22706275313213778 36.500000000000007 1.0000000180025095e-35 -15.880000000000001 3.8108030532962691 87.777777777777786 85.136666666666699 0.81279832427823739 0.11200000000000049 21.500000000000004 -0.78661891169205833 0.25933953510262059 0.47136869107721086 106.01833333333335 27.125000000000004 70.963333333333352 9.9600000000000062 14.329999999999989 58.900000000000006 33.500000000000007
decision_type=2 2 2 10 8 10 10 2 2 2 2 2 2 10 8 10 8 2 10 2 2 10 2 2 2 2 8 10 2 2
left_child=2 -2 11 10 5 6 7 -3 -5 -6 -4 24 13 23 15 -14 18 19 -16 -18 21 -21 -23 -13 28 -26 -27 -28 29 -1
right_child=1 4 3 8 9 -7 -8 -9 -10 -11 -12 12 14 -15 16 -17 17 -19 -20 20 -22 22 -24 -25 25 26 27 -29 -30 -31
leaf_value=-0.00011457762259069513 -1.0487833328414382 -0.17641361987952031 0.32981685053037352 0.54631419890182153 0.80396861137528175 -0.42511659195165613 -0.0798591392664766 0.72506925689504131 -0.16117457350339504 -0.058369607932266143 1.1866153177875345 -0.13359830597043038 -0.26171463532926642 -0.2238921439930521 0.0078171272276406079 -1.156001460676392 -0.25824657512926746 -0.29815288362075698 -0.66159259998026843 1.3521916798781604 0.1189403573065647 -0.43645489168568297 1.0418300972743468 0.86100955127951606 -0.82612439097304424 0.073911479006539743 1.3230995895257638 0.070944590910573258 -0.10401242473338351 0.22277176024617162
leaf_weight=122798 57 66 86 101 95 424 530 129 235 87 93 50 648 108 209 96 152 265 197 64 288 52 66 166 56 5181 67 91 3778 853
leaf_count=122798 57 66 86 101 95 424 530 129 235 87 93 50 648 108 209 96 152 265 197 64 288 52 66 166 56 5181 67 91 3778 853
internal_value=-5.08935e-05 -0.093059 0.000900435 0.302954 -0.0521302 -0.122441 0.0545728 0.419952 0.0514932 0.391752 0.774969 -0.000250265 -0.105296 0.345887 -0.17706 -0.377106 -0.0619518 0.0547872 -0.316995 0.205156 0.355022 0.728601 0.390382 0.630776 0.00161696 0.0800326 0.0895372 0.601922 -0.00170294 0.00142299
internal_weight=137088 1388 135700 515 1331 1149 725 195 336 182 179 135185 2361 324 2037 744 1293 887 406 622 470 182 118 216 132824 5395 5339 158 127429 123651
internal_count=137088 1388 135700 515 1331 1149 725 195 336 182 179 135185 2361 324 2037 744 1293 887 406 622 470 182 118 216 132824 5395 5339 158 127429 123651
is_linear=0
shrinkage=0.05


Tree=240
num_leaves=31
num_cat=0
split_feature=20 12 22 22 6 13 10 14 0 22 6 20 22 21 22 14 10 9 16 6 17 13 3 14 6 2 11 22 5 14
split_gain=4714.73 14258.9 25034.2 28050.4 25885.6 22738.8 17083.2 24605.9 24583.3 23387.2 28132.8 33244.6 21465.7 20053 17074.9 16686.1 16441.8 15239.6 14652.3 14493 13857.7 17266.8 13832.9 18842.5 16479.5 13213.2 12767.9 12566 12477.4 18593.1
threshold=-0.12138028280788692 -0.87137607974597275 -12.909999999999998 -13.899999999999997 7.5399827135884392 0.17364817766693066 75.208333333333357 1.0000000180025095e-35 197.26000000000002 -58.079999999999991 12.337187440352707 1.9682081144963646 -66.999999999999986 1.0000000180025095e-35 -26.570000000000004 4.5000000000000009 78.97083333333336 297.50000000000006 71.500000000000014 7.3841911397012625 65.500000000000014 -0.74455857214455057 208.67000000000002 4.5000000000000009 7.6186780050829936 1.3466666666666673 102.16608048500002 -16.149999999999999 194.84000000000003 3.5000000000000004
decision_type=8 2 10 10 2 2 8 2 2 10 2 10 10 10 8 2 10 2 2 2 2 2 2 2 2 10 2 10 2 2
left_child=-1 2 3 5 -5 14 7 -7 15 13 -11 -12 -9 -10 18 27 -17 -16 -2 -19 -3 -22 23 24 -14 -4 -27 -8 -23 -30
right_child=1 20 25 4 -6 6 8 12 9 10 11 -13 22 -15 17 16 -18 19 -20 -21 21 28 -24 -25 -26 26 -28 -29 29 -31
leaf_value=0.0092296079591244716 -0.17178920922883179 0.0045665714839217301 -0.18683064796075405 0.008201209542112075 1.3879704863277835 0.69106593259486804 -0.056792926889936694 0.70751401720375862 0.38952552728236672 0.05299554200290324 1.6193086204639937 0.16569051621323927 -0.035905585909038001 -0.73396535176655342 -0.020573374011108411 1.0786159817312586 0.20131360647856913 0.11873097560806747 0.32581416175930533 0.95404812132584915 0.0059078762715084141 -0.41682501099973135 -0.8284388705256206 0.24903221223726424 -0.6648798426556275 -1.200106132878707 -0.13734315621852874 0.75030170869827273 -0.49951369589374911 0.70194117293429015
leaf_weight=68504 3758 56375 1992 69 67 83 1360 58 126 91 118 59 191 58 1035 61 429 136 154 84 878 609 103 167 229 65 50 50 62 67
leaf_count=68504 3758 56375 1992 69 67 83 1360 58 126 91 118 59 191 58 1035 61 429 136 154 84 878 609 103 167 229 65 50 50 62 67
internal_value=-4.83487e-05 -0.00931548 -0.0626578 -0.024357 0.68794 -0.0359585 0.0691677 -0.125706 0.13802 0.46944 0.767451 1.13477 -0.216338 0.0353817 -0.100719 0.0591767 0.310529 0.0597562 -0.152201 0.43767 0.000428366 -0.143935 -0.293995 -0.200216 -0.378846 -0.216915 -0.738035 -0.0281725 -0.322204 0.124498
internal_weight=137088 68584 10593 8486 136 8350 3183 831 2352 452 268 177 748 184 5167 1900 490 1255 3912 220 57991 1616 690 587 420 2107 115 1410 738 129
internal_count=137088 68584 10593 8486 136 8350 3183 831 2352 452 268 177 748 184 5167 1900 490 1255 3912 220 57991 1616 690 587 420 2107 115 1410 738 129
is_linear=0
shrinkage=0.05


Tree=241
num_leaves=31
num_cat=0
split_feature=21 2 2 18 18 12 22 0 13 20 14 21 5 21 10 6 22 22 22 22 14 14 12 22 8 1 12 9 12 22
split_gain=4702.78 6586.66 5658.81 11036.4 21816.1 10935.3 14100.5 22130.6 24104.7 38178.2 22938.9 21930.3 17627.7 38144.6 35975.7 21300.2 20070.9 18424 17143.1 22262.2 41880.9 21373.1 17029.1 17617.5 15297.7 15345.3 15107.6 16067.3 14551.8 15816.4
threshold=-19.638438370846732 0.32666666666666683 -0.11333333333333327 195.50000000000003 248.50000000000003 0.83743052905771564 -32.680000000000007 173.82000000000002 -0.98279651670771917 1.7321893040363345 5.5000000000000009 -9.6178049037986408 182.00833333333335 -3.0137826075473124 82.408333333333346 25.301081297335561 -28.129999999999992 -22.869999999999994 -59.710000000000001 -43.509999999999984 4.5000000000000009 1.0000000180025095e-35 0.76604444311897824 -60.530000000000008 251.00000000000003 -2.3999999999999986 -0.98279651670771895 262.50000000000006 -0.97381903846659723 -37.410000000000004
decision_type=8 10 8 2 2 2 8 2 2 10 2 8 2 10 10 2 8 10 10 10 2 2 2 10 2 10 2 2 2 10
left_child=1 -1 5 -4 -5 6 7 10 9 -9 24 -12 17 14 -14 -15 -17 -8 22 21 28 -20 23 -10 25 -2 27 -13 -21 -30
right_child=2 -3 3 4 -6 -7 12 8 18 -11 11 26 13 15 -16 16 -18 -19 19 20 -22 -23 -24 -25 -26 -27 -28 -29 29 -31
leaf_value=-0.03538850214758487 0.27249946696338834 -0.27161776199651183 0.010513794997292634 -0.99500009049603977 0.060071069146356272 0.050166482181564533 0.076821809182466227 0.55498495696833838 0.12709410568444143 -0.80577061749615919 -0.30927642657940241 0.041879205089626892 0.044133331097121614 -0.20393425069482782 1.4211689666248859 -1.3363486828152524 -0.3793976752667238 -0.019211471114182185 -0.7948782900905913 -0.2604863336254683 -0.2868449141708091 -0.15846217447338226 -0.74406663587799782 0.98522214294681631 0.71257173105560501 -0.10789385818669342 0.099200644353671361 1.0871372624693147 0.4225148772816944 0.075848246080775381
leaf_weight=3111 270 326 81860 81 124 6303 8860 408 1694 59 316 66 923 1097 50 86 151 11447 157 169 723 826 54 62 58 14684 1711 83 599 730
leaf_count=3111 270 326 81860 81 124 6303 8860 408 1694 59 316 66 923 1097 50 86 151 11447 157 169 723 826 54 62 58 14684 1711 83 599 730
internal_value=-4.59312e-05 -0.0577949 0.00143915 0.00959621 -0.356811 -0.0115374 -0.0201261 -0.0479932 0.0394917 0.383069 -0.0758909 0.075826 0.00780888 -0.123163 0.114896 -0.2968 -0.726646 0.0226881 0.00749113 -0.0619978 0.0256842 -0.260107 0.130498 0.157392 -0.0978823 -0.101026 0.141252 0.624137 0.176524 0.232096
internal_weight=137088 3437 133651 82065 205 51586 45283 22669 5481 467 17188 2176 22614 2307 973 1334 237 20307 5014 3204 2221 983 1810 1756 15012 14954 1860 149 1498 1329
internal_count=137088 3437 133651 82065 205 51586 45283 22669 5481 467 17188 2176 22614 2307 973 1334 237 20307 5014 3204 2221 983 1810 1756 15012 14954 1860 149 1498 1329
is_linear=0
shrinkage=0.05


Tree=242
num_leaves=31
num_cat=0
split_feature=20 2 6 21 12 12 18 2 16 12 18 13 22 7 12 2 22 22 9 18 22 22 10 11 11 14 22 8 0 15
split_gain=4663.5 12844.3 11607.3 10038.1 18923.2 16059.2 14382.5 13502.2 20805.9 21885.5 17693.9 16744.7 15459.2 15521.7 13366.3 18204.8 17486.6 16533.8 14907.8 30325 21740.4 19008 18140 14084.1 13995.6 13255.8 13154.3 12793.5 12774.9 12255.6
threshold=1.3216508390461235 2.4566666666666666 35.076603748463448 3.8108030532962691 0.98279651670771939 -0.93585024503435332 75.500000000000014 0.033333333333333104 10.080000000000002 -0.37256073532439565 46.500000000000007 -0.087155742747658124 -60.530000000000008 0.83500000000000019 -0.19509032201612828 -1.1386666666666658 -34.880000000000003 -35.699999999999996 67.500000000000014 31.500000000000004 -36.439999999999984 -37.859999999999992 87.616666666666688 84.762284964322987 187.02226984500888 1.5000000000000002 -34.350000000000001 65.550000000000011 335.52000000000004 41.500000000000007
decision_type=8 10 2 8 2 2 2 10 2 2 2 2 8 2 2 10 10 10 2 2 10 10 10 2 2 2 10 2 2 2
left_child=1 -1 -3 5 14 6 -2 8 9 -7 -10 -11 13 25 16 -16 17 -5 19 20 21 22 27 -21 -20 -9 -18 -17 29 -14
right_child=3 2 -4 4 -6 7 -8 12 10 11 -12 -13 28 -15 15 18 26 -19 24 23 -22 -23 -24 -25 -26 -27 -28 -29 -30 -31
leaf_value=0.0024965647819665954 -0.367198967864657 0.14374289562545936 1.0487865013656792 0.21241836693076671 -0.88819577014237128 0.14492254911257421 0.43692330564372245 0.024469337035898334 -0.63891881643308823 -0.50404500424148091 0.087130971251269895 -0.08215540229477597 0.044453713801255672 0.41337342896064122 0.38045163049287939 -0.68943041110038761 -0.68874444026213433 1.0460348605400041 -0.10149999500345547 -1.0919741462469101 0.00618383662880419 1.4479922871589661 0.72337315018705439 -0.18310740543561618 -0.48124451548858477 -0.526402432850816 0.035101294334123088 0.35774813523249971 0.63047819757059731 -0.36183236898902138
leaf_weight=122870 629 103 54 1065 57 726 61 113 326 334 113 795 3856 75 237 50 65 63 1738 50 407 50 171 289 282 330 1825 70 89 195
leaf_count=122870 629 103 54 1065 57 726 61 113 326 334 113 795 3856 75 237 50 65 63 1738 50 407 50 171 289 282 330 1825 70 89 195
internal_value=-4.36346e-05 0.00307406 0.455032 -0.027322 0.0187734 -0.0660405 -0.29611 -0.0432056 -0.142499 -0.0692457 -0.452031 -0.206966 0.00569497 -0.251818 0.0268994 -0.0419508 0.103187 0.258977 -0.0741714 0.075131 0.25292 0.547411 0.392672 -0.317159 -0.154514 -0.364435 0.0102071 -0.0785763 0.0379152 0.0248966
internal_weight=137088 123027 157 14061 6419 7642 690 6952 2294 1855 439 1129 4658 518 6362 3344 3018 1128 3107 1087 748 341 291 339 2020 443 1890 120 4140 4051
internal_count=137088 123027 157 14061 6419 7642 690 6952 2294 1855 439 1129 4658 518 6362 3344 3018 1128 3107 1087 748 341 291 339 2020 443 1890 120 4140 4051
is_linear=0
shrinkage=0.05


Tree=243
num_leaves=31
num_cat=0
split_feature=11 22 10 2 12 1 14 12 11 9 20 2 20 0 11 4 9 22 12 9 14 9 14 14 11 9 12 22 12 22
split_gain=4681.92 13835.3 29490.7 16549.7 14205.3 11668.6 16968.4 11605.5 20081.6 15413.5 12587 23632 14741.3 13627 13553 13670.4 10992.2 10861.2 25170.3 9685.31 14053.7 9512.58 16418.4 9271.05 8603.62 22506.4 22615.3 21214.5 26283.3 27214.3
threshold=56.070489384742999 1.6200000000000119 60.233333333333341 -0.86933333333333296 -0.36243803828370141 -1.0799999999999985 1.0000000180025095e-35 -0.58244304235731426 55.914669372283569 27.500000000000004 0.6984873861832076 0.40400000000000041 -0.67482424066640134 208.02000000000004 48.424749792000007 3.5195037514121847 347.50000000000006 -39.639999999999993 -0.83743052905771542 167.50000000000003 2.5000000000000004 362.50000000000006 4.5000000000000009 4.5000000000000009 97.009291887283155 282.50000000000006 0.98279651670771939 -65.299999999999983 -0.89194178735545504 -77.679999999999964
decision_type=2 8 10 10 2 10 2 2 2 2 10 10 10 2 2 2 2 10 2 2 2 2 2 2 2 2 2 8 2 10
left_child=1 7 5 -4 -5 -3 -7 8 9 -1 11 14 -13 21 15 -11 -17 18 -16 20 -9 -12 -23 -6 -2 -26 27 28 -27 -30
right_child=24 2 3 4 23 6 -8 19 -10 10 13 12 -14 -15 17 16 -18 -19 -20 -21 -22 22 -24 -25 25 26 -28 -29 29 -31
leaf_value=0.67002141132393733 0.016240666709459919 0.1142242911623584 -0.45355462833254645 -0.58886698623429301 0.45186894450010517 0.35533760509946766 1.2865624684681918 -0.053007847951772318 -0.81414111685007817 0.046748105907587274 0.093711525091223505 1.3037601499388425 0.36686871118027581 -0.87768323513679203 0.19288859165113684 0.23118586530479102 -0.50279569805242152 0.050444415612362847 1.3140479999691692 -0.040408182673056535 -0.42073703163813025 -1.0725583652300494 0.038084552600616363 -0.2371215774544648 -0.029642590771581906 -0.046486559982544612 -0.22494689648730462 0.040002676987071883 0.19349336372589687 0.92488695289213929
leaf_weight=107 62776 90 169 54 217 102 94 671 64 851 283 52 218 60 198 65 237 344 67 12682 424 56 82 63 41701 336 759 13752 283 231
leaf_count=107 62776 90 169 54 217 102 94 671 64 851 283 52 218 60 198 65 237 344 67 12682 424 56 82 63 41701 336 759 13752 283 231
internal_value=-3.7987e-05 -0.0243928 0.180138 -0.0503631 0.153647 0.58553 0.801945 -0.0341963 0.0609212 0.0822967 0.0572722 0.111716 0.547307 -0.172726 0.0449677 -0.0558134 -0.34482 0.235773 0.476352 -0.0527268 -0.195398 -0.0722565 -0.412611 0.296846 0.00346775 -0.0105842 0.0411542 0.0549859 0.297398 0.522194
internal_weight=137088 17250 789 503 334 286 196 16461 2684 2620 2513 2032 270 481 1762 1153 302 609 265 13777 1095 421 138 280 119838 57062 15361 14602 850 514
internal_count=137088 17250 789 503 334 286 196 16461 2684 2620 2513 2032 270 481 1762 1153 302 609 265 13777 1095 421 138 280 119838 57062 15361 14602 850 514
is_linear=0
shrinkage=0.05


Tree=244
num_leaves=31
num_cat=0
split_feature=9 17 22 17 11 21 12 8 8 6 22 21 22 22 15 22 9 22 14 17 22 15 15 11 22 7 17 13 22 13
split_gain=4619.86 18776 40164.5 38747.8 31667.2 33526.9 37500.2 29770.7 28539 26166.1 20282.2 19559.4 19280.7 21752.2 18402.5 18354.8 35943.6 42601.1 21167.2 26732.6 23516.7 22577.3 28884.2 19043.4 22977.6 22748.3 38398.9 37884.1 21916.3 19382.4
threshold=102.50000000000001 0.47000000000000003 1.6200000000000119 0.43000000000000005 79.363079184500023 -9.315389983298763 -0.021814885034560933 64.500000000000014 0.77000000000000013 9.3600744622564473 -86.980000000000018 14.144087964688788 -42.460000000000001 -46.259999999999998 0.27500000000000008 -8.319999999999995 37.500000000000007 1.6200000000000119 1.5000000000000002 0.90000000000000013 -11.589999999999991 1.0650000000000002 2.9800000000000004 177.20532494592166 -15.200000000000001 21.500000000000004 4.8400000000000007 -0.69930991848440816 -9.6200000000000028 0.45201865172701733
decision_type=2 2 10 2 2 10 2 2 2 2 8 10 10 10 2 10 2 10 2 2 8 2 2 2 10 2 2 2 8 2
left_child=1 2 3 10 5 -4 -7 -6 -3 -9 -1 -12 13 -13 -2 18 -17 -18 19 -10 21 -21 -23 25 -25 29 -27 28 -28 -20
right_child=14 8 4 -5 7 6 -8 9 15 -11 11 12 -14 -15 -16 16 17 -19 23 20 -22 22 -24 24 -26 26 27 -29 -30 -31
leaf_value=0.81554810996224847 -0.0056463146729386843 -0.49330197153374167 -0.27167014758833202 0.92957078948616978 -0.11176979780104011 0.70278078939679067 2.1729670528707832 0.88670063946204625 0.93190314604007485 0.19765015897555177 -0.0071897212789178121 0.29861630162110736 0.070184408359794878 1.2905556262020141 0.5448999229230379 -0.24634977995618468 -0.21157103835969515 0.46421911179227859 -0.25180893833839701 -0.25180893833839701 -0.25180893833839701 1.1963984789910602 0.14663690623999556 -0.22873053504564417 0.60710614704280752 0.56704955859399264 0.1260374155806995 -0.057518078365164121 0.63704879173265505 -0.057518078365164121
leaf_weight=81 107201 312 58 120 400 172 58 214 98 164 10381 509 1687 62 152 1949 460 473 1085 218 283 67 2980 1498 87 341 2109 3238 233 398
leaf_count=81 107201 312 58 120 400 172 58 214 98 164 10381 509 1687 62 152 1949 460 473 1085 218 283 67 2980 1498 87 341 2109 3238 233 398
internal_value=-3.60875e-05 0.0174044 0.0597944 0.0353102 0.354707 0.802616 1.07352 0.1889 -0.0198359 0.50707 0.0268738 0.0218193 0.155187 0.406322 -0.0048668 -0.0103159 -0.124179 0.131032 0.0156558 0.117272 0.0947704 0.133594 0.16972 -0.0255603 -0.182852 0.00811168 0.0519733 0.0204964 0.176877 -0.167009
internal_weight=137088 29735 13906 12840 1066 288 230 778 15829 378 12720 12639 2258 571 107353 15517 2882 933 12635 3646 3548 3265 3047 8989 1585 7404 5921 5580 2342 1483
internal_count=137088 29735 13906 12840 1066 288 230 778 15829 378 12720 12639 2258 571 107353 15517 2882 933 12635 3646 3548 3265 3047 8989 1585 7404 5921 5580 2342 1483
is_linear=0
shrinkage=0.05


Tree=245
num_leaves=31
num_cat=0
split_feature=20 12 0 9 11 13 9 11 21 20 22 16 21 22 20 12 5 8 10 2 19 2 2 10 16 16 14 12 9 15
split_gain=4581.16 11889 21932.3 29228.9 32733.1 25183.3 29779.3 23875.8 27968.2 22834.8 23236.2 16236.9 21957.1 19532.7 14080.8 15958 14016.8 13455.9 15024.3 13417.6 12532.2 16773 12510 12871.5 12450.6 11706.1 11526.4 10788.6 10731.2 10575.2
threshold=-0.74913186962026479 -0.26932402956675694 121.02000000000002 917.50000000000011 50.677069756500011 0.076279435988900593 512.50000000000011 72.455140113830623 -2.738691511387159 -1.3024052539028357 -37.410000000000004 36.500000000000007 9.037910062169134 -36.839999999999982 -1.2088320812940172 -0.91080963307804841 130.7116666666667 56.70000000000001 72.872222222222248 0.040000000000001049 0.26666666666666683 1.0000000180025095e-35 -1.1933333333333327 105.15000000000002 19.500000000000004 16.500000000000004 5.5000000000000009 -0.7729644631059297 602.50000000000011 18.250000000000004
decision_type=8 2 2 2 2 2 2 2 8 10 10 2 8 10 10 2 2 2 8 10 8 8 8 8 2 2 2 2 2 2
left_child=1 2 11 4 -4 6 9 -7 -9 10 -6 20 13 -13 -10 19 -5 18 -3 -16 24 25 23 -20 -1 -22 -11 -18 -8 -19
right_child=-2 17 3 16 5 7 28 8 14 26 -12 12 -14 -15 15 -17 27 29 22 -21 21 -23 -24 -25 -26 -27 -28 -29 -30 -31
leaf_value=-0.0013767236683554134 -0.0048061874304837181 0.061330358187852686 1.3326960496830218 0.25314938417420935 0.1987424506912886 -0.0077024725188990844 -0.99781130051499689 1.7332550759585399 -0.091865733781686207 0.034985389927375724 1.442875437393333 -0.80660794197203034 0.26377327651938515 -0.13934981488231299 0.69807377652295177 0.30024061848420697 -1.2918412742465737 0.30660263780321673 -0.39133682943390091 1.6485592988620619 0.12743539615144628 0.47194133478331574 -0.04054312794534673 0.061330358187852686 0.30031619033614931 -0.41269632412798024 0.50856402629408348 -0.33847637059141511 -0.061778171122074135 0.061330358187852686
leaf_weight=7642 108256 3734 66 52 87 194 79 53 78 1128 66 182 168 276 124 166 50 591 488 53 1139 349 10564 108 358 110 145 73 50 659
leaf_count=7642 108256 3734 66 52 87 194 79 53 78 1128 66 182 168 276 124 166 50 591 488 53 1139 349 10564 108 358 110 145 73 50 659
internal_value=-8.91504e-05 0.017622 0.0538391 0.187747 0.235363 0.202783 0.0924821 0.459547 0.650784 0.158293 0.735427 0.0215672 -0.225159 -0.404505 0.514511 0.652404 -0.435069 -0.010842 -0.0240662 0.982682 0.0376591 0.165494 -0.0531172 -0.275991 0.012124 0.0798657 0.088928 -0.726023 -0.635008 0.146727
internal_weight=137088 28832 12688 2464 2289 2223 1555 668 474 1426 153 10224 626 458 421 343 175 16144 14894 177 9598 1598 11160 596 8000 1249 1273 123 129 1250
internal_count=137088 28832 12688 2464 2289 2223 1555 668 474 1426 153 10224 626 458 421 343 175 16144 14894 177 9598 1598 11160 596 8000 1249 1273 123 129 1250
is_linear=0
shrinkage=0.05


Tree=246
num_leaves=31
num_cat=0
split_feature=20 22 21 10 12 9 22 14 22 22 12 0 14 8 3 21 11 22 22 22 13 4 12 18 10 11 12 10 12 13
split_gain=4543.65 8874.25 6867.33 8208.64 8651.89 10421.6 10746.8 10635.5 7615.68 6948.81 6434.04 12972.1 5947.36 5892.75 5359.41 30026.8 18898.5 19175.6 26783 27786.6 53156.9 34827 26685.4 29582.6 27981.5 20773.9 18873.9 20781.8 18282.7 30740.8
threshold=3.3283184234618255 -77.679999999999964 -8.856961520772737 71.070833333333354 -0.57357643635104605 87.500000000000014 -34.679999999999986 1.5000000000000002 -19.430000000000003 -54.340000000000003 0.58244304235731448 214.66000000000005 4.5000000000000009 40.250000000000007 156.03666666666669 9.037910062169134 143.23594968850003 -43.000000000000007 -54.849999999999994 -58.079999999999991 0.043619387365335889 12.639959915321151 -0.82531082829576841 1.4200000000000002 79.841666666666683 52.509766127500008 0.75894212529897775 82.683333333333351 0.86046863722869271 -0.17364817766693072
decision_type=10 8 8 10 2 2 10 2 8 10 2 2 2 2 2 10 2 10 8 10 2 2 2 2 10 2 2 8 2 2
left_child=14 -2 -3 -4 13 8 9 -8 10 -7 11 -6 -9 -5 -1 16 17 18 19 26 21 -21 23 -20 -25 -24 -16 -28 -17 -30
right_child=1 2 3 4 5 6 7 12 -10 -11 -12 -13 -14 -15 15 28 -18 -19 22 20 -22 -23 25 24 -26 -27 27 -29 29 -31
leaf_value=-0.004828196376267079 0.47839819603869993 0.32267436983187991 -0.58036954092708504 -0.091147075700996949 0.12353871900643876 -0.42849598276615142 0.38788223080337048 -0.76304027514798312 0.33054536842352267 -1.2540368332885778 0.13995563949042178 -0.81954672027379272 -0.068245051774111665 0.44345653573262328 0.0056282784965796988 0.094310652525728372 -0.14143147158471722 0.042500112007632762 -0.15452492586548694 1.0656581901386379 -0.16745544010209867 -0.22364331438247836 0.011142436480090055 0.14254625868475573 1.5165761508047582 -0.37296926234871902 0.019743851162588505 -0.47556568301278795 0.72688951460594264 -0.1248181635592923
leaf_weight=103620 62 75 110 110 67 50 53 70 103 52 94 80 55 97 5086 5530 2299 15277 264 240 281 67 469 88 64 1411 391 462 296 165
leaf_count=103620 62 75 110 110 67 50 53 70 103 52 94 80 55 97 5086 5530 2299 15277 264 240 281 67 469 88 64 1411 391 462 296 165
internal_value=-8.94394e-05 -0.102336 -0.137774 -0.174473 -0.120745 -0.213666 -0.440154 -0.205666 -0.0293158 -0.84936 -0.183115 -0.389705 -0.45733 0.159368 0.000720955 0.0184734 -0.0044603 0.00860596 -0.0500817 0.00158615 0.329454 0.78428 -0.196961 0.16541 0.721085 -0.277146 -0.0308749 -0.248525 0.11953 0.422048
internal_weight=137088 1078 1016 941 831 624 280 178 344 102 241 147 125 207 136010 32390 26399 24100 8823 6527 588 307 2296 416 152 1880 5939 853 5991 461
internal_count=137088 1078 1016 941 831 624 280 178 344 102 241 147 125 207 136010 32390 26399 24100 8823 6527 588 307 2296 416 152 1880 5939 853 5991 461
is_linear=0
shrinkage=0.05


Tree=247
num_leaves=31
num_cat=0
split_feature=20 13 2 3 22 20 2 6 9 10 3 20 11 21 22 9 11 12 22 22 13 22 20 5 21 22 14 22 9 5
split_gain=4527.02 13074.4 9971.58 9518.51 12044.5 16825.2 9266.55 9109.86 8752.72 8050.41 12280.6 13277.5 12026.3 8016.15 19421.6 13958.6 29338.6 30387.2 26378.2 22488.1 27502.8 53150 39404 29088.3 39774.1 34993.3 27782.8 22336.1 40912.5 58492.2
threshold=-0.94778272947264008 0.91080963307804863 0.21333333333333401 101.77000000000001 -38.909999999999982 0.32281667363025324 -0.049333333333332514 37.345984246274824 132.50000000000003 79.944444444444471 104.02111111111113 -0.99133511343407077 100.79178984150001 -13.490850315234029 26.319999999999997 697.50000000000011 270.41185098700004 0.43245347597985045 -19.59 -1.0000000180025095e-35 -0.27982901403099208 -5.9600000000000035 0.80857950365463005 158.98666666666671 9.5590121163027906 -29.48 1.0000000180025095e-35 -35.990000000000002 837.50000000000011 147.45444444444448
decision_type=8 2 10 2 8 10 10 2 2 10 2 10 2 10 10 2 2 2 10 8 2 10 10 2 10 10 2 10 2 2
left_child=1 2 7 4 5 6 -2 -1 -3 -4 12 -12 -11 14 -5 -15 17 18 -17 20 21 22 23 27 25 26 -25 28 -19 -30
right_child=3 8 9 13 -6 -7 -8 -9 -10 10 11 -13 -14 15 -16 16 -18 19 -20 -21 -22 -23 -24 24 -26 -27 -28 -29 29 -31
leaf_value=0.018262801397176117 -0.36085270747002784 0.5347361773252487 0.040218555021750035 -0.023932602314461458 -0.032138070496879549 -0.90129806924974776 -0.044784915115087087 0.43685971673947716 -0.1375271335533543 0.74795347415483926 0.6249788304236652 -0.24405505121327364 0.024736106922284101 -0.0003911192148329683 -1.0104109249114992 -0.1080667073944318 -0.43445036108702584 0.21196309609113892 0.39465839068822822 -0.084755986302051611 0.06708625986275546 1.7223956892710355 -0.43333529740879223 -0.67881216987967496 2.0155786383385754 1.6526252870668063 0.55155664337213894 0.10265083100280337 1.3586120639909245 -0.44281284459706011
leaf_weight=16611 359 50 908 23597 5999 82 655 131 1530 65 284 52 497 76345 50 2603 288 634 290 982 2922 63 194 60 51 55 195 1276 202 58
leaf_count=16611 359 50 908 23597 5999 82 655 131 1530 65 284 52 497 76345 50 2603 288 634 290 982 2922 63 194 60 51 55 195 1276 202 58
internal_value=-8.49674e-05 0.0218176 0.0335791 -0.00385425 -0.0599835 -0.212397 -0.156687 0.0215382 -0.116253 0.145201 0.251352 0.490485 0.108382 -0.000229461 -0.0260184 0.00684368 0.0627883 0.0777288 -0.0576726 0.136264 0.174274 0.286614 0.25342 0.30606 0.721645 0.508772 0.262058 0.236923 0.428569 0.956756
internal_weight=137088 20128 18548 116960 7095 1096 1014 16742 1580 1806 898 336 562 109865 23647 86218 9873 9585 2893 6692 5710 2788 2725 2531 361 310 255 2170 894 260
internal_count=137088 20128 18548 116960 7095 1096 1014 16742 1580 1806 898 336 562 109865 23647 86218 9873 9585 2893 6692 5710 2788 2725 2531 361 310 255 2170 894 260
is_linear=0
shrinkage=0.05


Tree=248
num_leaves=31
num_cat=0
split_feature=15 17 17 5 22 22 7 22 0 12 5 11 11 22 14 0 14 8 1 14 22 13 5 15 14 9 18 10 5 12
split_gain=4454.25 13831.4 22539.6 22891.1 17314.8 16985.6 21566.4 22788.3 22271.9 16876 23904.7 16452.3 16376.7 15927.1 15250.4 14500 33950.6 13856 12952.4 13338.5 12834.6 13254.1 19265.6 17344.3 13990.4 11957.9 20757.8 20410.4 23476.3 31156.3
threshold=13.437500000000002 9.8000000000000025 19.600000000000005 196.56500000000003 -35.499999999999993 -36.839999999999982 35.500000000000007 -37.410000000000004 160.82000000000002 -0.95032354012166598 116.13833333333335 136.92973273925978 100.20927138250002 -55.440000000000005 5.5000000000000009 192.86000000000004 1.0000000180025095e-35 37.500000000000007 1.7173333333333334 3.5000000000000004 -75.070000000000007 -0.81279832427823695 105.31722222222224 37.900000000000013 1.5000000000000002 97.500000000000014 0.03500000000000001 75.738888888888908 148.8016666666667 0.87137607974597331
decision_type=2 2 2 2 10 10 2 10 2 2 2 2 2 10 2 2 2 2 10 2 8 2 2 2 2 2 2 10 2 2
left_child=25 4 3 -3 11 6 8 9 -4 -8 20 -2 -9 -10 -12 -7 -17 -6 -18 -20 -11 22 -22 -23 -24 26 -1 -28 29 -29
right_child=1 2 5 -5 17 15 7 12 13 10 14 -13 -14 -15 -16 16 18 -19 19 -21 21 23 24 -25 -26 -27 27 28 -30 -31
leaf_value=-0.27963207060370798 0.34307828264103996 -0.20370282592192768 -0.06082024059692609 -1.1407708753432546 -0.015967948164609148 -0.052412245847714138 -0.06082024059692609 1.4639444922959364 -1.3914928772410411 1.1400060273390615 -0.042683748561391864 -0.9156086103916169 0.232539781652115 -0.2787013425546534 0.48420213756133929 0.60635504906531423 -0.31294604974488416 0.78595323894813562 -0.47792576388628394 -1.5411937099695205 0.26988448740448806 0.63053168581456553 0.34510067084296181 -0.06082024059692609 1.3573021507511536 -0.004233831820305292 -0.040743512858760107 0.05108354422456643 0.16338887828248616 -0.35870555890828598
leaf_weight=501 54 945 266 70 82 4295 318 54 61 53 1008 50 54 68 159 64 114 157 54 65 296 98 55 167 90 108678 4980 8687 5055 490
leaf_count=501 54 945 266 70 82 4295 318 54 61 53 1008 50 54 68 159 64 114 157 54 65 296 98 55 167 90 108678 4980 8687 5055 490
internal_value=-8.07191e-05 -0.0347097 -0.0474864 -0.268328 0.276475 -0.0169435 0.081404 0.138817 -0.260457 0.104673 0.171162 -0.26206 0.848242 -0.804905 0.0291028 -0.0757764 -0.413652 0.510817 -0.693826 -1.0587 0.389585 0.33325 0.501187 0.0537773 0.973364 0.002265 0.0380931 0.0463786 0.076864 0.0292031
internal_weight=137088 8697 8354 1015 343 7339 2747 2352 395 2244 1926 104 108 129 1167 4592 297 239 233 119 759 706 441 265 145 128391 19713 19212 14232 9177
internal_count=137088 8697 8354 1015 343 7339 2747 2352 395 2244 1926 104 108 129 1167 4592 297 239 233 119 759 706 441 265 145 128391 19713 19212 14232 9177
is_linear=0
shrinkage=0.05


Tree=249
num_leaves=31
num_cat=0
split_feature=20 13 22 7 10 22 10 12 21 8 20 9 13 22 14 9 11 21 0 10 22 21 5 17 12 22 14 0 3 2
split_gain=4573.88 12441.1 11581.6 10552.3 14064.7 17962.5 17351.7 13197.3 23780.6 27156.3 11627.8 24983.5 12887.7 12201.1 13146.5 10306 10239.6 10226.6 9725.69 9650.84 15338.6 9916.18 9645.95 8995.99 11985.8 8808.14 9930.47 12825.3 8761.14 8296.26
threshold=1.6836083523061911 0.94331137514050722 4.2700000000000005 28.500000000000004 85.612500000000026 -45.689999999999991 72.205000000000027 0.45201865172701788 -6.5660020947176667 65.550000000000011 2.5247640580662885 107.50000000000001 -0.82531082829576841 -53.689999999999991 2.5000000000000004 482.50000000000006 304.02921628952032 2.2426205195250906 146.46000000000004 74.870833333333351 -36.839999999999982 -4.0828119908765137 163.90333333333336 20.500000000000004 0.88186879444286481 -62.099999999999994 1.0000000180025095e-35 217.10000000000002 213.72666666666672 1.1400000000000001
decision_type=8 2 10 2 8 10 10 2 10 2 8 2 2 10 2 2 2 10 2 10 10 10 2 2 2 8 2 2 2 10
left_child=29 3 15 4 5 6 -2 19 -9 -10 12 17 -8 14 -14 18 23 -12 -3 20 -7 -22 -23 24 -6 -5 27 -27 -16 -1
right_child=1 2 -4 25 16 7 10 8 9 -11 11 -13 13 -15 28 -17 -18 -19 -20 -21 21 22 -24 -25 -26 26 -28 -29 -30 -31
leaf_value=8.8126293267879737e-05 -0.0046040901039936105 -0.31365802441072721 0.71777257972125774 0.55205740604426834 -5.0933357030008566e-05 -5.0933357030008566e-05 -5.0933357030008566e-05 -5.0933357030008566e-05 -0.79783666912422735 -5.0933357030008566e-05 -0.71206298750507968 -1.4333883460479626 -5.0933357030008566e-05 -1.1925097231511717 -0.36599279250259753 -0.29916240669786931 -0.68227926379916348 -5.0933357030008566e-05 0.23460877387838411 -5.0933357030008566e-05 -0.1335936205601638 -0.29541846199964106 -0.86605976349633673 -0.49936363439521064 -0.78019084030727182 0.13259945137606513 -5.0933357030008566e-05 1.0400476711730544 -1.1976263089821888 0.074382705428259019
leaf_weight=124003 294 93 79 91 2970 174 162 226 278 144 91 85 104 54 81 145 55 63 621 1245 439 208 115 92 53 155 989 52 52 3875
leaf_count=124003 294 93 79 91 2970 174 162 226 278 144 91 85 104 54 81 145 55 63 621 1245 439 208 115 92 53 155 989 52 52 3875
internal_value=-0.000111582 -0.034143 0.13843 -0.0537119 -0.0779526 -0.142627 -0.326401 -0.0785758 -0.276699 -0.508384 -0.463119 -0.745292 -0.314246 -0.514243 -0.359702 0.0851494 -0.000118592 -0.365499 0.163196 -0.0197111 -0.163383 -0.288309 -0.498588 -5.09334e-05 -5.09334e-05 0.0778507 0.0417697 0.360557 -0.691143 0.00233942
internal_weight=137088 9210 938 8272 6985 3815 986 2829 648 422 692 239 453 291 237 859 3170 154 714 2181 936 762 323 3115 3023 1287 1196 207 133 127878
internal_count=137088 9210 938 8272 6985 3815 986 2829 648 422 692 239 453 291 237 859 3170 154 714 2181 936 762 323 3115 3023 1287 1196 207 133 127878
is_linear=0
shrinkage=0.05


Tree=250
num_leaves=31
num_cat=0
split_feature=11 9 12 22 14 13 12 22 0 13 22 13 20 22 21 22 22 12 5 3 20 14 14 0 14 13 13 9 9 12
split_gain=4475.19 20907.6 19947.9 18903.6 64436.4 41184.7 21155.2 19533.6 26533 29221.3 26154.7 60679.5 42807.8 39083.7 33193.5 30078.8 31803.7 25801.6 24493 24390.8 23240.5 27692.8 22504.6 20153.1 19650.1 24628.3 19172.4 29302.4 24659.3 67950
threshold=97.009291887283155 277.50000000000006 0.98658463173998445 -62.099999999999994 5.5000000000000009 -0.22706275313213795 -0.52803643325367233 -58.079999999999991 119.62000000000002 0.010907442517280267 -35.299999999999983 -0.3725607353243956 -0.04107420768633905 -44.499999999999993 23.90429134801769 -24.779999999999998 -21.520000000000007 -0.98990318592078552 146.61833333333337 101.3566666666667 1.9682081144963646 1.0000000180025095e-35 3.5000000000000004 139.82000000000002 1.0000000180025095e-35 0.48098876891938797 -0.95688340256707749 442.50000000000006 1122.5000000000002 0.72982064943493996
decision_type=2 2 2 8 2 2 2 8 2 2 8 2 10 10 10 10 10 2 2 2 10 2 2 2 2 2 2 2 2 2
left_child=-1 -2 3 4 6 -6 -3 8 -5 -10 11 12 19 -14 18 -12 17 -17 23 -9 21 -20 -11 -13 25 -19 27 -18 -28 -30
right_child=1 2 -4 7 5 -7 -8 10 9 22 15 14 13 -15 -16 16 26 24 20 -21 -22 -23 -24 -25 -26 -27 28 -29 29 -31
leaf_value=0.0076470483770859164 -0.029344286720521195 -0.11659342346208351 -0.22834105692309747 0.32201785946402839 1.8893531545825391 0.38360620893930136 0.30486657295539399 0.057147883801271442 -0.474684573456645 0.65767450342730926 -0.078189348801412692 -0.090197772205647203 0.70743757308051558 -0.39051674966744726 1.0948283923708875 1.3429713713936509 0.64751255996525292 1.5238237942332653 1.1099598359445046 0.85253491164430195 -0.80169167143327213 0.15774200814253747 -0.34213325398675398 -0.7380118029082523 0.1908497513650928 0.081368348283587771 -0.027955340714901807 -0.41322099724134742 0.0060613229845454097 2.1398638740777969
leaf_weight=80026 41340 598 671 216 87 95 593 116 625 120 4842 1024 132 210 69 64 268 67 87 570 54 624 106 136 656 53 3356 86 147 50
leaf_count=80026 41340 598 671 216 87 95 593 116 625 120 4842 1024 132 210 69 64 268 67 87 570 54 624 106 136 656 53 3356 86 147 50
internal_value=1.86421e-05 -0.0106797 0.0383975 0.0502892 0.227152 1.10339 0.0932519 0.0325357 -0.172884 -0.298499 0.049916 0.178182 0.490221 0.0332551 0.0173105 0.00949275 0.0989296 0.378043 -0.0213122 0.718038 0.198309 0.274258 0.188738 -0.166148 0.298462 0.886739 0.0389205 0.38982 0.00395893 0.547636
internal_weight=137088 57062 15722 15051 1373 182 1191 13678 1067 851 12611 3022 1028 342 1994 9589 4747 840 1925 686 765 711 226 1160 776 120 3907 354 3553 197
internal_count=137088 57062 15722 15051 1373 182 1191 13678 1067 851 12611 3022 1028 342 1994 9589 4747 840 1925 686 765 711 226 1160 776 120 3907 354 3553 197
is_linear=0
shrinkage=0.05


Tree=251
num_leaves=31
num_cat=0
split_feature=5 20 0 22 3 15 12 22 14 13 22 22 22 9 12 12 11 11 22 9 22 21 13 13 20 22 11 9 14 13
split_gain=4288.91 8032.6 8513.26 17864 25044.6 18672.4 15888.6 16217.2 16259.3 15643.2 16261.3 23392.3 13077.2 20455.8 19451.7 18934.3 12636.1 12319.4 18141.2 12013.5 14701.9 11723.3 11108.9 14594 10831 10751.5 9149.87 8896.36 8326.19 7770.52
threshold=95.201666666666682 -1.3024052539028357 99.820000000000007 -37.399999999999991 118.18333333333335 13.437500000000002 -0.98279651670771895 -35.57 1.0000000180025095e-35 -0.36243803828370164 -52.379999999999995 -42.460000000000001 -49.619999999999997 397.50000000000006 0.13052619222005182 0.49049438445969384 116.16393151879311 134.06891977787004 -43.000000000000007 212.50000000000003 -60.899999999999999 -2.3423222183222232 0.66746801135786471 0.90159026428466915 -1.4771812783982308 -58.079999999999991 52.509766127500008 1437.5000000000002 3.5000000000000004 -0.61734245059638992
decision_type=2 8 2 10 2 2 2 10 2 2 8 8 10 2 2 2 2 2 10 2 8 10 2 2 10 8 2 2 2 2
left_child=29 2 12 4 9 17 -5 8 -8 10 24 -12 13 14 19 27 -13 21 -19 20 -2 26 -14 -24 -4 -11 -6 -15 -9 -1
right_child=1 -3 3 6 5 -7 7 28 -10 25 11 16 22 15 -16 -17 -18 18 -20 -21 -22 -23 23 -25 -26 -27 -28 -29 -30 -31
leaf_value=0.020843891797415089 -0.043592591082056369 -6.5642883926753047e-05 0.51620015225759364 1.0322398580185004 0.54475648739728433 -0.9136901897211106 0.17493483502131243 0.0026702099985838235 1.2694065963928129 0.62775085879079373 1.5679154986965247 0.69999365281313664 -0.10584949207712793 -1.0111671525920773 -0.12735749884527556 0.56774195947174755 -0.17228774287905851 -0.13925698765032873 0.83342568841460474 1.1991697332753641 0.96771447893933971 -0.50811159921879023 0.56769426720267213 -0.21420714929699899 -0.23867437377967665 -0.097719772636896546 -0.17057337654420202 -0.13914162971205632 0.3565123629035567 -0.069727503527896958
leaf_weight=4062 75 122382 82 70 58 78 65 403 71 59 58 130 1697 58 98 53 61 127 77 82 69 216 148 100 113 380 195 59 283 5679
leaf_count=4062 75 122382 82 70 58 78 65 403 71 59 58 130 1697 58 98 53 61 127 77 82 69 216 148 100 113 380 195 59 283 5679
internal_value=1.77101e-05 0.00246368 0.0648089 0.129144 0.0309015 -0.181355 0.309108 0.247528 0.746313 0.211428 0.420691 0.688469 -0.00182105 0.227909 0.460968 -0.216275 0.421412 -0.0964783 0.227883 0.716083 0.440992 -0.237565 -0.0601689 0.252411 0.07876 -0.000219164 -0.00658471 -0.571428 0.148643 -0.0319592
internal_weight=137088 127347 4965 2526 1634 751 892 822 136 883 444 249 2439 494 324 170 191 673 204 226 144 469 1945 248 195 439 253 117 686 9741
internal_count=137088 127347 4965 2526 1634 751 892 822 136 883 444 249 2439 494 324 170 191 673 204 226 144 469 1945 248 195 439 253 117 686 9741
is_linear=0
shrinkage=0.05


Tree=252
num_leaves=31
num_cat=0
split_feature=22 9 11 18 6 12 9 13 0 20 11 5 9 18 11 12 6 21 1 5 10 6 10 13 22 12 6 20 10 20
split_gain=4252.59 16055.7 16914.2 11447.1 12928 11734.3 30145.9 43046.2 63612.7 75697.8 30516.3 30868.7 30145.8 30909.4 28325.6 28074.8 46678.6 47331.9 24377.8 26707.7 25193.3 23746.2 22950.9 36860 60674.8 21262.9 22656.8 20479.2 20426.5 20466.3
threshold=-43.000000000000007 12.500000000000002 207.09767013700002 104.50000000000001 14.252405006820814 -0.19509032201612828 327.50000000000006 1.0000000180025095e-35 177.82000000000002 0.25933953510262059 62.122620647500007 162.44500000000002 102.50000000000001 0.65000000000000013 185.06357079700001 0.95032354012166642 1.6380106188266101 13.632337423787122 -0.59600000000000064 141.22833333333338 57.504166666666677 21.762581035644804 1.0000000180025095e-35 -0.94331137514050678 -69.469999999999985 0.95688340256707793 4.5478413127625545 -2.0720792423331171 90.683333333333351 -0.6271811727206863
decision_type=8 2 2 2 2 2 2 2 2 10 2 2 2 2 2 2 2 8 10 2 10 2 10 2 10 2 2 10 10 10
left_child=1 2 -1 5 -5 27 12 8 10 -10 11 18 13 -7 15 16 -12 28 -8 -20 -21 -11 23 24 -14 -16 -27 -3 29 -18
right_child=-2 3 -4 4 -6 6 7 -9 9 21 14 -13 22 -15 25 -17 17 -19 19 20 -22 -23 -24 -25 -26 26 -28 -29 -30 -31
leaf_value=0.23325750642360982 0.0050569746735132327 0.65278420006334781 -0.68506155700053817 -0.14979509475764693 -1.0518220809508454 0.45623825596340295 -0.77273515264131132 -0.060606831168929447 1.9724885230847435 -0.70552841448316395 1.5959475372118108 -1.0446308984206272 1.7961256597439448 -0.048021529775445146 -0.50904629251682287 0.045015469208701156 0.84295149610592779 1.8513910061004115 -0.04060390478115939 1.2765800696102125 -0.14062661565840245 0.75102222481922754 -0.22140350825617108 -0.14784791125667168 -0.1716987762509323 1.0453516099798053 -0.39076528515455861 0.0099094257863673457 -0.18354702656683716 0.23677399632935958
leaf_weight=930 103263 125 53 143 55 354 100 7306 102 51 85 78 75 2147 204 611 195 51 1117 79 52 62 4796 365 82 57 53 13826 184 487
leaf_count=930 103263 125 53 143 55 354 100 7306 102 51 85 78 75 2147 204 611 195 51 1117 79 52 62 4796 365 82 57 53 13826 184 487
internal_value=1.68247e-05 -0.01537 0.183745 -0.0213298 -0.400358 -0.0190308 -0.0449285 0.00891406 0.151268 0.985001 0.0978079 -0.07754 -0.119808 0.0233531 0.227567 0.312147 0.475038 0.371137 -0.0215807 0.0386079 0.714025 0.093641 -0.187135 0.127712 0.768345 -0.206914 0.353404 0.0156695 0.283963 0.410095
internal_weight=137088 33825 983 32842 198 32644 18693 10874 3568 215 3353 1426 7819 2501 1927 1613 1002 917 1348 1248 131 113 5318 522 157 314 110 13951 866 682
internal_count=137088 33825 983 32842 198 32644 18693 10874 3568 215 3353 1426 7819 2501 1927 1613 1002 917 1348 1248 131 113 5318 522 157 314 110 13951 866 682
is_linear=0
shrinkage=0.05


Tree=253
num_leaves=31
num_cat=0
split_feature=10 22 12 22 20 9 6 0 6 14 21 21 9 21 9 1 20 14 9 21 11 14 12 2 12 5 9 15 22 22
split_gain=4310.93 13040.5 12424 25192.8 13803.8 8747.92 8636.12 8218.22 12356.2 6914.2 13750.1 6059.61 5317.87 12190.4 5897.09 4849.61 4731.62 14459.7 6680.2 6456.17 7667.38 9219 8912.41 5454.15 13543.7 30057.9 26892.9 20150.5 17792.7 17139.9
threshold=110.78333333333335 -61.550000000000004 -0.96863394805116465 -38.649999999999999 -1.7067233831074371 112.50000000000001 5.7407633322006175 170.02000000000004 18.153278024367072 1.0000000180025095e-35 34.915885019432437 26.5433297005798 647.50000000000011 34.915885019432437 237.50000000000003 0.25599999999999984 3.774112872975913 1.0000000180025095e-35 122.50000000000001 12.187739888628316 126.62252992550002 4.5000000000000009 -0.36243803828370141 0.3453333333333336 0.65106671239330416 120.66833333333336 17.500000000000004 0.10250000000000002 -78.07999999999997 -63.699999999999996
decision_type=10 10 2 10 10 2 2 2 2 2 10 10 2 10 2 10 10 2 2 8 2 2 2 8 2 2 2 2 8 10
left_child=16 5 3 -3 -4 -2 -7 9 11 10 -6 -9 14 -14 15 -11 23 -18 19 20 21 22 -19 -1 29 27 -27 -26 -28 -25
right_child=1 2 4 -5 7 6 -8 8 -10 12 -12 -13 13 -15 -16 -17 17 18 -20 -21 -22 -23 -24 24 25 26 28 -29 -30 -31
leaf_value=-0.0031491701687306039 0.78396266102790835 -1.4023390072363395 0.64060366510441813 -0.19026159047722246 -0.21046393285195034 0.60965302242129527 -0.126784376111446 0.27338393277355605 -0.95819270525014755 0.019635121160436121 0.87892138129100206 -0.43881133536342531 0.82244057980179786 -0.14385623142440271 -0.37382366266286021 -0.2590555318582215 -0.74959765073089368 0.11430816607198853 -0.38684346934493918 -0.45591135469079025 -0.22749482842783136 -0.21041920688645593 0.88760488912647162 -0.085919809076116557 -0.1239458828875441 0.7234657182789116 -0.59195274547597421 -0.53833400609681303 0.024630112900681622 0.056387552882843209
leaf_weight=109489 61 54 66 208 60 57 132 56 66 495 56 64 50 94 202 228 84 69 104 50 90 58 81 2394 973 134 122 420 2857 18214
leaf_count=109489 61 54 66 208 60 57 132 56 66 495 56 64 50 94 202 228 84 69 104 50 90 58 81 2394 973 134 122 420 2857 18214
internal_value=1.59832e-05 -0.0738153 -0.123427 -0.440079 -0.0656936 0.263346 0.0953158 -0.0996947 -0.408684 -0.0511952 0.315446 -0.106454 -0.0909805 0.191663 -0.134981 -0.0682507 0.00108079 -0.147181 -0.0352276 0.069853 0.158068 0.324899 0.531888 0.00167118 0.0226864 -0.0558378 0.0305475 -0.248887 -0.000621015 0.0398559
internal_weight=137088 1949 1699 262 1437 250 189 1371 186 1185 116 120 1069 144 925 723 135139 536 452 348 298 208 150 134603 25114 4506 3113 1393 2979 20608
internal_count=137088 1949 1699 262 1437 250 189 1371 186 1185 116 120 1069 144 925 723 135139 536 452 348 298 208 150 134603 25114 4506 3113 1393 2979 20608
is_linear=0
shrinkage=0.05


Tree=254
num_leaves=31
num_cat=0
split_feature=15 17 17 5 22 15 22 12 3 18 5 18 1 11 22 12 22 10 5 12 13 7 15 10 5 22 11 14 5 15
split_gain=4245.67 12487.3 20250.6 20650.5 15678.8 14898.2 21357.7 17821.2 17342.4 15725 26238.2 17551.3 14957.3 14718.1 14515.2 28679.7 14485.9 19339 13104.9 27024.5 26860.9 26819.7 23441.1 21917.1 19628.1 17228.1 17097.3 16816.2 15003.1 13750.7
threshold=13.437500000000002 9.8000000000000025 19.600000000000005 196.56500000000003 -35.499999999999993 15.500000000000002 -36.249999999999993 0.032717136199948427 161.17000000000004 49.750000000000007 151.15333333333336 26.500000000000004 0.17333333333333345 136.92973273925978 -23.709999999999983 -0.87137607974597275 -13.06 88.950000000000003 116.13833333333335 0.076279435988900648 -0.79989897227935869 251.00000000000003 24.750000000000004 90.277777777777786 105.31722222222224 -48.339999999999989 95.810359776000013 1.0000000180025095e-35 107.58500000000001 56.500000000000007
decision_type=2 2 2 2 10 2 10 2 2 2 2 2 10 2 10 2 10 10 2 2 2 2 2 10 2 10 2 2 2 2
left_child=-1 4 3 -3 13 7 18 8 -4 11 -11 -8 -12 -2 15 -13 17 -16 20 21 24 23 28 27 -7 -21 -27 -20 -22 -24
right_child=1 2 5 -5 -6 6 9 -9 -10 10 12 14 -14 -15 16 -17 -18 -19 19 25 22 -23 29 -25 -26 26 -28 -29 -30 -31
leaf_value=0.0023053186618624817 0.32178220406726554 -0.19388033335195687 -0.16992617601414606 -1.0839067591939653 0.48488100418298813 0.29850798450299165 -0.079898345783951566 0.54087154365874623 -0.78353554803307046 -0.10795885152967261 -0.25622555920007556 0.40652281527044415 -1.1479400197173111 -0.86872274935245519 0.3825166914141041 -0.52023058367680908 0.21233912134434407 1.6164803389012814 -0.79374973430401752 0.067737276868161861 0.96797050703974341 0.63353213980963297 -0.40572644574748867 -0.65066393718999982 0.95814920094083345 -0.08274229168891907 0.94865984699576156 0.0094800649895047662 -0.091854983405633417 0.28284028311177056
leaf_weight=128391 54 945 722 70 239 335 1400 74 137 1515 88 177 101 50 87 158 300 50 72 244 85 110 257 204 170 54 157 686 55 101
leaf_count=128391 54 945 722 70 239 335 1400 74 137 1515 88 177 101 50 87 158 300 50 72 244 85 110 257 204 170 54 157 686 55 101
internal_value=1.51842e-05 -0.0337933 -0.0459334 -0.255261 0.261885 -0.0169828 0.0102044 -0.203651 -0.267789 -0.0635558 -0.177258 0.0256469 -0.73275 -0.250576 0.21705 -0.0305728 0.406876 0.832868 0.123206 0.0309796 0.263615 -0.106057 0.0030535 -0.190626 0.520565 0.353845 0.684699 -0.0668162 0.55161 -0.211466
internal_weight=137088 8697 8354 1015 343 7339 6406 933 859 3876 1704 2172 189 104 772 335 437 137 2530 1527 1003 1072 498 962 505 455 211 758 140 358
internal_count=137088 8697 8354 1015 343 7339 6406 933 859 3876 1704 2172 189 104 772 335 437 137 2530 1527 1003 1072 498 962 505 455 211 758 140 358
is_linear=0
shrinkage=0.05


Tree=255
num_leaves=31
num_cat=0
split_feature=20 22 22 18 14 3 6 10 13 12 22 1 10 9 10 13 3 13 13 18 13 20 11 10 11 12 22 8 21 5
split_gain=4184.25 9810.68 21221.4 27818 28155.8 20600.6 18547.3 20392.4 51826.1 30287.7 19063.7 39332.9 16886.9 29877.9 26077.5 24003.2 24192.5 16099.3 15800 15830.8 16581.4 16287.8 14931.5 14842.3 23355.7 17346.5 14426.7 21266.6 15927.5 14379.3
threshold=-0.40728618852397874 -68.739999999999981 -64.549999999999983 25.500000000000004 4.5000000000000009 208.67000000000002 7.3160305511880299 98.616666666666688 -0.16288578192842348 0.87137607974597331 -70.36999999999999 -0.28266666666666679 88.436666666666682 92.500000000000014 84.216666666666683 -0.31107263240371763 173.15666666666669 -0.88186879444286459 -0.95032354012166609 49.750000000000007 -0.72236396205975562 1.4650807677680808 107.47991512450001 78.508333333333354 152.88870972450005 0.25881904510252091 -86.980000000000018 56.70000000000001 26.5433297005798 277.32833333333338
decision_type=8 10 10 2 2 2 2 8 2 2 10 10 8 2 10 2 2 2 2 2 2 10 2 10 2 2 10 2 8 2
left_child=-1 6 3 4 5 -3 7 -2 9 -9 12 23 13 14 18 16 -14 22 -8 20 -20 -21 -13 25 -25 -12 -18 -28 -29 -19
right_child=1 2 -4 -5 -6 -7 10 8 -10 -11 11 17 15 -15 -16 -17 26 29 19 21 -22 -23 -24 24 -26 -27 27 28 -30 -31
leaf_value=0.011734839912616113 0.092173145097503614 -0.091668076464764631 -0.0076543366703987793 0.60995450658351191 -0.76733303263899877 -0.8186667657204878 -0.41085785630604499 0.66201403512792711 -0.086142892899102277 2.0008036986259476 1.5289126512530733 0.9913456464545769 0.23162284627124496 -0.10428652813186079 1.0251075916091164 -0.60847838869405879 0.14683375992141404 -0.10014527039855821 1.4425245452385684 0.4127328569111362 0.27417433363934091 -0.67568546051625167 -0.18628853942249335 0.0091676722034044825 1.1030934765370903 0.3469057626159931 -0.72397081107476513 -0.31749831937364681 0.69962499419020285 -0.87168597479988097
leaf_weight=48956 2160 1091 80211 100 224 107 92 172 219 56 73 57 356 1241 113 298 143 294 52 89 73 56 51 156 71 54 259 134 54 76
leaf_count=48956 2160 1091 80211 100 224 107 92 172 219 56 73 57 356 1241 113 298 143 294 52 89 73 56 51 156 71 54 259 134 54 76
internal_value=1.44249e-05 -0.00649609 -0.0111639 -0.19612 -0.252806 -0.1566 0.0531244 0.155788 0.46319 0.99084 -0.017457 0.194001 -0.0768938 0.0247899 0.362019 -0.217158 -0.0938885 -0.101851 0.155033 0.347855 0.760208 -0.0076218 0.435241 0.593484 0.351321 1.02633 -0.290299 -0.430142 -0.0253459 -0.258624
internal_weight=137088 88132 81733 1522 1422 1198 6399 2607 447 228 3792 832 2960 1716 475 1244 946 478 362 270 125 145 108 354 227 127 590 447 188 370
internal_count=137088 88132 81733 1522 1422 1198 6399 2607 447 228 3792 832 2960 1716 475 1244 946 478 362 270 125 145 108 354 227 127 590 447 188 370
is_linear=0
shrinkage=0.05


Tree=256
num_leaves=31
num_cat=0
split_feature=15 17 15 22 10 10 12 21 12 12 9 11 18 22 12 17 22 0 12 11 17 16 18 10 17 22 14 15 22 21
split_gain=4331.72 17831.1 16514.9 19554.1 14885.9 20954.8 12680.1 11933.9 11783.6 10267.1 8693.68 10120.1 8538.84 10696.1 9509.88 8083.85 19130.1 16235 15340.1 17932.7 14617 14821.2 18659.8 14193.5 13634.5 14699.2 12783.8 21606.9 14776.6 11897.6
threshold=47.000000000000007 31.500000000000004 43.500000000000007 -34.350000000000001 100.51666666666667 84.754166666666677 -0.42261826174069955 -0.10257316363843925 -0.89194178735545504 -0.22706275313213778 37.500000000000007 113.95802581310269 78.000000000000014 -29.48 -0.39271506111191307 23.550000000000004 17.300000000000008 108.42000000000003 -0.40274668985873679 56.86854897169502 33.500000000000007 36.500000000000007 41.500000000000007 84.216666666666683 43.500000000000007 -39.639999999999993 1.0000000180025095e-35 11.750000000000002 -44.499999999999993 -10.976990320969973
decision_type=2 2 2 10 8 10 2 10 2 2 2 2 2 10 2 2 8 2 2 2 2 2 2 8 2 10 2 2 10 10
left_child=2 -2 15 9 5 7 -5 -3 -6 -4 11 -7 13 -9 -14 -1 18 -18 19 -17 -21 22 23 -22 25 -20 -24 -28 -29 -26
right_child=1 4 3 6 8 10 -8 12 -10 -11 -12 -13 14 -15 -16 16 17 -19 24 20 21 -23 26 -25 29 -27 27 28 -30 -31
leaf_value=0.0021804276615214973 -0.95386379839558355 -0.18941296776847064 0.31184486023388636 0.52716951020025093 0.75436656037835703 -0.98906236373145018 -0.14272549996984768 1.0827776775296245 -0.051055383853528695 1.0697744738590973 -0.014021995392712681 -0.35482032726383422 -0.092119397458603286 0.096525063338103123 0.52369342424314136 0.80699348814785488 1.2233577872514725 0.13035538809830852 -1.0576370772603272 -0.19196835542842478 0.12477078477887414 -0.33536514811988538 0.59480483514410487 1.0194679214370133 -0.56717843573785176 -0.28240866608516335 -0.82975716613967654 0.68382839042693377 0.00042953579182056266 -0.086214066002082548
leaf_weight=130391 57 309 86 101 95 87 235 56 87 93 110 227 218 54 88 70 50 106 77 694 79 174 103 101 137 297 71 90 653 2092
leaf_count=130391 57 309 86 101 95 87 235 56 87 93 110 227 218 54 88 70 50 106 77 694 79 174 103 101 137 297 71 90 653 2092
internal_value=1.37037e-05 -0.0878674 0.000912591 0.283517 -0.0507812 -0.117331 0.0586418 0.0459618 0.369357 0.70563 -0.396545 -0.53055 0.220795 0.598617 0.0849771 -0.000164017 -0.0639301 0.480677 -0.082248 0.0205947 -0.00741946 0.0933492 0.161349 0.626795 -0.16265 -0.442015 0.069986 0.00357774 0.08321 -0.115775
internal_weight=137088 1388 135700 515 1331 1149 336 725 182 179 424 314 416 110 306 135185 4794 156 4638 2035 1965 1271 1097 180 2603 374 917 814 743 2229
internal_count=137088 1388 135700 515 1331 1149 336 725 182 179 424 314 416 110 306 135185 4794 156 4638 2035 1965 1271 1097 180 2603 374 917 814 743 2229
is_linear=0
shrinkage=0.05


Tree=257
num_leaves=31
num_cat=0
split_feature=16 18 6 16 15 18 21 0 12 3 10 8 22 22 13 0 16 16 0 10 22 0 20 13 12 14 9 9 9 6
split_gain=4255.01 7792.91 13699.7 8560.24 8462.87 9026.13 8431.93 7219.47 8084.88 8242.55 8784.97 7100.74 7594.94 10269.9 7081.4 6393.14 6168.45 5746.51 6874.62 4664.95 11672.3 11429.9 15351 12552.5 9655.42 14554.3 24645.1 12800.3 8025.68 7332.41
threshold=174.50000000000003 104.50000000000001 25.301081297335561 107.00000000000001 80.000000000000014 93.375000000000014 5.0650144874916316 222.62000000000003 -0.68355163169896438 159.81000000000006 85.77500000000002 417.00000000000006 -37.309999999999988 -32.389999999999993 0.054511258297739194 185.40666666666669 71.500000000000014 51.500000000000007 154.22000000000003 110.78333333333335 -61.550000000000004 170.02000000000004 0.34609537869565316 -0.248252468714347 -0.9629878403374984 1.0000000180025095e-35 297.50000000000006 297.50000000000006 112.50000000000001 5.7407633322006175
decision_type=2 2 2 2 2 2 8 2 2 2 8 2 10 10 2 2 2 2 2 10 10 2 10 2 2 2 2 2 2 2
left_child=1 3 11 4 5 19 -6 8 9 10 -2 12 15 -14 -7 -3 -16 -15 -19 -1 28 24 -23 -24 27 26 -26 -22 -21 -30
right_child=7 2 -4 -5 6 14 -8 -9 -10 -11 -12 -13 13 17 16 -17 -18 18 -20 20 21 22 23 -25 25 -27 -28 -29 29 -31
leaf_value=0.0012497403505172676 -0.4602612092461385 -0.56443559785082842 -0.90937096514485105 0.46771122056572723 -0.70334524734034432 -0.16573758797318328 0.1116887789146573 -0.25946669635707387 0.75788623044188597 0.65110915833049354 0.35788876126047042 0.34124560356140138 0.099696747219618076 0.099696747219618076 0.84261173661032773 0.0019077609663140285 0.18805312856402198 -0.20792939231323546 -0.84891773176193253 0.73938892234544296 -0.07022497042727012 -1.2247279790639878 -0.62805165005001162 0.18783143169350094 -0.11371068532268208 -0.076227887420385498 1.299339219265514 -0.86213326813387026 0.55370978880346866 -0.1248684660954909
leaf_weight=133486 71 157 55 98 84 51 51 73 71 54 61 84 188 81 73 73 71 256 50 61 130 50 99 90 72 1071 54 84 57 132
leaf_count=133486 71 157 55 98 84 51 51 73 71 54 61 84 188 81 73 73 71 256 50 61 130 50 99 90 72 1071 54 84 57 132
internal_value=1.30185e-05 -0.000419696 -0.143582 0.000575382 0.000238065 0.000632051 -0.395444 0.179338 0.303979 0.130713 -0.0821768 -0.0962051 -0.141852 -0.0447197 0.340563 -0.384683 0.519878 -0.212282 -0.312666 0.00014244 -0.0776518 -0.125891 -0.445643 -0.239536 -0.0717302 -0.0164268 0.491882 -0.381067 0.240726 0.0797821
internal_weight=137088 136758 944 135814 135716 135581 135 330 257 186 132 889 805 575 195 230 144 387 306 135386 1900 1650 239 189 1411 1197 126 214 250 189
internal_count=137088 136758 944 135814 135716 135581 135 330 257 186 132 889 805 575 195 230 144 387 306 135386 1900 1650 239 189 1411 1197 126 214 250 189
is_linear=0
shrinkage=0.05


Tree=258
num_leaves=31
num_cat=0
split_feature=5 13 22 22 22 13 10 21 22 12 6 20 10 21 16 21 15 0 12 22 0 22 2 4 22 10 3 4 10 11
split_gain=4100.29 7383.95 8101.51 22528.7 17324.2 14792.3 14293.7 11778.1 7961.83 8425.32 13122.6 7299.92 8235.45 11934.1 20025.8 16329.2 17206.4 10835.3 10400.7 23014.7 9881.46 9649.77 10340.6 9565.17 11116.3 20239.4 11237.9 9213.58 7454.82 7393.69
threshold=95.201666666666682 0.75894212529897775 -63.249999999999993 -70.36999999999999 -78.07999999999997 0.043619387365335889 81.010000000000034 -1.4811348857218645 -22.969999999999995 -1.0000000180025095e-35 2.1130560905112339 -1.3024052539028357 93.304166666666688 -1.6095238095238142 13.437500000000002 1.2412249845080938 29.500000000000004 169.05333333333337 0.22706275313213808 -39.639999999999993 118.38000000000001 10.630000000000001 -0.37599999999999972 1.2520809341307266 -41.189999999999976 103.90000000000002 99.203333333333347 18.655514287559061 80.604166666666686 121.52027564747299
decision_type=2 2 8 8 10 2 8 10 10 2 2 8 10 8 2 8 2 2 2 10 2 8 10 2 10 10 2 2 10 2
left_child=1 2 3 4 7 6 -5 -1 9 10 -3 12 13 14 18 20 17 -17 19 -2 -15 22 27 -24 25 -25 -26 -14 -18 -13
right_child=11 8 -4 5 -6 -7 -8 -9 -10 -11 -12 29 21 15 -16 16 28 -19 -20 -21 -22 -23 23 24 26 -27 -28 -29 -30 -31
leaf_value=0.91822399652004238 1.2093010658330947 0.21259731241855129 -0.027053254374178343 0.3036038760344188 -0.43998462568711622 -0.051889682167934048 1.2455130977877256 -0.012736290756542729 0.0083764378696825747 -0.11954542756249464 -0.63010889208231469 0.0077749013620691644 -0.099945778121473275 -0.16625505611789415 -0.48958732549180378 -0.011336687564431215 0.94838017239102301 0.615204893661217 0.10576531999270392 0.25811943809830534 -0.72418950036017593 0.83539544593204151 -0.15947862977928975 1.3402007107734681 -0.31137923891345665 0.25820606429787246 0.46051161477972907 0.57953147516961689 0.17817918391604173 -0.019438964240649007
leaf_weight=50 83 58 7842 75 174 72 87 106 537 513 227 87456 400 400 94 2456 70 71 387 272 99 55 85 75 75 102 127 57 57 34926
leaf_count=50 83 58 7842 75 174 72 87 106 537 513 227 87456 400 400 94 2456 70 71 387 272 99 55 85 75 75 102 127 57 57 34926
internal_value=2.81034e-05 -0.0312377 -0.0138894 0.169145 -0.0969581 0.544418 0.809444 0.285648 -0.140474 -0.24064 -0.458611 0.00241968 0.0618535 0.0300008 0.197955 -0.0145313 0.0348076 0.00626697 0.285056 0.480508 -0.276947 0.192039 0.153619 0.319888 0.427397 0.716678 0.173918 -0.015197 0.602699 8.46945e-06
internal_weight=137088 9741 8406 564 330 234 162 156 1335 798 285 127347 4965 3989 836 3153 2654 2527 742 355 499 976 921 464 379 177 202 457 127 122382
internal_count=137088 9741 8406 564 330 234 162 156 1335 798 285 127347 4965 3989 836 3153 2654 2527 742 355 499 976 921 464 379 177 202 457 127 122382
is_linear=0
shrinkage=0.05


Tree=259
num_leaves=31
num_cat=0
split_feature=21 1 9 20 22 12 13 0 13 0 9 5 14 3 20 9 10 5 22 9 8 22 12 11 11 12 14 12 6 20
split_gain=4020.46 6342.32 4992.07 6121.84 4617.65 26335.7 46167.4 25058.4 24214 15550.4 12824.4 12703.1 10192.8 10003.6 9603.61 8422.34 7680.1 6650.14 5028.01 47525.1 36932.9 31900.4 31587 28847.6 26258.9 35292.9 21491.6 19288.3 17878.7 17273.7
threshold=-19.638438370846732 -0.7200000000000002 882.50000000000011 -0.081771827934374874 20.330000000000005 0.77296446310593014 -0.27982901403099208 206.02000000000004 0.52803643325367278 149.78000000000003 752.50000000000011 66.465000000000018 1.0000000180025095e-35 115.47333333333334 0.20872672682733337 1007.5000000000001 86.270833333333343 144.97000000000003 9.4299999999999979 27.500000000000004 25.750000000000004 9.0499999999999954 0.56457333468532445 75.808374226093363 78.313761562500019 -0.49049438445969368 4.5000000000000009 -0.19509032201612828 16.188342231805077 1.6836083523061911
decision_type=8 10 2 10 10 2 2 2 2 2 2 2 2 2 10 2 10 2 10 2 2 10 2 2 2 2 2 2 2 10
left_child=1 -1 -3 -4 18 7 -7 8 9 11 14 -6 -13 -14 -10 -8 -11 -15 21 26 23 -2 27 -21 25 -22 -20 -23 -25 -29
right_child=4 2 3 -5 5 6 15 -9 10 16 -12 12 13 17 -16 -17 -18 -19 19 20 24 22 -24 28 -26 -27 -28 29 -30 -31
leaf_value=0.20635909467258237 0.00091644638741365358 -0.051266480295397411 -0.10102312257993468 -0.57796957732259657 -0.50017808973789213 1.8844726031577146 0.52592643666685679 -1.059898523733301 1.2808122819432848 -0.1134847924335679 -0.14614213345379665 -0.26442111969833643 1.0197858002950562 -0.1982686160164967 0.46307982918003515 -0.34546549852799485 -0.80810103834587699 0.53396301388411838 -0.79026950289826781 0.060762700477793911 0.29023151522115714 0.41671070857454801 -0.1455555049904213 -0.16079468623795859 0.15409164274714562 1.7630628194730502 0.042699734845331738 1.9441214315891266 -0.62391104457269386 0.68094352569620487
leaf_weight=220 128049 2920 194 103 75 54 57 53 52 67 58 71 53 57 116 54 98 68 295 1697 106 179 157 1102 596 66 105 50 257 59
leaf_count=220 128049 2920 194 103 75 54 57 53 52 67 58 71 53 57 116 54 98 68 295 1697 106 179 157 1102 596 66 105 50 257 59
internal_value=2.66983e-05 -0.0533688 -0.0711307 -0.266429 0.00139983 0.112245 0.685359 -0.0108844 0.0668747 -0.130936 0.494882 0.0702764 0.2421 0.444139 0.716187 0.102006 -0.526045 0.200065 0.00062059 -0.0530557 0.00118691 0.0023851 0.42499 -0.0767103 0.311153 0.855388 -0.571615 0.736017 -0.248374 1.26038
internal_weight=137088 3437 3217 297 133651 933 165 768 715 489 226 324 249 178 168 111 165 125 132718 4224 3824 128494 445 3056 768 172 400 288 1359 109
internal_count=137088 3437 3217 297 133651 933 165 768 715 489 226 324 249 178 168 111 165 125 132718 4224 3824 128494 445 3056 768 172 400 288 1359 109
is_linear=0
shrinkage=0.05


Tree=260
num_leaves=31
num_cat=0
split_feature=20 3 14 2 10 12 14 6 19 0 6 13 9 9 10 12 11 13 1 13 9 13 9 12 12 9 0 20 11 9
split_gain=4026.74 15221.8 20715.8 13675.2 13063 13567.4 11808 11079.4 10878.9 14170.3 11716.5 16646.9 23116.4 15135.5 18085.6 21164.6 15199.5 15326.1 14291.1 18044.2 14204 13704.5 26126.9 23441.8 22552.5 30598 29550.5 24872.5 21800.4 18365.2
threshold=0.22849727115147936 203.91666666666669 4.5000000000000009 1.7533333333333336 91.90000000000002 -0.3007057995042734 3.5000000000000004 2.554951224108891 0.48000000000000065 110.65333333333335 15.945435556241414 0.21643961393810271 702.50000000000011 407.50000000000006 72.372222222222248 -0.88186879444286459 46.902701516500009 -0.97381903846659723 -1.154666666666665 -0.84915165824291594 962.50000000000011 0.31107263240371752 662.50000000000011 0.23768589232617301 -0.18436924984152911 417.50000000000006 154.22000000000003 -0.18565822959517075 80.635891258716612 787.50000000000011
decision_type=8 2 2 10 10 2 2 2 10 2 2 2 2 2 10 2 2 2 8 2 2 2 2 2 2 2 2 10 2 2
left_child=1 3 4 8 5 6 -3 -2 10 -10 18 13 -13 16 -15 -16 -12 -18 19 20 -1 29 24 -24 25 26 -23 28 -27 -20
right_child=7 2 -4 -5 -6 -7 -8 -9 9 -11 11 12 -14 14 15 -17 17 -19 21 -21 -22 22 23 -25 -26 27 -28 -29 -30 -31
leaf_value=-0.043141816995323524 0.060125158033940057 0.49052542370594687 -0.11089398835437843 0.50292177623423351 -0.23891716769305607 0.22867149124892117 1.2701501972618559 -0.020048610898991102 -0.035206018246876962 0.12707602381155189 0.77806582164764404 0.017406996995596457 0.81289830305660615 -0.075313009452342775 -1.3141629998942457 -0.37477605303930539 -0.28457930529970432 -0.032096930219219826 0.0022514182063741038 0.21128117136471777 -0.92481519451328364 -0.0084708379835381799 -0.24881395934765926 -0.044764313053242424 -0.039780293940775924 0.11449723345112262 0.32562931167870279 -0.066227808230100799 0.64661547405601938 0.086076231039119877
leaf_weight=438 4800 212 415 137 93 480 63 42140 2097 3752 50 1178 99 278 83 216 826 2207 38001 1627 51 6732 2221 3843 15272 307 734 329 516 7891
leaf_count=438 4800 212 415 137 93 480 63 42140 2097 3752 50 1178 99 278 83 216 826 2207 38001 1627 51 6732 2221 3843 15272 307 734 329 516 7891
internal_value=2.53632e-05 0.00620895 0.178569 0.00375982 0.320229 0.389104 0.66913 -0.0118502 0.00298927 0.0688942 -0.0016607 -0.0763579 0.0790778 -0.130591 -0.365622 -0.635542 -0.086603 -0.100857 0.00306955 0.131235 -0.135095 -0.000506085 -0.0268134 -0.1195 -0.00328686 0.0613833 0.0243753 0.301229 0.448122 0.0166649
internal_weight=137088 90148 1263 88885 848 755 275 46940 88748 5849 82899 4937 1277 3660 577 299 3083 3033 77962 2116 489 75846 29954 6064 23890 8618 7466 1152 823 45892
internal_count=137088 90148 1263 88885 848 755 275 46940 88748 5849 82899 4937 1277 3660 577 299 3083 3033 77962 2116 489 75846 29954 6064 23890 8618 7466 1152 823 45892
is_linear=0
shrinkage=0.05


Tree=261
num_leaves=31
num_cat=0
split_feature=20 9 12 13 21 5 19 13 5 22 6 13 14 12 9 10 10 13 6 18 14 22 6 2 11 13 9 10 12 12
split_gain=3881.2 10889.2 13959.8 15366.7 39596.1 15061.8 13070.4 13428.2 11680 21473.4 18959.6 23730.7 13886.6 28189 15853.8 13694.8 13557 14172 11624.4 11149.2 27090.3 22668.7 13948.3 11966.8 12339.4 18170 22256.7 12451.5 13385.1 12081.3
threshold=-0.94778272947264008 567.50000000000011 0.45201865172701788 -0.78661891169205833 -5.2125125728227912 130.06833333333336 0.27466666666666617 -0.71473537162315159 134.04500000000002 -58.410000000000004 15.469481196356329 -0.63435554093529922 3.5000000000000004 -0.93585024503435332 382.50000000000006 87.616666666666688 95.036666666666676 0.032717136199948357 4.8365972253332954 87.000000000000014 1.5000000000000002 -86.980000000000018 5.9711173514037874 0.024666666666666972 69.078945815563173 0.35222909080468506 387.50000000000006 83.810000000000016 -0.61734245059638981 0.22706275313213808
decision_type=8 2 2 2 8 2 10 2 2 10 2 2 2 2 2 10 10 2 2 2 2 10 2 10 2 2 2 10 2 2
left_child=1 8 5 4 -4 6 -3 -8 19 15 11 -11 13 -13 -14 -10 17 -12 -16 21 22 -1 -21 -23 -25 26 29 28 -27 -26
right_child=-2 2 3 -5 -6 -7 7 -9 9 10 16 12 14 -15 18 -17 -18 -19 -20 20 -22 23 -24 24 25 27 -28 -29 -30 -31
leaf_value=1.0866797444867153 -0.0034659800788024242 -0.09672531671741158 1.6084958612918854 0.0014749077156671155 0.13099947450267282 -0.38032356486345331 -0.22202645844166599 0.57185827631160224 0.13531631950485079 0.83852857980082229 -0.22934850677634988 1.5954931166172028 -0.21174499845580647 0.21750924400775046 0.042547347247600557 -0.46660256515395765 0.54389182409664627 0.435408346404214 1.058751111590075 -0.31172432756559415 0.2593682196028162 -0.0024158466571398596 -1.4377906821803614 -0.12610070417288333 0.19392694394983023 1.3107061642650013 -0.44808360385664159 0.098345761650155517 0.40065913548630272 -0.11082444606149303
leaf_weight=51 116960 2561 53 2978 314 435 82 152 190 239 350 50 216 144 60 188 109 104 53 55 101 8203 55 478 2094 74 168 97 89 385
leaf_count=51 116960 2561 53 2978 314 435 82 152 190 239 350 50 216 144 60 188 109 104 53 55 101 8203 55 478 2094 74 168 97 89 385
internal_value=2.40951e-05 0.0203043 -0.0324961 0.0390961 0.344371 -0.106637 -0.0640419 0.293659 0.0459194 0.16836 0.263192 0.425766 0.237143 0.57266 0.0393001 -0.164051 0.0431522 -0.0770694 0.519174 0.0283231 -0.331882 0.0348531 -0.874758 0.0302239 0.109321 0.148032 0.108854 0.546886 0.813809 0.146598
internal_weight=137088 20128 6575 3345 367 3230 2795 234 13553 1703 1325 762 523 194 329 378 563 454 113 11850 211 11639 110 11588 3385 2907 2647 260 163 2479
internal_count=137088 20128 6575 3345 367 3230 2795 234 13553 1703 1325 762 523 194 329 378 563 454 113 11850 211 11639 110 11588 3385 2907 2647 260 163 2479
is_linear=0
shrinkage=0.05


Tree=262
num_leaves=31
num_cat=0
split_feature=3 21 11 13 18 20 12 20 20 22 14 5 3 11 22 13 5 14 19 1 9 9 9 1 14 13 15 13 11 9
split_gain=3909.31 24409.6 17574.3 18663.2 23803.5 18439.3 19319.3 18047.7 22405.4 16815 40999.5 37594.3 25806.9 21206.6 19601 22744.6 18046.1 24053.7 16256.4 16170.5 16156.6 15496.5 16784 15400.6 29672.4 15325.2 15698.4 25106.6 17983.6 29868.6
threshold=156.03666666666669 6.6373736282726989 135.96968442800002 -0.83146961230254512 31.500000000000004 -0.52281269087107496 0.99512551815703276 2.5247640580662885 0.8527521076424398 -69.469999999999985 4.5000000000000009 193.26333333333338 203.91666666666669 116.16393151879311 5.150000000000003 -0.9970268106651744 157.10166666666669 2.5000000000000004 1.1733333333333349 -0.16533333333333167 262.50000000000006 192.50000000000003 887.50000000000011 0.83199999999999996 2.5000000000000004 0.33172980431441496 14.800000000000002 -0.95032354012166609 182.9497047695057 797.50000000000011
decision_type=2 10 2 2 2 10 2 10 10 8 2 2 2 2 10 2 2 2 10 10 2 2 2 10 2 2 2 2 2 2
left_child=-1 2 3 4 9 6 -5 8 -6 10 11 -2 13 16 15 -14 -11 -18 25 -12 -15 -19 -23 -17 -25 26 28 -28 29 -3
right_child=1 18 -4 5 7 -7 -8 -9 -10 12 19 -13 14 20 -16 23 17 21 -20 -21 -22 22 -24 24 -26 -27 27 -29 -30 -31
leaf_value=-0.0047665001787634276 0.94938258241329876 0.099010716387577552 -0.14387387247427075 0.15127455237219184 -0.049934600294495479 0.0083613967948431758 0.99108510381645631 -0.56909876186400654 0.59009642085141467 -0.026722980182722351 1.6473508485555648 -0.52471973067443622 0.76567572323565791 -0.14800402675452945 -0.8976465646605023 0.029586634876498843 -0.80827768682148948 -0.47858304669487178 0.60207128915813213 0.37571849036216737 0.87132867345443143 0.66139857479043918 -0.40352258263407531 0.27014759730209009 -1.3134643551893532 0.24005983453590543 -0.71642012473062744 0.025817989901044947 -0.043450753597491495 0.6528432991699531
leaf_weight=103717 56 3823 2219 1401 271 18100 72 72 276 214 50 190 94 154 61 771 435 361 152 50 52 74 74 55 64 1263 168 354 2185 260
leaf_count=103717 56 3823 2219 1401 271 18100 72 72 276 214 50 190 94 154 61 771 435 361 152 50 52 74 74 55 64 1263 168 354 2185 260
internal_value=2.28904e-05 0.0149083 -0.00950901 0.00348422 -0.105122 0.0222058 0.192324 0.175055 0.273006 -0.168073 0.157867 -0.189152 -0.214887 -0.35813 -0.0279189 0.0259972 -0.441283 -0.535261 0.0898 1.01153 0.109303 -0.301936 0.128938 -0.0521262 -0.581543 0.0801309 0.0503827 -0.213063 0.0723225 0.134278
internal_weight=137088 33371 25166 22947 3374 19573 1473 619 547 2755 346 246 2409 1364 1045 984 1158 944 8205 100 206 509 148 890 119 8053 6790 522 6268 4083
internal_count=137088 33371 25166 22947 3374 19573 1473 619 547 2755 346 246 2409 1364 1045 984 1158 944 8205 100 206 509 148 890 119 8053 6790 522 6268 4083
is_linear=0
shrinkage=0.05


Tree=263
num_leaves=31
num_cat=0
split_feature=11 22 9 8 21 22 13 9 9 21 12 14 11 9 22 5 9 11 16 10 12 21 6 0 3 9 20 10 8 12
split_gain=3880.19 18054.5 25655.4 29100.9 19209.2 15792.7 34164.7 36209.1 56685.7 33316 40949.5 47242.2 25103.2 19230.5 19049.8 17849.1 17242.8 22629.2 28615.1 17135.3 16954.7 23685.2 16434.7 16087.3 15566.5 15333.1 21172.3 20107.1 16769.6 25880.2
threshold=97.009291887283155 -1.9200000000000228 22.500000000000004 42.500000000000007 2.7044919661661955 -2.5699999999999963 -0.36243803828370164 157.50000000000003 32.500000000000007 -4.9096938853079584 -0.03271713619994817 2.5000000000000004 73.149449222464 37.500000000000007 -30.020000000000003 169.94666666666669 157.50000000000003 76.167910878156235 41.500000000000007 79.841666666666683 -0.26932402956675694 -6.5660020947176667 16.188342231805077 116.62000000000002 121.16333333333334 277.50000000000006 2.8165923650696567 86.941666666666677 93.500000000000014 -0.36243803828370141
decision_type=2 10 2 2 10 10 2 2 2 10 2 2 2 2 10 2 2 2 2 8 2 10 2 2 2 2 10 10 2 2
left_child=5 25 4 -4 -3 13 7 8 -7 -10 -11 12 -12 14 19 -16 17 18 20 -1 23 -22 -13 -8 -6 27 -27 28 -2 -30
right_child=1 2 3 -5 24 6 16 -9 9 10 11 22 -14 -15 15 -17 -18 -19 -20 -21 21 -23 -24 -25 -26 26 -28 -29 29 -31
leaf_value=0.37362878797978621 -0.067459759786190648 -0.007063208358595148 -0.13645169398038326 0.19684948826423304 -0.34913147504308395 -0.67952688822236962 0.97954796790066423 -0.36432969709934321 -0.38103134744876144 0.10902303752081099 2.5266957182511689 0.80153722141830019 1.0462079309260668 -0.0056679461134745684 -0.046239734569202814 0.89652037282402708 0.090870443773600276 0.080511109695898253 -0.36106725655728955 0.065501759572086579 0.51012989423949928 1.8671416454627867 -0.33295939765742116 0.28163594971190803 -1.0511469920309597 0.045376516032539137 -0.85901379245978138 0.017836356637355326 0.02710028796392568 0.49418399772130428
leaf_weight=948 17758 160 3063 833 168 189 118 804 148 349 50 71 67 69186 1455 52 4613 573 80 861 68 61 58 275 149 14698 65 18913 907 348
leaf_count=948 17758 160 3063 833 168 189 118 804 148 349 50 71 67 69186 1455 52 4613 573 80 861 68 61 58 275 149 14698 65 18913 907 348
internal_value=2.17458e-05 -0.00994008 -0.107565 -0.0651889 -0.453679 0.00712496 0.0760748 -0.118472 0.0936202 0.290289 0.457273 0.951334 1.6789 -3.04153e-05 0.117593 -0.0137092 0.134425 0.30542 0.519494 0.226975 0.654446 1.15182 0.291453 0.491187 -0.679101 -0.00183757 0.0413946 -0.018666 -0.0549764 0.12166
internal_weight=137088 57062 4373 3896 477 80026 7524 1736 932 743 595 246 117 72502 3316 1507 5788 1175 602 1809 522 129 129 393 317 52689 14763 37926 19013 1255
internal_count=137088 57062 4373 3896 477 80026 7524 1736 932 743 595 246 117 72502 3316 1507 5788 1175 602 1809 522 129 129 393 317 52689 14763 37926 19013 1255
is_linear=0
shrinkage=0.05


Tree=264
num_leaves=31
num_cat=0
split_feature=22 9 11 16 13 17 17 17 18 6 5 14 21 22 14 13 12 10 9 22 20 10 21 13 20 8 22 21 21 21
split_gain=3894.18 13563.5 15492.6 10247.1 10761.4 11013.8 16232.7 10315.8 9834.5 11240.1 10585.2 20278.8 25914.3 32548.5 24111.6 34136.3 24876.4 23543.7 22119.3 24593.9 20028.2 15391.3 15405.7 13766.1 16444.9 21678.7 20306 20728.4 19948.9 18505.8
threshold=-43.000000000000007 12.500000000000002 207.09767013700002 10.750000000000002 -0.22706275313213795 9.8000000000000025 0.99500000000000011 39.300000000000004 104.50000000000001 14.252405006820814 228.3116666666667 5.5000000000000009 3.8108030532962691 -63.249999999999993 4.5000000000000009 -0.83743052905771542 0.77296446310593014 61.335416666666674 182.50000000000003 -53.689999999999991 1.5417110684248796 88.436666666666682 2.8253041979949818 0.97854064376158201 0.73215004873171041 65.550000000000011 -69.469999999999985 14.144087964688788 0.67145456086197453 -4.7520538686738112
decision_type=8 2 2 2 2 2 2 2 2 2 2 2 8 10 2 2 2 10 2 10 10 8 10 2 10 2 10 10 8 8
left_child=1 2 3 4 7 6 -6 -1 10 -10 23 14 20 -14 15 21 18 -16 -17 -20 -13 22 -12 24 -3 29 28 -28 -27 -26
right_child=-2 8 -4 -5 5 -7 -8 -9 9 -11 11 12 13 -15 17 16 -18 -19 19 -21 -22 -23 -24 -25 25 26 27 -29 -30 -31
leaf_value=0.75106308722342741 0.0048277432926527508 -0.0010425271796223395 -0.66320365217496768 0.051128269329285825 -0.17900213313059532 -0.43318625896936286 0.90954476815155327 -0.042077622635691779 -0.1378814939956565 -0.97896308823065326 -0.30333018476795409 -0.14137150953381747 -0.63382713564284399 0.65226034973155367 1.4604173758855232 0.49901342069757959 -0.52726842866879753 0.33058376514538207 0.18490211419251318 -0.7763439635626781 -1.3801421702112238 -0.60092240507159 0.46189698934631079 -0.15198591965826441 -0.060021896399813437 1.1040210746658536 -0.060021896399813437 0.51499114513492128 0.18406023467230104 -0.26302809842193331
leaf_weight=209 103263 23882 53 469 69 64 68 51 143 55 200 59 89 110 52 536 107 407 453 78 73 223 98 2030 751 78 820 157 241 2200
leaf_count=209 103263 23882 53 469 69 64 68 51 143 55 200 59 89 110 52 536 107 407 453 78 73 223 98 2030 751 78 820 157 241 2200
internal_value=4.65696e-06 -0.0147196 0.168291 0.215677 0.383081 0.108328 0.361299 0.595485 -0.0201973 -0.371515 -0.0180664 0.0811225 -0.283243 0.0770755 0.137114 0.050061 0.199539 0.458582 0.272425 0.0437021 -0.826449 -0.286767 -0.0516783 -0.0262392 -0.0171644 -0.107822 0.0626402 -0.0504508 0.409004 -0.182684
internal_weight=137088 33825 983 930 461 201 137 260 32842 198 32644 2485 331 199 2154 1695 1174 459 1067 531 132 521 298 30159 28129 4247 1296 977 319 2951
internal_count=137088 33825 983 930 461 201 137 260 32842 198 32644 2485 331 199 2154 1695 1174 459 1067 531 132 521 298 30159 28129 4247 1296 977 319 2951
is_linear=0
shrinkage=0.05


Tree=265
num_leaves=31
num_cat=0
split_feature=1 13 10 21 22 22 9 12 22 22 12 9 21 5 10 17 9 22 13 21 9 22 6 21 11 22 9 21 21 5
split_gain=3859.57 25347.6 19075 20382.9 18662.2 17345 22949.4 14658.2 13829.7 13777 12744.6 12295.2 12039.7 11888 11806.3 13652.5 11416.4 11056.2 12012.6 14152.3 16985.8 23628 17730.7 14800.7 12248.7 11863.4 11850 11413.9 11357.1 15620.7
threshold=-0.97599999999999942 -0.90159026428466893 70.479166666666686 5.9779716223845236 5.150000000000003 -77.679999999999964 112.50000000000001 0.021814885034561173 -70.36999999999999 -86.980000000000018 -0.14132478920498429 67.500000000000014 -3.1421430874892304 144.58500000000004 103.90000000000002 43.500000000000007 207.50000000000003 -68.739999999999981 0.34202014332566844 -5.3694864351013853 142.50000000000003 -54.849999999999994 16.715076119987419 9.3887932974288422 113.95802581310269 -31.600000000000005 132.50000000000003 11.086037810229238 3.1959200699189556 183.40333333333336
decision_type=8 2 8 8 8 8 2 2 8 10 2 2 10 2 10 2 2 8 2 8 2 8 2 10 2 10 2 10 8 2
left_child=1 2 12 4 10 -5 14 -8 9 -3 16 -12 -1 -9 15 -7 -4 26 19 -19 21 28 -22 -23 25 -25 -10 -20 -21 -30
right_child=-2 8 3 5 -6 6 7 13 17 -11 11 -13 -14 -15 -16 -17 -18 18 27 20 22 23 -24 24 -26 -27 -28 -29 29 -31
leaf_value=0.035824042192149547 -0.0024136890543302041 0.44457993206421015 -0.072458657866544943 -0.70995752678496682 -0.78119868633816758 0.086361986150658598 -0.43492155808027538 -0.41705747700987328 -0.0058301155838896244 -0.28530687602370225 0.39334815455633299 -0.37106929592394938 0.7980108143238539 0.13921801759708377 0.90270742518717761 0.86835040147487941 0.78368783337622894 0.32391395643454146 0.12777879987128132 0.058312241426285577 0.0081403160021008697 -0.074233746707524056 -0.3143344290312966 1.1654200297690207 0.12250216205541081 0.19496918106451633 0.85687374683717887 0.45225682028038094 0.33381997640979921 1.3543904475263648
leaf_weight=124 126562 76 176 84 169 395 272 124 68 433 57 682 89 426 68 65 50 370 2642 68 1181 1051 667 62 515 64 96 302 76 74
leaf_count=124 126562 76 176 84 169 395 272 124 68 433 57 682 89 426 68 65 50 370 2642 68 1181 1051 667 62 515 64 96 302 76 74
internal_value=5.77784e-06 0.0290968 -0.100388 -0.138101 -0.296507 -0.0128337 0.0305429 -0.13468 0.0755908 -0.176326 -0.211624 -0.312109 0.354296 0.0138032 0.287765 0.19686 0.116954 0.0933113 0.0838995 0.0288673 -0.000181983 0.104379 -0.108251 0.0412547 0.230613 0.672493 0.499167 0.161064 0.594314 0.837301
internal_weight=137088 10526 2781 2568 1134 1434 1350 822 7745 509 965 739 213 550 528 460 226 7236 7072 4128 3758 1910 1848 1692 641 126 164 2944 218 150
internal_count=137088 10526 2781 2568 1134 1434 1350 822 7745 509 965 739 213 550 528 460 226 7236 7072 4128 3758 1910 1848 1692 641 126 164 2944 218 150
is_linear=0
shrinkage=0.05


Tree=266
num_leaves=31
num_cat=0
split_feature=15 17 15 22 10 10 12 2 11 12 5 20 21 3 20 21 14 17 14 12 0 15 22 5 11 17 22 0 5 10
split_gain=3857.55 15589.5 14949.4 17284.4 12546.9 18438.5 11426.2 11295.7 11917.7 10647.5 9469.34 10623.9 8674.11 8375.92 16295.5 7976.39 7724.11 7574 10716.4 18970.5 11199.1 13650.2 17376.1 20742.4 11331.5 9913.94 10668.7 9468.03 10432.1 32748.8
threshold=47.000000000000007 31.500000000000004 43.500000000000007 -34.679999999999986 100.51666666666667 84.754166666666677 -0.42261826174069955 -0.073333333333332709 77.831459432840461 -0.89194178735545504 107.29166666666669 -0.14525278519368384 -2.6063142823685221 109.40000000000002 -0.44720051497319058 3.8108030532962691 2.5000000000000004 58.400000000000006 1.5000000000000002 -0.78661891169205822 172.87333333333336 16.500000000000004 -36.439999999999984 135.80083333333337 110.31822510900001 75.500000000000014 -36.069999999999993 91.180000000000021 172.88166666666669 75.037500000000023
decision_type=2 2 2 8 8 10 2 10 2 2 2 10 10 2 10 10 2 2 2 2 2 2 10 2 2 2 10 2 2 10
left_child=2 -2 17 10 5 7 -5 8 -3 -6 -4 -12 -9 -7 -15 -10 -8 -1 20 25 21 22 -19 -24 -23 -20 -27 -21 -29 -30
right_child=1 4 3 6 9 13 16 12 15 -11 11 -13 -14 14 -16 -17 -18 18 19 27 -22 24 23 -25 -26 26 -28 28 29 -31
leaf_value=0.0014851418588740805 -0.89266028691802113 -0.1772777441550385 0.12053924733942206 0.50306757658092993 0.70344938609160879 -0.059739677899784141 -0.49022712879864827 -0.3948683404657794 0.31517706312735877 -0.062159746763799553 1.402484823204577 0.47493612680471309 0.052384194591028437 -1.2528911080638894 -0.32929874704642731 1.112144552336799 0.097081410350812081 1.0730601233479224 -0.086981944226827784 0.42516279217871755 -0.29285625486287498 0.31451752899880825 -0.11376279007542778 1.0641591133289039 -0.26785339595680341 0.15446241293568164 1.04072279222941 -0.29816362101603078 -1.0356074082500795 0.41000042376962642
leaf_weight=132590 57 66 55 101 95 143 92 152 75 87 58 66 378 61 220 54 143 76 122 55 169 137 148 50 214 80 59 1265 51 169
leaf_count=132590 57 66 55 101 95 143 92 152 75 87 58 66 378 61 220 54 143 76 122 55 169 137 148 50 214 80 59 1265 51 169
internal_value=5.48913e-06 -0.0829263 0.000853752 0.26973 -0.0482495 -0.109347 0.0583082 0.0438276 0.369199 0.337471 0.66659 0.90879 -0.0758845 -0.371261 -0.529794 0.648791 -0.132844 -0.000170558 -0.0847676 -0.152233 0.068261 0.165907 0.430378 0.183692 -0.0405462 0.241946 0.530645 -0.219038 -0.242898 0.0748822
internal_weight=137088 1388 135700 515 1331 1149 336 725 195 182 179 124 530 424 281 129 235 135185 2595 1801 794 625 274 198 351 261 139 1540 1485 220
internal_count=137088 1388 135700 515 1331 1149 336 725 195 182 179 124 530 424 281 129 235 135185 2595 1801 794 625 274 198 351 261 139 1540 1485 220
is_linear=0
shrinkage=0.05


Tree=267
num_leaves=31
num_cat=0
split_feature=6 13 21 22 21 12 12 14 21 14 22 9 9 10 22 20 5 5 3 11 12 15 15 13 15 22 7 11 9 22
split_gain=3769.05 17015.8 15694.6 17726.7 16047.9 15766.5 15639.8 14529.1 13014.7 21134.3 14607.5 29535 14424.5 11820.1 27457.4 32166.8 24425.4 23389 24580.6 16981.9 30182.6 13652.2 21597.3 14122.1 34283.2 21145.5 12214.2 11628.5 23228.9 11584.4
threshold=3.5539376362200139 -0.98990318592078541 6.8997808012093715 -64.549999999999983 -3.3925608388653212 0.88186879444286481 -0.47136869107721074 1.0000000180025095e-35 5.9779716223845236 5.5000000000000009 -32.93 237.50000000000003 422.50000000000006 85.941666666666677 -18.729999999999997 -0.57867932918826837 99.571666666666687 158.33500000000004 150.77000000000004 168.70622998100001 -0.7729644631059297 0.12500000000000003 41.500000000000007 0.076279435988900593 2.9800000000000004 -34.82 40.250000000000007 135.96968442800002 687.50000000000011 -29.440000000000001
decision_type=2 2 10 8 8 2 2 2 8 2 10 2 2 10 10 8 2 2 2 2 2 2 2 2 2 10 2 2 2 8
left_child=1 8 4 6 -3 7 -4 -5 9 10 11 -1 -13 21 15 -15 -16 18 19 27 -21 -6 23 26 -25 -26 -23 28 -17 -10
right_child=-2 2 3 5 13 -7 -8 -9 29 -11 -12 12 -14 14 16 17 -18 -19 -20 20 -22 22 -24 24 25 -27 -28 -29 -30 -31
leaf_value=-0.03243413785425555 -0.0056329473107997428 -0.0081048628605735178 -0.27790272967381913 0.20761166340066528 0.022804958168449751 -0.33175593746123694 0.74029658130059639 -0.089659196371967786 -0.20098051188513635 1.1669926361564327 0.061926136473502737 1.4507579024703732 0.3847456998100468 0.019157491049992977 0.71588725601322956 0.30485411285180747 -0.34599502861118792 -0.080041520639851288 1.6273457108708946 1.671175243676855 0.38289988216593729 -0.00094061807442901541 -0.19816192516907791 1.6219527907058842 1.0195957126141322 0.087565479837989402 0.4174798928401236 -0.08616329879887337 1.4382074835083702 0.2170793547281954
leaf_weight=119 93736 22598 55 458 10807 602 120 4008 310 68 422 84 51 664 64 254 352 148 55 78 109 452 287 61 82 236 284 113 55 356
leaf_count=119 93736 22598 55 458 10807 602 120 4008 310 68 422 84 51 664 64 254 352 148 55 78 109 452 287 61 82 236 284 113 55 356
internal_value=5.21461e-06 0.0121961 0.00645258 -0.0744677 0.0180132 -0.0915519 0.420291 -0.0591733 0.183043 0.326767 0.242247 0.541835 1.04804 0.0598696 0.176158 0.277279 -0.182629 0.488354 0.615045 0.523622 0.920255 0.0418487 0.188643 0.288207 0.536178 0.3279 0.160515 0.347862 0.506584 0.0224869
internal_weight=137088 43352 41942 5243 36699 5068 175 4466 1410 744 676 254 135 14101 1892 1476 416 812 664 609 187 12209 1402 1115 379 318 736 422 309 666
internal_count=137088 43352 41942 5243 36699 5068 175 4466 1410 744 676 254 135 14101 1892 1476 416 812 664 609 187 12209 1402 1115 379 318 736 422 309 666
is_linear=0
shrinkage=0.05


Tree=268
num_leaves=31
num_cat=0
split_feature=5 20 10 21 16 21 15 22 12 0 0 22 2 4 22 10 3 4 4 10 11 22 13 16 1 3 14 18 9 14
split_gain=3904.71 6763.04 7117.53 10260 17999.9 14551 14737.5 9499.04 10786.2 9324.65 8847.16 8637.95 9013.33 8513.98 9725.45 17940.6 10051.2 8222.94 8061.27 7083.65 7024.3 15160.7 19861.4 13916.9 16832.4 13622.5 14616.9 12998.5 19434.3 19354.1
threshold=95.201666666666682 -1.3024052539028357 93.304166666666688 -1.6095238095238142 13.437500000000002 1.2412249845080938 32.500000000000007 -49.619999999999997 0.39271506111191362 169.05333333333337 118.38000000000001 10.630000000000001 -0.37599999999999972 1.2520809341307266 -41.189999999999976 103.90000000000002 99.203333333333347 18.655514287559061 1.0851236477562003 80.604166666666686 196.23981478586006 -28.129999999999992 -0.31107263240371763 61.500000000000007 0.72000000000000042 117.10333333333337 3.5000000000000004 37.500000000000007 87.500000000000014 3.5000000000000004
decision_type=2 8 10 8 2 8 2 8 2 2 2 8 10 2 10 10 2 2 2 10 2 8 2 2 10 2 2 2 2 2
left_child=-1 2 3 4 7 10 9 8 -2 -7 -5 12 17 -14 15 -15 -16 -4 -9 -8 -3 22 -22 24 -24 26 -23 28 29 -27
right_child=1 20 11 5 -6 6 19 18 -10 -11 -12 -13 13 14 16 -17 -18 -19 -20 -21 21 25 23 -25 -26 27 -28 -29 -30 -31
leaf_value=-0.030506117661694254 1.2405162298530341 0.0037289462255133653 -0.093450686853379011 -0.154334240318276 -0.46617515370883844 -0.0064693675290479827 0.95591519787052615 0.78648582348283735 0.22136273610371129 0.57472750135290795 -0.68226217073623585 0.78926625522700222 -0.15280450220055442 1.2585089940031371 -0.2951656645635764 0.2398135036522267 0.43483200147747997 0.54845939153119139 0.14251500305966433 0.18067335460269662 -0.15120290670107028 -0.23110733047874199 0.063330270603194613 0.64981708598547971 -0.30907737075774033 0.10754785555734042 0.081061131619710111 -0.23698692490905524 0.074389329909915078 0.77846891590252454
leaf_weight=9741 50 111665 400 400 94 2465 61 53 54 71 99 55 85 75 75 102 127 57 585 57 4199 791 1960 87 359 213 713 250 1928 217
leaf_count=9741 50 111665 400 400 94 2465 61 53 54 71 99 55 85 75 75 102 127 57 585 57 4199 791 1960 87 359 213 713 250 1928 217
internal_value=4.95375e-06 0.0023388 0.0595454 0.0299334 0.185663 -0.0113574 0.0352177 0.26824 0.71134 0.00980231 -0.259073 0.180572 0.144222 0.299455 0.400885 0.671464 0.163793 -0.0133875 0.196011 0.581434 1.79475e-05 -0.0386485 -0.0855713 0.0289703 0.00567855 0.0367223 -0.0831179 0.105833 0.142179 0.446129
internal_weight=137088 127347 4965 3989 836 3153 2654 742 104 2536 499 976 921 464 379 177 202 457 638 118 122382 10717 6605 2406 2319 4112 1504 2608 2358 430
internal_count=137088 127347 4965 3989 836 3153 2654 742 104 2536 499 976 921 464 379 177 202 457 638 118 122382 10717 6605 2406 2319 4112 1504 2608 2358 430
is_linear=0
shrinkage=0.05


Tree=269
num_leaves=31
num_cat=0
split_feature=20 22 14 22 8 22 13 2 11 22 10 16 20 0 11 9 12 9 13 22 22 12 22 21 12 0 22 18 22 12
split_gain=3688.38 11414.7 14190.3 7115.24 10088.2 6561.22 7912.03 4405.28 14116 24616.9 21112.6 24894.6 19741 32826.4 24501.1 39472.8 25374.8 23205 22024.6 23809.5 21999 31609.6 19083.6 19554.4 17884.2 17817 15987.8 15901.6 15082 14831
threshold=3.774112872975913 -77.149999999999977 1.0000000180025095e-35 -51.289999999999992 93.500000000000014 -2.6300000000000021 -0.74455857214455057 0.3453333333333336 177.20532494592166 -43.879999999999988 75.208333333333357 67.750000000000014 0.31252773141979123 128.02000000000004 79.859723976000012 172.50000000000003 -0.23768589232617351 87.500000000000014 -0.93585024503435343 -32.389999999999993 -34.679999999999986 -0.61734245059638981 -38.909999999999982 -1.7226876351876397 0.77296446310593014 192.86000000000004 -75.070000000000007 67.500000000000014 11.100000000000003 0.99275059979806513
decision_type=10 10 2 10 2 10 2 10 2 8 10 2 10 2 2 2 2 2 2 10 10 2 8 10 2 2 8 2 10 2
left_child=7 -2 -3 -4 5 6 -5 -1 10 -10 27 12 13 26 15 16 -14 -18 -15 20 24 -22 23 -17 -20 -13 -12 -9 -24 -16
right_child=1 2 3 4 -6 -7 -8 8 9 -11 11 25 14 18 29 22 17 -19 19 -21 21 -23 28 -25 -26 -27 -28 -29 -30 -31
leaf_value=-0.0037654877468094173 0.53208934839429523 -0.82305729169445707 -0.59723550086304289 0.029630527690052991 0.52794481503357449 0.19330239258126902 -0.59474145580914994 -0.041360617219000924 -0.32263172062735568 -0.0036953545173485608 0.89198311469875857 -0.18530013057286854 0.23528132617148093 -0.14624646300868113 0.0094840000897339818 -0.090639632137468729 0.36965374111814397 1.2439776909314784 0.3540995921834349 0.15808854745950229 2.1009271731376646 0.33175509265970948 0.27599389555182346 -1.071056081533432 0.94248519331713521 -1.1551094410189411 0.003873394103065253 0.26285468468485734 -0.48193386725704129 -0.7380498674823277
leaf_weight=111223 58 79 59 100 71 69 103 8300 773 2784 52 280 412 245 6851 158 142 163 929 878 50 51 388 75 150 57 1989 453 79 67
leaf_count=111223 58 79 59 100 71 69 103 8300 773 2784 52 280 412 245 6851 158 142 163 929 878 50 51 388 75 150 57 1989 453 79 67
internal_value=4.70621e-06 -0.130534 -0.210434 -0.090043 -0.00280002 -0.14134 -0.287169 0.00051998 0.0193403 -0.073006 0.0344294 0.074809 0.0860824 0.172504 0.0410418 0.230457 0.491207 0.836915 0.301897 0.355247 0.501947 1.20758 -0.0366249 -0.406224 0.435896 -0.349333 0.0265004 -0.0256164 0.147779 0.00224422
internal_weight=137088 539 481 402 343 272 203 136549 25326 3557 21769 13016 12679 4344 8335 1417 717 305 2303 2058 1180 101 700 233 1079 337 2041 8753 467 6918
internal_count=137088 539 481 402 343 272 203 136549 25326 3557 21769 13016 12679 4344 8335 1417 717 305 2303 2058 1180 101 700 233 1079 337 2041 8753 467 6918
is_linear=0
shrinkage=0.05


Tree=270
num_leaves=31
num_cat=0
split_feature=20 0 9 22 10 20 8 22 5 5 3 17 8 10 12 12 3 17 6 10 10 1 11 10 13 5 3 2 22 22
split_gain=3649.56 8902.79 33605.2 24951.6 16104.2 14080.9 13171.2 12733.7 21557.7 11100.8 11897.3 12154.9 12173.6 10374.2 15359.6 9838.97 20640.3 15642.1 15001.8 14498.7 9425.52 9217.24 8893.3 16195.6 14127.9 8850.18 11450.2 8240.05 8125.46 21550.4
threshold=-0.64523135743531801 116.00666666666667 1322.5000000000002 -58.079999999999991 76.083333333333357 -1.7752876166739306 60.875000000000007 -18.889999999999997 123.44166666666669 116.41833333333336 167.57000000000005 29.500000000000004 0.92500000000000016 94.058333333333351 -0.87137607974597275 -0.61734245059638981 179.87000000000003 0.48750000000000004 3.8611962348004281 80.070833333333354 81.170833333333348 -0.86666666666666614 63.009530961513391 74.141666666666694 -0.39271506111191329 201.92833333333334 152.23666666666671 0.60533333333333306 -69.469999999999985 -70.36999999999999
decision_type=8 2 2 10 10 10 2 10 2 2 2 2 2 10 2 2 2 2 2 10 10 10 2 10 2 2 2 8 10 10
left_child=1 -1 3 9 25 -5 15 -8 -9 -3 11 12 13 -11 -15 16 18 22 -7 -19 -12 -16 24 -24 -17 26 27 -4 29 -2
right_child=28 2 4 5 -6 6 7 8 -10 10 20 -13 -14 14 21 17 -18 19 -20 -21 -22 -23 23 -25 -26 -27 -28 -29 -30 -31
leaf_value=-0.0019467880558502173 0.016876496851879998 0.30440530766992224 -0.14146814765627341 0.91701467591419561 -0.58075423287150785 -0.0049215650760206153 0.24809676200824621 1.6234356698691845 0.24809676200824621 -0.042374913012850526 -0.056892486506680433 -0.7448582434712292 0.50355202834817436 0.18623007550104931 0.17578261195282852 0.24809676200824621 -0.60484384162375682 0.21506224030103441 0.24809676200824621 -0.62442849999330696 0.63337856512516744 -0.50692403484842086 0.24809676200824621 0.048021328637375335 -0.079164912687573197 0.50113676371899518 -0.71165743309368457 0.50799104053941047 -0.0084374114636529673 0.30191481647362944
leaf_weight=24509 6033 194 511 57 242 596 352 50 50 1137 102 77 79 121 56 102 77 78 1350 151 96 422 778 1701 1193 55 82 54 96038 745
leaf_count=24509 6033 194 511 57 242 596 352 50 50 1137 102 77 79 121 56 102 77 78 1350 151 96 422 778 1701 1193 55 82 54 96038 745
internal_value=6.8463e-06 0.0141371 0.0545142 0.0848641 -0.22902 0.134584 0.1277 0.38802 0.885934 -0.0573963 -0.0909797 -0.129571 -0.103468 -0.131092 -0.299491 0.108174 0.198046 0.062755 0.229815 -0.338488 0.277784 -0.426942 0.0871017 0.142577 -0.0190932 -0.107767 -0.159528 -0.0793959 -0.00470325 0.0482063
internal_weight=137088 34272 9763 8819 944 6535 6478 452 100 2284 2090 1892 1815 1736 599 6026 2023 4003 1946 229 198 478 3774 2479 1295 702 647 565 102816 6778
internal_count=137088 34272 9763 8819 944 6535 6478 452 100 2284 2090 1892 1815 1736 599 6026 2023 4003 1946 229 198 478 3774 2479 1295 702 647 565 102816 6778
is_linear=0
shrinkage=0.05


Tree=271
num_leaves=31
num_cat=0
split_feature=6 13 21 22 21 12 14 21 14 22 9 9 12 11 22 19 10 22 20 9 9 11 12 13 0 22 15 15 13 15
split_gain=3657.96 15460.4 14060.6 16000 14596.1 14152.1 13164.4 11680.8 18951.7 13220 26619.7 13083 11674.1 10699.9 11024 10670.8 10593.5 25005.3 26283.1 22462.4 45405.3 29745.4 23391.1 16897.8 14650.7 12293.2 12211.8 19616.4 12740.3 30948.1
threshold=3.5539376362200139 -0.98990318592078541 6.8997808012093715 -63.699999999999996 -3.3925608388653212 0.88186879444286481 1.0000000180025095e-35 5.9779716223845236 5.5000000000000009 -32.93 237.50000000000003 422.50000000000006 -0.47136869107721074 1.0000000180025095e-35 -22.869999999999994 -0.16533333333333358 85.941666666666677 -12.909999999999998 -0.57867932918826837 692.50000000000011 782.50000000000011 162.48812430800004 -0.83743052905771542 -0.41268247579971828 110.00666666666667 -29.564999999999994 0.12500000000000003 41.500000000000007 0.076279435988900593 2.9800000000000004
decision_type=2 2 10 8 8 2 2 8 2 10 2 2 2 2 8 10 10 10 8 2 2 2 2 2 2 10 2 2 2 2
left_child=1 7 4 12 -3 6 -5 8 9 10 -1 -12 -4 14 15 -2 26 18 -18 21 -21 23 -23 25 -19 -20 -6 28 -28 -30
right_child=13 2 3 5 16 -7 -8 -9 -10 -11 11 -13 -14 -15 -16 -17 17 24 19 20 -22 22 -24 -25 -26 -27 27 -29 29 -31
leaf_value=-0.029109982948969396 -0.24601882147686768 -0.0073389638174193202 -0.20496187091239021 0.19789817574188442 0.022416560958100216 -0.31430059773012053 -0.085110358353355786 0.022847492604547215 1.1067712646059913 0.059533166883389749 1.380188227551324 0.3649553258337227 0.64910884644301947 -0.0021834365150920619 -0.42291844524363892 -0.02068853314652112 0.028896739394072769 0.37799802637816254 0.042328083297101471 2.091180406151147 0.31930079748854046 1.574956658414342 0.41489138591568919 -0.099172404757700866 -0.40896086703182438 0.86104722619773111 0.15286582527839093 -0.18937795101198487 1.5412891044899761 0.31179003920757548
leaf_weight=119 665 22598 58 458 10807 602 3996 666 68 422 84 51 129 90333 235 2503 717 77 82 58 96 71 112 320 255 104 736 287 61 318
leaf_count=119 665 22598 58 458 10807 602 3996 666 68 422 84 51 129 90333 235 2503 717 77 82 58 96 71 112 320 255 104 736 287 61 318
internal_value=9.22175e-05 0.0121021 0.00662738 -0.0699648 0.0175697 -0.0867628 -0.0560089 0.174953 0.311113 0.231076 0.51608 0.996656 0.38421 -0.00546224 -0.0924983 -0.067988 0.0574879 0.167577 0.251433 0.440707 0.986632 0.318686 0.864971 0.121116 -0.226443 0.500107 0.0404277 0.179262 0.27415 0.509678
internal_weight=137088 43352 41942 5243 36699 5056 4454 1410 744 676 254 135 187 93736 3403 3168 14101 1892 1560 843 154 689 183 506 332 186 12209 1402 1115 379
internal_count=137088 43352 41942 5243 36699 5056 4454 1410 744 676 254 135 187 93736 3403 3168 14101 1892 1560 843 154 689 183 506 332 186 12209 1402 1115 379
is_linear=0
shrinkage=0.05


Tree=272
num_leaves=31
num_cat=0
split_feature=15 17 17 5 22 11 22 16 6 22 12 20 22 5 18 14 14 12 5 5 14 10 10 12 10 7 17 13 5 22
split_gain=3665.78 11020.2 18032 17144.8 14261.3 13081 12555.7 12227.8 31329.3 18509.2 17841.4 19161.9 18559.7 17058.9 18447.9 16920.9 18741.7 15720.4 18127.7 15611.2 35082.2 21347.3 18609.9 15569.7 14104.4 15589.5 13850.9 14240.6 13714.1 13787.3
threshold=13.437500000000002 9.8000000000000025 19.600000000000005 196.56500000000003 -35.499999999999993 136.92973273925978 -17.980000000000008 19.500000000000004 26.903303259931374 -36.249999999999993 -0.39271506111191307 -1.4411273332751289 -37.410000000000004 116.13833333333335 87.000000000000014 1.5000000000000002 5.5000000000000009 0.58244304235731448 104.9616666666667 147.04833333333337 4.5000000000000009 81.606250000000017 88.612500000000026 0.56457333468532445 105.15000000000002 327.00000000000006 55.500000000000007 -0.66746801135786449 97.668333333333365 -50.47999999999999
decision_type=2 2 2 2 10 2 10 2 2 10 2 10 10 2 2 2 2 2 2 2 2 10 8 2 8 2 2 2 2 10
left_child=-1 4 3 -3 5 -2 -6 8 28 10 11 -9 13 17 15 -15 -17 18 -12 -11 22 -22 26 -24 25 -13 27 -21 29 -4
right_child=1 2 7 -5 6 -7 -8 9 -10 19 12 24 -14 14 -16 16 -18 -19 -20 20 21 -23 23 -25 -26 -27 -28 -29 -30 -31
leaf_value=0.002215603428147246 0.29728080232938131 -0.18433140941693513 0.94636754611363783 -0.99530114430402006 1.0110457193002933 -0.82506277677416806 0.22115895490714177 -0.9588043864673147 -1.324354606192067 -0.00206351841758341 0.29009190203151525 -0.097423151349050746 0.93012695721117788 0.60359773840414499 -0.54901145108044147 -0.14152719245609294 0.66535815870326553 -0.34115702222813582 1.0397610487848306 0.95818479709131155 -0.23095228104822096 -1.4394299718226946 -0.1414380966248561 -1.2186600599803177 0.72629247418980103 0.63212301392614112 -0.30795915888156744 0.069828976784740482 -0.15656940047076326 0.060322364168703985
leaf_weight=128391 54 945 52 70 72 50 167 52 53 2719 194 763 96 164 105 376 89 51 138 76 62 89 98 51 67 81 96 111 1474 282
leaf_count=128391 54 945 52 70 72 50 167 52 53 2719 194 763 96 164 105 376 89 51 138 76 62 89 98 51 67 81 96 111 1474 282
internal_value=8.76066e-05 -0.0313273 -0.0427319 -0.24026 0.24644 -0.242307 0.459116 -0.0154133 -0.126143 0.022204 0.135421 -0.0252629 0.262988 0.205651 0.0645047 0.16692 0.0129089 0.476151 0.601701 -0.0524054 -0.28719 -0.943234 -0.0578787 -0.510152 0.0280238 -0.0274075 0.180244 0.430872 -0.0910184 0.19827
internal_weight=137088 8697 8354 1015 343 104 239 7339 1861 5478 2176 963 1213 1117 734 629 465 383 332 3302 583 151 432 149 911 844 283 187 1808 334
internal_count=137088 8697 8354 1015 343 104 239 7339 1861 5478 2176 963 1213 1117 734 629 465 383 332 3302 583 151 432 149 911 844 283 187 1808 334
is_linear=0
shrinkage=0.05


Tree=273
num_leaves=31
num_cat=0
split_feature=3 21 19 15 13 21 20 11 11 12 22 22 10 20 13 2 2 9 14 19 12 10 14 18 22 22 10 10 14 3
split_gain=3670.89 22296.6 16846 15383.1 18469.6 15741.6 15216.1 22728.3 14672 16387.3 19342.3 45643.5 20168.6 19185.7 21460.2 16288.2 16283.7 16107.2 15613.7 21769.5 15370.3 23401.7 18962.5 15307.2 15284.8 36075.9 24370.6 24247.2 26459 23356.3
threshold=156.03666666666669 9.037910062169134 1.1733333333333349 13.937500000000002 -0.89194178735545482 42.129565946873647 -0.29403757983087703 1.0000000180025095e-35 134.96176945872546 -0.50938662908026078 -43.879999999999988 -54.849999999999994 77.868333333333354 0.23830868545644526 0.33172980431441496 0.57199999999999929 1.9986666666666675 562.50000000000011 4.5000000000000009 0.50666666666666849 -0.98279651670771895 86.608333333333363 5.5000000000000009 0.30500000000000005 -78.529999999999987 -68.739999999999981 75.037500000000023 74.503333333333345 3.5000000000000004 235.05000000000004
decision_type=2 10 10 2 2 10 10 2 2 2 10 10 10 10 2 10 10 2 2 8 2 8 2 2 10 10 10 8 2 2
left_child=-1 6 3 5 -5 -3 7 -2 9 13 11 18 -13 14 15 -8 -12 -16 -11 -20 21 22 -15 -14 27 -26 -27 -22 -29 -28
right_child=1 2 -4 4 -6 -7 8 -9 -10 10 16 12 23 20 17 -17 -18 -19 19 -21 24 -23 -24 -25 25 26 29 28 -30 -31
leaf_value=-0.0045578174476857917 -0.9641490516417166 0.12081630823442172 0.69374270811676986 -0.58425117152671013 0.073545568069586384 -0.52821936972831429 -0.038744986431270279 0.098142212725721281 -0.12982478390620922 -0.12328807182215705 -0.0093302474214234099 -0.30529703385895118 -0.48838595881313085 -0.23705692845718429 0.56970818706292736 0.600718825828221 0.34907182235848216 -0.36583709681735321 0.026677934976495479 0.74688061170344211 1.0389147384976498 0.26507497033736577 -1.0999673792885412 -1.3010839273739192 -0.45860922233441048 -0.068568616856950163 0.10856684310526554 -0.43380009969261207 0.8111308342134449 0.54464477392438371
leaf_weight=103717 51 5627 117 181 260 95 638 3965 2722 2484 8633 520 125 550 470 118 329 51 1099 116 99 218 72 108 350 1810 2023 107 71 362
leaf_count=103717 51 5627 117 181 260 95 638 3965 2722 2484 8633 520 125 550 470 118 329 51 1099 116 99 218 72 108 350 1810 2023 107 71 362
internal_value=8.32264e-05 0.0145076 0.0993938 0.0881105 -0.196434 0.110041 -0.00516999 0.084652 -0.0208027 -0.00622216 -0.0384906 -0.123677 -0.478512 0.0561571 0.231222 0.0610655 0.00382689 0.478129 -0.0514437 0.095438 0.0166731 -0.180705 -0.336944 -0.865087 0.0510568 0.0290802 0.0697695 0.411647 0.0627735 0.174756
internal_weight=137088 33371 6280 6163 441 5722 27091 4016 23075 20353 13414 4452 753 6939 1277 756 8962 521 3699 1215 5662 840 622 233 4822 4545 4195 277 178 2385
internal_count=137088 33371 6280 6163 441 5722 27091 4016 23075 20353 13414 4452 753 6939 1277 756 8962 521 3699 1215 5662 840 622 233 4822 4545 4195 277 178 2385
is_linear=0
shrinkage=0.05


Tree=274
num_leaves=31
num_cat=0
split_feature=1 13 9 10 2 18 22 16 0 5 12 9 10 9 2 22 11 19 21 9 12 4 21 11 5 21 9 22 3 5
split_gain=3678.44 22419.9 15994.2 17085.7 15429.1 21972.8 14278.5 23749 12383.5 12266.9 12103.9 20600.3 14439 12590.3 15323.5 11890.4 23869.3 11719.3 11279.3 11789.3 13539.3 12055.6 10804.8 10945 12926.1 9926.27 10923.2 16879.3 9328.04 9104.64
threshold=-0.97599999999999942 0.34202014332566844 102.50000000000001 72.372222222222248 -1.092666666666666 31.500000000000004 -68.739999999999981 12.500000000000002 257.78000000000003 145.77111111111114 -0.098011308799811112 72.500000000000014 71.070833333333354 42.500000000000007 -1.3206666666666667 -69.469999999999985 67.463221374017067 -0.42400000000000032 6.7638304895388979 192.50000000000003 -0.48098876891938752 12.639959915321151 -13.180837061209223 63.444751175549726 174.9677777777778 12.665729869809875 352.50000000000006 -29.819999999999993 182.30000000000004 294.63333333333338
decision_type=8 2 2 10 10 2 8 2 2 2 2 2 10 2 10 8 2 10 10 2 2 2 10 2 2 10 2 10 2 2
left_child=1 2 6 15 5 8 7 -1 18 -8 13 12 -12 14 -11 16 -4 -13 -5 20 -20 -22 23 24 -17 26 27 -3 -25 -6
right_child=-2 25 3 4 29 -7 9 -9 -10 10 11 17 -14 -15 -16 22 -18 -19 19 -21 21 -23 -24 28 -26 -27 -28 -29 -30 -31
leaf_value=0.31744288974650536 -0.0022829485027638257 -0.099389671746969319 -0.11621685958114164 -0.38437602237184743 -0.031441662957136914 0.67274520146134109 -0.025348232340992084 -0.84403498318820902 0.18449226142438646 -1.069416249908653 -0.13893455874513497 -0.33138601673407514 0.73707262514990113 0.17361763743612602 0.053942691802978518 -0.23592238740148869 1.3310010847502523 0.26497762329148927 0.37430395192083193 -0.3625983708378242 0.43208298176527027 -0.29333744152079499 0.21472258691683535 -0.19478644882098284 0.43969355736588761 0.44442753337218943 0.24849115459691201 0.20388535367787919 -1.0298276743590831 0.55763644261066536
leaf_weight=78 126562 977 58 1014 1853 69 814 101 163 51 55 114 325 393 75 165 56 297 170 367 70 315 492 101 124 249 997 865 50 68
leaf_count=78 126562 977 58 1014 1853 69 814 101 163 51 55 114 325 393 75 165 56 297 170 367 70 315 492 101 124 249 997 865 50 68
internal_value=7.9065e-05 0.0284793 -0.0185388 -0.0676409 -0.11377 -0.205195 0.0909441 -0.337916 -0.234055 0.127086 0.221805 0.344915 0.610282 0.0341757 -0.40075 0.112685 0.594697 0.0995629 -0.269295 -0.14273 0.0026598 -0.161443 0.0537269 -0.126295 0.0539613 0.141731 0.115182 0.0430278 -0.47129 -0.0105893
internal_weight=137088 10526 7438 5135 4089 2168 2303 179 2099 2124 1310 791 380 519 126 1046 114 411 1936 922 555 385 932 440 289 3088 2839 1842 151 1921
internal_count=137088 10526 7438 5135 4089 2168 2303 179 2099 2124 1310 791 380 519 126 1046 114 411 1936 922 555 385 932 440 289 3088 2839 1842 151 1921
is_linear=0
shrinkage=0.05


Tree=275
num_leaves=31
num_cat=0
split_feature=20 6 13 2 3 22 20 22 13 5 13 9 8 5 22 10 9 14 12 13 5 1 12 22 10 18 6 13 6 10
split_gain=3709.55 10433.2 10975.6 8042.2 7962.14 15657 19779.5 71692.9 16521.4 16238.6 18968 13649.9 20064.9 33793.6 21416.2 20323.7 12194.5 12342.1 23063.6 20732 18100.1 16619.7 12119.3 20684.9 13158.7 14853.5 21047.3 13071.8 17707.3 21341.3
threshold=-0.94778272947264008 37.345984246274824 0.91080963307804863 0.33466666666666672 115.20833333333336 -26.700000000000003 -0.55123890259000119 -25.27 -0.98658463173998423 125.39083333333335 -0.564573334685324 302.50000000000006 23.450000000000003 143.3416666666667 -15.200000000000001 82.941666666666677 12.500000000000002 2.5000000000000004 0.83743052905771564 -0.47136869107721074 153.66833333333335 -0.06666666666666618 -0.9927505997980649 -79.379999999999981 85.941666666666677 40.500000000000007 14.252405006820814 -0.92794370089704259 8.5193053451924943 69.270833333333357
decision_type=8 2 2 10 2 8 8 8 2 2 2 2 2 2 8 10 2 2 2 2 2 10 2 10 10 2 2 2 2 8
left_child=1 2 3 -1 -2 16 7 -7 11 -9 -11 12 14 -14 -8 -15 17 19 -19 21 -20 -6 23 -18 25 -25 -27 28 -24 -30
right_child=4 -3 -4 -5 5 6 8 9 -10 10 -12 -13 13 15 -16 -17 22 18 20 -21 -22 -23 27 24 -26 26 -28 -29 29 -31
leaf_value=0.020121476912675684 -0.027397684079663167 0.4454635801588322 -0.11008913216125898 0.17225959831532867 0.28215891450263891 1.5083191352099488 0.21424458703038313 0.29308709413909123 0.014527569749968834 -0.27231801967449987 0.14519998947556578 0.63112457065643479 0.21424458703038313 0.49491536252200607 -0.399791435101993 1.9002085299424405 -0.92834916352471231 -0.13040808295609563 1.2230488582003503 0.042804138899319152 -0.022975763841108846 1.0619200347622566 -0.22634228590884234 -0.28746871443075694 0.048931685287432879 -0.24230754679959754 0.94392582584941198 -0.0025033366218668025 0.45933838386018655 -0.055035298617231901
leaf_weight=17502 26572 143 1569 914 157 97 318 785 28462 416 786 168 196 50 237 53 79 597 62 349 55 121 1558 965 822 92 63 49902 213 3785
leaf_count=17502 26572 143 1569 914 157 97 318 785 28462 416 786 168 196 50 237 53 79 597 62 349 55 121 1558 965 822 92 63 49902 213 3785
internal_value=7.51117e-05 0.0199018 0.0168567 0.0276722 -0.00333692 0.0037364 0.0321422 0.181009 0.02162 0.116214 0.000701244 0.219138 0.138092 0.468286 -0.0397971 1.21803 -0.0115087 0.13754 -0.00460541 0.29941 0.637311 0.621551 -0.014986 -0.135255 -0.102992 -0.214493 0.239839 -0.0106032 -0.0833533 -0.0276312
internal_weight=137088 20128 19985 18416 116960 90388 31568 2084 29484 1987 1202 1022 854 299 555 103 58820 1341 714 627 117 278 57479 2021 1942 1120 155 55458 5556 3998
internal_count=137088 20128 19985 18416 116960 90388 31568 2084 29484 1987 1202 1022 854 299 555 103 58820 1341 714 627 117 278 57479 2021 1942 1120 155 55458 5556 3998
is_linear=0
shrinkage=0.05


Tree=276
num_leaves=31
num_cat=0
split_feature=20 14 0 9 13 8 5 10 12 11 11 10 12 10 0 3 10 22 10 14 13 19 2 11 13 22 9 1 21 3
split_gain=3728.49 10556 17130.2 15835.8 14862.5 15406 14767.9 25525.8 20409.9 32619.5 19991.8 15997.1 16874.4 13601.3 30966.7 16103.8 13385.4 13203 15698.7 18515.9 16626.7 12577.5 16341.4 12605.1 12165.3 11968.3 29903.6 17761 31329.5 17403.7
threshold=1.1053750793047967 2.5000000000000004 251.18000000000004 472.50000000000006 0.087155742747658027 31.500000000000004 322.5533333333334 80.604166666666686 -0.47136869107721074 73.914641523000014 116.88900124550294 70.670833333333348 -0.20576496797711577 91.27222222222224 178.85333333333338 226.17000000000002 80.21250000000002 -60.530000000000008 79.109722222222231 1.5000000000000002 -0.69930991848440816 -1.2773333333333319 2.1900000000000008 304.02921628952032 -0.087155742747658124 -65.299999999999983 67.500000000000014 3.5906666666666678 5.5894005641125384 157.25666666666672
decision_type=8 2 2 2 2 2 2 8 2 2 2 10 2 8 2 2 10 10 8 2 2 8 10 2 2 8 2 10 10 2
left_child=-1 2 4 6 5 24 8 -8 9 -4 16 -10 -13 15 -15 -6 -11 -7 19 -19 -21 22 -3 25 -2 26 -23 29 -29 -27
right_child=1 21 3 -5 13 17 7 -9 11 10 -12 12 -14 14 -16 -17 -18 18 -20 20 -22 23 -24 -25 -26 27 -28 28 -30 -31
leaf_value=0.003251786092826222 -0.13621675544747408 -0.14315019503109536 -0.21432906662585674 -0.31864880515748395 0.041976544350393906 0.43572237494050481 -0.94849898228278529 0.21646478280425072 0.76305498430102148 0.76764959356059204 0.26790969898735267 -0.73254302737571431 0.16541542417220612 -0.032347524315255748 0.68864808804021704 -0.68816387529174494 1.6978354185819626 0.031952476705858865 -0.066961535719945661 1.3095411283089156 0.12435076017424745 0.28182926917768486 -0.93500632401969708 -0.68715567794677457 -0.62208849769895502 -0.1103070772763553 -0.44315879628175203 -1.1221910226667666 0.22860592766241594 0.03955714038954776
leaf_weight=119254 1939 236 77 138 2374 183 65 170 97 69 69 59 462 340 265 78 88 253 1141 67 53 198 90 76 138 3017 505 97 77 5413
leaf_count=119254 1939 236 77 138 2374 183 65 170 97 69 69 59 462 340 265 78 88 253 1141 67 53 198 90 76 138 3017 505 97 77 5413
internal_value=6.30048e-05 -0.02126 0.0207905 0.187597 -0.0108078 -0.0771852 0.248032 -0.105759 0.338304 0.674455 0.97727 0.173492 0.0637272 0.0711381 0.28346 0.0187502 1.28903 0.034576 -0.0139113 0.274568 0.786082 -0.0564501 -0.361761 -0.0458425 -0.168499 -0.0406056 -0.238966 -0.0243984 -0.524425 -0.0140775
internal_weight=137088 17834 8125 1294 6831 3774 1156 235 921 303 226 618 521 3057 605 2452 157 1697 1514 373 120 9709 326 9383 2077 9307 703 8604 174 8430
internal_count=137088 17834 8125 1294 6831 3774 1156 235 921 303 226 618 521 3057 605 2452 157 1697 1514 373 120 9709 326 9383 2077 9307 703 8604 174 8430
is_linear=0
shrinkage=0.05


Tree=277
num_leaves=31
num_cat=0
split_feature=16 18 6 16 16 16 15 18 13 8 22 22 0 6 15 20 19 20 18 21 9 13 1 12 2 22 3 6 8 2
split_gain=3658.87 6920.58 11451.4 7338.23 6910.66 7019.61 10298.8 8626.71 8326.26 6115.25 6135.34 9049.42 6243.57 5978.98 7736.95 10530.1 5549.98 4419.33 10175.1 13959.6 12404.3 14065.9 20250.6 15613.1 19289.8 16418.3 18537 18052.5 12672.3 12443.8
threshold=174.50000000000003 104.50000000000001 25.301081297335561 107.00000000000001 97.500000000000014 89.000000000000014 80.000000000000014 93.375000000000014 0.054511258297739194 417.00000000000006 -37.309999999999988 -32.389999999999993 185.40666666666669 19.193288441667402 237.50000000000003 1.4288458051520367 0.29333333333333295 2.0371132148740947 29.500000000000004 -4.3350623929882621 77.500000000000014 -0.95688340256707749 1.7173333333333334 0.49049438445969384 2.1900000000000008 -16.569999999999993 191.80666666666673 26.042071671867902 93.500000000000014 0.36222222222222228
decision_type=2 2 2 2 2 2 2 2 2 2 10 10 2 2 2 10 10 8 2 10 2 2 8 2 8 8 2 2 2 10
left_child=1 3 9 4 5 6 7 17 -9 10 12 -12 -3 14 15 -2 -13 -1 20 -20 28 22 -22 24 -23 26 29 -27 -19 -25
right_child=13 2 -4 -5 -6 -7 -8 8 -10 -11 11 16 -14 -15 -16 -17 -18 18 19 -21 21 23 -24 25 -26 27 -28 -29 -30 -31
leaf_value=0.0020169309891693065 0.44578043437734438 -0.53020721404890347 -0.83540789414535865 0.43308879763496172 -0.57602819635604441 0.50467461088429333 -0.58946611236881574 -0.19897337786707225 0.55325283866404795 0.31400591851699922 0.089844789517885298 -0.10193718693715831 0.029471786667222846 0.66997191309928894 -0.41139708541570202 -0.31461242075149831 -0.5555142747024181 0.062576295882647223 -0.75631918013095856 -0.12751928230246165 -0.48389046929690532 0.059235913608831715 0.5833471089893697 -1.5765682381157782 -0.67545392196024623 -0.13306954641978061 -0.2483136184973298 0.92170089942216882 0.60184236149919235 -0.46653309386968617
leaf_weight=129446 152 157 55 98 52 69 74 51 132 84 188 300 73 50 63 65 87 1419 99 814 346 2272 51 51 93 215 314 50 118 50
leaf_count=129446 152 157 55 98 52 69 74 51 132 84 188 300 73 50 63 65 87 1419 99 814 346 2272 51 51 93 215 314 50 118 50
internal_value=4.26858e-05 -0.000358573 -0.135271 0.000579159 0.000266845 0.000487739 0.000231175 0.000553173 0.343616 -0.0919552 -0.134316 -0.0470149 -0.35257 0.166332 0.0763957 0.218013 -0.203904 8.92941e-05 -0.0422605 -0.195702 -0.0141238 -0.066861 -0.346789 -0.0303646 0.0303454 -0.24151 -0.437836 0.0659437 0.103977 -1.02705
internal_weight=137088 136758 944 135814 135716 135664 135595 135521 183 889 805 575 230 330 280 217 387 135338 5892 913 4979 3442 397 3045 2365 680 415 265 1537 101
internal_count=137088 136758 944 135814 135716 135664 135595 135521 183 889 805 575 230 330 280 217 387 135338 5892 913 4979 3442 397 3045 2365 680 415 265 1537 101
is_linear=0
shrinkage=0.05


Tree=278
num_leaves=31
num_cat=0
split_feature=21 20 11 9 22 12 13 0 13 0 5 12 14 3 9 10 5 11 22 13 9 3 10 13 8 10 22 22 5 12
split_gain=3644.73 5759.3 8212.5 6979.17 4733.43 23626.3 39250.9 22388.7 21946.8 13844.5 11115.6 9755.58 8720.17 8774.04 7620.65 7019.99 5966.09 4707.41 20491.8 14285 15065.7 13373 12722.7 16270.5 12557.1 17262.8 12421.1 22676 19708.2 15934.2
threshold=-19.219860199511739 -0.37436203028689391 66.408199812500001 887.50000000000011 20.330000000000005 0.77296446310593014 -0.27982901403099208 206.02000000000004 0.52803643325367278 149.78000000000003 66.465000000000018 -0.43245347597985068 1.0000000180025095e-35 115.47333333333334 1007.5000000000001 86.270833333333343 144.97000000000003 121.52027564747299 -1.9200000000000228 0.098011308799811445 22.500000000000004 91.870000000000019 114.51666666666667 0.3007057995042734 75.500000000000014 97.316666666666691 -86.980000000000018 -79.379999999999981 149.23166666666671 0.30070579950427329
decision_type=8 10 2 2 10 2 2 2 2 2 2 2 2 2 2 10 2 2 10 2 2 2 10 2 2 8 8 8 2 2
left_child=1 2 -1 -3 17 7 -7 8 9 10 -6 -10 -12 -14 -8 -11 -15 22 26 20 -20 -21 -2 -24 -22 -26 -19 28 -28 -30
right_child=4 3 -4 -5 5 6 14 -9 11 15 12 -13 13 16 -16 -17 -18 18 19 21 24 -23 23 -25 25 -27 27 -29 29 -31
leaf_value=-0.054902128380604598 0.0077236344324632241 -0.065503529036248107 0.21002341089974436 -0.3652163104352793 -0.45761244195699691 1.7635744121615535 0.52805488860165628 -0.99331775035287417 0.91595964727990598 -0.092221800919010569 -0.23176550122738726 0.22711901621134195 0.96272353546799361 -0.18225962948380858 -0.31590722298847057 -0.75631611183836911 0.51129089295864105 0.49454669976426713 -0.51428342028922847 0.21964472345302277 -0.092943660485847027 -0.55866067947084719 -1.1474427171051502 -0.13167643355079955 0.16164808764380328 1.1313046782396057 -0.042309335998884617 -0.0013868134863726023 -1.2018679098441052 -0.37840731504584563
leaf_weight=816 92463 2445 456 211 75 54 54 53 83 67 71 135 53 57 53 98 68 124 197 66 1464 337 52 163 77 55 365 36560 78 238
leaf_count=816 92463 2445 456 211 75 54 54 53 83 67 71 135 53 57 53 98 68 124 197 66 1464 337 52 163 77 55 365 36560 78 238
internal_value=5.3312e-05 -0.047415 0.0400712 -0.0893135 0.00145355 0.114413 0.664627 -0.00214594 0.0721569 -0.113846 0.0760094 0.489384 0.236739 0.423614 0.110018 -0.486654 0.195032 0.000666828 -0.0137721 -0.162209 -0.101751 -0.431196 0.00683032 -0.37735 -0.0508307 0.41624 -0.00504824 -0.00671173 -0.292584 -0.581667
internal_weight=137088 3928 1272 2656 133160 921 161 760 707 489 324 218 249 178 107 165 125 132239 39561 2196 1793 403 92678 215 1596 132 37365 37241 681 316
internal_count=137088 3928 1272 2656 133160 921 161 760 707 489 324 218 249 178 107 165 125 132239 39561 2196 1793 403 92678 215 1596 132 37365 37241 681 316
is_linear=0
shrinkage=0.05


Tree=279
num_leaves=31
num_cat=0
split_feature=5 16 16 10 13 12 10 5 4 10 11 22 22 13 13 22 21 9 17 12 9 18 22 20 9 4 13 22 22 9
split_gain=3601.92 6546.77 15551.9 14475.1 19507.3 15676 9051.29 8566.62 7994.17 7202.84 13792.1 7155.67 15758.6 22781.4 16201.7 13864.2 9587.25 7819.37 7324.54 13060.9 10268.2 11658.3 8606.76 21329.8 25279.1 13864.8 12982 10791.1 18560.4 12898.8
threshold=95.201666666666682 24.750000000000004 15.500000000000002 85.26944444444446 -0.89194178735545482 -0.043619387365335778 91.072222222222237 82.758333333333354 3.4857806394923005 73.802777777777791 95.128189086913906 -63.249999999999993 -70.36999999999999 0.043619387365335889 -0.91080963307804841 -78.07999999999997 -1.4811348857218645 572.50000000000011 21.500000000000004 0.49049438445969384 27.500000000000004 4.8400000000000007 -9.6200000000000028 -1.4411273332751289 717.50000000000011 7.7760212619479931 -0.97854064376158167 -16.569999999999993 -19.790000000000013 192.50000000000003
decision_type=2 2 2 10 2 2 8 2 2 10 2 8 10 2 2 10 10 2 2 2 2 2 8 8 2 2 2 10 8 2
left_child=1 2 11 8 5 7 9 -5 -3 -4 -11 12 15 14 -14 16 -1 -17 20 -20 21 -13 27 24 -24 -25 -27 28 -22 -30
right_child=-2 3 6 4 -6 -7 -8 -9 -10 10 -12 18 13 -15 -16 17 -18 -19 19 -21 22 -23 23 25 -26 26 -28 -29 29 -31
leaf_value=0.85312359678745286 0.002284982888178356 -0.14507704216565162 0.024476233390213431 1.1490134515364965 -0.44384265954514768 -0.26326871966322263 -0.1279556865116708 0.30409614302838844 -0.62913385091106533 1.1497876779972642 0.30408371136989443 0.7862515252269805 0.25339329249802089 -0.14883705055243091 1.3283971595613264 -0.64063042874369669 -0.00070902509614825251 -0.013817938369128011 -0.089888716814504277 -0.91595614455414553 -0.057976048795074668 -0.01660049710995876 0.15081287656919481 0.055679502692241395 1.2280889740830603 -1.01333961465142 -0.16893073863378077 -0.2152213510486658 0.017654955520161563 1.05674018105492
leaf_weight=50 127347 159 87 60 112 60 103 60 184 69 160 80 63 95 79 107 96 93 174 66 4647 104 186 1221 77 55 264 1110 56 64
leaf_count=50 127347 159 87 60 112 60 103 60 184 69 160 80 63 95 79 107 96 93 174 66 4647 104 186 1221 77 55 264 1110 56 64
internal_value=4.34522e-05 -0.0292607 -0.0184363 -0.184485 0.0742468 0.396614 0.27909 0.726555 -0.404746 0.411766 0.558903 -0.0327869 0.136403 0.450496 0.851459 -0.0787411 0.291699 -0.349163 -0.0449584 -0.317057 -0.0366543 0.332466 -0.0454978 0.0500651 0.466213 -0.0210044 -0.314518 -0.0748154 -0.0421218 0.571834
internal_weight=137088 9741 9106 635 292 180 419 120 343 316 229 8687 583 237 142 346 146 200 8104 240 7864 184 7680 1803 263 1540 319 5877 4767 120
internal_count=137088 9741 9106 635 292 180 419 120 343 316 229 8687 583 237 142 346 146 200 8104 240 7864 184 7680 1803 263 1540 319 5877 4767 120
is_linear=0
shrinkage=0.05


Tree=280
num_leaves=31
num_cat=0
split_feature=14 5 22 13 6 22 20 2 3 13 21 22 13 22 22 11 13 0 22 9 13 9 21 0 3 13 21 10 12 9
split_gain=3499.76 34149.1 22702.6 67752 32249.4 26367.8 26329.1 24153.4 24025 24062.8 75693.8 64818.5 22220.8 18515 19417 17257.5 16361.2 15083.2 14944.4 17911.1 17514.8 22567.1 17913.8 15281.6 14717.5 15742.6 15913.1 15890.2 31184.3 15420.6
threshold=5.5000000000000009 228.3116666666667 -59.710000000000001 0.32143946530316164 27.86885607764982 -49.619999999999997 -1.1870979926535512 -1.3206666666666667 134.30333333333337 -0.44228869021900119 -7.3423273711541546 -63.249999999999993 0.17364817766693066 9.0499999999999954 -23.739999999999984 130.15404149515322 0.37256073532439549 99.29000000000002 -77.149999999999977 982.50000000000011 -0.63435554093529922 582.50000000000011 3.8108030532962691 265.42000000000002 122.32333333333335 -0.99512551815703254 5.4578243330840204 91.27222222222224 -0.87137607974597275 357.50000000000006
decision_type=2 2 8 2 2 10 10 10 2 2 10 10 2 10 8 2 2 2 10 2 2 2 10 2 2 2 8 10 2 2
left_child=-1 2 3 4 6 7 -2 -4 -8 -10 -11 -12 17 14 24 -15 -14 -9 -3 20 22 -22 23 -20 25 26 -7 -27 -29 -30
right_child=1 18 5 -5 -6 13 8 12 9 10 11 -13 16 15 -16 -17 -18 -19 19 -21 21 -23 -24 -25 -26 27 -28 28 29 -31
leaf_value=-0.0031621661733071266 1.2727679453577316 -1.1570012610107661 0.66395509923770002 -0.18491150489819758 1.2513223015567632 1.3280629654202547 0.036041031010522633 0.092084342278540135 0.25081890828507331 0.0097535667574813224 0.59108219246069593 3.0084724079098617 0.8401103189639878 0.17881004852337801 -0.054436663966322275 0.88041121311558102 -0.092746097755743495 -0.51840438864504301 0.2401435370162382 -0.97519333958625798 -0.84995679890664366 0.054305082577466968 0.45393066537089466 -0.87128770140501166 0.021812861713516634 0.088660911099568626 0.11233547557802762 1.3401482283101454 -0.058335419295294948 0.75595312058925634
leaf_weight=118099 70 50 73 778 103 57 556 120 391 117 54 57 57 588 5582 103 268 645 59 77 154 125 164 65 6057 2222 51 77 184 85
leaf_count=118099 70 50 73 778 103 57 556 120 391 117 54 57 57 588 5582 103 268 645 59 77 154 125 164 65 6057 2222 51 77 184 85
internal_value=4.12795e-05 0.0199646 0.033024 0.186628 0.401062 0.0128272 0.330719 -0.216528 0.274597 0.488874 0.897116 1.83244 -0.275496 0.0306027 0.0184004 0.28339 0.0708626 -0.422641 -0.324302 -0.259652 -0.162479 -0.444822 0.11104 -0.342462 0.0649568 0.162611 0.753969 0.137741 0.45293 0.198968
internal_weight=137088 18989 18295 2126 1348 16169 1245 1163 1175 619 228 111 1090 15006 14315 691 325 765 694 644 567 279 288 124 8733 2676 108 2568 346 269
internal_count=137088 18989 18295 2126 1348 16169 1245 1163 1175 619 228 111 1090 15006 14315 691 325 765 694 644 567 279 288 124 8733 2676 108 2568 346 269
is_linear=0
shrinkage=0.05


Tree=281
num_leaves=31
num_cat=0
split_feature=1 13 22 22 10 11 10 22 21 9 10 10 9 10 11 11 6 12 22 22 0 0 22 12 6 22 9 14 22 22
split_gain=3507.18 20481.9 16350.7 21946.7 18182.4 14974.7 19920.1 16461.3 15278.3 14627.6 13027.3 12979.9 13954.9 12664.9 13384.4 11749.9 12074.6 11696.6 11236.2 12073.3 10533.1 10151.3 11709.6 10532.1 12770.4 9520.8 10619.9 9844.93 10039.8 16034.5
threshold=-0.97599999999999942 -0.90159026428466893 -0.39999999999999852 -43.000000000000007 100.07222222222224 72.027331000888537 85.26944444444446 -68.739999999999981 7.1977211074166201 252.50000000000003 76.746666666666684 66.916666666666686 67.500000000000014 92.605555555555569 161.08231949749691 62.262162506580204 16.987517342286768 -0.03271713619994817 -70.36999999999999 -86.980000000000018 204.05333333333337 191.58000000000001 -29.440000000000001 -0.15212338618991697 14.049612525094837 -68.739999999999981 132.50000000000003 1.0000000180025095e-35 -61.059999999999988 -35.699999999999996
decision_type=8 2 10 10 8 2 10 8 10 2 10 8 2 10 2 2 2 2 8 10 2 2 10 2 2 8 2 2 10 10
left_child=1 2 3 4 5 10 7 20 -9 -8 -1 -5 17 21 -15 -6 -17 -13 19 -3 -7 23 -23 24 -14 26 -20 28 -27 -30
right_child=-2 18 -4 11 15 6 9 8 -10 -11 -12 12 13 14 -16 16 -18 -19 25 -21 -22 22 -24 -25 -26 27 -28 -29 29 -31
leaf_value=-0.32964023925507302 -0.0022671547737303666 0.42374161837230395 -0.48043902301432673 0.75020416292591374 -0.35139173651519034 1.0618342190980912 -0.64649743615462185 -0.37705218858180906 0.38742221370339397 0.21798610887650788 -1.4599853609586135 0.034317793862508807 -0.46169891076694641 0.74749510294647636 0.022620490233939472 0.97307763445761908 0.070308954414466149 0.7355792974228742 -0.01590707442339729 -0.25952539081893877 0.040567667986832416 0.4062983268822562 -0.33886807759602866 -0.37176240804972877 0.50852712947268819 0.88260360750285072 0.80079057345477256 0.053634719408127654 -0.1074161991880077 0.33974514459118021
leaf_weight=52 126562 76 243 69 69 50 313 254 88 58 50 116 56 93 202 62 92 122 68 433 51 151 81 423 86 55 96 6127 305 585
leaf_count=52 126562 76 243 69 69 50 313 254 88 58 50 116 56 93 202 62 92 122 68 433 51 151 81 423 86 55 96 6127 305 585
internal_value=3.92156e-05 0.0277704 -0.0886244 -0.0511103 -0.214061 -0.312629 -0.241066 -0.0147121 -0.180345 -0.511349 -0.883731 0.0815564 0.0468672 -0.0287438 0.25114 0.190822 0.433761 0.393788 0.0695644 -0.157505 0.546145 -0.132339 0.146132 -0.246685 0.125903 0.0855371 0.46216 0.0768032 0.227018 0.186504
internal_weight=137088 10526 2781 2538 1139 916 814 443 342 371 102 1399 1330 1092 295 223 154 238 7745 509 101 797 232 565 142 7236 164 7072 945 890
internal_count=137088 10526 2781 2538 1139 916 814 443 342 371 102 1399 1330 1092 295 223 154 238 7745 509 101 797 232 565 142 7236 164 7072 945 890
is_linear=0
shrinkage=0.05


Tree=282
num_leaves=31
num_cat=0
split_feature=6 13 20 22 9 22 10 6 9 21 3 4 13 14 21 21 9 11 3 11 8 18 22 20 22 11 9 22 22 5
split_gain=3500.11 11453.3 11522.7 18792.8 18253.7 26261.7 23260 29075.5 14409.4 9619.9 20118 9190.09 8811.49 13432.1 11299.3 10920.1 9849.49 9064.3 9823.65 12289.2 8533.19 11556 19090.5 8117.73 9619.84 24048.9 9392.62 8963.2 8118.89 9124.25
threshold=2.7916512135657912 -0.61734245059638992 -0.60852054302596059 -61.550000000000004 342.50000000000006 -23.739999999999984 81.741666666666688 1.8061578171948816 577.50000000000011 -9.7708071797979645 97.196666666666687 2.2105806175446792 -0.91080963307804841 3.5000000000000004 19.164090509498141 8.6972975805622657 1437.5000000000002 72.027331000888537 81.343333333333348 116.88900124550294 40.250000000000007 50.500000000000007 -6.7199999999999944 0.11701910526653117 -30.380000000000006 143.23594968850003 1002.5000000000001 -7.0200000000000022 -66.999999999999986 131.67833333333337
decision_type=2 2 10 8 2 8 8 2 2 8 2 2 2 2 8 8 2 2 2 2 2 2 10 8 10 2 2 10 8 2
left_child=1 2 9 -4 20 6 -6 -8 -7 10 -1 23 15 14 -14 17 -16 -11 -19 -20 -5 22 -22 28 25 -25 -26 -28 -3 -30
right_child=-2 11 3 4 5 8 7 -9 -10 12 -12 -13 13 -15 16 -17 -18 18 19 -21 21 -23 -24 24 26 -27 27 -29 29 -31
leaf_value=-0.19877264149605284 -0.0043744031503338433 0.15862284531209239 -0.65342536562255449 -0.0040374456849052677 0.34729216932996693 0.8981238898547258 1.6694661732162199 0.38613332928646182 0.015362607987469388 -0.28371842337712166 1.0550622726862249 0.072010705844657269 -0.038755952738251331 -0.2443654111513891 0.1050009703420731 -0.084828702148115845 0.94587373574574785 0.83189535627607258 0.48770548597432112 0.057411814867144952 0.86726462510837754 0.12918628749262207 0.12918628749262207 0.10822011450275147 -0.018413015818119133 1.163164811049189 0.0016097214269010646 0.77207401051123936 -0.015227480270261971 -0.10512536767497123
leaf_weight=63 105055 561 70 1125 323 51 93 84 494 93 65 3832 576 731 83 623 60 64 238 548 154 174 82 1530 3524 56 76 75 12978 3607
leaf_count=63 105055 561 70 1125 323 51 93 84 494 93 65 3832 576 731 83 623 60 64 238 548 154 174 82 1530 3524 56 76 75 12978 3607
internal_value=3.72549e-05 0.0145057 0.0781296 0.154932 0.176864 0.338052 0.599742 1.06043 0.0979696 0.0133944 0.43794 0.000456474 -0.00462343 -0.0934393 0.0600057 0.0776135 0.457815 0.184932 0.236208 0.187704 0.0671309 0.26241 0.520657 -0.0117806 0.0425498 0.145469 -0.00186655 0.384291 -0.0284511 -0.034779
internal_weight=137088 32033 5794 2650 2580 1045 500 177 545 3144 128 26239 3016 1450 719 1566 143 943 850 786 1535 410 236 22407 5261 1586 3675 151 17146 16585
internal_count=137088 32033 5794 2650 2580 1045 500 177 545 3144 128 26239 3016 1450 719 1566 143 943 850 786 1535 410 236 22407 5261 1586 3675 151 17146 16585
is_linear=0
shrinkage=0.05


Tree=283
num_leaves=31
num_cat=0
split_feature=16 18 6 16 16 16 15 18 13 10 11 10 13 2 12 1 10 10 3 15 20 12 22 22 6 13 14 0 21 3
split_gain=3448.23 6108.71 10371.4 6761.25 6234.67 6332.81 9240.61 7752.09 7575.6 5448.96 6989.93 9954.32 7552.65 5391.29 5381.98 7766.41 5211.55 4910.58 4780.5 4151.5 4086.5 14841 20164.9 25720.1 23138 16415.6 19203.3 23366.3 21284.2 20508.7
threshold=174.50000000000003 104.50000000000001 25.301081297335561 107.00000000000001 97.500000000000014 89.000000000000014 80.000000000000014 93.375000000000014 0.054511258297739194 82.683333333333351 114.68268051800001 72.710000000000022 0.076279435988900593 0.14800000000000021 -0.46174861323503386 0.013333333333332814 77.241666666666688 101.81666666666668 161.17000000000004 24.250000000000004 -0.12138028280788692 -0.87137607974597275 -12.909999999999998 -13.899999999999997 7.5399827135884392 0.17364817766693066 1.0000000180025095e-35 166.62000000000003 -15.514938859143134 125.43666666666668
decision_type=2 2 2 2 2 2 2 2 2 10 2 10 2 10 2 10 10 10 2 2 8 2 10 10 2 2 2 2 10 2
left_child=1 3 9 4 5 6 7 20 -9 10 11 12 -3 -13 15 18 -12 19 -2 -11 -1 22 23 25 -25 -22 27 29 -28 -27
right_child=14 2 -4 -5 -6 -7 -8 8 -10 17 16 13 -14 -15 -16 -17 -18 -19 -20 -21 21 -23 -24 24 -26 26 28 -29 -30 -31
leaf_value=0.0087037236090045222 0.096218733595950276 0.5209185189714558 -0.79342980861663825 0.41566350873635738 -0.54717793492063016 0.47930257773681451 -0.55840891982252538 -0.19186895594877357 0.52564788749159286 -0.12500549508393027 -0.024020199726025263 -0.13917325627085611 -0.11406960924629306 -0.8117922110330652 0.63928025510162123 -0.12941448636267378 0.62199954945292024 0.21047843252619108 0.76885557067394261 -0.45546727935756959 -0.096779216655616479 0.001172846182366342 -0.20618346317275013 0.0098176911527263957 1.3143053229620207 0.84439734763612884 0.5613680869387756 0.97716297860208323 -0.035723476588273392 -0.10722362676232651
leaf_weight=67837 56 76 55 98 52 69 74 51 132 208 54 65 122 55 50 174 74 60 50 175 4967 57381 2012 69 67 76 159 114 2434 222
leaf_count=67837 56 76 55 98 52 69 74 51 132 208 54 65 122 55 50 174 74 60 50 175 4967 57381 2012 69 67 76 159 114 2434 222
internal_value=1.38575e-05 -0.00037568 -0.127128 0.000505333 0.000205549 0.000415361 0.00017167 0.000476678 0.325684 -0.0859053 0.0374649 -0.088118 0.129663 -0.447457 0.161445 0.0761175 0.34946 -0.210111 0.4135 -0.276 3.69422e-05 -0.00867298 -0.0644994 -0.0293405 0.65247 -0.040972 0.0512725 0.368367 0.000889543 0.135472
internal_weight=137088 136758 944 135814 135716 135664 135595 135521 183 889 446 318 198 120 330 280 128 443 106 383 135338 67501 10120 8108 136 7972 3005 412 2593 298
internal_count=137088 136758 944 135814 135716 135664 135595 135521 183 889 446 318 198 120 330 280 128 443 106 383 135338 67501 10120 8108 136 7972 3005 412 2593 298
is_linear=0
shrinkage=0.05


Tree=284
num_leaves=31
num_cat=0
split_feature=21 22 9 0 10 12 5 9 10 22 12 13 0 13 20 0 10 10 14 9 22 22 3 13 12 13 6 11 22 13
split_gain=3406.12 11165.3 7884.54 8838.23 7953.17 10010.3 7726.17 6751.41 7175.23 6260.29 26243.3 29505.4 19483.1 23645.2 13941.7 12275.5 10294.6 6796.29 6026.86 7913.41 5439.77 5664.21 5250.72 41953.1 7542.84 5182.63 5537.01 4993.06 18930.1 13164.9
threshold=-16.684716811927238 26.319999999999997 307.50000000000006 77.620000000000019 55.083333333333343 -0.95688340256707749 97.158333333333346 732.50000000000011 69.683333333333351 20.330000000000005 0.77296446310593014 -0.27982901403099208 206.02000000000004 0.56457333468532445 0.35676723823772977 149.78000000000003 80.070833333333354 86.270833333333343 1.0000000180025095e-35 267.50000000000006 -64.549999999999983 -6.379999999999991 187.50666666666669 0.29026740676763269 -0.18436924984152911 -0.043619387365336 2.3523025466372549 121.52027564747299 2.6600000000000059 0.11969653353600802
decision_type=8 10 2 2 10 2 2 2 10 10 2 2 2 2 10 2 10 10 2 2 10 10 2 2 2 2 2 2 10 2
left_child=1 2 4 -4 20 -6 -7 22 -9 27 12 -12 13 15 -15 16 -11 -17 -18 -20 -1 -22 25 -24 -25 26 -5 -2 -29 -30
right_child=9 -3 3 7 5 6 -8 8 -10 10 11 -13 -14 14 -16 17 18 -19 19 -21 21 -23 23 24 -26 -27 -28 28 29 -31
leaf_value=-0.73612997015994619 0.0077984804376152062 -0.65449750589233058 0.57227723661697272 -0.23998202814707006 -0.73630843633212728 0.58100516043603423 -0.056414475906558348 -0.052319134714097673 -0.33783867082188124 -0.56090461741078579 1.6716017591732522 0.21337038745969228 -0.91204948003562003 1.1173933468120438 0.23084312929610207 -0.067961093157097918 -0.18353901271025341 -0.7157399186028206 0.5749117414481365 -0.075617370376848195 -0.14609759893615062 -0.6976161928049156 1.48936406115316 0.44153165766596802 -0.26642452956937057 0.025673243099901044 0.018463118613934328 -0.0070888759914108385 -0.13929540333067394 -0.61594611908224506
leaf_weight=66 87831 71 66 412 52 50 966 1209 269 53 54 97 53 70 121 69 75 98 130 73 276 56 53 50 152 4673 417 38174 1187 165
leaf_count=66 87831 71 66 412 52 50 966 1209 269 53 54 97 53 70 121 69 75 98 130 73 276 56 53 50 152 4673 417 38174 1187 165
internal_value=1.31648e-05 -0.0300097 -0.0249523 -0.00370473 -0.13077 -0.0596762 -0.0250454 -0.00895902 -0.104284 0.00208211 0.134006 0.734857 0.0117307 0.0827907 0.555757 -0.0986079 0.0777193 -0.448095 0.199471 0.340978 -0.321543 -0.239125 0.015514 0.237319 -0.0911878 0.00523402 -0.10998 0.00115708 -0.0136008 -0.197467
internal_weight=137088 8838 8767 7301 1466 1068 1016 7235 1478 128250 893 151 742 689 191 498 331 167 278 203 398 332 5757 255 202 5502 829 127357 39526 1352
internal_count=137088 8838 8767 7301 1466 1068 1016 7235 1478 128250 893 151 742 689 191 498 331 167 278 203 398 332 5757 255 202 5502 829 127357 39526 1352
is_linear=0
shrinkage=0.05


Tree=285
num_leaves=31
num_cat=0
split_feature=22 9 22 13 5 20 22 11 12 17 13 10 14 5 22 6 13 22 20 3 9 21 11 11 9 3 11 20 16 14
split_gain=3462.4 15800.5 45779.7 33907.5 21067.6 17292.7 15364.1 17472.3 19037.2 15906.7 12245 17420.3 15149.1 28634 32082.8 46049.8 29368.2 26523.2 22106.3 23135.3 19210 26672.3 18692.5 24803.3 59857 48473.7 20252.8 17562 17339.9 15985.2
threshold=-26.700000000000003 27.500000000000004 2.2800000000000016 -0.49049438445969407 105.67694444444446 -0.090475807079254955 -5.9600000000000035 134.96176945872546 -0.25881904510252113 19.600000000000005 0.77296446310593003 58.508333333333347 5.5000000000000009 217.49500000000003 -60.899999999999999 27.86885607764982 0.31107263240371752 -43.000000000000007 -1.1870979926535512 186.17000000000002 862.50000000000011 6.8997808012093715 149.12952108250002 70.14998999114691 477.50000000000006 134.30333333333337 123.17551571639116 2.2916584839663652 11.750000000000002 2.5000000000000004
decision_type=8 2 10 2 2 10 10 2 2 2 2 10 2 2 10 2 2 10 10 2 2 8 2 2 2 2 2 10 2 2
left_child=10 2 3 4 -2 -4 7 8 -6 -9 12 -12 29 14 15 16 18 -16 -14 22 21 27 23 -20 26 -26 -25 28 -15 -1
right_child=1 -3 5 -5 6 -7 -8 9 -10 -11 11 -13 13 20 17 -17 -18 -19 19 -21 -22 -23 -24 24 25 -27 -28 -29 -30 -31
leaf_value=0.020553556259881166 -0.083142007178947583 0.017374828356436771 -0.23773799622346733 -0.16680246933605164 -0.0057510188770869743 -0.72622179643087725 0.93026418919476228 0.41594535671504201 0.6069743355150734 -0.32551462284766547 -0.13114091922066876 -0.015529050911727042 1.2096266703094756 -0.028823602772676028 -0.14327643469894843 1.3619344073377158 -0.18330952516226348 0.096715133982017393 -0.050235541815303535 1.1199797865003347 -1.1975578954219819 0.29646926853956301 -0.37649868133236869 0.037020899246609403 0.4821902142630683 2.5817518630198073 0.81475998526602467 -1.0710795873477135 -0.88555403517771369 -0.032708086707032992
leaf_weight=28503 549 50069 440 1560 189 308 89 113 385 201 4263 13825 70 234 1490 95 337 5064 311 78 50 198 114 315 54 56 114 81 79 27854
leaf_count=28503 549 50069 440 1560 189 308 89 113 385 201 4263 13825 70 234 1490 95 337 5064 311 78 50 198 114 315 54 56 114 81 79 27854
internal_value=1.25065e-05 0.00988382 -0.0879428 -0.00288132 0.164692 -0.438878 0.303956 0.241184 0.405223 -0.0586835 -0.006384 -0.0427766 0.00372813 0.0649774 0.0904595 0.295503 0.225586 0.042155 0.349504 0.291723 -0.256445 -0.176959 0.224706 0.305338 0.510502 1.55106 0.243693 -0.414875 -0.245059 -0.00577059
internal_weight=137088 53903 3834 3086 1526 748 977 888 574 314 83185 18088 65097 8740 8098 1544 1449 6554 1112 1042 642 592 964 850 539 110 429 394 313 56357
internal_count=137088 53903 3834 3086 1526 748 977 888 574 314 83185 18088 65097 8740 8098 1544 1449 6554 1112 1042 642 592 964 850 539 110 429 394 313 56357
is_linear=0
shrinkage=0.05


Tree=286
num_leaves=31
num_cat=0
split_feature=3 9 22 14 6 10 14 12 22 20 5 18 12 8 13 12 5 4 21 13 22 22 6 6 13 22 10 10 2 10
split_gain=3595.26 12467 12417.6 20489.1 19658.8 20809.3 16244.5 11090.6 14598 7963.46 11370.2 10034.7 13268.5 8460.37 9499.84 7846.98 6621.37 5731.74 8501.09 5492.1 5072.75 16076.6 9025.88 5307.72 7074.56 4841.58 10005.4 7518.63 4693.37 19233.9
threshold=298.72666666666674 657.50000000000011 -48.339999999999989 1.0000000180025095e-35 19.193288441667402 85.941666666666677 4.5000000000000009 0.72982064943493996 -68.739999999999981 3.0268657566268105 241.53 29.500000000000004 0.065403129230143103 62.500000000000007 -0.50938662908026078 0.19509032201612822 165.50166666666669 14.519474731935199 -2.8711020291118312 -0.86046863722869238 -26.570000000000004 -32.099999999999994 28.894027378859501 15.032278398012778 0.71473537162315137 -22.969999999999995 82.941666666666677 78.004166666666691 1.186666666666667 64.012500000000003
decision_type=2 2 10 2 2 8 2 2 10 10 2 2 2 2 2 2 2 2 10 2 8 10 2 2 2 8 10 10 10 10
left_child=9 2 3 -2 5 -5 20 8 -6 28 11 13 16 17 25 -7 -13 -11 -19 -20 21 22 23 24 -4 27 -27 -15 -1 -30
right_child=1 -3 6 4 7 15 -8 -9 -10 10 -12 12 -14 14 -16 -17 -18 18 19 -21 -22 -23 -24 -25 -26 26 -28 -29 29 -31
leaf_value=-0.0014442524660834616 0.63303707264997866 -0.46705313809625393 0.59537202811371237 -1.207271673599879 0.83735855234951906 0.28753537435882859 0.77363692681220453 -0.44227156277935387 -0.13995181899517775 -0.040381527846735543 -0.65319446294390149 0.12972838478409413 -1.1066363410949707 0.64733205563753993 0.51674399889889178 -0.56125915815245431 -0.50821343462627666 -0.01667036114654117 -0.25884533917903901 -0.9582306332886219 0.5535788058729495 -0.7569949891052995 0.818937119960785 -0.37798368692398077 -0.19257449221868927 -0.01667036114654117 0.70338481995794511 -0.01667036114654117 -0.20541015096130738 0.079847293614183884
leaf_weight=129159 94 91 63 75 79 56 143 59 74 330 94 85 50 51 120 53 78 56 50 64 59 51 50 50 52 56 72 204 672 4898
leaf_count=129159 94 91 63 75 79 56 143 59 74 330 94 85 50 51 120 53 78 56 50 64 59 51 50 50 52 56 72 204 672 4898
internal_value=1.18812e-05 0.0922222 0.145348 -0.0305791 -0.188104 -0.566251 0.329544 0.140098 0.364672 -0.000699155 -0.123382 -0.0824262 -0.394111 -0.016236 0.128546 -0.125181 -0.175544 -0.161887 -0.39775 -0.651483 0.134144 0.0411109 0.230429 0.0520932 0.239083 0.0069177 0.293534 -0.0166704 0.000493719 0.045432
internal_weight=137088 1049 958 490 396 184 468 212 153 136039 1310 1216 213 1003 503 109 163 500 170 114 325 266 215 165 115 383 128 255 134729 5570
internal_count=137088 1049 958 490 396 184 468 212 153 136039 1310 1216 213 1003 503 109 163 500 170 114 325 266 215 165 115 383 128 255 134729 5570
is_linear=0
shrinkage=0.05


Tree=287
num_leaves=31
num_cat=0
split_feature=20 12 9 10 0 9 13 14 21 6 14 11 0 20 9 10 13 10 14 10 2 13 12 6 5 13 22 22 10 10
split_gain=3361.4 10062.2 12035.8 13646.8 15314.7 15307.5 17402.4 18301.3 10974.4 10173.4 9119.38 17780 12886.8 14430.3 18746.3 18416.8 21389.5 14704.4 15286.9 20096.9 14242.8 14068.9 23354.5 12110.6 11656.6 14454.7 12200.8 14094.9 28432.6 26504.8
threshold=1.1053750793047967 -0.92794370089704248 437.50000000000006 91.072222222222237 173.82000000000002 297.50000000000006 -0.1413247892049839 4.5000000000000009 14.702722835072906 9.4646042349099506 2.5000000000000004 304.02921628952032 251.18000000000004 2.199700411570332 362.50000000000006 81.010000000000034 0.58244304235731426 74.870833333333351 1.5000000000000002 88.108333333333363 0.64000000000000046 0.37256073532439549 -0.24825246871434756 6.0873201547487046 208.80166666666668 0.91531147911944732 -47.379999999999988 -35.990000000000002 81.606250000000017 90.683333333333351
decision_type=8 2 2 10 2 2 2 2 10 2 2 2 2 10 2 8 2 8 2 10 10 2 2 2 2 2 8 8 8 8
left_child=-1 2 3 5 -5 -2 -7 -8 -6 -4 12 -12 23 15 17 16 -14 -15 -19 20 -20 -17 -23 -3 26 -26 -25 28 -28 -30
right_child=1 10 9 4 8 6 7 -9 -10 -11 11 -13 13 14 -16 21 -18 18 19 -21 -22 22 -24 24 25 -27 27 -29 29 -31
leaf_value=0.0030138270947310392 -0.19890774177758655 0.14201972265897822 -0.21549922801650967 -0.29659410791268742 0.41663674049488097 0.0085837954282760622 -0.46073251546456895 -1.7398455460866291 -0.37319676026150034 0.5196860277640426 -0.037154630283986412 -0.982753445506096 0.42352495618323066 0.90967531800270085 -0.90994744113847315 0.32498191602078064 -0.69260853875098349 0.21501730593233745 -0.58793091418014631 -1.1265808564835582 0.51467761402018375 1.4905841953960466 0.21815857763473803 -0.18127084648732317 -0.14612356235043134 -0.89030699380238854 0.70592923520116124 -0.0087867240951006367 -0.6360988774882822 0.27442480511528511
leaf_weight=119254 908 1260 77 202 237 55 58 54 54 121 8619 50 94 50 51 298 79 322 54 58 64 81 65 791 502 75 222 2960 116 257
leaf_count=119254 908 1260 77 202 237 55 58 54 54 121 8619 50 94 50 51 298 79 322 54 58 64 81 65 791 502 75 222 2960 116 257
internal_value=-1.39117e-05 -0.0202601 -0.133547 -0.179931 0.037887 -0.279824 -0.719773 -1.07745 0.27007 0.233781 -0.00780898 -0.0426085 0.0329638 0.181759 0.00694729 0.351471 -0.0861545 0.0922787 0.0102108 -0.364492 0.0100941 0.521987 0.924093 0.00370044 -0.0317012 -0.242855 -0.00366727 0.0358502 0.257909 -0.00874074
internal_weight=137088 17834 1766 1568 493 1075 167 112 291 198 16068 8669 7399 1216 599 617 173 548 498 176 118 444 146 6183 4923 577 4346 3555 595 373
internal_count=137088 17834 1766 1568 493 1075 167 112 291 198 16068 8669 7399 1216 599 617 173 548 498 176 118 444 146 6183 4923 577 4346 3555 595 373
is_linear=0
shrinkage=0.05


Tree=288
num_leaves=31
num_cat=0
split_feature=1 13 18 2 22 2 18 10 18 21 0 21 10 22 10 21 16 9 22 12 3 12 5 12 20 9 9 12 12 12
split_gain=3402.45 25552.8 17108.1 14049.7 11892.9 10807 11496 21206.6 9522.3 10358.4 8623.07 10141.3 11326.8 11724.9 8381.47 8953.5 10857.3 7874.11 9454.73 10856 9171.14 7677.37 7445.68 7174.04 7130.25 6900.57 6749.61 10100.1 13048 7369.79
threshold=-1.154666666666665 0.34202014332566844 33.500000000000007 -1.3999999999999995 2.6600000000000059 -1.092666666666666 75.500000000000014 85.612500000000026 53.500000000000007 12.665729869809875 217.10000000000002 6.2438979800267669 73.211111111111137 -15.880000000000001 71.601388888888906 21.162526170772797 0.41000000000000009 352.50000000000006 -29.819999999999993 -0.65106671239330405 182.30000000000004 0.56457333468532445 203.91166666666666 -0.81279832427823717 1.0000000180025095e-35 172.50000000000003 197.50000000000003 -0.5 0.032717136199948427 0.51877325816052167
decision_type=8 2 2 10 10 10 2 10 2 10 2 8 10 10 8 10 2 2 10 2 2 2 2 2 10 2 2 2 2 2
left_child=1 2 3 4 10 6 7 -4 9 17 11 12 -1 -14 21 -16 -17 18 19 23 -20 -5 -21 -3 -23 -6 27 -13 -29 -30
right_child=-2 8 5 14 25 -7 -8 -9 -10 -11 -12 26 13 -15 15 16 -18 -19 20 22 -22 24 -24 -25 -26 -27 -28 28 29 -31
leaf_value=0.063207741562994371 -0.0019596863448716976 -0.035397634516050533 1.2034937999891433 0.069383813172840245 -0.20220290820432615 0.021634421109920369 -0.20032627281912588 0.23512787401435836 -0.28726299385229748 0.565494720008894 0.12877436621287436 0.4355057997527973 -0.48686422355405856 0.31624514845013624 -0.042613701178377011 0.050608475424729994 0.83528488347450125 0.30375720491327551 0.16398601771021884 -0.040467078569862584 0.77431172237864565 0.86988644720734776 -0.48128498958095034 0.58579436085726089 0.096970517575740822 -0.83022156716609496 -0.28008087265930354 -0.54179475460577453 0.31912916525316665 -0.15744844677452097
leaf_weight=161 129199 91 89 228 79 320 57 155 105 178 291 129 499 50 2570 137 65 675 510 324 70 74 136 95 50 98 219 109 169 156
leaf_count=161 129199 91 89 228 79 320 57 155 105 178 291 129 499 50 2570 137 65 675 510 324 70 74 136 95 50 98 219 109 169 156
internal_value=-1.3216e-05 0.0318643 -0.0238127 -0.0540739 -0.159011 0.223929 0.438994 0.588343 0.177303 0.200766 -0.120205 -0.168766 -0.305573 -0.413721 0.0117635 -0.0174208 0.303103 0.166614 0.0911076 -0.0404595 0.237646 0.24159 -0.170796 0.281878 0.558227 -0.549919 -0.0445553 0.0470613 -0.0683981 0.0903719
internal_weight=137088 7889 5705 5084 1960 621 301 244 2184 2079 1783 1492 710 549 3124 2772 202 1901 1226 646 580 352 460 186 124 177 782 563 434 325
internal_count=137088 7889 5705 5084 1960 621 301 244 2184 2079 1783 1492 710 549 3124 2772 202 1901 1226 646 580 352 460 186 124 177 782 563 434 325
is_linear=0
shrinkage=0.05


Tree=289
num_leaves=31
num_cat=0
split_feature=16 18 12 4 6 15 20 0 22 12 9 14 20 3 5 13 10 6 14 16 10 12 2 6 9 3 9 1 21 22
split_gain=3415.46 5647.18 8008.55 7898.86 5550.35 6772.58 8993.18 4273.11 3871.41 29763.6 32728 19469.6 19296.1 17014.8 16131.6 15726 17067.4 29048.6 19177.9 28987.6 25071.7 18815.9 19087.3 18176 19561.5 18607.7 28299.5 17795.9 16967.8 15976.8
threshold=174.50000000000003 210.00000000000003 -0.89194178735545504 4.8991455017606507 19.193288441667402 237.50000000000003 1.4288458051520367 135.42000000000004 -68.739999999999981 -0.87137607974597275 482.50000000000006 3.5000000000000004 -1.0907438502842475 105.33000000000001 126.53666666666668 0.97381903846659756 90.683333333333351 5.7943394530287149 1.5000000000000002 13.937500000000002 81.308333333333351 -0.41268247579971812 -0.70799999999999996 19.918911365069857 262.50000000000006 281.31666666666678 107.50000000000001 0.019333333333334226 6.2438979800267669 -79.379999999999981
decision_type=2 2 2 2 2 2 10 2 8 2 2 2 10 2 2 2 10 2 2 2 10 2 10 2 2 2 2 10 8 10
left_child=1 8 3 -3 5 6 7 -2 9 10 11 12 -1 -13 -15 16 18 27 20 23 -11 -19 -23 25 28 26 -20 -18 -25 -28
right_child=4 2 -4 -5 -6 -7 -8 -9 -10 15 -12 13 -14 14 -16 -17 17 21 19 -21 -22 22 -24 24 -26 -27 29 -29 -30 -31
leaf_value=0.62473221162580095 0.064918815060095364 -0.41212774965174082 -0.62988463388322746 0.45110784229242579 0.64590194618701935 -0.38238324854109024 -0.28572772120053952 0.61661100196316077 -0.0020086631950498265 0.24211617394830137 -1.0811520950591311 -0.71378663012927235 -0.36963173564772217 1.0552623510360719 0.11270611908954296 -0.19743771238587152 0.83655123473182924 0.16372472512607392 0.92420390812823416 -0.30097378789985707 0.95682954518445618 -0.71348484558652026 -0.14495081698939238 0.089357251431975593 1.2518932716019693 -0.6873628721496946 -0.13344475932695138 0.0287850287761174 0.72874257481971361 0.1638683827423455
leaf_weight=53 55 53 86 53 50 63 65 97 129343 798 94 55 614 51 413 462 123 260 104 403 145 224 433 306 62 74 628 153 157 1611
leaf_count=53 55 53 86 53 50 63 65 97 129343 798 94 55 614 51 413 462 123 260 104 403 145 224 433 306 62 74 628 153 157 1611
internal_value=-1.25553e-05 -0.000400237 -0.271376 0.01949 0.16065 0.0739977 0.206495 0.416986 -1.92691e-05 0.035605 -0.183097 -0.111918 -0.290619 0.117741 0.216306 0.0827088 0.106323 -0.0609522 0.152862 0.096718 0.352014 -0.19631 -0.338789 0.151195 0.417854 0.0932731 0.117928 0.388768 0.306168 0.0804773
internal_weight=137088 136758 192 106 330 280 217 152 136566 7223 1280 1186 667 519 464 5943 5481 1193 4288 3345 943 917 657 2942 525 2417 2343 276 463 2239
internal_count=137088 136758 192 106 330 280 217 152 136566 7223 1280 1186 667 519 464 5943 5481 1193 4288 3345 943 917 657 2942 525 2417 2343 276 463 2239
is_linear=0
shrinkage=0.05


Tree=290
num_leaves=31
num_cat=0
split_feature=20 13 9 3 22 20 22 13 5 13 9 8 5 22 10 9 9 13 11 21 12 12 0 19 12 14 10 13 1 9
split_gain=3322.89 9056.65 7310.27 7085.77 14625 17523.7 64561 15014.4 14692.7 18607.2 12245.7 16772.8 30140.1 18397.9 18261.1 11242 37100.3 65948.8 26684.1 30115.5 53692.2 28897 22499.3 21081.3 19497.3 17581.5 15075.4 16909.3 21173.5 10711.3
threshold=-0.94778272947264008 0.91080963307804863 132.50000000000003 115.20833333333336 -26.700000000000003 -0.55123890259000119 -25.27 -0.98658463173998423 124.83444444444446 -0.564573334685324 302.50000000000006 23.450000000000003 143.3416666666667 -15.200000000000001 82.941666666666677 922.50000000000011 812.50000000000011 -0.26932402956675622 185.06357079700001 -11.129324449977387 0.83743052905771564 0.58244304235731448 172.87333333333336 0.093333333333333712 0.79989897227935891 2.5000000000000004 92.346666666666678 -0.35222909080468495 -0.077333333333332616 12.500000000000002
decision_type=8 2 2 2 8 8 8 2 2 2 2 2 2 8 10 2 2 2 2 8 2 2 2 10 2 2 8 2 10 2
left_child=1 -1 -3 -2 15 6 -6 10 -8 -10 11 13 -13 -7 -14 16 29 18 19 24 21 -21 -22 -17 -18 -23 -25 28 -28 -5
right_child=3 2 -4 4 5 7 8 -9 9 -11 -12 12 14 -15 -16 23 17 -19 -20 20 22 25 -24 26 -26 -27 27 -29 -30 -31
leaf_value=0.028541874415044546 -0.025939263376214355 0.49877283912897108 -0.11560345680965721 0.12639108281290906 1.4305679496723354 0.20213700111427865 0.28716138606879621 0.01421990990202518 -0.25923130552473256 0.14571686706759299 0.59949743706910386 0.20213700111427865 0.45912426537275314 -0.36390709345502081 1.7912014325834669 -0.16726248815166625 1.0542707760083048 -0.009452108424274859 -0.19929170296472665 1.4732799882138217 2.2166730728555235 0.78686174827403033 0.97098101933123704 -0.040283194406810663 -0.035101731131676916 -0.34226469401051018 0.00099408063021573143 0.063726117590647099 1.2410732128697894 -0.016729742702251214
leaf_weight=18548 26572 50 1530 1341 97 318 734 28462 434 819 168 196 50 237 53 2715 57 1135 85 54 94 58 59 627 147 85 55 191 92 52025
leaf_count=18548 26572 50 1530 1341 97 318 734 28462 434 819 168 196 50 237 53 2715 57 1135 85 54 94 58 59 627 147 85 55 191 92 52025
internal_value=-1.19274e-05 0.018753 -0.0961612 -0.00324124 0.00343146 0.0308852 0.171006 0.0209811 0.109518 0.00545549 0.209276 0.132511 0.434405 -0.0301314 1.14456 -0.0113026 -0.00565562 0.219292 0.625589 0.75215 1.03359 0.48783 1.73631 -0.0959158 0.269282 0.115703 0.104816 0.37398 0.777098 -0.0131334
internal_weight=137088 20128 1580 116960 90388 31568 2084 29484 1987 1253 1022 854 299 555 103 58820 55140 1774 639 554 350 197 153 3680 204 143 965 338 147 53366
internal_count=137088 20128 1580 116960 90388 31568 2084 29484 1987 1253 1022 854 299 555 103 58820 55140 1774 639 554 350 197 153 3680 204 143 965 338 147 53366
is_linear=0
shrinkage=0.05


Tree=291
num_leaves=31
num_cat=0
split_feature=11 12 9 22 20 22 22 12 12 21 14 12 22 13 13 5 3 14 5 14 14 12 21 22 10 9 22 14 10 20
split_gain=3413.29 15536.8 19003 15463 29025.4 28422.6 28095.2 24762.7 23686.6 23529.5 19576.4 41034.2 30732.3 36027.7 22219.9 32616.9 31755.8 31673.9 25168.1 45150.2 23773.8 22114.7 21232.2 20959.4 20940.5 19402.1 19104.6 18367.2 47326.5 18252
threshold=97.009291887283155 0.98279651670771939 282.50000000000006 -35.439999999999976 2.199700411570332 -24.779999999999998 -21.520000000000007 -0.98990318592078552 0.30070579950427329 -3.8357644795535601 5.5000000000000009 -0.98658463173998423 -61.299999999999997 -0.248252468714347 0.26932402956675644 118.28500000000003 98.736666666666693 4.5000000000000009 146.61833333333337 1.0000000180025095e-35 1.0000000180025095e-35 -0.17364817766693016 10.67377288248767 -59.710000000000001 84.216666666666683 662.50000000000011 -43.879999999999988 2.5000000000000004 94.27500000000002 -1.3529249602542035
decision_type=2 2 2 8 10 8 8 2 2 8 2 2 10 2 2 2 2 2 2 2 2 2 10 10 10 2 10 2 10 10
left_child=-1 2 -2 4 8 -5 7 -7 10 -10 14 -12 13 -13 15 16 20 21 22 -20 -4 23 -16 -18 -17 -21 -24 28 -11 -25
right_child=1 -3 3 5 -6 6 -8 -9 9 27 11 12 -14 -15 18 24 17 -19 19 25 -22 -23 26 29 -26 -27 -28 -29 -30 -31
leaf_value=0.006642666913243416 -0.023094148846053673 -0.20056949009641017 -0.90738955520350373 -0.09441804322304248 -0.97257264168536084 1.3199871667095873 0.03187437428378339 0.27272781310504474 -0.19442287486327708 0.37224621988177575 1.5347008646324729 1.4624799507121518 -0.28895231083392381 -0.26953860328477969 -0.16716607880919837 0.057466487367676927 1.7236365059614185 -0.59396976096322762 1.5925651262054841 0.38435467290091951 0.061804168748444521 -0.1458529805764556 0.013873560229937236 1.3968848360039421 -0.34949483839637341 -0.66212511038780208 1.216511863747896 0.22871360348725922 1.6259169694908122 0.40931622269934254
leaf_weight=80026 41417 1043 87 4080 61 61 4440 756 212 378 66 73 167 51 488 472 50 64 75 388 232 80 75 59 957 50 59 801 94 226
leaf_count=80026 41417 1043 87 4080 61 61 4440 756 212 378 66 73 167 51 488 472 50 64 75 388 232 80 75 59 957 50 59 801 94 226
internal_value=-1.9493e-05 -0.00936277 -0.00580275 0.0432424 0.111762 0.00460512 0.0814578 0.35092 0.124473 0.293284 0.0570658 0.409103 0.153813 0.750117 0.0196841 -0.0720815 0.183981 0.44138 0.199739 0.458998 -0.202521 0.601049 -0.0140873 0.779413 -0.215075 0.264894 0.543393 0.374505 0.621918 0.61376
internal_weight=137088 57062 56019 14602 5265 9337 5257 817 5204 1485 3719 357 291 124 3362 2227 798 479 1135 513 319 415 622 335 1429 438 134 1273 472 285
internal_count=137088 57062 56019 14602 5265 9337 5257 817 5204 1485 3719 357 291 124 3362 2227 798 479 1135 513 319 415 622 335 1429 438 134 1273 472 285
is_linear=0
shrinkage=0.05


Tree=292
num_leaves=31
num_cat=0
split_feature=9 18 17 17 22 8 16 22 14 18 11 21 12 16 8 6 22 10 1 3 13 22 9 22 0 6 10 8 18 16
split_gain=3367.76 15818.4 20659.3 30760 31958.1 25692.6 24656.2 31862.6 24344.6 23119.9 23019.5 26904.3 29959.3 22038.1 21305.2 22684.4 21184.8 20452.3 17800.7 17444.9 18228.6 16005.2 15852.4 14444.7 14565.3 22745 17103 21687.9 16994.1 15895.9
threshold=102.50000000000001 0.03500000000000001 0.47000000000000003 0.43000000000000005 1.6200000000000119 0.92500000000000016 0.46500000000000008 -10.399999999999997 5.5000000000000009 0.6100000000000001 79.363079184500023 -9.315389983298763 -0.021814885034560933 0.10250000000000002 64.500000000000014 9.3600744622564473 -27.160000000000007 86.941666666666677 0.73911111111111161 155.49000000000004 -0.77296446310592981 6.7000000000000073 67.500000000000014 -86.980000000000018 225.62000000000003 21.246575114586623 80.346666666666678 219.00000000000003 17.125000000000004 23.800000000000004
decision_type=2 2 2 2 10 2 2 10 2 2 2 10 2 2 2 2 8 8 10 2 2 10 2 10 2 2 8 2 2 2
left_child=1 -1 3 4 6 16 7 8 17 -8 11 -6 -13 -10 -12 21 -4 18 -3 20 -19 -16 -21 -11 25 26 27 -25 -28 -26
right_child=-2 2 5 -5 10 -7 9 -9 13 23 14 12 -14 -15 15 -17 -18 19 -20 22 -22 -23 -24 24 29 -27 28 -29 -30 -31
leaf_value=-0.25662326110328992 -0.0041429861721740974 0.078407502956178723 -0.71668026935393847 0.8624323845192946 -0.25882416354684995 -0.008219087939170892 -0.53921351823287134 1.0796054529779135 -0.18387476818503015 0.67561559592500142 -0.081100665306739664 0.61483257541319269 1.9289119895162257 0.97957250271336305 1.5590355907971005 0.18261440952840752 -0.20370299426073668 0.396372899485959 -0.33830147321040877 0.88318750885514063 -0.24223184953401755 0.55729304241328881 0.22733800097207749 -0.15181778677645827 -0.33232683537823293 0.19662171039114495 0.21841208197914189 0.63953091108136706 -0.010019358533887999 0.075350434424785465
leaf_weight=527 107353 1005 264 120 58 15397 195 94 56 81 388 172 58 149 53 164 168 225 344 178 222 161 191 2279 618 1594 1068 90 3426 390
leaf_count=527 107353 1005 264 120 58 15397 195 94 56 81 388 172 58 149 53 164 168 225 344 178 222 161 191 2279 618 1594 1068 90 3426 390
internal_value=-1.85184e-05 0.0148721 0.0197707 0.0655103 0.0582978 -0.0188893 0.0354861 0.176787 0.140979 -0.00025616 0.32245 0.703529 0.946209 0.661753 0.179172 0.446329 -0.399187 0.091668 -0.0278548 0.289261 0.0792135 0.805388 0.54371 0.0107533 0.00506355 0.0264772 -0.0130405 -0.121754 0.0442674 -0.174595
internal_weight=137088 29735 29208 13379 13259 15829 12205 2464 2370 9741 1054 288 230 205 766 378 432 2165 1349 816 447 214 369 9546 9465 8457 6863 2369 4494 1008
internal_count=137088 29735 29208 13379 13259 15829 12205 2464 2370 9741 1054 288 230 205 766 378 432 2165 1349 816 447 214 369 9546 9465 8457 6863 2369 4494 1008
is_linear=0
shrinkage=0.05


Tree=293
num_leaves=31
num_cat=0
split_feature=3 9 22 22 14 14 10 6 4 20 5 18 12 8 13 19 14 19 22 6 14 13 21 5 2 10 11 18 5 22
split_gain=3358.86 10596.4 11089.6 19462.8 15341.6 12449.4 13660.3 13372.8 12564.5 7416.45 9757.11 8828.16 11886.5 7046.97 9060.86 6337.27 5780.84 5133.56 4701.25 4659.31 23899.5 17407.1 14401.7 7333.73 5535.5 16393.1 21196.2 21275.3 32598.2 28597.5
threshold=298.72666666666674 652.50000000000011 -48.339999999999989 -56.479999999999997 4.5000000000000009 1.0000000180025095e-35 80.870833333333351 17.262477600928772 15.729852721031733 3.0268657566268105 241.53 29.500000000000004 0.065403129230143103 62.500000000000007 -0.50938662908026078 -0.026666666666665128 4.5000000000000009 -0.59999999999999931 -35.299999999999983 46.763647405331788 4.5000000000000009 -0.64278760968653914 2.2426205195250906 190.33666666666673 1.186666666666667 64.012500000000003 79.859723976000012 46.500000000000007 146.61833333333337 -34.679999999999986
decision_type=2 2 10 10 2 2 10 2 2 10 2 2 2 2 2 8 2 10 10 2 2 2 10 2 10 10 2 2 2 10
left_child=9 2 3 5 -4 -2 7 -7 16 19 11 13 15 17 -15 -13 -8 -11 -6 24 21 23 -22 -21 -1 -26 27 28 -27 -30
right_child=1 -3 4 -5 18 6 8 -9 -10 10 -12 12 -14 14 -16 -17 -18 -19 -20 20 22 -23 -24 -25 25 26 -28 -29 29 -31
leaf_value=-0.0011900202577542877 0.59186494326654904 -0.42039067886208975 0.12350963905797555 -0.93247721296436381 0.96850761228732862 -0.16889463189770193 -0.31225173688796631 0.81911801505779869 0.26485318699560595 -0.44025918716028078 -0.60988524492750784 0.043749452026427854 -1.047898747600615 -0.0057186394531094998 0.49218877981727327 -0.62863972765557907 -0.96286357734994654 -0.062954886056755852 0.37368432156530756 -0.34641229729354384 -0.19157078050904805 0.23606751977272755 0.95284079616623263 -1.1047203421592713 -0.18324702957306396 0.12799858779474174 0.036701670334166873 -0.31546406901634494 0.3398000888420003 1.3540686331365421
leaf_weight=128993 94 93 325 53 89 68 83 69 64 118 94 112 50 383 120 51 58 382 53 50 54 53 56 88 660 373 4013 111 140 138
leaf_count=128993 94 93 325 53 89 68 83 69 64 118 94 112 50 383 120 51 58 382 53 50 54 53 56 88 660 373 4013 111 140 138
internal_value=-1.12506e-05 0.089116 0.138681 -0.0277384 0.31294 0.0822414 -0.0578306 0.328718 -0.316158 -0.000698513 -0.119093 -0.0811534 -0.373501 -0.0190697 0.113066 -0.16663 -0.579879 -0.151999 0.746496 0.000452662 -0.196047 -0.534159 0.391039 -0.829971 0.000892648 0.0503222 0.0826061 0.324358 0.433452 0.843286
internal_weight=137088 1049 956 489 467 436 342 137 205 136039 1310 1216 213 1003 503 163 141 500 142 134729 301 191 110 138 134428 5435 4775 762 651 278
internal_count=137088 1049 956 489 467 436 342 137 205 136039 1310 1216 213 1003 503 163 141 500 142 134729 301 191 110 138 134428 5435 4775 762 651 278
is_linear=0
shrinkage=0.05


Tree=294
num_leaves=31
num_cat=0
split_feature=11 9 2 0 22 21 13 9 12 21 3 21 6 22 22 13 0 22 14 13 22 6 3 10 8 19 22 4 12 10
split_gain=3236.83 13015.8 13407.1 10923.3 7953.73 7435.99 5705.98 8705.26 7031.9 9612.58 7728.33 7407.21 8132.18 7859.39 7652.88 7401.23 16421.7 5725.78 12576.9 11414.1 7083.65 5450.89 4696.44 4695.2 13834.7 10969.9 11245.6 9283.31 8814.81 10746.9
threshold=290.57915931616486 527.50000000000011 1.0200000000000002 121.37333333333335 -2.6900000000000079 28.537048437932949 0.65106671239330416 212.50000000000003 -0.98658463173998423 22.890679006861735 193.28333333333336 23.90429134801769 16.987517342286768 -33.259999999999998 -38.649999999999999 -0.94331137514050678 116.30000000000003 -32.389999999999993 4.5000000000000009 0.17364817766693066 -38.179999999999986 5.4536454306542224 138.98333333333338 95.575000000000017 293.00000000000006 1.1733333333333349 -38.909999999999982 1.0239400884225358 0.99275059979806513 108.45
decision_type=2 2 10 2 8 10 2 2 2 10 2 10 2 10 10 2 2 10 2 2 10 2 2 10 2 10 8 2 2 10
left_child=23 2 4 -3 6 -5 8 21 9 -2 11 12 13 14 -10 16 -13 18 20 22 -17 -8 -19 -1 25 27 -27 -25 -29 -30
right_child=1 3 -4 5 -6 -7 7 -9 10 -11 -12 15 -14 -15 -16 17 -18 19 -20 -21 -22 -23 -24 24 -26 26 -28 28 29 -31
leaf_value=-0.0019327660253704506 0.70861693003737347 -0.049809933224702903 -0.61476726593642406 -0.89220789561466296 -0.39581051673227496 -0.2793509880511556 -0.3258725684768749 0.77250642804572223 -0.075088033449499547 -0.041771318872323202 -0.50165926848031306 0.0082053790610392124 0.4052220813738292 -0.012677484967965775 -0.61284144652519856 0.17015572049644556 1.013856930519218 -0.02554051085215437 -0.26566757852832479 -0.52055142250012709 0.83219153607213825 0.34030429104419602 0.52190055039291294 -0.17336730077793752 0.6221880377945016 -0.37129681512713431 0.32395895500459121 0.035660162123792298 -0.48294562799634327 0.30146442212290686
leaf_weight=122342 82 187 87 98 109 100 53 65 119 89 79 103 68 343 149 89 67 169 90 111 74 73 51 594 98 60 151 11161 168 59
leaf_count=122342 82 187 87 98 109 100 53 65 119 89 79 103 68 343 149 89 67 169 90 111 74 73 51 594 98 60 151 11161 168 59
internal_value=-1.06882e-05 -0.0569065 -0.00725584 -0.32386 0.0193975 -0.582684 0.0435478 0.302533 0.014156 0.318064 -0.0202145 0.00632712 -0.113464 -0.17119 -0.374063 0.114203 0.40455 0.0296838 0.208759 -0.107192 0.470712 0.060087 0.101366 0.00102679 0.0304856 0.0257299 0.323959 0.0193352 0.0293866 -0.279068
internal_weight=137088 2455 2070 385 1983 198 1874 191 1683 171 1512 1433 679 611 268 754 170 584 253 331 163 126 220 134633 12291 12193 211 11982 11388 227
internal_count=137088 2455 2070 385 1983 198 1874 191 1683 171 1512 1433 679 611 268 754 170 584 253 331 163 126 220 134633 12291 12193 211 11982 11388 227
is_linear=0
shrinkage=0.05


Tree=295
num_leaves=31
num_cat=0
split_feature=20 3 13 5 22 20 22 14 12 11 13 9 5 12 22 11 6 9 12 10 9 11 22 1 10 21 11 3 12 21
split_gain=3250.04 7988.14 18999.3 12486.7 15726.5 12068.2 10967.5 9948.66 20277.9 11676.5 14732.2 8558.36 8211.53 8112.29 7907.07 24396.3 17713.9 16501.9 16361.5 15065.8 14158.1 10726.9 15518.7 15483.5 12391.2 10230.7 12208.9 9562.42 11498.7 20327.8
threshold=1.024555271276103 226.17000000000002 -0.98658463173998423 241.53 -21.520000000000007 0.18126655136271305 -69.469999999999985 2.5000000000000004 -0.69151305578226929 123.97882544994347 -0.6835516316989646 147.50000000000003 254.43166666666667 -0.1628857819284236 1.6200000000000119 61.132361169500015 14.826284739953705 1022.5000000000001 -0.1628857819284236 67.935416666666683 182.50000000000003 80.262958692632836 7.0999999999999988 0.48800000000000104 94.533333333333346 11.086037810229238 152.88870972450005 148.36333333333337 0.88186879444286481 -9.4650069945731001
decision_type=8 2 2 2 8 10 8 2 2 2 2 2 2 2 8 2 2 2 2 10 2 2 10 10 10 10 2 2 2 8
left_child=1 -1 -3 4 5 -4 11 9 -9 10 -8 -5 -12 -10 17 20 25 27 -19 -18 -16 23 -23 -21 -24 -17 -27 -2 -29 -30
right_child=14 2 3 6 -6 -7 7 8 13 -11 12 -13 -14 -15 15 16 19 18 -20 21 -22 22 24 -25 -26 26 -28 28 29 -31
leaf_value=0.0015200463795744879 -0.089491640461614314 0.70244166151285181 0.64865951134644928 -0.33190587402355898 0.80653570721847856 0.03295199924304737 -0.77926775607906407 -1.1469019934535027 0.32319406398261585 0.71158701275233871 -0.21760653237881208 0.3774599021011964 0.38699399658247957 -0.30535923835631962 1.1028810111230072 0.034432516478586993 -0.98790283122196287 0.15980192361947368 -0.67613616990361447 -0.30477723427459424 0.26225910525102464 -0.013665443847201905 -0.85391476743130212 0.61617000531405219 -0.061345282788077993 0.85487725351766874 0.00059066113868826327 -0.011880866194442756 0.80758314819343513 0.0513829450102316
leaf_weight=115845 4200 125 94 54 99 519 61 64 66 54 108 200 117 231 55 656 58 85 188 87 561 265 144 96 75 93 76 12334 118 360
leaf_count=115845 4200 125 94 54 99 519 61 64 66 54 108 200 117 231 55 656 58 85 188 87 561 265 144 96 75 93 76 12334 118 360
internal_value=1.00559e-05 0.00314055 0.107899 0.0633176 0.221802 0.127367 -0.0548405 -0.156836 -0.339637 0.0372563 -0.0900648 0.22665 0.0967857 -0.165681 -0.0189228 0.0711331 -0.0346525 -0.0302078 -0.415862 -0.214962 0.337315 -0.14775 -0.271045 0.178343 -0.582487 0.123801 0.470701 -0.024019 -0.00255588 0.23806
internal_weight=137088 117637 1792 1667 712 613 955 701 361 340 286 254 225 297 19451 2166 1550 17285 273 725 616 667 484 183 219 825 169 17012 12812 478
internal_count=137088 117637 1792 1667 712 613 955 701 361 340 286 254 225 297 19451 2166 1550 17285 273 725 616 667 484 183 219 825 169 17012 12812 478
is_linear=0
shrinkage=0.05


Tree=296
num_leaves=31
num_cat=0
split_feature=1 13 18 2 22 22 22 0 13 10 10 22 5 14 12 6 10 18 10 21 10 12 13 4 18 21 16 21 9 20
split_gain=3172.64 22816.2 15190.8 12920.6 11686.8 10507.4 24304.6 16163.2 17640.2 15404.3 13137.7 16817.6 10747.1 10707.5 10278.2 9991.73 9991.73 17574.3 9882.96 10302.1 9306.59 15443.5 8823.9 10494.6 8598.71 9324.96 8336.64 8163.87 8065.01 7765.36
threshold=-1.154666666666665 0.34202014332566844 33.500000000000007 -1.092666666666666 2.6600000000000059 -28.009999999999994 -29.440000000000001 185.40666666666669 -0.97854064376158167 83.810000000000016 72.205000000000027 -78.529999999999987 186.20166666666671 3.5000000000000004 -0.48098876891938752 14.252405006820814 88.950000000000003 75.500000000000014 100.51666666666667 28.537048437932949 94.058333333333351 0.45201865172701788 -0.93585024503435343 12.91234825587456 53.500000000000007 12.665729869809875 21.700000000000003 -5.3694864351013853 807.50000000000011 0.8751983419358661
decision_type=8 2 2 10 10 10 10 2 2 10 10 8 2 2 2 2 10 2 10 10 8 2 2 2 2 10 2 8 2 10
left_child=1 2 3 4 5 6 7 10 13 -7 -1 -12 -8 -9 -6 -4 17 26 22 -20 21 -10 23 -13 25 -3 -17 28 -5 -11
right_child=-2 24 15 27 14 9 12 8 20 29 11 18 -14 -15 -16 16 -18 -19 19 -21 -22 -23 -24 -25 -26 -27 -28 -29 -30 -31
leaf_value=0.14247475511217414 -0.001870030855549754 0.15811483717216343 -0.06202788513479969 0.16649722768558881 0.16545267245348763 -0.18297991833200883 -0.29454290241003039 1.059411586108415 -0.093875229418362405 0.23057417594906637 -0.91938254359281724 0.1469331985441121 -1.1380366871388283 0.16510629878594327 -0.63865134606241358 0.57515163611579723 0.10372761027499806 -0.16469363659620284 0.44620496225543321 -0.42715134882926942 -0.32068060142152449 0.66343812790420875 -0.14872295514909803 -0.61253236883564255 -0.27323992666034475 0.53657446639989037 1.3305947814930659 0.0081152889781890888 0.88519281709194186 0.89523027404039002
leaf_weight=242 129199 1901 217 178 51 247 70 69 220 236 90 55 82 65 180 91 197 55 104 50 170 97 536 263 105 178 61 1975 50 54
leaf_count=242 129199 1901 217 178 51 247 70 69 220 236 90 55 82 65 180 91 197 55 104 50 170 97 536 263 105 178 61 1975 50 54
internal_value=9.55314e-06 0.0307917 -0.0218196 -0.0503347 -0.120037 -0.0903044 -0.140496 -0.0932848 0.117579 0.107192 -0.191006 -0.264505 -0.749586 0.625607 -0.461122 0.211628 0.358617 0.601193 -0.206034 0.162648 -0.0222069 0.137858 -0.272518 -0.481178 0.168222 0.190518 0.878323 0.0408188 0.324106 0.354338
internal_weight=137088 7889 5705 5084 2881 2650 2113 1961 621 537 1340 1098 152 134 231 621 404 207 1008 154 487 317 854 318 2184 2079 152 2203 228 290
internal_count=137088 7889 5705 5084 2881 2650 2113 1961 621 537 1340 1098 152 134 231 621 404 207 1008 154 487 317 854 318 2184 2079 152 2203 228 290
is_linear=0
shrinkage=0.05


Tree=297
num_leaves=31
num_cat=0
split_feature=20 3 14 10 10 2 14 0 9 6 3 12 10 14 14 10 13 5 9 20 12 22 22 11 9 0 21 10 11 22
split_gain=3176.38 12452.1 19037.1 10834.8 12261.7 10703.5 13331.9 16363.9 10409.3 8682.34 9937.47 12400.2 16096 51380.7 39608.7 42832.1 25902.8 16209.4 14876.4 14152.9 12394.5 12219.5 11381.5 39644.6 20121.9 12205.7 24053.3 22277.6 20527.5 16748.2
threshold=0.22849727115147936 203.91666666666669 4.5000000000000009 91.90000000000002 83.335416666666688 1.0600000000000003 1.5000000000000002 163.53333333333339 262.50000000000006 1.4278931288828354 132.89444444444447 0.89194178735545526 79.741666666666688 1.0000000180025095e-35 3.5000000000000004 89.141666666666694 -0.19509032201612839 177.22000000000006 1112.5000000000002 1.5026984154760863 0.71473537162315171 -42.460000000000001 -11.130000000000001 123.97882544994347 862.50000000000011 155.82000000000002 5.8433821371758734 86.444444444444471 193.89688390340925 -29.179999999999989
decision_type=8 2 2 10 10 10 2 2 2 2 2 2 10 2 2 10 2 2 2 10 2 10 8 2 2 2 8 10 2 8
left_child=1 5 3 4 -3 -1 7 -7 -8 -2 -11 20 18 -14 19 16 -16 -17 21 -15 -12 -13 25 24 -24 -22 27 -27 29 -28
right_child=9 2 -4 -5 -6 6 8 -9 -10 10 11 12 13 14 15 17 -18 -19 -20 -21 22 -23 23 -25 -26 26 28 -29 -30 -31
leaf_value=0.0014643580267236925 0.10685112233285297 0.26887647999922909 -0.11609272958621025 -0.21203897686735279 0.80588357140950395 0.20180724421603102 -0.092803751915153443 0.99920090036871645 0.33252745211406909 -0.054869031285992298 -0.00017471111081884127 -0.32338610414971303 1.6189926397274523 -0.056839385734910666 1.7089563632839255 -0.44678782834173436 0.3677606040239334 0.61418012862404192 -0.54246942029795908 -0.89044897803033773 0.04653492495232809 0.11097055230810232 -0.28066275368607235 1.1430816773857388 0.58226020516351207 -0.31817242805875984 0.0092599542796932555 -1.0496722318172456 -0.46519495308609077 0.83393457561731354
leaf_weight=87916 1524 627 415 93 128 214 452 92 211 11404 28997 181 68 235 90 90 60 60 107 65 504 1536 315 77 86 622 511 125 213 70
leaf_count=87916 1524 627 415 93 128 214 452 92 211 11404 28997 181 68 235 90 90 60 60 107 65 504 1536 315 77 86 622 511 125 213 70
internal_value=9.07544e-06 0.00550107 0.161394 0.297192 0.359919 0.00328593 0.168554 0.441547 0.0425581 -0.0105383 -0.0144774 -0.0009344 0.106437 0.316417 0.168792 0.575039 1.17248 -0.0224006 0.029536 -0.237455 -0.00942326 0.0651822 -0.115717 0.103939 -0.095597 -0.16706 -0.236919 -0.440579 -0.0453139 0.108618
internal_weight=137088 90148 1263 848 755 88885 969 306 663 46940 45416 34012 2492 668 600 300 150 150 1824 300 31520 1717 2523 478 401 2045 1541 747 794 581
internal_count=137088 90148 1263 848 755 88885 969 306 663 46940 45416 34012 2492 668 600 300 150 150 1824 300 31520 1717 2523 478 401 2045 1541 747 794 581
is_linear=0
shrinkage=0.05


Tree=298
num_leaves=31
num_cat=0
split_feature=5 16 8 10 13 12 22 5 4 4 22 22 5 17 13 15 20 22 10 22 13 22 12 21 6 14 14 22 6 21
split_gain=3165.32 5790.13 14300.3 13001.2 17438.3 14024.8 8484.73 7612.73 7066.66 6494.5 5879.17 12258 11755 14015.1 9850.6 17154.5 13568.5 15631 10042.1 11584.5 9611.94 9057.73 7568.55 7386.46 7105.69 7954.66 6717.83 8488.8 6528.23 6536.03
threshold=95.201666666666682 24.750000000000004 70.750000000000014 85.26944444444446 -0.89194178735545482 -0.043619387365335778 -25.27 82.758333333333354 3.4857806394923005 6.8442676744833273 -9.6200000000000028 -16.569999999999993 86.273333333333341 6.5000000000000009 0.021814885034560704 0.19250000000000003 -1.6510454864952377 -22.969999999999995 62.166666666666679 -45.689999999999991 -0.98279651670771917 -27.160000000000007 -0.87137607974597275 11.966795106234764 11.903325229170601 3.5000000000000004 3.5000000000000004 -11.819999999999991 10.068635669340164 13.410642971631619
decision_type=2 2 2 10 2 2 10 2 2 2 8 10 2 2 2 2 10 10 10 10 2 10 2 10 2 2 2 10 2 10
left_child=1 2 10 8 5 7 -4 -5 -3 -6 11 14 20 22 16 18 -1 21 19 -16 -12 23 -14 24 25 -18 -13 -28 29 -20
right_child=-2 3 6 4 9 -7 -8 -9 -10 -11 12 26 13 -15 15 -17 17 -19 28 -21 -22 -23 -24 -25 -26 -27 27 -29 -30 -31
leaf_value=0.15336676599249507 0.002109912855167912 -0.13804630938237944 0.63170975518405892 1.0868807126581668 -0.057213256470227652 -0.24760481474300225 0.15336676599249507 0.29039187088608742 -0.59315658724289788 -0.81979739755954384 -0.5750203193920963 -0.067135193851574057 0.15336676599249507 -0.63565539320309961 -0.26101691920303077 0.15336676599249507 -0.12785309980697637 0.15336676599249507 -0.34003640699565735 0.073667786188859094 0.15336676599249507 -0.29919658212281475 -0.058202633595215936 -0.28290825433090444 0.15336676599249507 0.11132948035047503 -0.37785247307580089 0.15336676599249507 0.034138275115262899 0.15336676599249507
leaf_weight=903 127347 159 133 60 59 60 146 60 184 53 53 535 173 93 389 105 891 213 836 771 602 385 1070 254 128 570 554 82 168 52
leaf_count=903 127347 159 133 60 59 60 146 60 184 53 53 535 173 93 389 105 891 213 836 771 602 385 1070 254 128 570 554 82 168 52
internal_value=8.62168e-06 -0.0274622 -0.0172825 -0.173441 0.0717645 0.376556 0.335156 0.688636 -0.382187 -0.418079 -0.0284222 -0.0504442 0.0471892 -0.043604 -0.0200032 -0.0991434 0.0349263 -0.0286059 -0.140122 -0.038567 0.153367 -0.0786226 0.000692674 -0.032545 0.00747529 -0.0345375 -0.19771 -0.307548 -0.251678 -0.305752
internal_weight=137088 9741 9106 635 292 180 279 120 343 112 8827 6836 1991 1336 5665 2321 3344 2441 2216 1160 655 2228 1243 1843 1589 1461 1171 636 1056 888
internal_count=137088 9741 9106 635 292 180 279 120 343 112 8827 6836 1991 1336 5665 2321 3344 2441 2216 1160 655 2228 1243 1843 1589 1461 1171 636 1056 888
is_linear=0
shrinkage=0.05


Tree=299
num_leaves=31
num_cat=0
split_feature=20 12 3 0 13 5 20 4 5 18 14 21 10 3 14 21 11 10 14 22 9 18 22 9 8 12 12 10 13 20
split_gain=3316.16 9161.31 17579.2 12279.3 22681.7 22693.5 18175.2 12887.9 12026.5 11713.1 22508.1 11405.6 13259.2 10622.7 22117.2 10371.6 9792.44 9175.69 9095.71 10796.5 8847.62 17465.9 14458.3 25107 31779.5 15115.7 12055 11131.8 16702.6 15436.1
threshold=-0.74913186962026479 -0.89194178735545504 81.343333333333348 121.02000000000002 0.098011308799811445 140.45500000000004 -1.3797042757225293 2.9323483194652478 151.59500000000003 87.000000000000014 1.5000000000000002 -0.66474548811250844 99.683333333333351 184.87000000000003 4.5000000000000009 19.164090509498141 120.00419992208474 71.263333333333335 1.0000000180025095e-35 -59.47999999999999 142.50000000000003 16.750000000000004 -2.5699999999999963 37.500000000000007 75.500000000000014 0.13052619222005182 0.60003553868615167 91.466666666666683 0.54643492068321298 -1.3797042757225293
decision_type=8 2 2 2 2 2 10 2 2 2 2 10 10 2 2 10 2 10 2 10 2 2 10 2 2 2 2 10 2 10
left_child=1 2 17 7 6 -6 -5 -4 18 13 -11 -9 -13 20 -15 -14 -7 -1 -8 -20 21 27 -23 25 26 -24 -25 28 -3 -29
right_child=-2 9 3 4 5 16 8 11 -10 10 -12 12 15 14 -16 -17 -18 -19 19 -21 -22 22 23 24 -26 -27 -28 29 -30 -31
leaf_value=0.025481031479672067 -0.0038782323864225993 0.0062333470983401053 0.15997089457970617 0.99590138312356147 1.1195099520376166 -0.19249709499106832 -0.31553933566436171 0.19552941282342812 -0.35421645185962225 -0.96356779780652779 0.11164296213186012 -0.18227695342095779 0.73531626126653438 0.78600769916833457 -0.40643249184920871 -0.026163150625616579 0.56298466842048445 -0.46838587785059471 -0.18946627501355506 0.4676690093770221 -0.01287458617376102 -0.050354488467595354 -0.37095515202908291 -0.0098865768230623676 1.2671565752975722 0.60665783574432142 0.72996765255893692 0.84579055222096278 0.43576481407570755 0.22048677753362736
leaf_weight=171 108256 941 1716 51 131 73 80 399 161 90 106 1036 74 118 58 113 104 209 87 222 18660 2859 189 180 97 50 57 135 298 367
leaf_count=171 108256 941 1716 51 131 73 80 399 161 90 106 1036 74 118 58 113 104 209 87 222 18660 2859 189 180 97 50 57 135 298 367
internal_value=0.000135048 0.0152038 0.0796673 0.108819 0.27174 0.62063 0.0929416 0.0644531 0.00921265 0.002881 -0.382076 -0.0366003 -0.112332 0.00602364 0.393044 0.275171 0.251402 -0.246146 0.159629 0.28265 0.0031656 0.0610256 -0.00441095 0.224826 0.504799 -0.166434 0.192779 0.190019 0.109543 0.388646
internal_weight=137088 28832 4627 4247 909 308 601 3338 550 24205 196 1622 1223 24009 176 187 177 380 389 309 23833 5173 3432 573 334 239 237 1741 1239 502
internal_count=137088 28832 4627 4247 909 308 601 3338 550 24205 196 1622 1223 24009 176 187 177 380 389 309 23833 5173 3432 573 334 239 237 1741 1239 502
is_linear=0
shrinkage=0.05


end of trees

feature_importances:
Column_22=1277
Column_9=775
Column_13=704
Column_20=689
Column_0=678
Column_12=671
Column_11=459
Column_21=418
Column_10=415
Column_5=383
Column_2=289
Column_14=287
Column_6=266
Column_8=232
Column_18=222
Column_16=218
Column_1=198
Column_3=197
Column_19=163
Column_17=161
Column_7=134
Column_15=123
Column_4=41

parameters:
[boosting: gbdt]
[objective: regression]
[metric: l2]
[tree_learner: serial]
[device_type: cpu]
[data_sample_strategy: bagging]
[data: ]
[valid: ]
[num_iterations: 300]
[learning_rate: 0.05]
[num_leaves: 31]
[num_threads: 8]
[seed: 0]
[deterministic: 0]
[force_col_wise: 0]
[force_row_wise: 0]
[histogram_pool_size: -1]
[max_depth: -1]
[min_data_in_leaf: 50]
[min_sum_hessian_in_leaf: 0.001]
[bagging_fraction: 1]
[pos_bagging_fraction: 1]
[neg_bagging_fraction: 1]
[bagging_freq: 0]
[bagging_seed: 3]
[bagging_by_query: 0]
[feature_fraction: 1]
[feature_fraction_bynode: 1]
[feature_fraction_seed: 2]
[extra_trees: 0]
[extra_seed: 6]
[early_stopping_round: 0]
[early_stopping_min_delta: 0]
[first_metric_only: 0]
[max_delta_step: 0]
[lambda_l1: 0]
[lambda_l2: 0]
[linear_lambda: 0]
[min_gain_to_split: 0]
[drop_rate: 0.1]
[max_drop: 50]
[skip_drop: 0.5]
[xgboost_dart_mode: 0]
[uniform_drop: 0]
[drop_seed: 4]
[top_rate: 0.2]
[other_rate: 0.1]
[min_data_per_group: 100]
[max_cat_threshold: 32]
[cat_l2: 10]
[cat_smooth: 10]
[max_cat_to_onehot: 4]
[top_k: 20]
[monotone_constraints: 0,0,0,0,0,0,0,1,1,0,0,0,0,0,0,0,0,0,0,0,0,0,0]
[monotone_constraints_method: basic]
[monotone_penalty: 0]
[feature_contri: ]
[forcedsplits_filename: ]
[refit_decay_rate: 0.9]
[cegb_tradeoff: 1]
[cegb_penalty_split: 0]
[cegb_penalty_feature_lazy: ]
[cegb_penalty_feature_coupled: ]
[path_smooth: 0]
[interaction_constraints: ]
[verbosity: -1]
[saved_feature_importance_type: 0]
[use_quantized_grad: 0]
[num_grad_quant_bins: 4]
[quant_train_renew_leaf: 0]
[stochastic_rounding: 1]
[linear_tree: 0]
[max_bin: 255]
[max_bin_by_feature: ]
[min_data_in_bin: 3]
[bin_construct_sample_cnt: 200000]
[data_random_seed: 1]
[is_enable_sparse: 1]
[enable_bundle: 1]
[use_missing: 1]
[zero_as_missing: 0]
[feature_pre_filter: 1]
[pre_partition: 0]
[two_round: 0]
[header: 0]
[label_column: ]
[weight_column: ]
[group_column: ]
[ignore_column: ]
[categorical_feature: ]
[forcedbins_filename: ]
[precise_float_parser: 0]
[parser_config_file: ]
[objective_seed: 5]
[num_class: 1]
[is_unbalance: 0]
[scale_pos_weight: 1]
[sigmoid: 1]
[boost_from_average: 1]
[reg_sqrt: 0]
[alpha: 0.9]
[fair_c: 1]
[poisson_max_delta_step: 0.7]
[tweedie_variance_power: 1.5]
[lambdarank_truncation_level: 30]
[lambdarank_norm: 1]
[label_gain: ]
[lambdarank_position_bias_regularization: 0]
[eval_at: ]
[multi_error_top_k: 1]
[auc_mu_weights: ]
[num_machines: 1]
[local_listen_port: 12400]
[time_out: 120]
[machine_list_filename: ]
[machines: ]
[gpu_platform_id: -1]
[gpu_device_id: -1]
[gpu_device_id_list: ]
[gpu_use_dp: 0]
[num_gpu: 1]

end of parameters

pandas_categorical:null
