tree
version=v4
num_class=1
num_tree_per_iteration=1
label_index=0
max_feature_idx=14
objective=regression
feature_names=Column_0 Column_1 Column_2 Column_3 Column_4 Column_5 Column_6 Column_7 Column_8 Column_9 Column_10 Column_11 Column_12 Column_13 Column_14
monotone_constraints=0 0 0 0 0 0 0 1 1 0 0 0 0 0 0
feature_infos=[40:400] [-10.177777777777775:9.5777777777777775] [-6.5022222222222208:7.0680000000000005] [40:400] [0:75.808395039853508] [40:400] [0:97.862102362395248] [0:2283] [0:2283] [0:1440] [43.166666666666664:165.66666666666669] [0:675.00996159100009] [-1:1] [-1:1] [0:6]
tree_sizes=2824 2879 2848 2853 2849 2851 2842 2841 2850 2849 2832 2829 2853 2846 2880 2845 2853 2833 2852 2834 2837 2837 2864 2876 2844 2883 2846 2838 2869 2868 2833 2836 2891 2859 2856 2888 2872 2856 2883 2892 2875 2863 2907 2896 2869 2903 2855 2872 2909 2895 2876 2900 2905 2889 2891 2876 2917 2887 2922 2940 2875 2888 2869 2875 2911 2861 2900 2842 2878 2922 2875 2881 2852 2897 2919 2816 2802 2897 2872 2764 2874 2920 2897 2854 2897 2850 2874 2877 2908 2861 2884 2825 2899 2859 2898 2854 2853 2880 2849 2830 2856 2846 2829 2813 2870 2857 2909 2814 2825 2895 2910 2888 2839 2847 2827 2855 2823 2837 2879 2766 2869 2774 2814 2825 2784 2847 2775 2890 2803 2851 2825 2852 2834 2862 2852 2820 2850 2849 2881 2852 2802 2837 2790 2839 2857 2847 2851 2827 2784 2868 2891 2805 2835 2806 2822 2795 2828 2842 2816 2817 2865 2764 2793 2768 2799 2793 2804 2931 2811 2817 2779 2787 2783 2802 2783 2832 2869 2809 2834 2777 2858 2826 2833 2826 2796 2780 2837 2774 2821 2810 2850 2784 2808 2785 2858 2834 2828 2786 2833 2857 2833 2820 2774 2807 2786 2850 2800 2868 2790 2834 2860 2821 2834 2807 2854 2818 2802 2800 2805 2779 2766 2798 2781 2808 2793 2862 2786 2828 2778 2839 2828 2826 2771 2845 2824 2830 2868 2821 2787 2778 2835 2776 2806 2821 2834 2829 2790 2847 2789 2843 2860 2811 2871 2821 2775 2818 2892 2792 2829 2773 2849 2789 2804 2770 2776 2818 2868 2780 2744 2779 2842 2838 2781 2770 2853 2820 2811 2811 2789 2805 2824 2842 2807 2823 2788 2800 2758 2765 2787 2826 2746 2881 2842 2770 2790 2823 2784 2800 2771 2769

Tree=0
num_leaves=31
num_cat=0
split_feature=0 0 0 0 0 0 0 3 9 9 9 9 9 9 12 0 1 9 13 13 12 0 2 6 0 0 5 0 6 0
split_gain=8.62384e+07 1.89275e+07 1.71809e+07 4.52358e+06 3.99629e+06 3.68975e+06 2.00773e+06 1.93535e+06 1.46441e+06 1.19999e+06 1.10667e+06 905625 823198 765051 746829 663963 639151 629878 599104 487020 480766 463850 434233 354798 334026 333138 276820 266397 262609 261167
threshold=158.21333333333334 225.62000000000003 124.02000000000002 100.25333333333336 288.90000000000003 184.22000000000003 138.22000000000003 64.737777777777794 37.500000000000007 32.500000000000007 22.500000000000004 27.500000000000004 27.500000000000004 77.500000000000014 0.60003553868615167 112.81333333333335 -0.40799999999999975 332.50000000000006 -0.88186879444286459 -0.66746801135786449 0.37256073532439576 204.05333333333337 0.22666666666666671 8.5193053451924943 251.18000000000004 172.87333333333336 46.57694444444445 335.52000000000004 11.375292204038724 89.420000000000016
decision_type=2 2 2 2 2 2 2 2 2 2 2 2 2 2 2 2 8 2 2 2 2 2 10 2 2 2 2 2 2 2
left_child=2 5 3 7 16 10 12 26 -5 14 20 -8 -4 -9 -7 -10 -3 21 -6 -12 -2 -11 -20 -13 -18 -21 -1 -24 -16 -15
right_child=1 4 6 8 18 9 11 13 15 17 19 23 -14 29 28 -17 24 -19 22 25 -22 -23 27 -25 -26 -27 -28 -29 -30 -31
leaf_value=133.52213165472091 140.56679830091525 141.58312039942527 139.24141206447871 138.2250672275693 143.70220751598833 141.20080765988126 139.99250249915511 137.30022566065654 137.02919285989736 139.93009273414884 138.89031324618728 138.77314689629301 137.95408258069696 136.0826960290787 146.47402145088444 137.44170940839194 142.41677727466214 141.10524849471867 144.83604401109204 139.36716045125107 143.4841286454481 140.78126276583009 146.15367142743929 138.35036649757063 143.47502052443346 139.94650862055499 135.1231163038824 148.30810107093734 143.27196088549576 136.53942443937376
leaf_weight=540 423 1516 1318 4209 345 270 1267 2567 18777 3742 3452 13394 21490 5235 136 20300 1889 3776 403 7013 212 2797 390 7883 1232 3840 540 227 121 7784
leaf_count=540 423 1516 1318 4209 345 270 1267 2567 18777 3742 3452 13394 21490 5235 136 20300 1889 3776 403 7013 212 2797 390 7883 1232 3840 540 227 121 7784
internal_value=138.314 140.597 137.625 137.069 143.125 140.008 138.359 136.369 137.339 140.71 139.498 138.694 138.028 136.511 143.037 137.243 142.425 140.591 145.503 139.408 141.541 140.294 146.113 138.617 142.835 139.572 134.323 146.946 144.966 136.356
internal_weight=137088 31784 105304 59952 6002 25782 45352 16666 43286 10842 14940 22544 22808 15586 527 39077 4637 10315 1365 14305 635 6539 1020 21277 3121 10853 1080 617 257 13019
internal_count=137088 31784 105304 59952 6002 25782 45352 16666 43286 10842 14940 22544 22808 15586 527 39077 4637 10315 1365 14305 635 6539 1020 21277 3121 10853 1080 617 257 13019
is_linear=0
shrinkage=1


Tree=1
num_leaves=31
num_cat=0
split_feature=0 0 0 0 0 0 0 3 9 9 9 9 9 12 9 1 13 1 1 0 12 0 2 12 9 0 0 6 5 13
split_gain=7.78885e+07 1.83315e+07 1.41053e+07 3.9171e+06 3.60665e+06 3.52069e+06 2.04168e+06 1.69477e+06 1.23824e+06 1.08603e+06 1.01552e+06 927083 685235 678794 655898 577075 540692 538019 507591 464242 413635 405049 392118 366637 359165 349628 303944 291740 249830 244806
threshold=155.22000000000003 225.62000000000003 121.02000000000002 184.22000000000003 288.90000000000003 99.29000000000002 133.90000000000006 64.737777777777794 32.500000000000007 27.500000000000004 22.500000000000004 32.500000000000007 27.500000000000004 0.60003553868615167 77.500000000000014 -0.40799999999999975 -0.88186879444286459 -0.86666666666666614 -0.46666666666666617 109.05333333333334 0.63435554093529933 202.30000000000004 0.21333333333333401 0.86046863722869271 352.50000000000006 172.87333333333336 251.18000000000004 5.0864716591531112 46.57694444444445 -0.83146961230254512
decision_type=2 2 2 2 2 2 2 2 2 2 2 2 2 2 2 10 2 10 10 2 2 2 10 2 2 2 2 2 2 2
left_child=2 3 5 10 15 7 12 28 -7 13 20 27 -4 -5 -9 -3 -6 -11 -12 -10 -2 23 -18 -19 -13 -20 -17 -8 -1 -28
right_child=1 4 6 9 16 8 11 14 19 17 18 24 -14 -15 -16 26 22 21 25 -21 -22 -23 -24 -25 -26 -27 29 -29 -30 -31
leaf_value=-4.5521726700111564 2.0957301959892116 3.1079464338261529 0.69507461353115529 2.7481017296084294 5.1188992315098858 -0.10402265673547158 2.3063743542938457 -0.97182812010212405 -1.3084292635766588 1.3297354525975846 0.47713322547230042 -0.024018863045937214 -0.48810602648251378 6.8730314624191511 -1.8868840929552499 3.8976540225936827 6.1882027646005158 1.8537338431635639 0.96436246373775547 -0.93538005122259227 4.6433919572724704 2.7235718718247428 8.1961510947022234 3.0073764256134758 0.36208740184287119 1.5307403794816699 3.7244608363564708 0.91102230918631022 -3.0312372926981364 5.3297421409477845
leaf_weight=540 540 1522 1299 197 345 3587 540 2339 13571 1584 3795 13289 21112 202 12032 1888 400 4274 9064 21635 226 3764 620 821 11016 3896 322 1223 540 905
leaf_count=540 540 1522 1299 197 345 3587 540 2339 13571 1584 3795 13289 21112 202 12032 1888 400 4274 9064 21635 226 3764 620 821 11016 3896 322 1223 540 905
internal_value=1.1194e-09 2.06055 -0.689336 1.52932 4.57092 -1.24323 -0.0695724 -1.88151 -0.989013 2.27628 1.06709 0.231287 -0.419526 4.83641 -1.73795 3.90592 6.82997 2.17847 0.985704 -1.07918 2.84739 2.33022 7.40872 2.03963 0.15098 1.13463 4.29582 1.33841 -3.7917 4.90847
internal_weight=137088 34365 102723 28363 6002 54244 48479 15451 38793 10842 17521 26068 22411 399 14371 4637 1365 10443 16755 35206 766 8859 1020 5095 24305 12960 3115 1763 1080 1227
internal_count=137088 34365 102723 28363 6002 54244 48479 15451 38793 10842 17521 26068 22411 399 14371 4637 1365 10443 16755 35206 766 8859 1020 5095 24305 12960 3115 1763 1080 1227
is_linear=0
shrinkage=0.05


Tree=2
num_leaves=31
num_cat=0
split_feature=0 0 0 0 0 0 0 0 9 9 9 9 7 9 0 12 9 13 13 13 12 0 2 0 6 7 0 6 9 0
split_gain=7.03136e+07 1.60359e+07 1.39015e+07 4.02937e+06 2.68118e+06 2.67666e+06 1.77206e+06 1.62379e+06 1.226e+06 955570 926610 771126 671874 662662 646287 581387 519662 515222 488112 470308 466167 400800 343677 327597 325182 264129 264004 260161 253637 246203
threshold=162.82000000000002 126.02000000000002 232.82000000000002 101.09000000000002 288.90000000000003 187.65333333333336 143.02000000000004 63.63333333333334 37.500000000000007 32.500000000000007 22.500000000000004 32.500000000000007 28.500000000000004 22.500000000000004 114.21333333333335 0.60003553868615167 337.50000000000006 -0.82531082829576841 -0.87137607974597309 -0.66746801135786449 0.37256073532439576 208.02000000000004 0.22666666666666671 265.42000000000002 8.350420622746844 70.250000000000014 89.420000000000016 4.7836533520991171 442.50000000000006 133.90000000000006
decision_type=2 2 2 2 2 2 2 2 2 2 2 2 2 2 2 2 2 2 2 2 2 2 10 2 2 2 2 2 2 2
left_child=1 3 5 7 17 10 11 -1 -5 15 20 -3 26 27 -10 -7 21 25 -6 -12 -2 -11 -20 -19 -15 -4 -9 -8 -21 -13
right_child=2 6 4 8 18 9 13 12 14 16 19 29 -14 24 -16 -17 -18 23 22 28 -22 -23 -24 -25 -26 -27 -28 -29 -30 -31
leaf_value=-3.6049499644589731 2.1977855808680231 0.87762697931724487 2.7592436504109128 -0.039725080889000994 4.9408363324190887 2.7693652363727814 3.1112985198243255 -1.9836577239272057 -1.1252450669141163 1.572826865557313 0.59342346908385779 -0.36512602115784443 -0.62410295249146608 0.60537422403719621 -0.73065371233326848 6.2322373737808041 2.6880308059591282 3.9702526088738193 5.916392773094068 1.1041188248615714 5.3477883509794877 2.3688221112322969 7.8179312249785058 5.305239683177871 0.18211199051168261 6.0983528137207035 -1.5497603553930741 1.2612249189425981 1.6423415637909653 -0.042855175090297896
leaf_weight=1082 338 1758 988 4325 371 247 274 5532 20378 3542 3035 12130 1577 11280 21144 238 3471 2066 393 5704 180 2857 601 591 7592 63 9571 620 3552 11588
leaf_count=1082 338 1758 988 4325 371 247 274 5532 20378 3542 3035 12130 1577 11280 21144 238 3471 2066 393 5704 180 2857 601 591 7592 63 9571 620 3552 11588
internal_value=2.52414e-10 -0.576744 2.22329 -1.08856 4.59394 1.70412 0.142853 -1.72791 -0.840862 2.3019 1.22086 -0.132781 -1.60615 0.498111 -0.92431 4.46867 2.19542 3.89651 6.48848 1.13356 3.29238 1.92822 7.06612 4.2672 0.4351 2.9594 -1.70869 1.82825 1.31066 -0.207673
internal_weight=137088 108851 28237 63609 5073 23164 45242 17762 45847 10355 12809 25476 16680 19766 41522 485 9870 3708 1365 12291 518 6399 994 2657 18872 1051 15103 894 9256 23718
internal_count=137088 108851 28237 63609 5073 23164 45242 17762 45847 10355 12809 25476 16680 19766 41522 485 9870 3708 1365 12291 518 6399 994 2657 18872 1051 15103 894 9256 23718
is_linear=0
shrinkage=0.05


Tree=3
num_leaves=31
num_cat=0
split_feature=0 0 0 0 0 0 0 5 7 9 9 9 0 9 13 12 13 1 1 0 9 12 9 9 0 6 1 0 9 6
split_gain=6.35959e+07 1.49462e+07 1.15217e+07 3.18067e+06 2.92821e+06 2.76858e+06 1.80401e+06 1.10504e+06 1.09652e+06 894464 825290 771155 749014 632563 598244 552107 506509 505161 449310 404566 343145 339638 333519 316995 295318 248270 248218 239795 239655 227831
threshold=155.22000000000003 225.62000000000003 120.08666666666669 184.22000000000003 276.64000000000004 92.02000000000001 133.90000000000006 46.57694444444445 28.500000000000004 32.500000000000007 22.500000000000004 32.500000000000007 106.42000000000003 27.500000000000004 -0.83146961230254512 0.60003553868615167 -0.64278760968653914 0.18666666666666604 -0.46666666666666617 335.52000000000004 77.500000000000014 0.63435554093529933 247.50000000000003 397.50000000000006 172.87333333333336 5.0864716591531112 -0.24533333333333329 204.05333333333337 62.500000000000007 11.375292204038724
decision_type=2 2 2 2 2 2 2 2 2 2 2 2 2 2 2 2 2 10 10 2 2 2 2 2 2 2 8 2 2 2
left_child=2 3 5 10 17 7 13 -1 12 15 21 25 -7 -4 -6 -5 27 22 -12 28 -9 -2 -3 -13 -20 -8 -18 -11 -16 -17
right_child=1 4 6 9 14 8 11 20 -10 16 18 23 -14 -15 19 29 26 -19 24 -21 -22 -23 -24 -25 -26 -27 -28 -29 -30 -31
leaf_value=-4.1447424775582773 1.8895247126522385 2.4018193679642832 0.63569009685240674 2.4856273077373157 4.5506617533354961 -1.3274150093374955 2.1086665659770367 -0.9844110345519097 -0.16058379898794786 1.0126916987074548 0.41387027203994076 -0.017280739511813231 -0.88301633629511922 -0.45622422571783688 7.9133505983958177 7.1275540783563089 1.7715905756745471 3.9901778505442991 0.87598461736913613 7.9661299110930646 -1.936299531353348 4.1980846049643201 3.6536185017503247 0.35007974348906767 1.3965172561590002 0.82146148799297203 2.3893797915619062 1.9029214073099965 5.5555389925777519 4.1450520869128962
leaf_weight=540 540 1370 1408 270 627 15529 540 1092 3739 1683 3795 14379 24348 22880 126 136 2459 1940 9064 324 7119 226 870 9926 3896 1223 4799 1374 745 121
leaf_count=540 540 1370 1408 270 627 15529 540 1092 3739 1683 3795 14379 24348 22880 126 136 2459 1940 9064 324 7119 226 870 9926 3896 1223 4799 1374 745 121
internal_value=3.28227e-09 1.86192 -0.622887 1.38224 4.12868 -1.14215 -0.0828823 -1.95379 -0.979309 2.05534 0.965727 0.20599 -1.05608 -0.392925 5.80145 4.06455 1.95269 3.39954 0.892354 6.45773 -1.80971 2.57064 2.88801 0.132747 1.03247 1.21573 2.18007 1.41281 5.89662 5.72334
internal_weight=137088 34365 102723 28363 6002 52367 50356 8751 43616 10842 17521 26068 39877 24288 1822 527 10315 4180 16755 1195 8211 766 2240 24305 12960 1763 7258 3057 871 257
internal_count=137088 34365 102723 28363 6002 52367 50356 8751 43616 10842 17521 26068 39877 24288 1822 527 10315 4180 16755 1195 8211 766 2240 24305 12960 1763 7258 3057 871 257
is_linear=0
shrinkage=0.05


Tree=4
num_leaves=31
num_cat=0
split_feature=0 0 0 0 0 0 0 5 9 9 9 7 9 12 9 9 13 0 1 13 0 12 6 13 6 0 0 0 8 7
split_gain=5.74161e+07 1.26468e+07 1.14675e+07 3.02796e+06 2.87074e+06 2.19838e+06 1.35564e+06 1.33539e+06 1.01659e+06 870483 764380 676543 550109 538207 508044 503722 449228 448839 436557 414246 401691 349617 321409 316820 290002 282258 275643 269218 241229 228385
threshold=158.21333333333334 232.82000000000002 124.02000000000002 100.25333333333336 185.40666666666669 288.90000000000003 138.22000000000003 66.465000000000018 37.500000000000007 32.500000000000007 22.500000000000004 50.500000000000007 27.500000000000004 0.60003553868615167 332.50000000000006 77.500000000000014 -0.82531082829576841 114.21333333333335 -0.66666666666666707 -0.66746801135786449 208.02000000000004 0.37256073532439576 8.350420622746844 -0.91080963307804841 7.0212193536539065 335.52000000000004 173.82000000000002 265.42000000000002 75.500000000000014 34.500000000000007
decision_type=2 2 2 2 2 2 2 2 2 2 2 2 2 2 2 2 2 2 10 2 2 2 2 2 2 2 2 2 2 2
left_child=2 4 3 7 10 16 12 -1 -5 13 21 22 -4 -6 20 -9 28 -10 -7 29 -11 -2 -8 -20 -13 -25 -21 -18 -3 -12
right_child=1 5 6 8 9 18 11 15 17 14 19 24 -14 -15 -16 -17 27 -19 23 26 -22 -23 -24 25 -26 -27 -28 -29 -30 -31
leaf_value=-3.2922789980834 1.8433926500969156 2.3599838345450119 0.75750159646316373 -0.057186726170412955 2.4437196054128156 4.1854719480604823 0.39320403628104472 -0.8316604842635309 -1.0294872653536036 1.3575303914145878 0.29913534834291883 2.515558252425286 -0.29485321175767321 5.6218605802145625 2.3937416953002981 -1.597399864390352 3.5965592322440139 -0.68912239839043532 4.4428898570301767 0.88027347423356128 2.133247539744799 4.3089870805265731 -0.010147142474130903 6.0375469430683957 0.91137047543302274 7.8826432889646245 1.402108837423566 4.8067652761784911 4.6608138593343593 1.5656778429771898
leaf_weight=1076 430 921 1318 4209 271 301 13429 2572 21343 4039 3167 412 21490 262 3876 13018 2066 17734 182 7344 2844 216 7812 549 891 333 3861 591 130 401
leaf_count=1076 430 921 1318 4209 271 301 13429 2572 21343 4039 3167 412 21490 262 3876 13018 2066 17734 182 7344 2844 216 7812 549 891 333 3861 591 130 401
internal_value=-5.14865e-09 1.86254 -0.562172 -1.01599 1.42788 4.15113 0.0377381 -1.58865 -0.795498 2.03359 0.984297 0.3127 -0.234041 4.00596 1.93588 -1.47107 3.51962 -0.875022 5.86664 0.91068 1.67805 2.6678 0.24486 6.34224 1.4186 6.73416 1.06009 3.86575 2.64458 0.441479
internal_weight=137088 31784 105304 59952 26711 5073 45352 16666 43286 11292 15419 22544 22808 533 10759 15590 3708 39077 1365 14773 6883 646 21241 1064 1303 882 11205 2657 1051 3568
internal_count=137088 31784 105304 59952 26711 5073 45352 16666 43286 11292 15419 22544 22808 533 10759 15590 3708 39077 1365 14773 6883 646 21241 1064 1303 882 11205 2657 1051 3568
is_linear=0
shrinkage=0.05


Tree=5
num_leaves=31
num_cat=0
split_feature=0 0 0 0 0 0 0 5 7 9 9 9 0 1 9 12 13 9 0 6 1 13 0 9 9 12 12 11 13 12
split_gain=5.18742e+07 1.23888e+07 9.24296e+06 2.99604e+06 2.19001e+06 2.09647e+06 1.57797e+06 922984 891230 799820 671515 593148 566226 559694 527996 525218 501047 494612 396280 354694 337314 297908 296728 282440 242612 240448 239116 315264 318220 235381
threshold=154.77333333333337 217.10000000000002 119.01333333333335 276.64000000000004 92.02000000000001 179.90000000000006 132.47333333333339 46.57694444444445 42.500000000000007 27.500000000000004 22.500000000000004 22.500000000000004 106.42000000000003 0.18666666666666604 37.500000000000007 0.60003553868615167 -0.89194178735545482 342.50000000000006 335.52000000000004 13.490768550692232 -0.0080000000000000644 -0.81279832427823695 144.25333333333336 77.500000000000014 37.500000000000007 0.47136869107721086 0.76604444311897824 70.14998999114691 -0.076279435988900565 0.63435554093529933
decision_type=2 2 2 2 2 2 2 2 2 2 2 2 2 10 2 2 2 2 2 2 10 2 2 2 2 2 2 2 2 2
left_child=2 5 4 13 7 11 14 -1 12 15 25 29 -6 21 -4 -7 -5 20 -18 -13 -11 -3 -12 -9 -15 -8 -19 -28 -29 -2
right_child=1 3 6 16 8 9 10 23 -10 17 22 19 -14 24 -16 -17 18 26 -20 -21 -22 -23 -24 -25 -26 -27 27 28 -30 -31
leaf_value=-3.7728915023803711 1.6246386235263235 1.6587337615479461 0.40991917021873708 3.8000126996330472 -1.1950382803787776 2.1956537857150833 0.81133890785690577 -0.89011481039212415 -0.077139299929269114 0.99780277055452749 -0.039512421097202877 0.89861015461357996 -0.80496290354001232 4.9453397613155605 -0.461964086757362 5.6622390497438984 5.1968369147203974 1.7556033765128956 7.1059221548192646 0.37116357619334611 1.6970718636246127 2.7587732540616652 0.30012116471756933 -1.7537102351437412 3.2909648939902953 2.2865554615601011 2.226373906997313 5.3178246465961587 1.4705896496869526 3.6044536066032671
leaf_weight=540 503 862 1882 453 15802 238 878 1092 3048 3362 15304 10898 22621 245 22447 202 995 2495 374 4505 3541 2152 11092 7119 2321 403 1245 178 77 214
leaf_count=540 503 862 1882 453 15802 238 878 1092 3048 3362 15304 10898 22621 245 22447 202 995 2495 374 4505 3541 2152 11092 7119 2321 403 1245 178 77 214
internal_value=-1.67069e-09 1.66559 -0.567969 3.48102 -1.05177 1.17619 -0.100761 -1.77054 -0.900103 1.69714 0.157462 0.809782 -0.965387 2.90621 -0.394518 3.78713 5.24142 1.61276 5.71838 0.744345 1.3565 2.44416 0.103207 -1.63886 3.44892 1.27544 2.05554 2.55443 4.15611 2.21555
internal_weight=137088 34860 102228 7402 50222 27458 52006 8751 41471 11338 27677 16120 38423 5580 24329 440 1822 10898 1369 15403 6903 3014 26396 8211 2566 1281 3995 1500 255 717
internal_count=137088 34860 102228 7402 50222 27458 52006 8751 41471 11338 27677 16120 38423 5580 24329 440 1822 10898 1369 15403 6903 3014 26396 8211 2566 1281 3995 1500 255 717
is_linear=0
shrinkage=0.05


Tree=6
num_leaves=31
num_cat=0
split_feature=0 0 0 0 0 0 0 0 9 9 9 9 7 9 8 0 1 9 13 12 12 6 12 1 5 1 6 7 5 2
split_gain=4.69025e+07 1.07126e+07 9.31919e+06 2.71408e+06 1.81503e+06 1.78728e+06 1.18724e+06 1.15649e+06 891756 737792 576108 523587 518476 484997 448207 435203 391439 390854 383741 354924 332889 330146 283117 269118 261146 256964 230490 222038 221884 219541
threshold=162.82000000000002 126.02000000000002 232.82000000000002 101.09000000000002 191.58000000000001 288.90000000000003 142.22000000000003 69.940000000000012 22.500000000000004 27.500000000000004 37.500000000000007 32.500000000000007 52.500000000000007 227.50000000000003 28.500000000000004 114.21333333333335 -1.0000000180025095e-35 327.50000000000006 -0.82531082829576841 0.58244304235731448 0.61734245059639015 8.350420622746844 0.065403129230143103 -0.1919999999999992 46.57694444444445 1.8133333333333332 5.0864716591531112 70.250000000000014 172.88166666666669 2.8933333333333349
decision_type=2 2 2 2 2 2 2 2 2 2 2 2 2 2 2 2 10 2 2 2 2 2 2 10 2 10 2 2 2 10
left_child=1 3 4 7 9 18 11 24 -5 20 19 -3 21 22 -9 -10 -7 23 27 -6 -2 -8 -11 -12 -1 -20 -14 -4 -22 -18
right_child=2 6 5 8 10 16 12 14 15 13 17 -13 26 -15 -16 -17 29 -19 25 -21 28 -23 -24 -25 -26 -27 -28 -29 -30 -31
leaf_value=-3.5842470423380535 1.8632387865457394 0.72725024311726583 2.1951412301156146 0.14521486011414722 2.2860919694114719 4.2554673682780786 0.49419596997318255 -1.3925520163171139 -0.9065297794584567 0.85741447014964989 1.1789263725862478 -0.18299894877263903 2.8175269364853182 1.2521298727351287 -0.63380806140032986 -0.58773411343487469 5.6177806152599139 2.309917363701198 3.3132784939952367 4.8484265226941599 3.1448720136284827 0.072777832137198059 0.13164262271852722 1.8940110403727546 -2.238408576852446 4.7533724822478591 1.060150080917724 5.2566563500298393 6.5199822289603091 7.7843040654845268
leaf_weight=540 486 1698 988 3014 278 539 12008 13874 21073 4781 2259 22699 228 6885 2264 21760 685 2962 2299 263 160 7582 1869 3151 1084 358 1027 63 70 141
leaf_count=540 486 1698 988 3014 278 539 12008 13874 21073 4781 2259 22699 228 6885 2264 21760 685 2962 2299 263 160 7582 1869 3151 1084 358 1027 63 70 141
internal_value=1.26824e-09 -0.471044 1.81583 -0.889369 1.39075 3.75682 0.117109 -1.41409 -0.68608 1.04072 1.95039 -0.119647 0.394209 0.95798 -1.28611 -0.744575 5.30364 1.84821 3.18741 3.53174 2.60491 0.331093 0.653434 1.59542 -2.68592 3.50731 1.37942 2.37866 4.17208 5.98761
internal_weight=137088 108851 28237 63609 23164 5073 45242 17762 45847 14251 8913 24397 20845 13535 16138 42833 1365 8372 3708 541 716 19590 6650 5410 1624 2657 1255 1051 230 826
internal_count=137088 108851 28237 63609 23164 5073 45242 17762 45847 14251 8913 24397 20845 13535 16138 42833 1365 8372 3708 541 716 19590 6650 5410 1624 2657 1255 1051 230 826
is_linear=0
shrinkage=0.05


Tree=7
num_leaves=31
num_cat=0
split_feature=0 0 0 0 0 0 0 9 0 9 7 0 1 7 9 13 12 13 1 1 9 6 6 9 9 13 11 9 12 5
split_gain=4.23719e+07 9.88406e+06 7.82147e+06 2.59522e+06 1.97049e+06 1.46751e+06 1.15501e+06 838974 759319 646810 525792 524735 518645 480357 469885 441181 428111 421917 329085 299552 284986 246208 242856 232272 224583 302335 221737 208279 206419 200090
threshold=155.82000000000002 214.66000000000005 121.02000000000002 276.64000000000004 92.02000000000001 179.90000000000006 137.82000000000002 32.500000000000007 63.63333333333334 27.500000000000004 50.500000000000007 107.81333333333335 0.18666666666666604 50.500000000000007 22.500000000000004 -0.84915165824291594 0.60003553868615167 -0.64278760968653914 -0.30666666666666581 0.58133333333333481 247.50000000000003 7.0212193536539065 10.300897641934098 82.500000000000014 567.50000000000011 -0.065403129230142923 70.14998999114691 37.500000000000007 0.56457333468532445 183.40333333333336
decision_type=2 2 2 2 2 2 2 2 2 2 2 2 10 2 2 2 2 2 10 10 2 2 2 2 2 2 2 2 2 2
left_child=2 5 4 12 8 14 10 -6 -1 16 -4 -9 20 22 -2 -5 -7 -11 -16 -17 -3 -15 -8 -10 -19 26 -26 28 -14 -30
right_child=1 3 6 15 7 9 13 11 23 17 -12 -13 27 21 18 19 -18 24 -20 -21 -22 -23 -24 -25 25 -27 -28 -29 29 -31
leaf_value=-2.8440761538838726 2.0519771000493954 1.7900706575308492 -0.30762573007013472 3.6147738147469961 -0.12822892973359476 1.9509306448351209 0.2827464587428189 -1.0635927897818431 -0.75708770992557484 0.9263849473911171 0.65223975910710064 -0.7019886973760725 2.8497495524903651 2.2576686920931466 0.31632545223870984 4.6086229965941952 5.1161658966405827 1.4424873798565061 0.84038261984831664 6.1842762086050858 2.7488086564169159 0.71864470984065032 -0.11068508441507069 -1.5418300925881274 2.2896219145051009 1.6915237633431599 4.2574170608586135 2.9503089661658288 3.7610053799011638 7.4276116705560078
leaf_weight=1082 659 1999 26464 588 4395 232 14427 17396 1101 2977 1508 23702 117 380 4238 709 198 5081 10219 525 1266 822 5387 6568 417 1750 218 2514 72 77
leaf_count=1082 659 1999 26464 588 4395 232 14427 17396 1101 2977 1508 23702 117 380 4238 709 198 5081 10219 525 1266 822 5387 6568 417 1750 218 2514 72 77
internal_value=1.76862e-09 1.53497 -0.503408 3.08775 -0.917004 1.06493 -0.045437 -0.784832 -1.60411 1.50794 -0.255878 -0.855049 2.58917 0.234658 0.746276 4.7419 3.40841 1.42968 0.686758 5.27898 2.16182 1.20519 0.175781 -1.42917 1.63037 2.03063 2.96518 3.09108 4.42158 5.65583
internal_weight=137088 33856 103232 7867 54244 25989 48988 45493 8751 10873 27972 41098 6045 21016 15116 1822 430 10443 14457 1234 3265 1202 19814 7669 7466 2385 635 2780 266 149
internal_count=137088 33856 103232 7867 54244 25989 48988 45493 8751 10873 27972 41098 6045 21016 15116 1822 430 10443 14457 1234 3265 1202 19814 7669 7466 2385 635 2780 266 149
is_linear=0
shrinkage=0.05


Tree=8
num_leaves=31
num_cat=0
split_feature=0 0 0 0 0 0 0 7 9 0 7 9 6 1 9 9 13 5 0 9 1 13 6 9 12 13 11 1 12 9
split_gain=3.82946e+07 9.81136e+06 6.26427e+06 2.34218e+06 1.67244e+06 1.50976e+06 1.24959e+06 788393 666564 612272 507768 505184 485326 468077 466062 456536 401115 368570 342786 315818 265982 260006 259235 246573 246047 237895 261786 214683 212256 188087
threshold=152.25333333333336 214.66000000000005 116.30000000000003 276.64000000000004 175.82000000000002 77.620000000000019 131.09333333333333 42.500000000000007 32.500000000000007 103.45333333333336 56.20000000000001 27.500000000000004 7.6966340536626054 0.18666666666666604 237.50000000000003 17.500000000000004 -0.89194178735545482 46.57694444444445 335.52000000000004 462.50000000000006 0.093333333333334198 -0.81279832427823695 6.5356305482051251 507.50000000000006 0.76604444311897824 -0.043619387365336 70.14998999114691 -0.31466666666666604 0.51877325816052167 42.500000000000007
decision_type=2 2 2 2 2 2 2 2 2 2 2 2 2 10 2 2 2 2 2 2 10 2 2 2 2 2 2 10 2 2
left_child=2 4 5 13 15 17 11 9 12 -7 23 -4 -6 21 20 28 -5 -1 -18 27 -10 -3 -12 -8 -16 26 -26 -17 -2 -15
right_child=1 3 6 16 8 7 10 -9 14 -11 22 -13 -14 29 24 19 18 -19 -20 -21 -22 -23 -24 -25 25 -27 -28 -29 -30 -31
leaf_value=-3.2631447587631364 1.3152845122339205 1.3493728945175196 0.46160789762543014 3.2151247199665898 5.0878067906482798 -1.1650254920383201 -0.066237480937972298 -0.11423701453260469 0.67587698349217007 -0.76485251773156404 1.9827663674037947 -0.44504614709672635 2.0812007171259945 4.0255440160310068 1.4009394455523771 0.087875344270525402 4.4464914964566278 -1.8036299408815299 6.2220532368848671 0.88021906899110347 1.3295582707871072 2.336378626573687 0.55070769931621777 0.2732496171229713 2.1880817104395249 1.6629272232801391 4.3646730735750481 0.56504541380338602 3.3237542446607686 2.7812130397672785
leaf_weight=540 400 935 1633 453 185 16902 18244 3133 3244 22000 449 25975 489 347 4173 3487 995 2174 374 5359 2991 2330 1067 7567 437 1099 202 7275 196 2433
leaf_count=540 400 935 1633 453 185 16902 18244 3133 3244 22000 449 25975 489 347 4173 3487 995 2174 374 5359 2991 2330 1067 7567 437 1099 202 7275 196 2433
internal_value=-9.44717e-10 1.36425 -0.5119 2.93336 0.946323 -0.951063 -0.154167 -0.877267 1.37595 -0.938718 0.0855239 -0.391418 2.90646 2.45972 1.29102 0.616845 4.50481 -2.09403 4.93156 0.566604 0.989455 2.05373 0.974846 0.0332898 1.60912 2.10898 2.87614 0.410437 1.97579 2.93653
internal_weight=137088 37404 99684 7867 29537 44749 54935 42035 12820 38902 27327 27608 674 6045 12146 16717 1822 2714 1369 16121 6235 3265 1516 25811 5911 1738 639 10762 596 2780
internal_count=137088 37404 99684 7867 29537 44749 54935 42035 12820 38902 27327 27608 674 6045 12146 16717 1822 2714 1369 16121 6235 3265 1516 25811 5911 1738 639 10762 596 2780
is_linear=0
shrinkage=0.05


Tree=9
num_leaves=31
num_cat=0
split_feature=0 0 0 0 0 0 5 0 7 9 7 13 0 12 1 9 1 13 9 6 9 6 2 13 13 1 6 0 8 9
split_gain=3.46365e+07 7.94126e+06 6.9881e+06 2.11018e+06 1.35311e+06 1.31191e+06 831659 808940 760358 640873 524748 413621 396892 396294 395320 370200 338602 315169 310827 276065 269950 247603 220572 254110 210106 208876 208355 202713 196779 180891
threshold=162.82000000000002 127.01333333333335 232.82000000000002 99.820000000000007 194.22000000000003 288.90000000000003 66.465000000000018 146.98000000000002 51.500000000000007 22.500000000000004 56.20000000000001 -0.6835516316989646 113.02000000000002 0.37256073532439576 -0.38666666666666688 32.500000000000007 -0.66666666666666707 -0.81279832427823695 72.500000000000014 6.6020561533478075 17.500000000000004 14.252405006820814 2.8933333333333349 0.37256073532439549 -0.78661891169205833 1.8133333333333332 8.350420622746844 175.82000000000002 75.500000000000014 172.50000000000003
decision_type=2 2 2 2 2 2 2 2 2 2 2 2 2 2 8 2 10 2 2 2 2 2 10 2 2 10 2 2 2 2
left_child=1 3 4 6 9 17 -1 10 12 13 24 -11 -5 -2 -6 -16 -7 28 -8 -12 -9 27 23 -18 -3 29 -22 -13 -4 -19
right_child=2 7 5 8 14 16 18 20 -10 11 19 21 -14 -15 15 -17 22 25 -20 -21 26 -23 -24 -25 -26 -27 -28 -29 -30 -31
leaf_value=-2.5931044302666111 1.5287618945788433 -0.41376652934561114 1.7913555466386797 -0.80246809027932453 1.1935639138888661 3.0858657161262744 -0.62927133513387101 1.519166702634833 0.19520593860099167 0.37660299886228543 1.7768849068589874 0.89163848993891082 -0.50830204987746019 4.1968875159685677 3.6698472119417769 1.8577904560141301 4.1277364478208858 2.3409233374532916 -1.2527119125418409 0.3833176937353715 0.53357631095116986 0.57673971423168957 6.8197190598178086 5.900974936150388 -0.029433584500237198 4.1959014953560914 0.14908196335918769 1.3811226838247572 3.8433702816640527 3.2489566049262422
leaf_weight=1076 373 4218 961 20746 2461 301 2375 534 2896 3504 534 4316 25635 222 298 5204 623 929 12637 1016 8516 2638 142 299 22658 346 6010 4148 133 1339
leaf_count=1076 373 4218 961 20746 2461 301 2375 534 2896 3504 534 4316 25635 222 298 5204 623 929 12637 1016 8516 2638 142 299 22658 346 6010 4148 133 1339
internal_value=1.19526e-10 -0.40479 1.56043 -0.753128 1.19233 3.24122 -1.25032 0.118806 -0.590803 0.915743 -0.0381613 0.850217 -0.639881 2.52426 1.72032 1.95594 4.56646 2.75337 -1.15408 0.856387 0.415083 0.999698 4.98531 4.70279 -0.0897519 3.05159 0.374495 1.13152 2.04082 2.87702
internal_weight=137088 108851 28237 65365 23164 5073 16088 43486 49277 15201 28426 14606 46381 595 7963 5502 1365 3708 15012 1550 15060 11102 1064 922 26876 2614 14526 8464 1094 2268
internal_count=137088 108851 28237 65365 23164 5073 16088 43486 49277 15201 28426 14606 46381 595 7963 5502 1365 3708 15012 1550 15060 11102 1064 922 26876 2614 14526 8464 1094 2268
is_linear=0
shrinkage=0.05


Tree=10
num_leaves=31
num_cat=0
split_feature=0 0 0 0 0 0 0 0 9 9 9 9 1 7 0 9 7 13 12 8 12 6 2 5 12 5 9 12 6 5
split_gain=3.12596e+07 7.16835e+06 6.32223e+06 1.76438e+06 1.35779e+06 1.06691e+06 895952 704310 675010 586259 424348 411818 384878 380803 358508 350464 328229 329967 302695 281625 265353 256502 253268 216571 202447 184588 181853 177356 175939 164900
threshold=162.82000000000002 125.02000000000002 237.02000000000004 97.90000000000002 194.22000000000003 306.10000000000008 142.22000000000003 69.940000000000012 32.500000000000007 27.500000000000004 27.500000000000004 227.50000000000003 -0.40799999999999975 50.500000000000007 110.39333333333335 32.500000000000007 65.550000000000011 0.021814885034560704 0.44228869021900152 75.500000000000014 0.065403129230143103 8.350420622746844 0.16666666666666682 172.88166666666669 0.76604444311897824 46.57694444444445 347.50000000000006 0.58244304235731448 10.068635669340164 177.22000000000006
decision_type=2 2 2 2 2 2 2 2 2 2 2 2 8 2 2 2 2 2 2 2 2 2 10 2 2 2 2 2 2 2
left_child=1 3 4 7 9 16 10 25 -5 18 -3 20 -6 21 -10 27 17 -4 -2 -9 -11 -8 -7 -20 -13 -1 -17 -14 -15 -29
right_child=2 6 5 8 12 22 13 19 14 11 -12 24 15 28 -16 26 -18 -19 23 -21 -22 -23 -24 -25 -26 -27 -28 29 -30 -31
leaf_value=-2.9703322580787872 1.4570562827054023 0.69386679043953892 2.2575902822726417 0.0036841055350586953 1.1511415419571698 3.6609651822300457 0.41439354731150413 -1.1670509458211125 -0.83167116844353473 0.71810761747259544 -0.16424052196590255 0.89051694528383774 2.1461040778534257 1.8277134960689325 -0.5386297032767281 1.5855796545397891 4.3096424920620713 3.2731758129992863 2.6124631709839945 -0.15086888051238556 0.037358356576114145 0.042783240780366688 5.3737078538504983 5.63208329817828 1.4647950514489645 -1.838835486841244 2.1889390983110002 2.9861304286867383 0.71805935431556323 6.0136131132426476
leaf_weight=540 478 1530 2056 4282 2572 352 12007 11447 17226 5068 24689 5201 137 563 26483 3644 328 1309 197 725 1995 7572 558 85 2177 1084 1900 88 703 92
leaf_count=540 478 1530 2056 4282 2572 352 12007 11447 17226 5068 24689 5201 137 563 26483 3644 328 1309 197 725 1995 7572 558 85 2177 1084 1900 88 703 92
internal_value=-3.97737e-06 -0.384556 1.48241 -0.738683 1.15223 3.1777 0.0803525 -1.23702 -0.595427 0.869955 -0.114166 0.798721 1.66105 0.325019 -0.654119 1.88481 2.79983 2.65266 2.22349 -1.10652 0.525825 0.270677 4.7112 3.52263 1.05997 -2.21507 1.79236 3.50173 1.16544 4.53351
internal_weight=137088 108851 28237 61787 23634 4603 47064 13796 47991 15201 26219 14441 8433 20845 43709 5861 3693 3365 760 12172 7063 19579 910 282 7378 1624 5544 317 1266 180
internal_count=137088 108851 28237 61787 23634 4603 47064 13796 47991 15201 26219 14441 8433 20845 43709 5861 3693 3365 760 12172 7063 19579 910 282 7378 1624 5544 317 1266 180
is_linear=0
shrinkage=0.05


Tree=11
num_leaves=31
num_cat=0
split_feature=0 0 0 0 0 0 0 7 9 0 9 0 1 13 9 6 5 9 9 9 13 13 6 12 9 6 7 12 11 9
split_gain=2.82763e+07 7.03266e+06 4.8942e+06 1.94259e+06 1.2179e+06 953305 896208 625111 496800 459879 418260 397214 395782 369301 367952 364269 345056 332232 294147 271785 256281 219588 216405 211195 193678 189859 186673 186435 199637 185418
threshold=153.78000000000003 210.26000000000005 118.01333333333335 265.42000000000002 82.053333333333356 175.82000000000002 132.47333333333339 28.500000000000004 27.500000000000004 103.85333333333334 17.500000000000004 335.52000000000004 0.83199999999999996 -0.6835516316989646 42.500000000000007 7.6966340536626054 46.57694444444445 32.500000000000007 437.50000000000006 322.50000000000006 -0.81915204428899169 -0.92794370089704259 9.6492065925656121 0.65106671239330416 32.500000000000007 5.2382000146929206 0.64000000000000012 -0.43245347597985068 123.97882544994347 557.50000000000011
decision_type=2 2 2 2 2 2 2 2 2 2 2 2 10 2 2 2 2 2 2 2 2 2 2 2 2 2 2 2 2 2
left_child=2 5 4 12 16 17 14 9 15 -6 23 20 19 -10 -4 -7 -1 25 -19 27 -5 -13 -12 -8 -14 -2 -22 -3 -29 -15
right_child=1 3 6 11 7 8 10 -9 13 -11 22 21 24 29 -16 -17 -18 18 -20 -21 26 -23 -24 -25 -26 -27 -28 28 -30 -31
leaf_value=-2.8218156039549247 2.6711102874233799 1.9134292635935428 0.30958498432954595 2.5775815622047622 -0.98343332258453398 4.5973684878234407 0.71558946522266575 -0.10912291107152577 0.59190256122350815 -0.63953769596367471 0.16397880012171709 1.9527471772180154 4.2320976712794485 1.0821584887891145 -0.35991122047306801 1.7358521761831438 -1.4570502777752619 0.30992659915175985 0.78684129405842362 2.3253859151158354 3.5761334170530237 5.4051883942436056 -0.15423961356352353 2.4485143749922256 2.4710537363466272 1.0463705611396292 5.5410373947046097 1.5450926915240435 0.42961636429655636 1.5849671805410612
leaf_weight=540 229 1554 2244 666 16096 166 736 3850 2940 24547 18152 52 174 5745 24020 337 3254 9070 5024 1489 1027 403 7571 231 1520 837 137 1175 609 2693
leaf_count=540 229 1554 2244 666 16096 166 736 3850 2940 24547 18152 52 174 5745 24020 337 3254 9070 5024 1489 1027 403 7571 231 1520 837 137 1175 609 2693
internal_value=-2.50617e-05 1.20677 -0.427322 2.434 -0.791377 0.807118 -0.0953523 -0.71805 1.14247 -0.775732 0.108695 3.68854 1.9944 1.07449 -0.302709 2.68021 -1.6513 0.544302 0.479929 1.76364 3.35983 5.01062 0.0703182 1.12956 2.65194 1.3954 3.8074 1.51306 1.16431 1.24263
internal_weight=137088 35847 101241 8806 48287 27041 52954 44493 11881 40643 26690 2285 6521 11378 26264 503 3794 15160 14094 4827 1830 455 25723 967 1694 1066 1164 3338 1784 8438
internal_count=137088 35847 101241 8806 48287 27041 52954 44493 11881 40643 26690 2285 6521 11378 26264 503 3794 15160 14094 4827 1830 455 25723 967 1694 1066 1164 3338 1784 8438
is_linear=0
shrinkage=0.05


Tree=12
num_leaves=31
num_cat=0
split_feature=0 0 0 0 0 0 0 0 9 7 9 9 9 1 9 1 6 9 12 0 7 9 6 1 9 12 13 11 12 13
split_gain=2.55669e+07 6.82661e+06 4.47235e+06 1.64196e+06 875598 777949 753787 703463 617481 433040 405525 422941 308717 306327 290230 282108 279630 259595 240203 240161 228122 302283 225358 220103 196729 194459 187944 183037 176018 170448
threshold=169.05333333333337 128.02000000000004 237.02000000000004 103.04666666666668 288.90000000000003 148.30000000000004 197.26000000000002 69.940000000000012 22.500000000000004 56.20000000000001 37.500000000000007 197.50000000000003 82.500000000000014 -0.40799999999999975 17.500000000000004 -0.50666666666666671 12.969235158582876 32.500000000000007 0.065403129230143103 116.00666666666667 43.500000000000007 212.50000000000003 6.5356305482051251 -0.58355555555555527 347.50000000000006 0.65106671239330416 -0.91080963307804841 87.340591907501036 0.76604444311897824 -0.16288578192842348
decision_type=2 2 2 2 2 2 2 2 2 2 2 2 2 8 2 10 2 2 2 2 2 2 2 10 2 2 2 2 2 2
left_child=1 3 6 7 20 9 10 -1 -5 24 16 18 -9 -8 -7 -6 25 -15 -12 -10 21 -4 -11 -16 -3 -2 -17 -26 -13 -30
right_child=2 5 4 8 15 14 13 12 19 22 11 28 -14 17 23 26 -18 -19 -20 -21 -22 -23 -24 -25 27 -27 -28 -29 29 -31
leaf_value=-2.0087758922924204 1.9443463178976839 -0.17643854410864276 1.8672872519805166 0.2296255320043728 2.7540033610035195 1.4610519146166057 1.062194244929934 -0.4900879636512967 -0.63707331275316781 1.6735241192136663 0.68773155863954649 0.92870872759028567 -1.0184396390507979 3.2045923928675784 -0.023508671948869467 2.8715931083313948 1.0075938355134424 1.6673079539553051 -0.095744464023316156 -0.40253408829795678 3.6967904010205532 2.9024413830364142 0.38553155534501071 0.45866005595983772 -0.022372757665762869 4.0333790194021688 4.6883447140383083 0.37649996612860004 2.3751628374356195 1.2284324034683927
leaf_weight=1624 280 14780 1725 2928 367 641 2319 3364 21946 505 3466 4687 15520 291 2849 172 431 4878 1363 21714 320 1193 1037 13985 8803 185 826 3191 436 1262
leaf_count=1624 280 14780 1725 2928 367 641 2319 3364 21946 505 3466 4687 15520 291 2849 172 431 4878 1363 21714 320 1193 1037 13985 8803 185 826 3191 436 1262
internal_value=-2.38078e-05 -0.316181 1.47471 -0.637394 2.87722 0.15448 1.1453 -1.0102 -0.473287 -0.0074201 0.901466 0.81968 -0.924319 1.53965 0.416819 3.93935 1.92507 1.75385 0.466593 -0.520427 2.42948 2.2905 0.807345 0.377057 -0.054345 2.77547 4.37524 0.0961087 1.08672 1.52288
internal_weight=137088 112887 24201 67096 4603 45791 19598 20508 46588 28316 12110 11214 18884 7488 17475 1365 896 5169 4829 43660 3238 2918 1542 16834 26774 465 998 11994 6385 1698
internal_count=137088 112887 24201 67096 4603 45791 19598 20508 46588 28316 12110 11214 18884 7488 17475 1365 896 5169 4829 43660 3238 2918 1542 16834 26774 465 998 11994 6385 1698
is_linear=0
shrinkage=0.05


Tree=13
num_leaves=31
num_cat=0
split_feature=0 0 0 0 0 0 7 0 5 7 9 7 13 9 6 1 6 6 1 0 12 11 9 1 13 12 2 13 8 1
split_gain=2.30811e+07 5.2263e+06 4.63693e+06 1.25754e+06 1.18043e+06 887867 602590 539829 539556 531438 383198 380469 362874 316275 264889 258830 256673 252673 250543 236705 234488 233266 209412 171132 167198 155319 152067 152330 151633 149067
threshold=158.21333333333334 232.82000000000002 123.78000000000002 97.90000000000002 187.65333333333336 288.90000000000003 50.500000000000007 137.82000000000002 66.465000000000018 51.500000000000007 32.500000000000007 42.500000000000007 -0.71473537162315159 282.50000000000006 5.0864716591531112 -1.0000000180025095e-35 16.715076119987419 6.8087675206470673 -0.41599999999999909 110.96666666666668 0.065403129230143103 63.829710926000011 507.50000000000006 -1.6159999999999994 0.06540312923014284 0.49049438445969384 2.8933333333333349 0.25881904510252057 75.500000000000014 -0.21333333333333324
decision_type=2 2 2 2 2 2 2 2 2 2 2 2 2 2 2 10 2 2 10 2 2 2 2 8 2 2 10 2 2 10
left_child=2 4 3 8 10 18 7 -4 -1 19 17 12 23 20 -8 24 25 -2 -3 -5 -12 -10 -9 -6 -7 -13 27 -17 -23 -14
right_child=1 5 6 9 11 15 14 22 21 -11 13 16 29 -15 -16 26 -18 -19 -20 -21 -22 28 -24 -25 -26 -27 -28 -29 -30 -31
leaf_value=-2.143739997391751 2.8240900437115579 1.6559113244300645 -0.20041174442431378 -0.69735742298448988 -0.47983723203843454 2.2296868044910005 1.6800434699652727 0.047956225001264355 -1.2981004842370367 0.14694599247603385 0.52517122575073061 2.3890423981391868 1.1111851205737422 0.8187013241557356 0.4826779141700841 3.5017906451469489 1.779288596634051 1.0894420609749864 2.5347635644361883 -0.46036816373504968 -0.074753273300638495 -0.89505148168329862 0.3693941399841747 0.8580731756189236 4.0644080383875938 4.7527876879487723 5.7938747192105504 5.127740496107676 -0.1320619567428942 1.5915645266878424
leaf_weight=1073 285 1198 21717 18964 267 345 603 15019 3902 2787 5998 138 2550 7040 1974 479 576 797 2510 23709 2236 8113 6735 2280 194 140 141 206 708 4404
leaf_count=1073 285 1198 21717 18964 267 345 603 15019 3902 2787 5998 138 2550 7040 1974 479 576 797 2510 23709 2236 8113 6735 2280 194 140 141 206 708 4404
internal_value=3.14594e-05 1.18094 -0.356404 -0.648888 0.901526 2.65216 0.0199737 -0.0240648 -1.06701 -0.521998 0.637053 1.31927 1.2284 0.572639 0.762853 3.74238 2.33017 1.54635 2.25082 -0.565687 0.362258 -0.976204 0.151982 0.717821 2.89005 3.57942 4.29856 3.99076 -0.833812 1.41541
internal_weight=137088 31784 105304 59256 26711 5073 46048 43471 13796 45460 16356 10355 9501 15274 2577 1365 854 1082 3708 42673 8234 12723 21754 2547 539 278 826 685 8821 6954
internal_count=137088 31784 105304 59256 26711 5073 46048 43471 13796 45460 16356 10355 9501 15274 2577 1365 854 1082 3708 42673 8234 12723 21754 2547 539 278 826 685 8821 6954
is_linear=0
shrinkage=0.05


Tree=14
num_leaves=31
num_cat=0
split_feature=0 0 0 0 0 0 0 0 9 9 9 9 6 8 12 1 1 9 6 2 13 11 9 12 13 9 11 12 9 9
split_gain=2.0906e+07 5.5707e+06 3.64434e+06 1.34675e+06 831401 637401 597069 577566 520736 404426 385613 351779 285104 272431 253820 253072 246976 243219 205013 200679 259280 190190 236186 185024 184415 184164 205215 171687 163256 208447
threshold=169.05333333333337 128.02000000000004 245.82000000000002 103.85333333333334 202.30000000000004 147.89000000000004 69.940000000000012 306.10000000000008 22.500000000000004 32.500000000000007 217.50000000000003 32.500000000000007 7.0212193536539065 28.500000000000004 0.065403129230143103 -0.57066666666666621 0.15466666666666648 17.500000000000004 11.508382978020178 2.1900000000000008 0.45201865172701733 67.614569664001394 262.50000000000006 0.76604444311897824 -0.087155742747658124 272.50000000000006 87.340591907501036 0.13052619222005182 67.500000000000014 477.50000000000006
decision_type=2 2 2 2 2 2 2 2 2 2 2 2 2 2 2 10 10 2 2 10 2 2 2 2 2 2 2 2 2 2
left_child=1 3 4 6 9 11 -1 16 -5 12 14 -3 -2 -8 -11 -6 -4 -7 28 20 -9 -10 27 -12 -25 -13 -27 -23 -19 -30
right_child=2 5 7 8 15 17 13 19 21 10 23 25 -14 -15 -16 -17 -18 18 -20 -21 -22 22 -24 24 -26 26 -28 -29 29 -31
leaf_value=-1.8229084643326556 3.5675239062390816 0.63994022692764252 1.960497222489012 0.23327309973596827 1.0052365125576319 1.3185614636530145 -0.90111592169393662 2.8825168785227251 -0.59654840373596052 0.6941266215109736 0.87129473549770253 -0.20524301279805088 1.388062838170476 -0.37241939488444215 -0.02061785173656654 1.692891304921436 2.9057757724061748 1.1330884246768089 0.073171766136029048 5.5214252341877339 4.8429270124810886 -0.42320201746803454 -0.20859857641119706 2.1730598821154379 1.1189226926080627 -0.055689713333509951 0.37027436207355469 -0.84010964033005942 0.20497011090803186 0.63635668083474406
leaf_weight=1624 201 1933 1409 2846 1801 653 17154 502 16750 4274 4785 11778 592 2840 1751 5204 1356 812 5207 154 254 11443 11290 607 1311 10179 3915 3149 6222 5092
leaf_count=1624 201 1933 1409 2846 1801 653 17154 502 16750 4274 4785 11778 592 2840 1751 5204 1356 812 5207 154 254 11443 11290 607 1311 10179 3915 3149 6222 5092
internal_value=5.47307e-05 -0.285837 1.33361 -0.576001 1.07399 0.139332 -0.900907 2.78367 -0.421557 0.844945 0.776689 -0.0107027 1.94049 -0.826018 0.486406 1.51609 2.42408 0.371275 0.335587 3.87629 3.54117 -0.465272 -0.380314 1.03761 1.45253 -0.0593148 0.0626336 -0.513172 0.44827 0.399121
internal_weight=137088 112887 24201 67096 20526 45791 21618 3675 45478 13521 12728 27805 793 19994 6025 7005 2765 17986 17333 910 756 42632 25882 6703 1918 25872 14094 14592 12126 11314
internal_count=137088 112887 24201 67096 20526 45791 21618 3675 45478 13521 12728 27805 793 19994 6025 7005 2765 17986 17333 910 756 42632 25882 6703 1918 25872 14094 14592 12126 11314
is_linear=0
shrinkage=0.05


Tree=15
num_leaves=31
num_cat=0
split_feature=0 0 0 0 0 0 0 7 12 9 1 9 6 7 9 9 1 5 13 0 0 9 12 11 9 11 7 9 9 14
split_gain=1.88751e+07 4.95632e+06 3.14529e+06 1.32361e+06 811442 705330 616907 425047 366626 356743 338412 312566 276549 344598 271367 265175 260629 257872 254041 246074 228850 186066 171676 181468 170550 161995 157865 152703 146682 156510
threshold=152.25333333333336 210.26000000000005 116.30000000000003 276.64000000000004 82.053333333333356 175.82000000000002 133.90000000000006 56.20000000000001 0.77296446310593014 22.500000000000004 0.85466666666666635 17.500000000000004 11.632253488093225 0.64000000000000012 32.500000000000007 227.50000000000003 -0.92000000000000015 46.57694444444445 -0.91080963307804841 105.12666666666669 335.52000000000004 467.50000000000006 -0.43245347597985068 120.00419992208474 322.50000000000006 87.740638375282288 38.850000000000009 32.500000000000007 47.500000000000007 2.5000000000000004
decision_type=2 2 2 2 2 2 2 2 2 2 10 2 2 2 2 2 10 2 2 2 2 2 2 2 2 2 2 2 2 2
left_child=2 5 4 10 17 12 9 19 16 -4 15 -10 13 21 -8 22 -7 -1 -5 -6 28 -2 -3 -24 -16 -26 -18 -12 -20 -30
right_child=1 3 6 18 7 8 14 -9 11 -11 27 -13 -14 -15 24 -17 26 -19 20 -21 -22 -23 23 -25 25 -27 -28 -29 29 -31
leaf_value=-2.3819535443849036 0.28854946597687026 1.5964971573689677 0.47469738347197343 2.0470154792305055 -0.77805945507816565 0.16756536913672826 0.73341624146778495 0.0073085164523107793 4.2537700741291049 -0.28686515815502694 3.6572350714293274 1.3909588096183143 0.14185209012886849 1.438314759541278 -0.090645317340107431 1.9062104325245763 0.84247091469251734 -1.2021361679984424 5.1728534051682802 -0.5245349485625368 4.5331845995662015 0.71987084541337243 1.250936612348166 0.18744516975880129 0.070997753797942723 0.51573713138038713 1.6300301368538861 2.1186604969339338 3.5861199588884682 2.3164798503810049
leaf_weight=540 5527 1362 1620 381 18663 1386 1536 2645 100 30286 179 2048 5581 1043 11112 2119 7653 3254 80 19647 390 4566 1045 651 7575 2806 694 1628 481 490
leaf_count=540 5527 1362 1620 381 18663 1386 1536 2645 100 30286 179 2048 5581 1043 11112 2119 7653 3254 80 19647 390 4566 1045 651 7575 2806 694 1628 481 490
internal_value=5.19946e-05 0.957839 -0.359334 1.99505 -0.670521 0.638456 -0.105848 -0.605717 0.933 -0.248197 1.68195 1.52424 0.429119 0.573088 0.0913736 1.47633 0.802519 -1.37006 3.19522 -0.648041 3.4988 0.483676 1.17844 0.842721 0.04549 0.191211 0.907951 2.27107 3.11496 2.94542
internal_weight=137088 37404 99684 8806 44749 28598 54935 40955 11881 31906 6984 2148 16717 11136 23029 5177 9733 3794 1822 38310 1441 10093 3058 1696 21493 10381 8347 1807 1051 971
internal_count=137088 37404 99684 8806 44749 28598 54935 40955 11881 31906 6984 2148 16717 11136 23029 5177 9733 3794 1822 38310 1441 10093 3058 1696 21493 10381 8347 1807 1051 971
is_linear=0
shrinkage=0.05


Tree=16
num_leaves=31
num_cat=0
split_feature=0 0 0 0 0 0 7 9 3 0 6 7 1 9 6 7 13 11 0 6 2 13 9 1 8 12 11 9 6 7
split_gain=1.70673e+07 4.39786e+06 3.1476e+06 1.11467e+06 596756 568068 549055 472274 441827 435431 307177 437723 263815 265217 251003 237321 241902 225782 225760 195982 189771 185575 174732 167198 149839 140738 140408 183083 140250 135104
threshold=167.45333333333335 128.02000000000004 237.02000000000004 99.820000000000007 306.10000000000008 194.22000000000003 51.500000000000007 27.500000000000004 64.737777777777794 147.89000000000004 11.632253488093225 32.500000000000007 0.9333333333333339 337.50000000000006 5.0864716591531112 43.500000000000007 -0.6835516316989646 64.104761061000019 116.00666666666667 8.1829090181925359 0.16666666666666682 -0.78661891169205833 187.50000000000003 0.22400000000000045 75.500000000000014 0.51877325816052167 67.614569664001394 237.50000000000003 26.903303259931374 46.500000000000007
decision_type=2 2 2 2 2 2 2 2 2 2 2 2 8 2 2 2 2 2 2 2 10 2 2 8 2 2 2 2 2 2
left_child=1 3 5 8 15 10 9 -5 -1 21 11 22 13 29 25 16 -4 -10 26 -11 -6 -3 -2 -12 -19 -8 -9 -28 -14 -7
right_child=2 6 4 7 20 12 14 18 17 19 23 -13 28 -15 -16 -17 -18 24 -20 -21 -22 -23 -24 -25 -26 -27 27 -29 -30 -31
leaf_value=-1.8603581039524741 0.41103584101009699 -0.35830398910122752 1.45711669857878 0.1268937053508398 2.5961293754072607 0.7768719558956193 0.92830979951718096 -0.69306413912019504 -1.110634400937095 0.4324818795252976 0.11630793790063398 2.7594868354719195 2.0799958253274622 1.5119789289953265 0.5718467592569848 3.295336982086301 2.3166685715878592 -0.74237778447205405 -0.33019230350911888 0.077655649814935723 4.078705697479962 0.0071500030785451533 0.98031867741833045 0.68945030893633308 -0.046614525823961334 2.553981083721665 -0.62110398094196506 -0.27604856297367891 1.1729983883325878 1.9838063852089207
leaf_weight=1080 1863 4121 1445 3841 352 4036 253 10264 4479 9131 2598 305 1187 2299 2137 360 1888 9688 21509 6782 558 22116 4875 2494 841 281 7953 7441 665 246
leaf_count=1080 1863 4121 1445 3841 352 4036 253 10264 4479 9131 2598 305 1187 2299 2137 360 1888 9688 21509 6782 558 22116 4875 2494 841 281 7953 7441 665 246
internal_value=4.93939e-05 -0.264529 1.17644 -0.520703 2.35835 0.911932 0.118957 -0.406251 -0.883583 0.0749042 0.692881 0.906781 1.22714 1.07879 0.81414 2.07574 1.94402 -0.813292 -0.449667 0.281258 3.50523 -0.0502512 0.822917 0.397026 -0.686804 1.78377 -0.549822 -0.454314 1.75432 0.84621
internal_weight=137088 111917 25171 67096 4603 20568 44821 51008 16088 42150 12135 7043 8433 6581 2671 3693 3333 15008 47167 15913 910 26237 6738 5092 10529 534 25658 15394 1852 4282
internal_count=137088 111917 25171 67096 4603 20568 44821 51008 16088 42150 12135 7043 8433 6581 2671 3693 3333 15008 47167 15913 910 26237 6738 5092 10529 534 25658 15394 1852 4282
is_linear=0
shrinkage=0.05


Tree=17
num_leaves=31
num_cat=0
split_feature=0 0 0 0 0 0 0 7 0 9 0 7 13 7 9 13 9 13 13 6 13 11 6 8 6 1 6 0 12 9
split_gain=1.5417e+07 3.60757e+06 3.12336e+06 928020 598957 587326 480055 449245 317812 278616 277947 268873 272387 254104 244597 241268 217365 262019 215648 204421 199149 192594 158764 151512 140248 139437 138665 133835 133061 118987
threshold=163.53333333333339 125.02000000000002 232.82000000000002 92.02000000000001 288.90000000000003 190.22000000000003 142.22000000000003 51.500000000000007 43.160000000000004 32.500000000000007 108.10000000000001 42.500000000000007 -0.72982064943493985 51.500000000000007 17.500000000000004 -0.66746801135786449 72.500000000000014 0.3007057995042734 -0.82531082829576841 18.845341250897803 -0.77296446310592981 61.468149423599165 10.640778907335401 75.500000000000014 8.8821148156139671 -1.6159999999999994 14.4399515232636 257.78000000000003 0.49049438445969384 512.50000000000011
decision_type=2 2 2 2 2 2 2 2 2 2 2 2 2 2 2 2 2 2 2 2 2 2 2 2 2 8 2 2 2 2
left_child=1 3 5 8 18 9 14 10 -1 22 -5 12 25 20 -3 -11 -6 -18 23 28 -8 -10 -2 -4 -16 -7 -17 -20 -13 -22
right_child=2 6 4 7 16 11 13 -9 21 15 -12 19 -14 -15 24 26 17 -19 27 -21 29 -23 -24 -25 -26 -27 -28 -29 -30 -31
leaf_value=-2.1698771508475989 2.1703087558276497 0.68916162575813056 1.0126874375420984 -0.6302612804567429 4.4675577284453754 -0.56744612155824292 -0.16223750188396899 0.12536628154093851 -1.2770585044321157 0.13966044705836331 -0.38615521870332203 2.0055329096233963 1.1945347458608591 0.91550165222042956 -0.038326584392264426 0.75714796185142363 2.2399072562542077 3.8448954597773497 1.8275640341502386 1.5055892998515181 0.16375344925165203 -0.75505581011638867 0.80061558621055495 2.8361344750798665 -0.29879353157045979 0.69376787886597024 0.29964197857643732 2.5747740331006943 4.1265242828677096 0.4424017192781966
leaf_weight=541 411 987 921 18664 231 245 3303 3292 2574 3026 31080 152 6277 1294 17979 7268 749 385 1744 493 10801 5636 436 130 7253 2077 2145 913 144 5937
leaf_count=541 411 987 921 18664 231 245 3303 3292 2574 3026 31080 152 6277 1294 17979 7268 749 385 1744 493 10801 5636 436 130 7253 2077 2145 913 144 5937
internal_value=4.69243e-05 -0.267061 1.05262 -0.519021 2.17414 0.801701 0.0603106 -0.440308 -0.996063 0.587789 -0.477744 1.10443 1.02338 0.23642 -0.082994 0.528041 3.06958 2.78481 1.8445 1.9878 0.192574 -0.918714 1.46525 1.23823 -0.113198 0.560694 0.652893 2.08432 3.03737 0.262591
internal_weight=137088 109341 27747 61787 5073 22674 47554 53036 8751 13286 49744 9388 8599 21335 26219 12439 1365 1134 3708 789 20041 8210 847 1051 25232 2322 9413 2657 296 16738
internal_count=137088 109341 27747 61787 5073 22674 47554 53036 8751 13286 49744 9388 8599 21335 26219 12439 1365 1134 3708 789 20041 8210 847 1051 25232 2322 9413 2657 296 16738
is_linear=0
shrinkage=0.05


Tree=18
num_leaves=31
num_cat=0
split_feature=0 0 0 0 0 0 7 0 5 1 9 7 9 0 1 12 11 13 1 8 9 6 2 12 6 9 1 6 9 7
split_gain=1.39526e+07 3.9297e+06 2.32228e+06 918406 483529 477482 413596 384721 342715 327586 337388 278316 213298 200906 200176 198975 198470 192769 188559 188160 177920 172879 168615 156772 153581 141732 136802 127603 123713 123371
threshold=171.98000000000002 128.02000000000004 245.82000000000002 97.90000000000002 206.02000000000004 148.30000000000004 0.055000000000000007 306.10000000000008 46.57694444444445 -0.83999999999999864 22.500000000000004 64.500000000000014 17.500000000000004 112.81333333333335 0.15466666666666648 0.35222909080468517 64.104761061000019 -0.88186879444286459 -0.58355555555555527 70.250000000000014 197.50000000000003 6.5356305482051251 -0.16799999999999946 0.65106671239330416 9.2636569117074181 82.500000000000014 1.0266666666666682 18.153278024367072 337.50000000000006 92.500000000000014
decision_type=2 2 2 2 2 2 2 2 2 10 2 2 2 2 10 2 2 2 10 2 2 2 10 2 2 2 10 2 2 2
left_child=1 3 4 8 9 11 13 14 -1 -2 15 24 23 -5 -4 -11 -10 19 -14 -6 25 -13 -9 -7 -3 27 28 -12 -19 -8
right_child=2 5 7 6 17 12 29 22 16 10 20 21 18 -15 -16 -17 -18 26 -20 -21 -22 -23 -24 -25 -26 -27 -28 -29 -30 -31
leaf_value=-2.0687945395597707 0.11297139353591473 0.032410076948915213 1.5736566263268523 -0.5476851946352973 0.34547116379935411 0.70128973125956218 -0.10624472417925249 2.0734219468269219 -1.0665819222215296 1.1930911570708589 1.342947469961991 1.44236837239428 -0.066119127951993387 -0.33792985043706292 2.4246730171326707 3.5159112234165271 -0.65142256376485408 1.0703823378198383 0.35867102224557107 1.8830963379156267 0.96915596757018274 0.31470586992383198 3.5962813282863149 2.3649392312495556 -0.23392517035233573 0.31310646427270294 1.9306853060121627 0.54804742131404227 1.6570652708772031 0.48206810534412742
leaf_weight=540 1803 19363 1409 20437 881 491 5953 251 4226 189 838 484 3155 25862 1356 180 9030 2512 15190 257 6002 956 659 199 7513 2616 1019 1270 1399 1048
leaf_count=540 1803 19363 1409 20437 881 491 5953 251 4226 189 838 484 3155 25862 1356 180 9030 2512 15190 257 6002 956 659 199 7513 2616 1019 1270 1399 1048
internal_value=1.79748e-05 -0.224341 1.13412 -0.470471 0.911217 0.124423 -0.376357 2.28449 -0.834073 0.738054 0.839633 -0.00575752 0.318075 -0.430519 1.99101 2.32617 -0.783775 1.27929 0.285615 0.69272 0.788493 0.671454 3.17624 1.1811 -0.0420421 0.558954 1.41469 0.864047 1.28024 -0.0181785
internal_weight=137088 114447 22641 67096 18966 47351 53300 3675 13796 12898 11095 28316 19035 46299 2765 369 13256 6068 18345 1138 10726 1440 910 690 26876 4724 4930 2108 3911 7001
internal_count=137088 114447 22641 67096 18966 47351 53300 3675 13796 12898 11095 28316 19035 46299 2765 369 13256 6068 18345 1138 10726 1440 910 690 26876 4724 4930 2108 3911 7001
is_linear=0
shrinkage=0.05


Tree=19
num_leaves=31
num_cat=0
split_feature=0 0 0 0 0 0 7 0 9 1 9 6 7 7 13 0 13 6 13 12 0 6 1 9 2 11 12 9 8 10
split_gain=1.26026e+07 3.08662e+06 2.3901e+06 632023 625102 607468 463807 410670 346777 277960 252740 232014 297450 215795 208898 206922 205081 200017 196166 178045 173045 154947 143170 177190 134767 132646 129594 125537 119614 111299
threshold=155.82000000000002 225.62000000000003 119.01333333333335 182.07333333333335 82.053333333333356 276.64000000000004 50.500000000000007 135.82000000000002 27.500000000000004 -0.86666666666666614 27.500000000000004 13.142795000497305 26.500000000000004 65.550000000000011 -0.79989897227935869 105.12666666666669 0.032717136199948357 4.4607072411106641 -0.83743052905771542 0.60003553868615167 43.160000000000004 10.300897641934098 1.5768888888888892 152.50000000000003 1.8666666666666667 155.54379045963285 0.15212338618991691 32.500000000000007 70.250000000000014 80.604166666666686
decision_type=2 2 2 2 2 2 2 2 2 10 2 2 2 2 2 2 2 2 2 2 2 2 10 2 10 2 2 2 2 8
left_child=2 3 4 11 20 18 7 -4 -6 -5 19 12 14 16 -2 -10 24 -8 28 -11 -1 -9 23 25 -7 -20 -13 -24 -3 -18
right_child=1 5 6 9 8 13 17 21 15 10 -12 26 -14 -15 -16 -17 29 -19 22 -21 -22 -23 27 -25 -26 -27 -28 -29 -30 -31
leaf_value=-1.9668154859994509 -0.17514009647513404 0.66541586280595966 -0.20480703517012447 0.31437699352593901 -0.033567215423535655 1.7967565876607368 1.3617364681451709 0.16288511581678294 -0.64194472647974155 1.1153595812339834 0.94448541167179934 0.29273208517861576 1.5965426351165808 4.4376486311833201 0.552075401428198 -0.41841378702292503 2.3151775847682181 0.35527700215749403 1.3179132786493257 3.2414486914729843 -1.0010815095890495 -0.13386229834073021 4.5707828675862405 1.8992268494103688 3.2214269607382664 -0.20938555185862803 -0.26705004311178454 2.199370580634803 2.0698320192034525 3.4507832430911378
leaf_weight=541 1104 820 27699 1762 4123 891 629 16373 18080 187 9632 3508 627 151 9360 24225 238 2294 843 208 3253 6015 64 1660 204 171 1466 436 186 338
leaf_count=541 1104 820 27699 1762 4123 891 629 16373 18080 187 9632 3508 627 151 9360 24225 238 2294 843 208 3253 6015 64 1660 204 171 1466 436 186 338
internal_value=5.37883e-06 0.837128 -0.274538 0.615514 -0.521712 1.86559 -0.0403636 -0.0760919 -0.471285 0.893546 0.99532 0.411485 0.538734 2.62749 0.475351 -0.513945 2.46392 0.571857 1.53349 2.23492 -1.13879 0.0831578 1.72633 1.58112 2.06217 1.06035 0.127746 2.50291 0.925079 3.22765
internal_weight=137088 33856 103232 27854 50222 6002 53010 50087 46428 11789 10027 16065 11091 1822 10464 42305 1671 2923 4180 395 3794 22388 3174 2674 1095 1014 4974 500 1006 576
internal_count=137088 33856 103232 27854 50222 6002 53010 50087 46428 11789 10027 16065 11091 1822 10464 42305 1671 2923 4180 395 3794 22388 3174 2674 1095 1014 4974 500 1006 576
is_linear=0
shrinkage=0.05


Tree=20
num_leaves=31
num_cat=0
split_feature=0 0 0 0 0 9 0 7 0 12 12 0 5 7 13 9 1 1 1 9 11 13 11 13 5 6 1 2 7 9
split_gain=1.14106e+07 3.26785e+06 1.87802e+06 763919 435684 420831 384040 376577 296405 288530 279159 259435 235964 220504 268624 212508 208233 186358 177660 165667 233901 150575 146185 139780 127707 127378 112507 110080 109689 120632
threshold=172.87333333333336 128.02000000000004 251.18000000000004 92.02000000000001 206.02000000000004 17.500000000000004 147.89000000000004 51.500000000000007 335.52000000000004 0.76604444311897824 0.49049438445969384 110.96666666666668 46.57694444444445 43.500000000000007 0.043619387365335889 17.500000000000004 0.17066666666666638 -0.18666666666666598 -0.30666666666666581 577.50000000000011 70.14998999114691 -0.92794370089704259 61.468149423599165 -0.5 173.92000000000002 9.2636569117074181 -1.7093333333333318 0.011111111111111073 1.0000000180025095e-35 382.50000000000006
decision_type=2 2 2 2 2 2 2 2 2 2 2 2 2 2 2 2 10 10 10 2 2 2 2 2 2 2 10 10 2 2
left_child=1 3 4 12 9 10 25 11 13 16 -3 -5 -1 14 -4 -11 26 -6 23 -17 -21 -10 -14 -8 -22 28 -2 -23 29 -7
right_child=2 5 8 7 17 6 18 -9 21 15 -12 -13 22 -15 -16 19 -18 -19 -20 20 24 27 -24 -25 -26 -27 -28 -29 -30 -31
leaf_value=-1.8734522747331195 -0.46415339838467679 0.44725507668602626 1.4317983004677939 -0.51738623482545343 0.85632242819121585 -0.13672824153846871 -0.31606706946013285 0.13870754783985415 0.80722287744283683 3.3788156890940102 1.8057635070988487 -0.29769060924068896 -1.1086891155012226 3.365504264573413 2.5122389887427912 0.36895183999348624 0.82916557535614777 1.4002885082920178 0.3521618482290344 1.0723294248647122 1.0303248149901629 2.4478968102983605 -0.65280343834248866 0.20794681151773117 3.4212720706641075 -0.20612236489849819 0.42634400370845826 4.2266679069270259 0.47111834685696574 0.12506497842211023
leaf_weight=540 379 1196 1604 23621 2647 8370 2010 3554 52 105 553 31170 2551 254 897 601 4217 3886 13821 1326 80 127 5660 3469 185 7794 5531 276 1334 9278
leaf_count=540 379 1196 1604 23621 2647 8370 2010 3554 52 105 553 31170 2551 254 897 601 4217 3886 13821 1326 80 127 5660 3469 185 7794 5531 276 1334 9278
internal_value=5.681e-05 -0.200288 1.03871 -0.425391 0.849332 0.115519 0.086622 -0.360052 2.15712 0.675513 0.876789 -0.392404 -0.861021 1.96186 1.81931 1.18145 0.560757 1.17989 0.256648 1.07619 1.34335 3.33938 -0.794438 0.0157096 2.69948 -0.0359317 0.369238 3.66611 0.0339484 0.000903076
internal_weight=137088 114921 22167 67096 18957 47825 46076 58345 3210 12424 1749 54791 8751 2755 2501 2297 10127 6533 19300 2192 1591 455 8211 5479 265 26776 5910 403 18982 17648
internal_count=137088 114921 22167 67096 18957 47825 46076 58345 3210 12424 1749 54791 8751 2755 2501 2297 10127 6533 19300 2192 1591 455 8211 5479 265 26776 5910 403 18982 17648
is_linear=0
shrinkage=0.05


Tree=21
num_leaves=31
num_cat=0
split_feature=0 0 0 0 9 0 0 0 12 12 13 1 9 6 9 1 6 9 11 9 1 7 12 9 12 5 9 11 6 6
split_gain=1.03081e+07 2.86965e+06 1.65058e+06 766750 493448 421990 417002 411780 248112 231498 216827 208045 198071 197948 278581 184309 179715 172459 198284 164586 156571 146565 135605 122610 158251 148579 145411 160328 122005 119069
threshold=150.69333333333336 210.26000000000005 110.96666666666668 265.42000000000002 42.500000000000007 129.78000000000003 175.82000000000002 74.140000000000015 0.77296446310593014 0.04361938736533582 -0.86046863722869238 -0.18666666666666598 17.500000000000004 14.631942430845232 62.500000000000007 0.17066666666666638 6.1497548056899243 227.50000000000003 87.740638375282288 462.50000000000006 0.60000000000000064 56.20000000000001 0.39271506111191362 42.500000000000007 0.56457333468532445 187.57833333333338 367.50000000000006 100.79178984150001 2.2174992740089565 23.359382248871373
decision_type=2 2 2 2 2 2 2 2 2 2 2 10 2 2 2 10 2 2 2 2 10 2 2 2 2 2 2 2 2 2
left_child=2 6 7 11 16 -6 13 -1 15 21 -5 -3 -10 14 28 -8 -4 -7 -19 -16 -12 -9 -15 24 -13 -26 -25 -28 -2 -14
right_child=1 3 4 10 5 17 8 9 12 -11 20 23 29 22 19 -17 -18 18 -20 -21 -22 -23 -24 26 25 -27 27 -29 -30 -31
leaf_value=-1.2217957664389612 3.0715364039808506 0.86326059695983448 0.59179594320886919 1.524111231137748 -0.28693638891567652 -0.18183627386582732 0.39581103308093313 -0.42945702046022333 3.345699667394161 -0.65527887633004889 2.1692470040687413 1.18898130551062 1.1647884682788796 0.14773370316820955 0.15937395463759674 0.83737083005139157 0.035224290035207474 -0.026542575843629641 0.36367992907730073 0.52392906360221003 3.1719946586142136 0.094222260508245864 -0.5601740975031404 1.1467287836013882 2.1058493453863778 4.7838054081489298 1.4658900851087664 2.9197909291720752 0.92246359814079359 -0.41597939090231278
leaf_weight=2164 69 2647 2927 684 32546 9660 5692 15862 100 14670 933 183 1921 3299 7203 4041 2875 11268 4578 5430 668 1459 851 2539 128 87 673 264 1540 127
leaf_count=2164 69 2647 2927 684 32546 9660 5692 15862 100 14670 933 183 1921 3299 7203 4041 2875 11268 4578 5430 668 1459 851 2539 128 87 673 264 1540 127
internal_value=5.39688e-05 0.68668 -0.273723 1.4811 -0.123655 -0.167597 0.455593 -0.554281 0.68648 -0.509128 2.26927 1.20492 1.17286 0.306443 0.394989 0.57914 0.316004 -0.0153177 0.0861949 0.316069 2.58763 -0.385346 0.00256996 1.43837 2.26966 3.18949 1.34319 1.87553 1.01462 1.06676
internal_weight=137088 39079 98009 8806 63854 58052 30273 34155 11881 31991 2285 6521 2148 18392 14242 9733 5802 25506 15846 12633 1601 17321 4150 3874 398 215 3476 937 1609 2048
internal_count=137088 39079 98009 8806 63854 58052 30273 34155 11881 31991 2285 6521 2148 18392 14242 9733 5802 25506 15846 12633 1601 17321 4150 3874 398 215 3476 937 1609 2048
is_linear=0
shrinkage=0.05


Tree=22
num_leaves=31
num_cat=0
split_feature=0 0 0 0 0 7 13 0 6 9 0 9 11 1 13 11 9 7 8 1 6 9 9 11 0 12 12 8 0 12
split_gain=9.33028e+06 2.05075e+06 2.04107e+06 517120 462260 406184 421548 376436 292303 272694 260996 217175 198306 180241 166813 160494 240546 159086 158916 153725 143038 157234 140763 149380 140007 133499 132955 119825 114957 114982
threshold=160.82000000000002 121.02000000000002 225.62000000000003 90.346666666666678 276.64000000000004 41.500000000000007 -0.66746801135786449 137.82000000000002 7.7783643210328384 22.500000000000004 182.07333333333335 12.500000000000002 61.468149423599165 -0.7200000000000002 -0.88186879444286459 67.614569664001394 242.50000000000003 64.500000000000014 24.260000000000002 -1.6159999999999994 10.41690205784413 72.500000000000014 512.50000000000011 88.72707546179366 335.52000000000004 0.51877325816052167 0.52803643325367289 80.500000000000014 202.30000000000004 1.0000000180025095e-35
decision_type=2 2 2 2 2 2 2 2 2 2 2 2 2 10 2 2 2 2 2 8 2 2 2 2 2 2 2 2 2 2
left_child=1 3 5 12 14 6 19 17 25 -5 -8 26 -1 -6 27 -11 18 -3 -17 -2 21 -13 -23 -24 -15 -7 -9 -4 29 -21
right_child=2 7 4 9 13 8 10 11 -10 15 -12 20 -14 24 -16 16 -18 -19 -20 28 -22 22 23 -25 -26 -27 -28 -29 -30 -31
leaf_value=-1.1600819744638671 -0.7254544740984753 -0.14939551192044329 0.48704203978960914 0.05078310700938346 1.3373931461083357 1.3966306114821869 0.4495640767379232 0.51548242010778422 1.0082164945197292 -0.52784055524676021 0.84965956448455204 0.71758028994245615 -0.62662849117368302 2.2349291179686599 1.4751813698206651 -0.56680286908625022 -0.16551063257864021 0.40386819772035065 -0.18930244880370772 0.35040189953700845 -0.068548643127758366 0.032699526412352596 0.19745161452149151 0.75811587167291572 3.3535963164024816 3.5535061255667379 1.9947021550029262 2.5111921659590291 0.64292387982444343 -0.19621518631624765
leaf_weight=2693 472 26606 751 3543 402 118 8452 433 1584 16533 7873 1341 4934 1037 3348 10614 12146 1366 3781 1977 7128 9588 4826 1576 383 183 234 81 1211 1874
leaf_count=2693 472 26606 751 3543 402 118 8452 433 1584 16533 7873 1341 4934 1037 3348 10614 12146 1366 3781 1977 7128 9588 4826 1576 383 183 234 81 1211 1874
internal_value=5.12701e-05 -0.217092 0.78364 -0.433317 1.60742 0.575404 0.514675 0.00379876 1.27963 -0.370872 0.642517 0.144266 -0.814984 2.27205 1.31772 -0.405555 -0.329381 -0.122377 -0.467648 0.13755 0.119992 0.197536 0.153922 0.335472 2.53665 2.70795 1.03443 0.684105 0.21802 0.0844033
internal_weight=137088 107342 29746 54244 6002 23744 21859 53098 1885 46617 16325 25126 7627 1822 4180 43074 26541 27972 14395 5534 24459 17331 15990 6402 1420 301 667 832 5062 3851
internal_count=137088 107342 29746 54244 6002 23744 21859 53098 1885 46617 16325 25126 7627 1822 4180 43074 26541 27972 14395 5534 24459 17331 15990 6402 1420 301 667 832 5062 3851
is_linear=0
shrinkage=0.05


Tree=23
num_leaves=31
num_cat=0
split_feature=0 0 0 0 7 13 7 13 6 9 1 3 0 0 13 12 6 0 8 11 9 12 1 1 0 12 10 7 6 13
split_gain=8.43827e+06 2.24677e+06 1.52072e+06 578305 363227 368335 336991 279351 278684 273734 269008 262082 242056 242049 198680 190711 176517 161365 152425 148929 198360 148317 145399 128374 116716 106624 105193 104292 100304 98989.8
threshold=169.05333333333337 127.01333333333335 245.82000000000002 101.52666666666669 42.500000000000007 -0.6835516316989646 51.500000000000007 -0.78661891169205833 16.715076119987419 17.500000000000004 0.6213333333333334 70.963333333333352 145.18000000000004 194.22000000000003 0.06540312923014284 0.45201865172701788 5.0864716591531112 335.52000000000004 75.500000000000014 66.655650735736614 262.50000000000006 0.13052619222005182 -1.3413333333333328 -0.29199999999999965 202.30000000000004 0.51877325816052167 92.605555555555569 92.500000000000014 14.252405006820814 -0.40274668985873718
decision_type=2 2 2 2 2 2 2 2 2 2 10 2 2 2 2 2 2 2 2 2 2 2 8 10 2 2 10 2 2 2
left_child=1 3 4 11 5 22 7 23 15 -5 14 -1 -9 28 26 -6 25 -12 -13 -11 21 27 -2 -3 -24 -8 -4 -21 -7 -22
right_child=2 6 10 9 8 13 16 12 -10 19 17 18 -14 -15 -16 -17 -18 -19 -20 20 29 -23 24 -25 -26 -27 -28 -29 -30 -31
leaf_value=-1.2188000309610738 -0.40248740028938734 -0.49560216028152876 1.301413217066397 0.22839375142879237 1.4610255426648311 0.66509347502889204 0.67452502637414424 -0.01228004882285378 1.0035483631853741 -0.42561998995615724 2.1318035656917673 -0.58935157898852031 0.24313143134087012 0.9894453190661392 2.0591768612499002 3.2161782803928314 0.41204688885459356 3.7542276829481125 0.049708252067625108 -0.2997090894137851 0.13526634475724295 -0.64342915620061225 0.14578194798311495 -0.063608551728672538 0.68649630333670286 2.0503356318470813 0.20308586131320913 0.49279883912396294 0.24369922461350121 -0.17783781324251915
leaf_weight=1613 737 2917 1188 2516 354 6162 267 20932 1026 16716 1186 15707 16659 5963 858 275 2259 176 992 12003 3622 3436 2528 4190 1649 298 267 430 1832 8330
leaf_count=1613 737 2917 1188 2516 354 6162 267 20932 1026 16716 1186 15707 16659 5963 858 275 2259 176 992 12003 3622 3436 2528 4190 1649 298 267 430 1832 8330
internal_value=4.87067e-05 -0.181583 0.847281 -0.371779 0.679572 0.617284 0.0800261 0.0465589 1.38981 -0.279 1.78398 -0.610177 0.100909 0.748357 1.45572 2.22838 0.609742 2.34146 -0.551388 -0.307664 -0.236792 -0.352658 0.245001 -0.240916 0.359246 1.40017 1.09986 -0.2723 0.568522 -0.082953
internal_weight=137088 112887 24201 65365 20526 18871 47522 44698 1655 47053 3675 18312 37591 13957 2313 629 2824 1362 16699 44537 27821 15869 4914 7107 4177 565 1455 12433 7994 11952
internal_count=137088 112887 24201 65365 20526 18871 47522 44698 1655 47053 3675 18312 37591 13957 2313 629 2824 1362 16699 44537 27821 15869 4914 7107 4177 565 1455 12433 7994 11952
is_linear=0
shrinkage=0.05


Tree=24
num_leaves=31
num_cat=0
split_feature=0 0 0 0 0 9 1 0 0 7 9 1 7 13 5 12 9 12 6 6 9 6 1 12 9 3 2 10 12 11
split_gain=7.6341e+06 1.95847e+06 1.41484e+06 514867 372815 343320 308112 286226 256122 221678 203343 177077 168246 157439 152648 131895 123017 122413 116692 115056 151012 112792 111223 106406 102858 101156 99345.9 98402.5 98103.2 122613
threshold=154.22000000000003 214.66000000000005 116.30000000000003 276.64000000000004 77.620000000000019 22.500000000000004 -0.30666666666666581 135.82000000000002 179.90000000000006 73.500000000000014 27.500000000000004 0.18666666666666604 65.550000000000011 0.032717136199948357 103.90166666666669 0.1413247892049844 242.50000000000003 0.90159026428466926 7.0212193536539065 14.4399515232636 82.500000000000014 4.7836533520991171 -0.58355555555555527 0.4126824757997184 852.50000000000011 45.906666666666673 1.8666666666666667 80.604166666666686 -0.43245347597985068 123.97882544994347
decision_type=2 2 2 2 2 2 10 2 2 2 2 10 2 2 2 2 2 2 2 2 2 2 10 2 2 2 10 8 2 2
left_child=2 6 4 11 25 21 17 -7 19 14 18 16 13 26 15 -6 28 -2 -10 20 -8 -4 -9 -21 -13 -1 -5 -15 -3 -30
right_child=1 3 5 12 9 7 8 22 10 -11 -12 24 -14 27 -16 -17 -18 -19 -20 23 -22 -23 -24 -25 -26 -27 -28 -29 29 -31
leaf_value=-1.6108303933563057 0.13050725569715643 1.0315768657065927 0.85988330246223676 1.3410047748256746 -0.41293971959044556 -0.17459898584982633 0.96657792562984268 -0.20621294723844855 3.5262833596571634 0.18165238198581274 0.7231654177402419 1.3297102174879347 3.6636592121905838 1.7280334721530686 -0.33892643064777284 -0.70518230379750158 1.2367614781181908 0.88022196590582036 1.4013460169430427 0.27217651665038034 0.4000858860372713 0.21330420974047715 0.1097385957053662 -0.51108652262431242 2.7204471359401943 -0.84621246499784819 2.5642068224977339 2.7922737836605132 0.72099057799088284 -0.33267848955546164
leaf_weight=540 7859 810 1178 891 9013 32979 1389 3297 92 1610 6949 2640 151 238 24658 6754 1289 585 217 2168 7687 1578 17952 542 140 2174 204 338 717 449
leaf_count=540 7859 810 1178 891 9013 32979 1389 3297 92 1610 6949 2640 151 238 24658 6754 1289 585 217 2168 7687 1578 17952 542 140 2174 204 338 717 449
internal_value=-1.56364e-06 0.632927 -0.219962 1.32854 -0.430377 -0.0547245 0.433843 -0.0823921 0.545311 -0.393706 0.778973 1.10647 2.06532 1.92089 -0.41662 -0.538126 0.856766 0.182447 2.03401 0.401418 0.486782 0.489672 0.0607155 0.115524 1.39975 -0.998347 1.56889 2.59005 0.608884 0.315247
internal_weight=137088 35355 101733 7867 44749 56984 27488 54228 19044 42035 7258 6045 1822 1671 40425 15767 3265 8444 309 11786 9076 2756 21249 2710 2780 2714 1095 576 1976 1166
internal_count=137088 35355 101733 7867 44749 56984 27488 54228 19044 42035 7258 6045 1822 1671 40425 15767 3265 8444 309 11786 9076 2756 21249 2710 2780 2714 1095 576 1976 1166
is_linear=0
shrinkage=0.05


Tree=25
num_leaves=31
num_cat=0
split_feature=0 0 0 0 7 9 9 5 9 9 6 12 10 13 12 12 9 12 12 0 0 0 11 9 12 1 4 7 13 13
split_gain=6.91818e+06 1.98203e+06 1.16413e+06 535741 339442 340241 280719 240728 238564 232337 223165 216573 208650 206065 198355 184181 177247 157328 156016 153860 129259 128130 127517 166958 157582 119362 113417 136850 114367 112744
threshold=172.87333333333336 129.78000000000003 257.78000000000003 105.12666666666669 42.500000000000007 222.50000000000003 17.500000000000004 72.52166666666669 17.500000000000004 522.50000000000011 18.845341250897803 0.65106671239330416 73.044444444444466 -0.81279832427823695 -0.22706275313213778 -0.098011308799811112 52.500000000000007 0.04361938736533582 0.44228869021900152 194.22000000000003 206.02000000000004 335.52000000000004 66.655650735736614 262.50000000000006 0.13052619222005182 0.56666666666666676 13.823875948348144 31.500000000000004 -0.043619387365336 0.032717136199948357
decision_type=2 2 2 2 2 2 2 2 2 2 2 2 10 2 2 2 2 2 2 2 2 2 2 2 2 10 2 2 2 2
left_child=1 3 4 7 5 14 11 -1 -5 15 18 -3 -11 -4 20 -8 -15 -9 -6 -7 -2 29 -10 24 -24 -16 27 28 -17 -18
right_child=2 6 13 8 10 19 9 17 22 12 -12 -13 -14 16 25 26 21 -19 -20 -21 -22 -23 23 -25 -26 -27 -28 -29 -30 -31
leaf_value=-1.1049675680724118 0.39808356465986416 0.4071346619911122 1.1954257494418867 0.27111525906446582 1.4016713101806335 0.62369741599365258 0.1063582572191864 -0.35174137869667704 -0.36011092897044539 0.095633044936452208 0.98837449289972179 1.7212166602640542 0.51715731939907472 3.6672300543521814 -0.070435543140743587 -0.37939999206253067 1.1847627322963652 -0.619296705728826 2.9463504376894831 0.98837449289972179 0.90273131151439456 2.8929409454190109 -0.20819582899198474 -0.043195957606411955 -0.59490887535500714 0.55837471271556394 -0.6512649081908144 0.61786759349670783 -0.029949441353844947 2.1242263218768396
leaf_weight=1612 3376 1220 992 2320 373 4487 18493 12208 16279 7389 948 422 4871 163 2608 3402 554 9991 291 4239 2033 287 12237 11973 3357 1062 1005 632 7510 754
leaf_count=1612 3376 1220 992 2320 373 4487 18493 12208 16279 7389 948 422 4871 163 2608 3402 554 9991 291 4239 2033 287 12237 11973 3357 1062 1005 632 7510 754
internal_value=4.84131e-05 -0.15595 0.808795 -0.322362 0.672434 0.60953 0.10315 -0.515 -0.223005 0.0788167 1.36722 0.744859 0.263108 1.77161 0.395251 0.00603103 2.09673 -0.472159 2.07863 0.832478 0.587758 1.93624 -0.24915 -0.183625 -0.291446 0.111525 -0.141818 -0.0974659 -0.138897 1.72632
internal_weight=137088 114921 22167 69977 19417 17805 44944 23811 46166 43302 1612 1642 12260 2750 9079 31042 1758 22199 664 8726 5409 1595 43846 27567 15594 3670 12549 11544 10912 1308
internal_count=137088 114921 22167 69977 19417 17805 44944 23811 46166 43302 1612 1642 12260 2750 9079 31042 1758 22199 664 8726 5409 1595 43846 27567 15594 3670 12549 11544 10912 1308
is_linear=0
shrinkage=0.05


Tree=26
num_leaves=31
num_cat=0
split_feature=0 0 0 0 7 1 0 0 0 9 13 8 1 12 6 1 6 9 0 13 9 9 11 9 11 9 13 7 12 8
split_gain=6.30042e+06 1.79813e+06 1.02149e+06 494294 356337 285511 261985 248908 236007 176634 169685 190897 161070 154556 147419 140896 133909 126586 125195 122549 122366 122345 130953 114777 107581 103339 103035 100287 100246 95626.4
threshold=150.21333333333334 208.02000000000004 110.96666666666668 265.42000000000002 56.20000000000001 -0.83999999999999864 77.620000000000019 175.82000000000002 131.8066666666667 27.500000000000004 -0.89194178735545482 70.250000000000014 -0.46666666666666617 0.04361938736533582 4.7836533520991171 1.0617777777777786 6.6020561533478075 27.500000000000004 335.52000000000004 -0.75894212529897775 197.50000000000003 147.50000000000003 161.08231949749691 32.500000000000007 110.31822510900001 457.50000000000006 -0.46174861323503363 56.20000000000001 0.63435554093529933 151.50000000000003
decision_type=2 2 2 2 2 10 2 2 2 2 2 2 10 2 2 10 2 2 2 2 2 2 2 2 2 2 2 2 2 2
left_child=2 5 6 10 8 26 -1 23 -4 16 11 -3 -5 27 -6 21 -9 -17 -14 -10 -11 22 -12 -7 -23 29 -2 -8 -26 -25
right_child=1 3 4 12 14 7 13 9 19 20 15 -13 18 -15 -16 17 -18 -19 -20 -21 -22 24 -24 25 28 -27 -28 -29 -30 -31
leaf_value=-0.90755063917193779 -0.32004530636277351 0.086967960341835404 -0.20254952563211701 1.1274966487054046 0.90169868244307583 0.75520348259472103 -0.33031082316149507 3.004351027565431 -0.25864745079964296 0.35227430929976311 0.78081279341305831 1.5733273918591981 1.8190618556948424 -0.51617798946655791 0.18419929902063148 3.3177284784533168 1.0430672659088047 1.3797550855060428 2.8885696332715587 0.053764722849621305 0.71706554751038132 0.94969313203215422 -0.39658611418915468 0.12679051294798815 1.4710486970225731 0.41667638508115767 0.20255302403212752 0.1077173699927549 3.4982598056249756 1.2029779749247136
leaf_weight=2714 1904 994 37286 669 1028 1212 15621 121 3763 4068 1402 276 1267 14394 2358 91 310 1138 349 18930 5286 2142 284 9500 591 5816 1869 1426 68 211
leaf_count=2714 1904 994 37286 669 1028 1212 15621 121 3763 4068 1402 276 1267 14394 2358 91 310 1138 349 18930 5286 2142 284 9500 591 5816 1869 1426 68 211
internal_value=0.000105342 0.53225 -0.215808 1.14157 -0.0970015 0.345796 -0.436221 0.403686 -0.125174 0.60402 0.932772 0.409988 1.77994 -0.395536 0.402034 1.04893 1.59368 1.52325 2.05004 0.00195989 0.55842 0.919007 0.582485 0.286578 1.12157 0.249999 -0.0611701 -0.293669 1.68023 0.150174
internal_weight=137088 39568 97520 9271 63365 30297 34155 26524 59979 9785 6986 1270 2285 31441 3386 5716 431 1229 1616 22693 9354 4487 1686 16739 2801 15527 3773 17047 659 9711
internal_count=137088 39568 97520 9271 63365 30297 34155 26524 59979 9785 6986 1270 2285 31441 3386 5716 431 1229 1616 22693 9354 4487 1686 16739 2801 15527 3773 17047 659 9711
is_linear=0
shrinkage=0.05


Tree=27
num_leaves=31
num_cat=0
split_feature=0 0 0 0 9 7 13 0 0 6 12 0 9 9 13 1 7 12 11 9 12 6 8 13 11 12 11 14 9 12
split_gain=5.68881e+06 1.6787e+06 881180 446100 303622 265450 298171 255936 193660 191001 191771 170064 157367 175174 155674 142468 140352 127025 146295 119616 117964 124681 113811 112252 111873 177308 111824 107280 105236 103100
threshold=148.82000000000002 208.02000000000004 113.02000000000002 265.42000000000002 22.500000000000004 41.500000000000007 -0.69930991848440816 82.053333333333356 170.02000000000004 8.8821148156139671 0.51877325816052167 131.42000000000004 42.500000000000007 337.50000000000006 -0.81915204428899169 -1.3413333333333328 92.500000000000014 -0.46174861323503386 128.34214931990437 62.500000000000007 0.16288578192842371 35.076603748463448 33.500000000000007 -0.65106671239330405 101.51177031018705 0.81279832427823739 66.655650735736614 4.5000000000000009 242.50000000000003 -0.076279435988900135
decision_type=2 2 2 2 2 2 2 2 2 2 2 2 2 2 2 10 2 2 2 2 2 2 2 2 2 2 2 2 2 2
left_child=2 5 7 12 -4 6 15 23 -8 10 -7 -6 29 17 -5 -2 26 27 22 -16 21 -21 -19 -1 -15 -26 -9 -14 -28 -3
right_child=1 3 4 14 11 9 8 16 -10 -11 -12 -13 13 24 19 -17 -18 18 -20 20 -22 -23 -24 -25 25 -27 28 -29 -30 -31
leaf_value=-0.46565888236246294 -0.64608070420059482 0.90212386435762582 0.40937772176883719 1.1324245069928403 -0.18588560875137106 0.65448723450870261 0.23426045741251189 -0.493234175095004 0.52645263403429132 0.56470015136316443 2.428698117688576 -0.0061924053893900946 1.1349807462777197 1.0070525720889907 3.1329409195035698 0.066365986671700419 0.29708247368301099 0.37729449310240948 -0.14891053468428336 2.4204370255745258 1.2563758164278611 0.024154537714133829 1.2398429319602333 -1.0170082320388281 1.5581326335038417 4.715354828536511 -0.39571509539102334 0.26667536940165354 -0.17345871642214555 2.3158174247824048
leaf_weight=1587 802 224 2922 807 32784 289 12892 11823 10124 1777 322 22005 1593 1458 200 5611 809 1119 797 679 540 59 581 2207 402 50 12680 458 9183 304
leaf_count=1587 802 224 2922 807 32784 289 12892 11823 10124 1777 322 22005 1593 1458 200 5611 809 1119 797 679 540 59 581 2207 402 50 12680 458 9183 304
internal_value=0.000100075 0.492433 -0.210619 1.08449 -0.0872301 0.319916 0.278777 -0.396595 0.362786 0.826909 1.58951 -0.113715 0.886133 0.818278 1.69094 -0.0227315 -0.353724 0.649521 0.410036 1.9959 1.81795 2.22886 0.672083 -0.786383 1.22012 1.90738 -0.369354 0.941083 -0.302362 1.71607
internal_weight=137088 41088 96000 9271 57711 31817 29429 38289 23016 2388 611 54789 6986 6458 2285 6413 34495 4548 2497 1478 1278 738 1700 3794 1910 452 33686 2051 21863 528
internal_count=137088 41088 96000 9271 57711 31817 29429 38289 23016 2388 611 54789 6986 6458 2285 6413 34495 4548 2497 1478 1278 738 1700 3794 1910 452 33686 2051 21863 528
is_linear=0
shrinkage=0.05


Tree=28
num_leaves=31
num_cat=0
split_feature=0 0 0 0 1 7 0 0 9 7 0 5 11 7 9 10 6 6 13 9 7 12 9 9 13 13 13 13 14 2
split_gain=5.15061e+06 1.16556e+06 1.14967e+06 299605 279858 253971 252997 195757 181377 180320 155889 150985 144578 134944 152258 127198 126147 123327 111647 101280 127260 110877 94726.3 128775 90029.4 89030.2 87436.2 85522.2 96227.7 83933.6
threshold=160.82000000000002 232.82000000000002 120.08666666666669 91.180000000000021 -0.21333333333333324 50.500000000000007 306.10000000000008 137.42000000000004 27.500000000000004 92.500000000000014 186.53333333333339 177.22000000000006 61.468149423599165 43.500000000000007 212.50000000000003 64.26944444444446 7.0953023277710567 4.7836533520991171 -0.93585024503435343 207.50000000000003 42.500000000000007 -0.19509032201612828 242.50000000000003 87.500000000000014 0.032717136199948357 -0.48098876891938808 -0.97381903846659723 -0.89194178735545482 2.5000000000000004 0.16666666666666682
decision_type=2 2 2 2 10 2 2 2 2 2 2 2 2 2 2 10 2 2 2 2 2 2 2 2 2 2 2 2 2 10
left_child=2 4 3 12 19 7 13 -4 11 15 -10 -6 -1 14 27 -5 -9 -7 -8 20 21 -2 23 -17 -25 -18 -11 -3 -29 -20
right_child=1 6 5 9 8 17 18 16 10 26 -12 -13 -14 -15 -16 22 25 -19 29 -21 -22 -23 -24 24 -26 -27 -28 28 -30 -31
leaf_value=-0.89644791394206269 0.19884428200586618 0.28882623315072198 -0.11820177931616334 -0.42556202900129725 0.90417061668884635 1.028272683378282 0.59294987044344516 0.17823452588950528 0.38739986542910221 1.1468100104792551 0.71380474306864194 2.4914862068537627 -0.45419395030459608 1.9793767141128318 1.3953363491955997 -0.14729145929631668 -0.23967777858760592 0.26953640814084584 1.5679856331687267 0.39320984978159551 1.0693819594086242 -0.3120637325357099 -0.14129551305573052 -0.52334533852367437 -0.1838008394012095 0.059190111381390603 0.098326211496746599 1.3494025505126217 0.554148009132574 2.63488637830168
leaf_weight=2824 2594 694 27770 12725 597 691 118 13465 8473 275 6437 200 5347 401 1546 6613 3967 2381 292 4283 291 1798 13933 7262 2670 6701 718 774 748 500
leaf_count=2824 2594 694 27770 12725 597 691 118 13465 8473 275 6437 200 5347 401 1546 6613 3967 2381 292 4283 291 1798 13933 7262 2670 6701 718 774 748 500
internal_value=9.50711e-05 0.582293 -0.16124 -0.328899 0.440372 -0.00153527 1.27253 -0.0276806 0.5676 -0.277475 0.528317 1.30249 -0.607042 1.10745 1.01451 -0.292787 0.0764828 0.440203 2.02776 0.21749 0.0567802 -0.0103116 -0.237351 -0.318242 -0.432066 -0.0519468 0.388692 0.74882 0.958568 2.24153
internal_weight=137088 29746 107342 52367 24673 54975 5073 51903 15707 44196 14910 797 8171 4163 3762 43203 24133 3072 910 8966 4683 4392 30478 16545 9932 10668 993 2216 1522 792
internal_count=137088 29746 107342 52367 24673 54975 5073 51903 15707 44196 14910 797 8171 4163 3762 43203 24133 3072 910 8966 4683 4392 30478 16545 9932 10668 993 2216 1522 792
is_linear=0
shrinkage=0.05


Tree=29
num_leaves=31
num_cat=0
split_feature=0 0 0 0 1 7 0 9 7 11 12 9 5 0 13 9 7 0 6 13 12 11 9 13 13 5 9 11 9 9
split_gain=4.65622e+06 1.14797e+06 955679 305776 237971 218368 208655 198163 178692 165552 158782 150081 172697 142558 129045 197015 119088 116455 115868 115749 105321 102236 197759 109471 100762 94246.3 91691.4 88178.6 88175.6 87522.9
threshold=165.02000000000004 123.78000000000002 237.02000000000004 92.02000000000001 -0.21333333333333324 51.500000000000007 306.10000000000008 532.50000000000011 28.500000000000004 66.655650735736614 -0.17364817766693016 32.500000000000007 177.22000000000006 43.160000000000004 -0.5 97.500000000000014 43.500000000000007 194.22000000000003 5.0864716591531112 0.06540312923014284 0.58244304235731448 67.614569664001394 232.50000000000003 0.043619387365335889 -0.93585024503435343 128.22833333333335 207.50000000000003 61.468149423599165 322.50000000000006 227.50000000000003
decision_type=2 2 2 2 10 2 2 2 2 2 2 2 2 2 2 2 2 2 2 2 2 2 2 2 2 2 2 2 2 2
left_child=1 3 4 13 29 7 16 10 21 -9 -3 12 -6 -1 15 25 19 -13 -7 -4 -14 -5 23 -23 -8 -12 -17 -15 -19 -2
right_child=2 5 6 8 11 18 24 9 -10 -11 14 17 20 27 -16 26 -18 28 -20 -21 -22 22 -24 -25 -26 -27 -28 -29 -30 -31
leaf_value=-1.3519757723769728 0.097199207663423146 0.037714449317202164 0.75557453052506784 -0.36766198546918738 0.78498010895127879 1.0449306027197858 0.56330238193652382 -0.050033818580062651 0.066684721847017764 0.22727096078016334 -0.6259346420888966 0.42077848618321145 1.2491924014749627 -0.75648618330406547 -0.084678384328461836 -0.80725507925873985 1.9450385986434089 0.57341780633164485 0.28344125869114717 1.3616672553561084 3.303355426146434 -0.43140567768736632 -0.10365478725503846 -0.12479299814635969 2.1294573758757025 0.22727096078016334 -0.12527625968515263 -0.40327590702000293 1.0172382659693946 0.42689018570628684
leaf_weight=541 4581 19181 2056 17882 695 639 118 6021 4198 7528 417 8058 120 2574 10958 2214 360 3176 2289 1277 130 10418 13967 4040 792 1269 634 5636 1728 3591
leaf_count=541 4581 19181 2056 17882 695 639 118 6021 4198 7528 417 8058 120 2574 10958 2214 360 3176 2289 1277 130 10418 13967 4040 792 1269 634 5636 1728 3591
internal_value=9.03177e-05 -0.143161 0.592844 -0.292956 0.456213 0.0303718 1.24821 0.00491498 -0.245677 0.167059 -0.0584452 0.582045 1.19037 -0.565818 -0.177503 -0.401845 1.08111 0.537694 0.449627 0.987792 2.31736 -0.273994 -0.215069 -0.345729 1.92637 0.0265257 -0.655438 -0.514014 0.729805 0.242074
internal_weight=137088 110406 26682 59256 22079 51150 4603 48222 50505 13549 34673 13907 945 8751 15492 4534 3693 12962 2928 3333 250 46307 28425 14458 910 1686 2848 8210 4904 8172
internal_count=137088 110406 26682 59256 22079 51150 4603 48222 50505 13549 34673 13907 945 8751 15492 4534 3693 12962 2928 3333 250 46307 28425 14458 910 1686 2848 8210 4904 8172
is_linear=0
shrinkage=0.05


Tree=30
num_leaves=31
num_cat=0
split_feature=0 0 0 0 7 6 9 9 12 1 11 6 0 0 13 8 7 13 9 11 0 13 1 5 12 9 11 11 9 12
split_gain=4.24224e+06 1.25929e+06 680159 337879 263196 222202 305600 244378 229821 192712 180908 177192 165055 151746 141801 152367 122463 117954 142945 211283 115235 112362 111902 124776 110782 107310 153961 122761 146520 107239
threshold=148.82000000000002 208.02000000000004 108.10000000000001 276.64000000000004 0.055000000000000007 10.068635669340164 77.500000000000014 182.50000000000003 0.52803643325367289 1.2613333333333341 65.082075417041793 7.0212193536539065 173.82000000000002 130.82000000000002 -0.83743052905771542 70.250000000000014 65.550000000000011 -0.098011308799811417 307.50000000000006 70.14998999114691 80.180000000000021 0.37256073532439549 1.8133333333333332 183.40333333333336 1.0000000180025095e-35 152.50000000000003 165.68066578733058 82.957348134000014 1037.5000000000002 -0.17364817766693016
decision_type=2 2 2 2 2 2 2 2 2 8 2 2 2 2 2 2 2 2 2 2 2 2 10 2 2 2 2 2 2 2
left_child=2 5 10 14 13 6 8 24 -2 -7 20 -6 -9 -4 15 -3 21 18 -14 -20 -1 -5 25 -24 -8 26 -16 -27 -29 -21
right_child=1 3 4 16 11 9 7 12 -10 -11 -12 -13 17 -15 22 -17 -18 -19 19 29 -22 -23 23 -25 -26 27 -28 28 -30 -31
leaf_value=-0.94891181165244243 0.61769048420815653 0.15545057933161155 -0.19191047840156217 1.1515244110654315 0.38474531447448257 0.022404482214350437 0.10261605805824331 0.29411098357132892 1.844107161369664 0.47422571738979002 -0.29937454674750902 0.016942389585301833 0.31493813285266686 -0.024084740941053076 0.72532069241943831 1.280623094299032 2.9124323280244475 0.52860401596864814 0.83360167231279714 1.1564106244682557 -0.48552721746845284 2.0389900608002676 0.88497248204568268 2.246438718032532 -0.57479772575664678 0.75866368531835837 -0.52332503443065381 1.2908383404702954 4.0553144180774687 3.3052894607047616
leaf_weight=1635 1154 1390 37649 1155 4667 10563 2526 8708 571 3039 19760 3839 345 20972 1628 384 151 3448 398 84 7478 516 364 313 793 1871 291 1158 50 188
leaf_count=1635 1154 1390 37649 1155 4667 10563 2526 8708 571 3039 19760 3839 345 20972 1628 384 151 3448 398 84 7478 516 364 313 793 1871 291 1158 50 188
internal_value=0.000524987 0.425679 -0.181441 0.93847 -0.0941564 0.276259 0.390442 0.324202 1.02365 0.123352 -0.384369 0.165755 0.420826 -0.13187 0.789187 0.399005 1.5488 0.668068 1.14183 1.56762 -0.568665 1.42557 0.911157 1.51442 -0.0592366 0.829442 0.535974 1.01235 1.40526 2.64167
internal_weight=137088 41088 96000 9271 67127 31817 18215 16490 1725 13602 28873 8506 13171 58621 7449 1774 1822 4463 1015 670 9113 1671 5675 677 3319 4998 1919 3079 1208 272
internal_count=137088 41088 96000 9271 67127 31817 18215 16490 1725 13602 28873 8506 13171 58621 7449 1774 1822 4463 1015 670 9113 1671 5675 677 3319 4998 1919 3079 1208 272
is_linear=0
shrinkage=0.05


Tree=31
num_leaves=31
num_cat=0
split_feature=0 0 0 7 13 0 5 7 0 8 0 5 0 9 12 6 13 1 6 12 2 12 10 13 8 11 12 6 12 11
split_gain=3.83229e+06 994598 736979 225839 285088 219159 210376 208107 202901 178365 152856 143374 141786 136630 148908 119729 117207 116568 111451 103033 95665.5 129810 92717.7 87910.8 85537.4 84365.4 84197.7 83402.3 81234.5 76682
threshold=154.77333333333337 225.62000000000003 116.30000000000003 41.500000000000007 -0.69930991848440816 306.10000000000008 172.88166666666669 64.500000000000014 63.63333333333334 75.500000000000014 182.07333333333335 103.90166666666669 136.62000000000003 37.500000000000007 0.58244304235731448 3.5539376362200139 -0.88186879444286459 -1.6159999999999994 14.4399515232636 0.56457333468532445 2.1900000000000008 -0.043619387365335778 85.136666666666699 0.72236396205975539 92.500000000000014 80.262958692632836 0.065403129230143103 6.2743262338807764 0.11969653353600808 170.30572372350005
decision_type=2 2 2 2 2 2 2 2 2 2 2 2 2 2 2 2 2 10 2 2 10 2 10 2 2 2 2 2 2 2
left_child=2 3 8 4 17 13 -5 12 -1 11 18 28 -4 14 -3 -9 24 -2 23 -8 21 -7 -16 -6 25 -15 -19 -14 -10 -21
right_child=1 5 7 6 10 20 19 15 9 -11 -12 -13 27 16 22 -17 -18 26 -20 29 -22 -23 -24 -25 -26 -27 -28 -29 -30 -31
leaf_value=-0.98256056260407088 -0.70354290493378491 1.1216369089119289 -0.11973804560883963 0.55134939844502273 0.45829159897489363 2.4485545890198814 1.1432462328863344 1.1248329260093826 -0.32687371070480442 0.13286383353937692 0.55134939844502273 -0.23597902230148873 0.143365257657978 1.0105739543805516 2.0361983124698915 0.23984840704713928 0.97342849739932868 0.24230543660100312 -0.041129208542106006 3.121021411020235 2.8892333208256726 1.05870132669363 4.983089609707104 0.15362985192001877 1.8025891590625684 -0.048231716848408886 -0.14370204579490006 -0.05844869436839531 -0.54716535574647585 0.8785921199064628
leaf_weight=1082 546 196 34124 1690 6258 252 359 455 9357 2365 7997 24374 10677 214 56 2388 3782 3014 2324 151 154 504 51 3809 94 699 2659 9835 7571 51
leaf_count=1082 546 196 34124 1690 6258 252 359 455 9357 2365 7997 24374 10677 214 56 2388 3782 3014 2324 151 154 504 51 3809 94 699 2659 9835 7571 51
internal_value=0.00033434 0.453045 -0.154041 0.331246 0.290562 1.03866 0.812137 -0.0355872 -0.306192 -0.289433 0.380955 -0.313614 -0.0572896 0.910939 1.94061 0.381483 0.845791 -0.00577739 0.270969 1.65153 1.75337 1.52199 3.44079 0.343018 0.366423 0.218559 0.0613793 0.0466004 -0.425399 2.55486
internal_weight=137088 34860 102228 28858 26607 6002 2251 57479 44749 43667 20388 41302 54636 5092 303 2843 4789 6219 12391 561 910 756 107 10067 1007 913 5673 20512 16928 202
internal_count=137088 34860 102228 28858 26607 6002 2251 57479 44749 43667 20388 41302 54636 5092 303 2843 4789 6219 12391 561 910 756 107 10067 1007 913 5673 20512 16928 202
is_linear=0
shrinkage=0.05


Tree=32
num_leaves=31
num_cat=0
split_feature=0 0 0 0 9 9 11 12 7 9 6 1 12 9 12 0 9 12 12 0 4 1 11 9 8 12 4 11 8 7
split_gain=3.47805e+06 1.00632e+06 588525 241267 209606 198039 206416 193521 189541 212326 165891 159406 154497 141761 139776 130921 127807 108581 129985 105828 105066 101916 97262.1 153811 116772 95246.5 94921.3 88817.9 84567.7 81065.5
threshold=173.82000000000002 124.02000000000002 251.18000000000004 97.90000000000002 17.500000000000004 527.50000000000011 87.340591907501036 -0.076279435988900135 42.500000000000007 217.50000000000003 20.785858828369705 -0.013333333333333286 0.34202014332566882 17.500000000000004 -0.22706275313213778 43.160000000000004 1342.5000000000002 0.52803643325367289 0.78661891169205866 335.52000000000004 1.8724244524457698 0.040000000000000098 67.614569664001394 227.50000000000003 24.260000000000002 0.44228869021900152 13.823875948348144 107.47991512450001 75.500000000000014 31.500000000000004
decision_type=2 2 2 2 2 2 2 2 2 2 2 10 2 2 2 2 2 2 2 2 2 10 2 2 2 2 2 2 2 2
left_child=1 3 8 15 12 7 16 21 9 14 25 27 -3 -5 -2 -1 -7 -8 20 -13 -19 -6 -15 24 -24 -10 29 -4 -17 -9
right_child=2 4 11 13 5 6 17 26 10 -11 -12 19 -14 22 -16 28 -18 18 -20 -21 -22 -23 23 -25 -26 -27 -28 -29 -30 -31
leaf_value=-1.1967479809925896 0.41396789665473843 0.23222647054080026 1.0868157315666866 0.15767079835951975 -0.042642532720426618 0.13259082301790012 0.13145969273206198 -0.16310833594432395 1.0627938515335627 0.60217432354172806 0.7166620005840848 1.3488904453260904 1.1610594008079453 -0.31240367083577497 0.00026971743224335335 -0.43484172253610504 -0.38835758556904698 2.3916110519325127 0.5041144980487462 2.3886196341467638 0.88169506149656007 0.16814818124936318 -0.37216046783718226 -0.03618091542871528 -0.054254459249429045 2.2204230884221885 -0.61586034767125208 0.24259505973481313 0.10116878258667644 0.37866964172469419
leaf_weight=541 5102 1318 940 2669 11980 9596 1378 13734 392 8460 798 1512 678 16709 3404 12473 1342 174 2069 292 341 10999 9540 13095 4143 325 1109 466 782 727
leaf_count=541 5102 1318 940 2669 11980 9596 1378 13734 392 8460 798 1512 678 16709 3404 12473 1342 174 2069 292 341 10999 9540 13095 4143 325 1109 466 782 727
internal_value=0.000312884 -0.108877 0.581205 -0.250871 0.0446601 0.0258734 0.18068 -0.0339625 0.472662 0.424813 1.00851 1.20612 0.547732 -0.196033 0.248411 -0.434337 0.0686749 0.489895 0.681041 1.51718 1.39184 0.0582534 -0.217742 -0.158674 -0.275903 1.58752 -0.170059 0.80701 -0.403219 -0.135871
internal_weight=137088 115397 21691 59952 55445 53449 14900 38549 18481 16966 1515 3210 1996 46156 8506 13796 10938 3962 2584 1804 515 22979 43487 26778 13683 717 15570 1406 13255 14461
internal_count=137088 115397 21691 59952 55445 53449 14900 38549 18481 16966 1515 3210 1996 46156 8506 13796 10938 3962 2584 1804 515 22979 43487 26778 13683 717 15570 1406 13255 14461
is_linear=0
shrinkage=0.05


Tree=33
num_leaves=31
num_cat=0
split_feature=0 0 0 0 7 6 9 9 6 11 1 9 11 12 12 13 1 6 9 5 1 12 12 9 9 10 0 6 12 9
split_gain=3.17245e+06 961633 506737 283005 205153 200953 251648 216506 157576 146727 141263 136682 227463 182188 128857 125446 118810 117384 113349 112640 109426 97350.6 170899 114582 178197 161188 90994.1 88768 88478.4 90754.5
threshold=148.82000000000002 202.30000000000004 108.10000000000001 265.42000000000002 0.055000000000000007 11.632253488093225 67.500000000000014 192.50000000000003 4.9879029417258645 65.082075417041793 1.2613333333333341 277.50000000000006 67.463221374017067 0.15212338618991691 0.63435554093529933 0.32143946530316164 0.9333333333333339 33.096442698950163 332.50000000000006 155.94500000000005 -0.46666666666666617 0.6993099184844086 0.93585024503435366 712.50000000000011 1162.5000000000002 69.870833333333351 80.180000000000021 8.8821148156139671 0.021814885034561173 92.500000000000014
decision_type=2 2 2 2 2 2 2 2 2 2 8 2 2 2 2 2 10 2 2 2 10 2 2 2 2 8 2 2 2 2
left_child=2 5 9 16 11 6 14 28 -6 26 -7 13 -13 -4 -2 19 18 -18 -3 -9 -5 -21 23 -23 25 -25 -1 -16 -8 -30
right_child=1 3 4 20 8 10 7 15 -10 -11 -12 12 -14 -15 27 -17 17 -19 -20 21 -22 22 -24 24 -26 -27 -28 -29 29 -31
leaf_value=-0.83615295311937321 0.61417379566299557 0.39336464348544936 -0.13495142831533938 0.73162180385708964 0.42821870143114726 -0.047999707849552334 0.079515044132343282 0.2172687515514741 0.016298406767622165 -0.25574006097408714 0.3778046199291476 -0.18478350375926889 0.016298406767622165 -0.47182160604714429 1.8642868902525356 0.22851242606229399 1.2057375920153623 0.32113998518075437 0.84397839619260884 0.39608823405292126 1.4920158258160936 0.24754830734334418 0.65964747912449839 1.2566867095470429 0.32620172567564892 3.5637579751666637 -0.42438189143397276 0.21296346392759152 0.55616119883872661 -0.6765822333764514
leaf_weight=1635 1319 4367 18534 669 3187 8301 3279 1864 5319 19760 2545 18131 16833 5123 419 7654 1474 503 2051 1641 1616 111 1733 125 111 192 7478 101 182 831
leaf_count=1635 1319 4367 18534 669 3187 8301 3279 1864 5319 19760 2545 18131 16833 5123 419 7654 1474 503 2051 1641 1616 111 1733 125 111 192 7478 101 182 831
internal_value=0.000230766 0.36789 -0.157127 0.776046 -0.0817879 0.224536 0.320245 0.262478 0.147681 -0.332285 0.0519147 -0.115084 -0.0522829 -0.207902 0.876966 0.361268 0.641765 0.980673 0.537367 0.537156 1.26939 0.689538 0.901489 1.67906 2.05032 2.65403 -0.498259 1.54355 -0.0466656 -0.455102
internal_weight=137088 41088 96000 10680 67127 30408 19562 17723 8506 28873 10846 58621 34964 23657 1839 13431 8395 1977 6418 5777 2285 3913 2272 539 428 317 9113 520 4292 1013
internal_count=137088 41088 96000 10680 67127 30408 19562 17723 8506 28873 10846 58621 34964 23657 1839 13431 8395 1977 6418 5777 2285 3913 2272 539 428 317 9113 520 4292 1013
is_linear=0
shrinkage=0.05


Tree=34
num_leaves=31
num_cat=0
split_feature=0 0 0 0 9 1 3 7 7 9 12 5 7 9 13 12 9 13 12 11 9 11 12 11 14 8 10 9 9 8
split_gain=2.86396e+06 908597 434187 258013 200804 181807 143953 130901 126554 145816 123256 119844 159451 106812 124724 105306 105105 113790 103715 102010 100353 297550 181855 93801.9 92028 91247.1 89616.9 88340.5 84783.9 83543
threshold=146.98000000000002 202.30000000000004 110.96666666666668 288.90000000000003 17.500000000000004 -0.26666666666666639 45.906666666666673 92.500000000000014 43.500000000000007 212.50000000000003 0.04361938736533582 154.23500000000004 26.500000000000004 72.500000000000014 0.35222909080468506 -0.45201865172701744 197.50000000000003 -0.021814885034560822 0.86046863722869271 131.11194007650002 277.50000000000006 86.96458448700001 0.15212338618991691 49.308840209500012 4.5000000000000009 92.500000000000014 80.604166666666686 37.500000000000007 82.500000000000014 33.500000000000007
decision_type=2 2 2 2 2 10 2 2 2 2 2 2 2 2 2 2 2 2 2 2 2 2 2 2 2 2 8 2 2 2
left_child=2 5 6 8 -4 18 -1 20 9 15 -8 25 16 -5 -15 24 28 23 -2 29 22 -22 -6 -18 -3 -7 -16 -10 -13 -17
right_child=1 3 4 13 7 11 10 -9 27 -11 -12 12 -14 14 26 19 17 -19 -20 -21 21 -23 -24 -25 -26 -27 -28 -29 -30 -31
leaf_value=-1.1067095192052754 -0.020555197262946957 0.85178889864581131 0.3652688286542809 2.3592084646317706 -0.10309680652981659 0.11603650586800299 -0.19554196116336164 0.59155333006239663 1.8274721500525872 0.8172598356212375 -0.3876608203159746 0.53969712735852227 1.167823248341231 0.80809039414866479 0.93199671025199082 0.15499315544887052 -1.3245423591247312 0.33541997265167689 0.50257212089665981 -0.24911166619949487 -0.13326586431499635 0.21674229624620567 -0.42591823475246449 0.75947323652699505 0.02393209866577415 0.64536813668609838 2.5182065726336789 0.90250535636994733 -0.020239879736719407 0.8568781412406361
leaf_weight=540 9296 1570 2501 231 19534 9439 18170 691 360 3744 15445 912 631 755 143 1179 54 5626 1055 872 23049 8244 5617 2100 427 891 236 501 2613 662
leaf_count=540 9296 1570 2501 231 19534 9439 18170 691 360 3744 15445 912 631 755 143 1179 54 5626 1055 872 23049 8244 5617 2100 427 891 236 501 2613 662
internal_value=0.000603176 0.336964 -0.154672 0.737243 -0.0732577 0.205898 -0.296825 -0.0924536 0.643167 0.584352 -0.283814 0.286384 0.394298 1.37924 1.17961 0.399213 0.351123 0.453744 0.0327633 0.196375 -0.100827 -0.0410578 -0.175193 0.759473 0.674776 0.161693 1.91972 1.22066 0.124629 0.407382
internal_weight=137088 43297 93791 10680 59636 32617 34155 57135 9315 8454 33615 22266 11936 1365 1134 4710 11305 7780 10351 2713 56444 31293 25151 2154 1997 10330 379 861 3525 1841
internal_count=137088 43297 93791 10680 59636 32617 34155 57135 9315 8454 33615 22266 11936 1365 1134 4710 11305 7780 10351 2713 56444 31293 25151 2154 1997 10330 379 861 3525 1841
is_linear=0
shrinkage=0.05


Tree=35
num_leaves=31
num_cat=0
split_feature=0 0 0 7 1 0 1 13 10 12 9 1 7 6 7 3 11 12 13 13 10 8 9 13 8 13 1 12 6 12
split_gain=2.59734e+06 689057 516907 174968 170675 166722 148198 145606 155098 141521 129908 124186 122436 104678 126193 94279.3 91871.3 112468 90866.6 89706.5 84449.1 82346.6 80255.6 91849.2 112976 79171.7 78358.1 75887.8 75949.4 72865.5
threshold=167.45333333333335 120.08666666666669 237.02000000000004 51.500000000000007 0.14666666666666736 90.346666666666678 0.46400000000000102 -0.78661891169205833 70.479166666666686 0.88186879444286481 372.50000000000006 -0.39999999999999974 92.500000000000014 18.845341250897803 32.500000000000007 298.72666666666674 120.00419992208474 -0.50938662908026078 -0.50938662908026078 -0.63435554093529922 64.26944444444446 93.500000000000014 242.50000000000003 0.032717136199948357 40.250000000000007 -0.97381903846659723 -1.7093333333333318 0.86046863722869271 33.096442698950163 0.45201865172701788
decision_type=2 2 2 2 10 2 10 2 10 2 2 10 2 2 2 2 2 2 2 2 10 2 2 2 2 2 8 2 2 2
left_child=1 5 4 7 9 19 16 11 -9 26 -10 -3 20 14 -6 27 -4 -18 -5 21 -7 -1 23 24 -22 -14 -2 28 -8 -16
right_child=2 3 6 18 13 12 15 8 10 -11 -12 -13 25 -15 29 -17 17 -19 -20 -21 22 -23 -24 -25 -26 -27 -28 -29 -30 -31
leaf_value=-0.27898865115521376 -0.35069544369851918 -0.44748880651398698 0.88050830376904399 0.60759871534372301 0.56470639069559014 -0.3181113788713632 1.3096167459781412 -0.07820549203720617 0.011598847302568834 0.72795067741926733 0.17726762448540367 -0.056626246114957091 1.06301272801661 0.2817586503633181 0.94918803086059345 2.1238842573709653 1.1825818219028998 -0.17450284599751525 0.17726762448540367 -0.59479274239846347 -0.39923067130671702 1.7664358156546951 -0.077718332990132977 -0.052781687099380109 -0.04099593024873395 0.072592530856023976 0.2035528076814567 2.3579699286538314 0.55043552289914677 1.9763965290097987
leaf_weight=3099 682 3108 2046 1853 5165 12891 905 19937 16967 1262 10265 5871 279 3047 339 285 217 515 1549 4478 9139 50 14080 4723 2899 729 9817 117 518 256
leaf_count=3099 682 3108 2046 1853 5165 12891 905 19937 16967 1262 10265 5871 279 3047 339 285 217 515 1549 4478 9139 50 14080 4723 2899 729 9817 117 518 256
internal_value=0.000595131 -0.102618 0.45951 0.0137239 0.352321 -0.234919 0.938473 -0.00737257 0.0277575 0.227683 0.105335 -0.19192 -0.198083 0.518765 0.644139 1.2885 0.708521 0.227802 0.361908 -0.450996 -0.210641 -0.246511 -0.16572 -0.239646 -0.31296 0.346727 0.16755 1.1339 1.03326 1.33367
internal_weight=137088 111917 25171 59550 20568 52367 4603 56148 47169 11761 27232 8979 44740 8807 5760 1825 2778 732 3402 7627 43732 3149 30841 16761 12038 1008 10499 1540 1423 595
internal_count=137088 111917 25171 59550 20568 52367 4603 56148 47169 11761 27232 8979 44740 8807 5760 1825 2778 732 3402 7627 43732 3149 30841 16761 12038 1008 10499 1540 1423 595
is_linear=0
shrinkage=0.05


Tree=36
num_leaves=31
num_cat=0
split_feature=0 0 5 0 9 6 9 9 13 7 12 1 0 12 6 12 9 13 9 11 12 0 13 12 8 9 13 13 9 11
split_gain=2.37613e+06 798208 331986 193996 180301 174254 276901 205285 165518 290147 135019 133644 124128 115187 147901 114070 113564 117438 113562 284770 177329 110465 106526 99306.8 94815.9 93905.3 110366 92420.5 102941 181363
threshold=144.25333333333336 208.02000000000004 104.9616666666667 288.90000000000003 17.500000000000004 11.632253488093225 77.500000000000014 187.50000000000003 -0.61734245059638992 93.500000000000014 0.18436924984152928 1.2613333333333341 174.82000000000002 0.54643492068321309 7.0212193536539065 1.0000000180025095e-35 37.500000000000007 -0.89194178735545482 257.50000000000006 83.812499821186051 0.13052619222005182 85.206666666666692 0.75894212529897775 -0.076279435988900135 56.70000000000001 72.500000000000014 0.37256073532439549 -0.11969653353600833 307.50000000000006 61.132361169500015
decision_type=2 2 2 2 2 2 2 2 2 2 2 10 2 2 2 2 2 2 2 2 2 2 2 2 2 2 2 2 2 2
left_child=2 5 8 16 -4 6 13 15 9 -1 11 -7 22 -2 -15 -8 23 -18 20 -20 -6 -10 -9 -3 -22 -5 -27 28 -14 -30
right_child=1 3 4 25 18 10 7 12 21 -11 -12 -13 27 14 -16 -17 17 -19 19 -21 24 -23 -24 -25 -26 26 -28 -29 29 -31
leaf_value=-0.1970450246362867 0.54152135011724978 0.50990163788218723 0.27159919816756534 2.1759131519696413 -0.11903296651226998 0.037899066227435385 0.060665007173914487 0.30999534510518917 -0.72024979829378577 1.6183959851882102 -0.22114073635062104 0.49288010558409728 0.25623527082788411 1.819213970011925 0.37514881224660074 -0.50235536132121716 0.14907438329787462 0.65939062016920391 -0.14728676633138879 0.15022461226152489 -0.52192312588884826 -0.35822128570776451 -0.0042023492262177617 1.9985909963759145 -0.076673866966679993 0.72108674060858835 1.7674611270979601 0.39393038388264556 -0.022383852291831881 1.8351978395469968
leaf_weight=8412 1804 193 3204 231 21388 7192 3649 8329 2646 226 3590 2081 359 472 284 1194 1385 6061 26216 11603 5015 10345 3990 267 1570 756 378 3599 183 466
leaf_count=8412 1804 193 3204 231 21388 7192 3649 8329 2646 226 3590 2081 359 472 284 1194 1385 6061 26216 11603 5015 10345 3990 267 1570 756 378 3599 183 466
internal_value=0.000801927 0.291522 -0.148249 0.706606 -0.0946679 0.188053 0.266748 0.208902 -0.319172 -0.149547 0.03921 0.140004 0.291034 0.758639 1.27673 -0.0781428 0.61157 0.564469 -0.112505 -0.0560092 -0.188886 -0.431959 0.20823 1.37399 -0.415767 1.25705 1.06988 0.512448 0.93561 1.31141
internal_weight=137088 46463 90625 9271 68996 37192 24329 21769 21629 8638 12863 9273 16926 2560 756 4843 7906 7446 65792 37819 27973 12991 12319 460 6585 1365 1134 4607 1008 649
internal_count=137088 46463 90625 9271 68996 37192 24329 21769 21629 8638 12863 9273 16926 2560 756 4843 7906 7446 65792 37819 27973 12991 12319 460 6585 1365 1134 4607 1008 649
is_linear=0
shrinkage=0.05


Tree=37
num_leaves=31
num_cat=0
split_feature=0 0 0 5 6 9 13 8 7 1 9 11 1 12 9 9 7 6 3 5 9 12 11 12 13 8 12 11 9 5
split_gain=2.14508e+06 657344 371136 202924 151133 245584 145810 243813 132183 130386 129714 168730 127187 121393 111750 102264 101367 99486.8 98134.7 97514.7 91404.5 93341.8 93214.5 143227 200775 91234.3 91054.1 81590.9 81246.7 80294.2
threshold=173.82000000000002 130.82000000000002 245.82000000000002 104.61500000000002 7.0953023277710567 77.500000000000014 -0.61734245059638992 93.500000000000014 0.055000000000000007 -0.83999999999999864 537.50000000000011 89.271000991500017 0.6213333333333334 0.22706275313213808 37.500000000000007 32.500000000000007 42.500000000000007 7.0212193536539065 70.963333333333352 174.9677777777778 322.50000000000006 0.15212338618991691 97.69312536773198 0.81279832427823739 -0.1413247892049839 92.500000000000014 0.098011308799811389 182.9497047695057 1162.5000000000002 147.45444444444448
decision_type=2 2 2 2 2 2 2 2 2 10 2 2 10 2 2 2 2 2 2 2 2 2 2 2 2 2 2 2 2 2
left_child=1 3 9 6 5 13 7 -1 -5 -2 -7 -12 26 -3 16 -15 -11 -10 -8 -18 21 -16 28 -24 -25 -6 -4 -28 -22 -17
right_child=2 4 12 8 25 10 18 -9 17 14 11 -13 -14 15 20 29 19 -19 -20 -21 22 -23 23 24 -26 -27 27 -29 -30 -31
leaf_value=-0.19602357758754918 0.048647573147799904 0.36580651864142316 1.0246570703774636 -0.15282515818032871 -0.062145901804837082 0.0012733477531845618 -0.88961302787891605 1.3480100453838313 0.27437526400068646 0.28616198920453145 0.13137602805284979 0.65175564609102243 1.2982045829137814 0.8701317183410151 0.37370471512605957 1.091145086752904 0.78135834358091305 -0.025732340251260723 -0.37541925036387119 1.9393179462354799 0.49358143027778767 -0.012453041035640711 0.68028446311302937 3.3255142086285812 0.076893364012241366 0.3317738394261131 0.52173297496572091 -0.91695734198998524 -0.33510881378930413 3.3079579534201784
leaf_weight=8105 2780 1241 1079 45153 18738 12456 1009 264 3796 413 6674 2032 1362 651 6347 77 382 1972 11547 308 4232 2077 954 130 75 1595 1126 108 318 87
leaf_count=8105 2780 1241 1079 45153 18738 12456 1009 264 3796 413 6674 2032 1362 651 6347 77 382 1972 11547 308 4232 2077 954 130 75 1595 1126 108 318 87
internal_value=0.00076183 -0.0849883 0.456956 -0.177899 0.0682867 0.155451 -0.308984 -0.147317 -0.124033 0.363545 0.104765 0.252834 0.914884 0.677156 0.421002 1.15125 0.905719 0.10136 -0.41674 1.27655 0.383173 0.278495 0.537633 0.937942 2.13699 -0.0312453 0.689168 0.395818 0.435664 2.26714
internal_weight=137088 115397 21691 71846 43551 23218 20925 8369 50921 18016 21162 8706 3675 2056 15236 815 1103 5768 12556 690 14133 8424 5709 1159 205 20333 2313 1234 4550 164
internal_count=137088 115397 21691 71846 43551 23218 20925 8369 50921 18016 21162 8706 3675 2056 15236 815 1103 5768 12556 690 14133 8424 5709 1159 205 20333 2313 1234 4550 164
is_linear=0
shrinkage=0.05


Tree=38
num_leaves=31
num_cat=0
split_feature=0 0 0 0 6 9 9 8 9 11 13 12 5 10 0 12 12 12 13 1 6 7 9 13 12 6 12 6 9 7
split_gain=1.95875e+06 667285 277428 183962 161510 236967 181736 118558 117720 108839 116790 166295 134981 113134 108159 103229 99841.7 99262.2 92855.3 92534 107383 91562.8 99551.7 189735 109086 90486.9 87668.9 121071 87403.5 85341.4
threshold=144.25333333333336 202.30000000000004 107.81333333333335 276.64000000000004 11.632253488093225 77.500000000000014 187.50000000000003 92.500000000000014 17.500000000000004 49.308840209500012 -0.16288578192842348 0.58244304235731448 155.94500000000005 86.108333333333363 43.160000000000004 0.04361938736533582 0.47136869107721086 -0.60003553868615167 -0.96863394805116465 0.9333333333333339 33.096442698950163 92.500000000000014 597.50000000000011 -0.26932402956675622 -0.15212338618991697 10.640778907335401 0.54643492068321309 7.0212193536539065 337.50000000000006 65.550000000000011
decision_type=2 2 2 2 2 2 2 2 2 2 2 2 2 8 2 2 2 2 2 10 2 2 2 2 2 2 2 2 2 2
left_child=2 4 14 19 5 26 16 -6 -4 -8 11 -11 -13 -14 -1 -16 18 -12 -7 28 -21 22 24 25 -10 -24 -2 -28 -3 -5
right_child=1 3 8 29 7 6 9 -9 21 10 17 12 13 -15 15 -17 -18 -19 -20 20 -22 -23 23 -25 -26 -27 27 -29 -30 -31
leaf_value=-0.96475738378692688 0.50637338706900858 0.30374622605863594 0.24156586452853102 0.96604784642369068 -0.039935148520726549 -0.76254732954198534 -0.50203394579363392 0.47926828718317016 -0.055755488901802056 0.17764714785551972 0.53789213758125098 0.4127367301142984 0.95930328454739466 2.2342755691106007 -0.16343148830230225 -0.3571710293642148 -0.89022263692105352 0.14412090121686991 0.04733834353857793 1.021159103054017 0.21641454475244029 0.47656404147789699 0.18955118291983267 -0.13727516652732774 -0.2114053045879378 -0.45424723931132815 1.6545467411420067 0.32882880835078554 0.69021017721651046 2.2072642117837407
leaf_weight=541 1775 4597 2791 1671 10888 389 455 1223 22545 1856 1897 991 832 220 15224 12538 362 10237 3924 1549 566 703 5056 8154 22482 591 458 276 2146 151
leaf_count=541 1775 4597 2791 1671 10888 389 455 1223 22545 1856 1897 991 832 220 15224 12538 362 10237 3924 1549 566 703 5056 8154 22482 591 458 276 2146 151
internal_value=0.00057015 0.264525 -0.134758 0.611362 0.161006 0.236987 0.182517 0.0124954 -0.0758037 0.260537 0.282178 0.52024 0.831475 1.22593 -0.264574 -0.250929 -0.0926494 0.205682 -0.0257072 0.517248 0.8058 -0.090683 -0.0974617 0.0200236 -0.133472 0.189551 0.696434 1.15605 0.426741 1.06891
internal_weight=137088 46463 90625 10680 35783 23672 21163 12111 62322 16488 16033 3899 2043 1052 28303 27762 4675 12134 4313 8858 2115 59531 58828 13801 45027 5647 2509 734 6743 1822
internal_count=137088 46463 90625 10680 35783 23672 21163 12111 62322 16488 16033 3899 2043 1052 28303 27762 4675 12134 4313 8858 2115 59531 58828 13801 45027 5647 2509 734 6743 1822
is_linear=0
shrinkage=0.05


Tree=39
num_leaves=31
num_cat=0
split_feature=0 0 0 1 0 11 6 6 9 8 9 12 5 12 9 11 12 13 9 13 13 9 9 12 13 13 14 0 10 11
split_gain=1.78129e+06 439485 398228 144079 134635 130783 121415 115486 209728 110117 104304 132879 103379 101460 100416 96711.4 138854 96052.7 85201.5 233029 84303.5 82800.2 86056 134493 80807.7 80804.4 80288.6 161956 79997.2 79046.7
threshold=158.21333333333334 225.62000000000003 118.01333333333335 -0.021777777777778808 335.52000000000004 69.078945815563173 5.3979092471740264 7.0953023277710567 77.500000000000014 75.500000000000014 42.500000000000007 -0.076279435988900135 96.53666666666669 0.88186879444286481 232.50000000000003 173.72042959681445 0.032717136199948427 -0.88186879444286459 577.50000000000011 -0.30070579950427329 -0.92794370089704259 1082.5000000000002 507.50000000000006 0.27982901403099242 -0.98279651670771917 0.34202014332566844 2.5000000000000004 265.42000000000002 101.81666666666668 65.631049773647405
decision_type=2 2 2 10 2 2 2 2 2 2 2 2 2 2 2 2 2 2 2 2 2 2 2 2 2 2 2 2 10 2
left_child=2 3 5 13 10 12 9 8 -4 -7 11 -3 -1 -2 15 17 -17 -12 -10 29 -6 22 23 -9 -11 -8 27 -19 -16 -20
right_child=1 4 7 -5 20 6 25 21 18 24 14 -13 -14 -15 28 16 -18 26 19 -21 -22 -23 -24 -25 -26 -27 -28 -29 -30 -31
leaf_value=-0.51731927116635623 0.066093562671467057 0.30761006103783117 0.4201372159697172 0.35161434375578815 -0.35363898598230803 -0.082633688163095131 -0.31394579321344934 -0.044622067634025167 -0.050650455452079149 1.1592052271004236 0.09451669731972745 2.1420308308315374 -0.24147466688115662 0.5389610159738365 0.79179359130742022 0.87104976464383643 -1.0565878375870537 0.6429782846191503 0.10295444688426295 -0.040375752662636578 1.7855261362478989 -0.54750613943083426 0.22456600428391538 -0.37819642249912189 0.18898742314128125 -0.02545790991062042 0.41585589827716785 2.1727275386483464 2.2786074338461222 0.61883855104365371
leaf_weight=4479 10985 164 3407 13532 52 14804 10602 14953 21158 280 911 248 14055 1265 1897 151 245 607 1076 7144 403 983 2113 3787 919 3148 987 242 95 2396
leaf_count=4479 10985 164 3407 13532 52 14804 10602 14953 21158 280 911 248 14055 1265 1897 151 245 607 1076 7144 403 983 2113 3787 919 3148 987 242 95 2396
internal_value=0.00079906 0.328861 -0.0982202 0.239154 0.714205 -0.203878 -0.138932 -0.00874015 0.0473215 -0.0453073 0.646382 1.41182 -0.308136 0.114924 0.584967 0.408943 -0.321554 0.514249 0.00734593 0.122934 1.54105 -0.0990637 -0.0779243 -0.112031 0.41556 -0.247898 0.722515 1.07902 0.862701 0.458962
internal_weight=137088 31784 105304 25782 6002 48287 29753 57017 35181 16003 5547 412 18534 12250 5135 3143 396 2747 31774 10616 455 21836 20853 18740 1199 13750 1836 849 1992 3472
internal_count=137088 31784 105304 25782 6002 48287 29753 57017 35181 16003 5547 412 18534 12250 5135 3143 396 2747 31774 10616 455 21836 20853 18740 1199 13750 1836 849 1992 3472
is_linear=0
shrinkage=0.05


Tree=40
num_leaves=31
num_cat=0
split_feature=0 0 0 5 1 13 8 1 13 9 6 7 13 9 7 6 11 10 14 10 6 3 9 8 9 11 12 8 6 5
split_gain=1.63167e+06 552989 242579 168641 147510 129153 177131 127769 105212 105079 96324.1 108993 94775 104596 94333.8 91408.6 85587.7 125465 90413 82585.7 83893.5 76465.2 70087.6 68074.7 66711.2 201440 110819 68808.3 66025.1 63193
threshold=179.90000000000006 133.90000000000006 257.78000000000003 104.9616666666667 -0.30666666666666581 -0.83146961230254512 93.500000000000014 0.17066666666666638 -0.48098876891938808 12.500000000000002 26.903303259931374 64.500000000000014 -0.79989897227935869 52.500000000000007 23.500000000000004 7.0953023277710567 114.68268051800001 84.608333333333363 1.0000000180025095e-35 77.410000000000011 2.8593186304193483 70.963333333333352 137.50000000000003 70.250000000000014 262.50000000000006 83.812499821186051 0.11969653353600808 51.500000000000007 7.0212193536539065 96.53666666666669
decision_type=2 2 2 2 10 2 2 10 2 2 2 2 2 2 2 2 2 10 2 10 2 2 2 2 2 2 2 2 2 2
left_child=1 3 7 5 8 6 -1 15 14 28 11 -9 -4 -14 -3 -2 17 18 -15 -6 -21 -7 -18 -12 26 -26 -11 -28 -5 -8
right_child=2 4 12 9 19 21 29 10 -10 24 23 -13 13 16 -16 -17 22 -19 -20 20 -22 -23 -24 -25 25 -27 27 -29 -30 -31
leaf_value=-0.12669319599549878 0.45460387351470066 -0.33404703858172513 0.48960324376992814 0.42172004133233792 0.059743016839820175 -0.73048536552624843 2.288838162537544 0.54287607830331386 0.042981261114852821 -0.1168467913471152 -0.048654429669567567 1.2660222203338631 2.3301790392312869 2.1441876962244941 0.55169783462698641 0.12295551920990336 -0.16575089726166659 2.3875094105853116 0.7614772405825655 0.54769084707548277 0.17949603092248562 -0.31200207189814622 1.1015115655176921 0.71142782362902079 -0.15003878807369744 0.13267344250892554 -0.46757664922287856 -0.046552004839489458 -0.20702855685519564 0.60741508122001386
leaf_weight=5973 3179 4004 1033 1504 15983 1183 93 4767 7374 17289 1053 585 156 139 325 5997 251 187 791 1771 12236 14122 193 409 21236 8959 4327 1251 578 140
leaf_count=5973 3179 4004 1033 1504 15983 1183 93 4767 7374 17289 1053 585 156 139 325 5997 251 187 791 1771 12236 14122 193 409 21236 8959 4327 1251 578 140
internal_value=0.000759107 -0.0678831 0.434253 -0.147592 0.0786671 -0.266333 -0.0739346 0.35965 -0.0718857 -0.101273 0.523665 0.62192 0.868033 1.09571 -0.26755 0.237854 0.97234 1.20576 0.96814 0.137417 0.226049 -0.344349 0.385109 0.163981 -0.114945 -0.0661567 -0.179368 -0.373152 0.247168 1.27854
internal_weight=137088 118348 18740 76655 41693 21511 6206 15990 11703 55144 6814 5352 2750 1717 4329 9176 1561 1117 930 29990 14007 15305 444 1462 53062 30195 22867 5578 2082 233
internal_count=137088 118348 18740 76655 41693 21511 6206 15990 11703 55144 6814 5352 2750 1717 4329 9176 1561 1117 930 29990 14007 15305 444 1462 53062 30195 22867 5578 2082 233
is_linear=0
shrinkage=0.05


Tree=41
num_leaves=31
num_cat=0
split_feature=0 0 0 5 6 9 9 11 1 6 13 8 12 12 7 6 9 14 3 9 6 2 12 12 12 9 1 13 10 9
split_gain=1.47259e+06 499898 220183 147837 132506 194110 136612 134136 126832 121343 118713 198886 102974 98514.8 95491.7 90897 90108.4 89319.8 86360.7 85629.1 82687.2 82591.7 81660.4 81112.6 79997.3 122284 78344.8 120350 79440.9 131943
threshold=179.90000000000006 132.47333333333339 265.42000000000002 104.61500000000002 10.068635669340164 82.500000000000014 187.50000000000003 89.826647907495598 0.47466666666666751 7.3841911397012625 -0.58244304235731414 93.500000000000014 0.16288578192842371 0.39271506111191362 0.055000000000000007 28.894027378859501 717.50000000000011 3.5000000000000004 129.06333333333339 22.500000000000004 7.0212193536539065 1.5666666666666667 -0.43245347597985068 0.30070579950427329 0.9195955058153672 862.50000000000011 2.1413333333333333 0.054511258297739194 79.841666666666683 192.50000000000003
decision_type=2 2 2 2 2 2 2 2 10 2 2 2 2 2 2 2 2 2 2 2 2 8 2 2 2 2 10 2 8 2
left_child=1 3 8 10 5 12 23 -8 9 -2 11 -1 -3 -6 -5 19 -9 24 -14 -10 -16 -15 -12 -7 25 -18 27 -4 -29 -30
right_child=2 4 26 14 13 6 7 16 15 -11 22 -13 18 21 20 -17 17 -19 -20 -21 -22 -23 -24 -25 -26 -27 -28 28 29 -31
leaf_value=-0.15710652633313188 0.46518630974884423 0.28788633760820542 0.4662596994006134 -0.12318422448651008 0.011678449017954229 -0.076903937127437524 0.065542237069626461 0.24115737017396413 1.7645189733619748 0.12658136270164425 -0.22113837600950026 1.2240187281486492 -0.27732816338280425 -0.23402814209610212 0.24427300026073706 0.16703738480116351 2.429435180295624 0.28582419696495281 1.0309571350010749 0.61782251946421118 -0.018252178361960837 -1.2095056903816888 -0.47927290721235444 -0.69765586727804108 0.47518855058889597 0.65178405020750407 1.6212548454700919 0.66297024231379398 3.6588113693341819 1.3141613051018926
leaf_weight=8409 4250 2227 1270 47475 11673 4333 15487 4109 170 7010 5869 269 144 2694 3977 1179 204 612 1017 3846 2142 236 6410 599 278 184 303 302 73 337
leaf_count=8409 4250 2227 1270 47475 11673 4333 15487 4109 170 7010 5869 269 144 2694 3977 1179 204 612 1017 3846 2142 236 6410 599 278 184 303 302 73 337
internal_value=0.000721152 -0.064489 0.41254 -0.143253 0.0695821 0.131091 0.084376 0.140295 0.348674 0.254385 -0.25585 -0.114295 0.486916 -0.0533858 -0.0992234 0.553042 0.355202 0.721878 0.868689 0.666363 0.0866799 -0.312599 -0.355892 -0.152295 1.12258 1.58643 0.872461 0.757988 1.27835 1.73162
internal_weight=137088 118348 18740 74551 43797 29194 25806 20874 16455 11260 20957 8678 3388 14603 53594 5195 5387 1278 1161 4016 6119 2930 12279 4932 666 388 2285 1982 712 410
internal_count=137088 118348 18740 74551 43797 29194 25806 20874 16455 11260 20957 8678 3388 14603 53594 5195 5387 1278 1161 4016 6119 2930 12279 4932 666 388 2285 1982 712 410
is_linear=0
shrinkage=0.05


Tree=42
num_leaves=31
num_cat=0
split_feature=0 0 5 0 6 9 9 8 12 1 11 13 5 12 7 13 1 1 10 6 6 12 9 13 12 13 6 3 13 7
split_gain=1.34447e+06 490140 189271 141678 134982 202930 178677 134557 118222 100130 96071.4 97288.5 93052.9 93092.4 91653.6 122023 96286.7 89102.1 82197.2 79681.2 79197.9 77571.1 76955.5 93097.5 73649 72577.1 71293.7 71287.1 70909.6 93733.1
threshold=142.22000000000003 202.30000000000004 114.08333333333336 335.52000000000004 14.252405006820814 72.500000000000014 177.50000000000003 75.500000000000014 0.25881904510252091 0.9333333333333339 49.308840209500012 0.77296446310593003 46.57694444444445 -0.065403129230142812 0.055000000000000007 -0.83146961230254512 -0.34622222222222182 2.1413333333333333 69.683333333333351 33.096442698950163 5.2382000146929206 1.0000000180025095e-35 92.500000000000014 -0.27982901403099208 0.51877325816052167 -0.92794370089704259 6.0873201547487046 154.93666666666672 -0.89194178735545482 93.500000000000014
decision_type=2 2 2 2 2 2 2 2 2 10 2 2 2 2 2 2 10 10 10 2 2 2 2 2 2 2 2 2 2 2
left_child=2 4 7 9 5 20 21 12 17 -3 -8 27 -1 -14 15 16 -4 -6 -17 -11 24 -7 -23 -24 -2 -5 -16 -12 29 -9
right_child=1 3 14 25 8 6 10 28 -10 19 11 -13 13 -15 26 18 -18 -19 -20 -21 -22 22 23 -25 -26 -27 -28 -29 -30 -31
leaf_value=-0.88861580750266256 0.52891160096659695 0.38154927185967158 -0.47116854079630643 -0.38486073750715993 0.006857711683166838 -0.0043068497408771901 -0.42747954971233559 0.18675402515059847 -0.33942519427265377 0.93289666360290102 0.16602551616071792 0.062109267060046748 -0.12886233056808402 -0.29232432881087261 0.35234234299307521 -0.12454450252589118 -0.0857688767391344 0.60073013260459018 0.023353252822917177 0.32833958183324807 0.41372194771544901 0.31131747102686158 -0.85129938869800148 0.1800391782149286 1.5063858325460855 1.5999595158800446 0.03714419033258988 0.40301213588979001 -0.043050616078462112 1.2339072855363646
leaf_weight=522 407 7689 3193 52 6298 4358 584 924 2413 1743 5541 6290 16324 18674 2436 16626 3291 702 21599 793 2540 287 901 289 366 403 2636 7426 1503 278
leaf_count=522 407 7689 3193 52 6298 4358 584 924 2413 1743 5541 6290 16324 18674 2436 16626 3291 702 21599 793 2540 287 901 289 366 403 2636 7426 1503 278
internal_value=0.000538479 0.210211 -0.116398 0.509824 0.126885 0.180302 0.132783 -0.200077 -0.0376214 0.471408 0.204311 0.223471 -0.225965 -0.216081 -0.0521446 -0.0749956 -0.275556 0.0664146 -0.040975 0.743853 0.548584 -0.110439 -0.423589 -0.600831 0.991726 1.37312 0.149284 0.301744 0.139864 0.428941
internal_weight=137088 49082 88006 10680 38402 28989 25676 38225 9413 10225 19841 19257 35520 34998 49781 44709 6484 7000 38225 2536 3313 5835 1477 1190 773 455 5072 12967 2705 1202
internal_count=137088 49082 88006 10680 38402 28989 25676 38225 9413 10225 19841 19257 35520 34998 49781 44709 6484 7000 38225 2536 3313 5835 1477 1190 773 455 5072 12967 2705 1202
is_linear=0
shrinkage=0.05


Tree=43
num_leaves=31
num_cat=0
split_feature=0 0 0 1 1 12 6 9 11 6 0 12 14 6 9 13 11 11 8 5 6 9 12 11 8 13 11 11 13 8
split_gain=1.22746e+06 299200 279690 112946 111097 104055 102906 160331 97088 106068 93096 101627 100915 90425.5 84240.4 207600 84028.4 83100.9 81841.5 78470.7 78207.5 100214 92392.4 78072.7 72671.6 71538.2 71252.3 68577.5 68517.3 80367.2
threshold=162.82000000000002 118.01333333333335 225.62000000000003 0.12799999999999967 -0.46666666666666617 0.89194178735545526 7.0953023277710567 77.500000000000014 69.078945815563173 5.3979092471740264 335.52000000000004 0.87137607974597331 3.5000000000000004 33.096442698950163 602.50000000000011 -0.29026740676763257 65.631049773647405 123.97882544994347 75.500000000000014 96.53666666666669 18.845341250897803 77.500000000000014 0.52803643325367289 128.34214931990437 93.500000000000014 0.34202014332566844 62.262162506580204 57.853358954191371 -0.45201865172701744 40.250000000000007
decision_type=2 2 2 10 10 2 2 2 2 2 2 2 2 2 2 2 2 2 2 2 2 2 2 2 2 2 2 2 2 2
left_child=1 8 3 5 17 -2 7 27 19 18 11 13 -13 -6 -9 16 -16 -4 -10 -1 21 -5 -22 -14 28 -11 -7 -3 29 -8
right_child=2 6 4 20 10 26 24 14 9 25 -12 12 23 -15 15 -17 -18 -19 -20 -21 22 -23 -24 -25 -26 -27 -28 -29 -30 -31
leaf_value=-0.44070578060675542 0.062865791702802376 1.7571578974011299 0.47003424012193717 0.79508064261299083 0.73400501054622502 -0.048051331107981099 -0.30020369769209831 -0.03672583692390069 -0.057342003290865189 -0.27666250285602667 1.5199090253615106 0.23048347560848326 1.5165880955755711 0.12292146054054021 0.080008260390948924 -0.030265694905737224 0.59993471057156611 -0.30380168965757531 0.37215336506886859 -0.20037883492548891 0.26277962758110385 0.33151118233794996 -0.44494507013182893 3.9259389157021611 0.26255713553487009 -0.0052192335660194242 0.7516361581860348 0.33576552842378682 -0.03149018651734941 0.030447780162366635
leaf_weight=4479 11169 87 1333 1502 2873 389 6695 22983 14804 10602 349 73 80 767 1125 6680 2513 469 1199 14055 2415 5209 570 58 1430 3148 981 3447 13071 2533
leaf_count=4479 11169 87 1333 1502 2873 389 6695 22983 14804 10602 349 73 80 767 1125 6680 2513 469 1199 14055 2415 5209 570 58 1430 3148 981 3447 13071 2533
internal_value=0.000412495 -0.0757895 0.294164 0.212406 0.597043 0.113311 -0.00177059 0.0505404 -0.168628 -0.11267 0.737948 0.667082 1.73392 0.605241 0.0165581 0.135246 0.439155 0.268631 -0.0251627 -0.258457 0.340558 0.435263 0.127636 2.52921 -0.082974 -0.214517 0.524572 0.370757 -0.105132 -0.209443
internal_weight=137088 108851 28237 22235 6002 12539 60564 36835 48287 29753 4200 3851 211 3640 33301 10318 3638 1802 16003 18534 9696 6711 2985 138 23729 13750 1370 3534 22299 9228
internal_count=137088 108851 28237 22235 6002 12539 60564 36835 48287 29753 4200 3851 211 3640 33301 10318 3638 1802 16003 18534 9696 6711 2985 138 23729 13750 1370 3534 22299 9228
is_linear=0
shrinkage=0.05


Tree=44
num_leaves=31
num_cat=0
split_feature=0 0 5 1 1 8 9 12 5 12 9 5 12 7 9 11 13 13 7 0 6 0 9 11 11 9 13 7 8 13
split_gain=1.11664e+06 406164 156937 118620 116506 111425 111153 133630 87987.7 121870 101511 81417.1 80479.7 79987.3 94682.9 151513 122295 77165.8 98508.9 71040.6 70043.3 69386.2 78359 122259 76322.2 97361.3 64386.3 83064.3 63476.2 62580.9
threshold=142.22000000000003 210.26000000000005 114.08333333333336 1.5768888888888892 -0.83999999999999864 75.500000000000014 12.500000000000002 0.54643492068321309 183.40333333333336 0.56457333468532445 32.500000000000007 46.57694444444445 -0.065403129230142812 64.500000000000014 287.50000000000006 66.880922496318888 -0.41268247579971828 -0.91080963307804841 70.250000000000014 182.07333333333335 3.1822443001418663 335.52000000000004 127.50000000000001 173.72042959681445 68.725355279000013 1092.5000000000002 -0.89194178735545482 93.500000000000014 176.50000000000003 -0.45201865172701744
decision_type=2 2 2 10 10 2 2 2 2 2 2 2 2 2 2 2 2 2 2 2 2 2 2 2 2 2 2 2 2 2
left_child=2 4 5 17 29 11 7 -6 -5 -10 -11 -1 -13 14 16 -16 -4 18 -3 28 -15 22 23 -19 -24 -26 27 -7 -8 -2
right_child=1 3 13 8 6 26 19 -9 9 10 -12 12 -14 20 15 -17 -18 21 -20 -21 -22 -23 24 -25 25 -27 -28 -29 -30 -31
leaf_value=-0.82576900230171124 -0.28756193826661341 -0.029994226852167957 -0.25875424395773083 0.40017181014265202 0.22536425778351507 0.1755485321532177 0.095475172996656171 1.5738378612237671 0.70047465790630226 3.5807794707102909 1.5016596506250168 -0.11559116913850043 -0.26757693940996646 0.93080585944118788 -0.11700763013810725 0.10888306967481727 -0.026387659236018352 0.36005944449945498 1.9670569889362044 0.27829754406507534 0.13036297231465779 1.2355665970991057 0.30718016535371467 -0.76605912103347507 0.71482724387424734 2.8435327007011937 -0.039481228730428947 1.1613080576169406 0.74208065042635063 0.074427846804333384
leaf_weight=522 2402 1235 10537 509 474 924 26827 300 489 72 318 16324 18674 335 12567 12618 12240 1694 65 7514 1484 300 1489 281 2299 55 1503 278 385 2374
leaf_count=522 2402 1235 10537 509 474 924 26827 300 489 72 318 16324 18674 335 12567 12618 12240 1694 65 7514 1484 300 1489 281 2299 55 1503 278 385 2374
internal_value=0.00039187 0.191475 -0.106178 0.49908 0.12422 -0.182374 0.155412 0.748028 0.923317 1.22625 1.8855 -0.205932 -0.196687 -0.0476692 -0.0600121 0.00679683 -0.133884 0.4197 0.0698583 0.142203 0.277778 0.494038 0.455801 0.199837 0.587347 0.764563 0.126969 0.403536 0.104623 -0.107628
internal_weight=137088 49082 88006 8806 40276 38225 35500 774 1388 879 390 35520 34998 49781 47962 25185 22777 7418 1300 34726 1819 6118 5818 1975 3843 2354 2705 1202 27212 4776
internal_count=137088 49082 88006 8806 40276 38225 35500 774 1388 879 390 35520 34998 49781 47962 25185 22777 7418 1300 34726 1819 6118 5818 1975 3843 2354 2705 1202 27212 4776
is_linear=0
shrinkage=0.05


Tree=45
num_leaves=31
num_cat=0
split_feature=0 0 5 7 13 7 6 9 9 13 7 9 11 13 12 12 10 11 12 12 11 13 6 2 6 1 9 13 12 11
split_gain=1.00886e+06 332089 164854 114892 118640 110174 105074 131997 171531 102618 95985.7 94157.6 148664 120729 92829 91292.9 79341.6 88200.6 153634 78002.7 75834.4 76677.9 73798.8 71695.6 71072.7 68814.9 66858.8 112344 193112 98057.2
threshold=146.98000000000002 210.26000000000005 114.08333333333336 93.500000000000014 -0.50938662908026078 43.500000000000007 16.438465605111247 77.500000000000014 172.50000000000003 -0.91080963307804841 64.500000000000014 287.50000000000006 67.463221374017067 -0.41268247579971828 1.0000000180025095e-35 0.21643961393810304 76.746666666666684 175.49545479292627 0.4126824757997184 0.04361938736533582 49.308840209500012 0.77296446310593003 5.2382000146929206 0.42688888888888915 4.1545170742684681 0.013333333333332814 707.50000000000011 -0.30070579950427329 0.60003553868615167 191.47040009213023
decision_type=2 2 2 2 2 2 2 2 2 2 2 2 2 2 2 2 10 2 2 2 2 2 2 10 2 10 2 2 2 2
left_child=2 6 3 19 -5 9 7 22 14 -3 11 13 -13 -4 -9 -8 -11 -18 -19 25 -10 26 -2 -16 -12 -1 -22 28 -28 -30
right_child=1 5 10 4 -6 -7 15 8 20 16 24 12 -14 -15 23 -17 17 18 -20 -21 21 -23 -24 -25 -26 -27 27 -29 29 -31
leaf_value=-0.21855060327660217 0.94142723196568934 0.024660722116611182 -0.23808442413457437 1.1096446380912446 0.10545594406565753 1.0343761112018113 0.073465780570718009 0.0048643847967206845 -0.38039750032831504 0.29067745327140143 0.77318241018789635 -0.10140576662111472 0.12312682082708833 -0.018852709744161408 -0.64288003655187587 -0.3179354503971013 0.72633663049785413 0.72633663049785413 -0.73258516574811561 -0.26080516156152378 0.21352037445702943 0.0761843973322191 0.35195249777402848 0.31542210582062163 0.12312682082708833 -0.031052884808792341 -0.26070176196905476 0.28886252397395956 1.3851771030789441 -0.43701737044770045
leaf_weight=8973 652 1372 11621 367 506 798 5219 4123 534 2696 568 14080 14005 13663 1106 2085 3316 327 297 17723 7888 5843 2860 237 1521 10764 288 2741 834 81
leaf_count=8973 652 1372 11621 367 506 798 5219 4123 534 2696 568 14080 14005 13663 1106 2085 3316 327 297 17723 7888 5843 2860 237 1521 10764 288 2741 834 81
internal_value=0.000439922 0.200075 -0.0917182 -0.171451 0.395577 0.474126 0.130106 0.17534 0.132907 0.418297 -0.0366065 -0.0496206 0.0133936 -0.119616 -0.112736 -0.0382636 0.499682 0.642696 0.0958292 -0.184665 0.206645 0.22438 0.461388 -0.473768 0.295874 -0.116295 0.297564 0.465651 0.86846 1.22387
internal_weight=137088 43297 93791 38333 873 8806 34491 27187 23675 8008 55458 53369 28085 25284 5466 7304 6636 3940 624 37460 18209 17675 3512 1343 2089 19737 11832 3944 1203 915
internal_count=137088 43297 93791 38333 873 8806 34491 27187 23675 8008 55458 53369 28085 25284 5466 7304 6636 3940 624 37460 18209 17675 3512 1343 2089 19737 11832 3944 1203 915
is_linear=0
shrinkage=0.05


Tree=46
num_leaves=31
num_cat=0
split_feature=0 0 0 1 11 6 7 8 9 13 6 13 13 7 9 10 9 9 13 9 10 11 9 10 12 5 14 13 1 11
split_gain=930742 288526 165784 101669 99516.4 99067.8 144998 93287.3 86939.9 81195.1 76740.8 118300 97202.9 80197.2 101899 76209.6 95020.2 73838 93942.4 83050 102378 71118.4 67077.8 66197.9 64966.9 68855.1 84028.3 64833.5 64269.7 74701.9
threshold=175.82000000000002 128.82000000000002 257.78000000000003 -0.30666666666666581 55.872600541445209 31.448249601831254 42.500000000000007 92.500000000000014 312.50000000000006 -0.5 5.7407633322006175 -0.86046863722869238 0.3007057995042734 40.250000000000007 242.50000000000003 75.208333333333357 592.50000000000011 37.500000000000007 0.25881904510252057 182.50000000000003 83.641666666666694 58.652805528230111 97.500000000000014 78.508333333333354 0.44228869021900152 174.9677777777778 4.5000000000000009 -0.33172980431441507 0.56666666666666676 131.11194007650002
decision_type=2 2 2 10 2 2 2 2 2 2 2 2 2 2 2 10 2 2 2 2 8 2 2 10 2 2 2 2 8 2
left_child=1 4 5 9 -1 6 8 -7 28 22 11 13 -12 14 -6 -5 -17 -4 -19 20 -20 -10 -3 -13 -8 -26 -27 -9 -2 -30
right_child=2 3 17 15 10 7 24 27 21 -11 12 23 -14 -15 -16 16 -18 18 19 -21 -22 -23 -24 -25 25 26 -28 -29 29 -31
leaf_value=-0.25797238080645729 0.070214198276049966 0.051345392667298977 1.9283696663965071 0.0095862965645137875 -0.1207504530223078 -0.32335642183998697 0.5367955511365633 1.5331566334205824 0.092460271867289445 0.014613620628272626 -0.23731545464038051 -0.15145314979866839 -0.018187969882489774 0.57821316769177755 0.327185063983779 0.10677280972016956 0.42399278940069868 0.41702352630817141 0.68217983818054195 0.86471124736898253 3.7573933310427914 0.4876127734601175 -0.36246393269236998 0.004092956319416881 0.72668232930311449 1.386268502179083 3.7004963241815569 0.23378794860467825 0.5367955511365633 -0.059659770332025679
leaf_weight=11036 6732 1375 112 17264 2839 1191 647 137 1502 8431 15330 17083 7555 946 2158 14763 2810 1817 50 712 59 4707 3403 11408 287 182 50 86 1704 712
leaf_count=11036 6732 1375 112 17264 2839 1191 647 137 1502 8431 15330 17083 7555 946 2158 14763 2810 1817 50 712 59 4707 3403 11408 287 182 50 86 1704 712
internal_value=0.000439698 -0.0544834 0.30948 0.0394111 -0.120481 0.254057 0.288432 -0.147623 0.247619 -0.0787083 -0.0940088 -0.0468443 -0.164975 0.156074 0.076157 0.084198 0.157498 0.670974 0.61759 1.06147 2.34674 0.392023 -0.243379 -0.0891714 0.825972 1.24448 1.88502 0.790932 0.149608 0.370833
internal_weight=137088 116401 20687 48046 68355 17937 16523 1414 15357 13209 57319 34434 22885 5943 4997 34837 17573 2750 2638 821 109 6209 4778 28491 1166 519 232 223 9148 2416
internal_count=137088 116401 20687 48046 68355 17937 16523 1414 15357 13209 57319 34434 22885 5943 4997 34837 17573 2750 2638 821 109 6209 4778 28491 1166 519 232 223 9148 2416
is_linear=0
shrinkage=0.05


Tree=47
num_leaves=31
num_cat=0
split_feature=0 0 1 5 6 9 9 3 11 13 8 12 9 6 12 6 6 9 0 12 11 9 13 9 9 13 9 9 12 1
split_gain=844758 293330 143175 108503 101570 122709 117798 101387 96307.1 95485.3 138527 81891.8 78825.2 76773.9 76342.1 69471.9 69113.6 68582.3 67880.7 67334.9 135406 96272.6 67947.7 67192.5 65984.7 110352 112850 82297 75912.4 65111.1
threshold=182.07333333333335 135.82000000000002 0.47466666666666751 104.9616666666667 11.632253488093225 87.500000000000014 187.50000000000003 298.72666666666674 87.740638375282288 -0.60003553868615123 93.500000000000014 0.39271506111191362 12.500000000000002 22.804472442252152 0.34202014332566882 5.0864716591531112 2.8593186304193483 22.500000000000004 85.206666666666692 0.87137607974597331 71.549480094500012 612.50000000000011 -0.32143946530316164 72.500000000000014 602.50000000000011 -0.26932402956675622 1322.5000000000002 1232.5000000000002 0.11969653353600808 1.2613333333333341
decision_type=2 2 10 2 2 2 2 2 2 2 2 2 2 2 2 2 2 2 2 2 2 2 2 2 2 2 2 2 2 10
left_child=1 3 13 9 5 15 14 17 -8 10 -1 29 -5 19 -7 -3 -10 -4 -11 -2 -21 23 -23 -22 28 26 27 -26 -14 -6
right_child=2 4 7 12 11 6 8 -9 16 18 -12 -13 24 -15 -16 -17 -18 -19 -20 20 21 22 -24 -25 25 -27 -28 -29 -30 -31
leaf_value=-0.107375548844259 0.23079639269520338 0.72622121233802572 1.4314377468268664 0.22839693971492894 -0.061552854865580611 -0.076498708841632124 0.05954632304953799 1.4466440939439904 0.69715761804165188 -0.51288775916782592 1.0309049834861703 -0.33262365117506887 -0.053233262878645007 -0.073871580956173868 -0.7103251084202159 0.24612099862209844 0.22546952627293906 0.44471172261756842 -0.22743241053165431 0.33859741662786358 1.8143486643737217 3.8485787213913039 1.6440538950504795 -0.64851201171505046 0.29876477155439557 -0.10570582894061067 -0.16636637177821559 1.7180312344751187 -0.1882797144617358 0.27930032984534708
leaf_weight=8465 8930 1047 182 2168 7315 4440 14303 283 936 2618 276 2262 25448 1852 532 2688 4560 5432 10184 852 53 56 93 58 3750 7300 1562 105 17605 1733
leaf_count=8465 8930 1047 182 2168 7315 4440 14303 283 936 2618 276 2262 25448 1852 532 2688 4560 5432 10184 852 53 56 93 58 3750 7300 1562 105 17605 1733
internal_value=0.000402079 -0.0475295 0.321806 -0.103021 0.063244 0.113546 0.0732641 0.523248 0.127904 -0.198826 -0.071434 -0.063539 -0.0673985 0.221931 -0.144318 0.380703 0.305801 0.4767 -0.285808 0.276485 0.64339 1.64217 2.4726 0.527448 -0.0788973 0.021172 0.192154 0.337422 -0.108456 0.00373213
internal_weight=137088 119297 17791 79481 39816 28506 24771 5897 19799 21543 8741 11310 57938 11894 4972 3735 5496 5614 12802 10042 1112 260 149 111 55770 12717 5417 3855 43053 9048
internal_count=137088 119297 17791 79481 39816 28506 24771 5897 19799 21543 8741 11310 57938 11894 4972 3735 5496 5614 12802 10042 1112 260 149 111 55770 12717 5417 3855 43053 9048
is_linear=0
shrinkage=0.05


Tree=48
num_leaves=31
num_cat=0
split_feature=0 0 5 8 1 13 10 1 12 8 1 11 6 10 9 9 12 9 11 5 12 13 12 14 2 9 12 11 6 10
split_gain=768780 191684 186260 100051 98993.7 148346 96630.6 94301.9 84074.4 77096.1 73187.6 72047.4 70523.7 83508.8 76414.1 70428.7 77716.6 75277.4 112651 69008.7 69352.9 65519.8 64930.5 64918.7 63067.2 62156.3 59263.4 56064 52768.6 51838.9
threshold=162.09333333333333 237.02000000000004 114.08333333333336 75.500000000000014 -0.47733333333333355 -0.54643492068321275 67.935416666666683 0.12799999999999967 0.88186879444286481 56.70000000000001 -0.46666666666666617 62.262162506580204 17.557040889456403 70.268055555555563 37.500000000000007 12.500000000000002 0.34202014332566882 542.50000000000011 70.14998999114691 46.57694444444445 -0.065403129230142812 -0.17364817766693072 0.97381903846659756 1.0000000180025095e-35 0.52400000000000035 1292.5000000000002 0.29026740676763302 123.97882544994347 6.8087675206470673 82.538888888888906
decision_type=2 2 2 2 10 2 8 10 2 2 10 2 2 8 2 2 2 2 2 2 2 2 2 2 10 2 2 2 2 10
left_child=2 7 3 19 5 9 -6 8 -2 -4 27 -10 14 -14 -9 16 -8 26 -19 -1 -21 28 25 -12 -22 -20 -17 -3 29 -13
right_child=1 10 4 -5 6 -7 15 12 11 -11 23 21 13 -15 -16 17 -18 18 22 20 24 -23 -24 -25 -26 -27 -28 -29 -30 -31
leaf_value=-0.74213558339310448 0.04296424817082227 0.40479637350748815 -0.39418567776453767 0.13964180769882689 -0.088342348932213585 0.0030076694413973971 0.12007190750246044 0.84424147215402368 -0.10909227531230035 0.068629669434081372 1.1893685518941723 1.1444028012073317 -0.48122783847486583 0.20554582470280255 0.32083469645356111 0.047428594057512652 0.86085541185461401 -0.01358901512539748 0.46810537082856674 -0.088129006786379971 -0.20423847026685818 0.35623756462189649 -0.069976333791160139 0.56080232747056591 -0.57146654919013595 -0.10873044956405208 -0.12092199223845659 -0.33548964865202474 0.27185361211077641 2.7109813559268203
leaf_weight=522 12106 997 5113 2786 14959 9289 954 788 430 1092 482 215 514 3188 6060 20830 563 4702 3929 16462 17472 679 882 2780 1253 530 6979 344 118 70
leaf_count=522 12106 997 5113 2786 14959 9289 954 788 430 1092 482 215 514 3188 6060 20830 563 4702 3929 16462 17472 679 882 2780 1253 530 6979 344 118 70
internal_value=0.000381975 0.230125 -0.060642 -0.148945 -0.0119579 -0.123441 0.0198363 0.173802 0.0868699 -0.312736 0.525848 0.438406 0.286014 0.110192 0.381063 0.0609408 0.394997 0.0475528 0.164885 -0.17146 -0.162994 0.655988 0.322007 0.653681 -0.228812 0.399542 0.00517901 0.214895 1.16103 1.52918
internal_weight=137088 28771 108317 38495 69822 15494 54328 24168 13618 6205 4603 1512 10550 3702 6848 39369 1517 37852 10043 35709 35187 1082 5341 3262 18725 4459 27809 1341 403 285
internal_count=137088 28771 108317 38495 69822 15494 54328 24168 13618 6205 4603 1512 10550 3702 6848 39369 1517 37852 10043 35709 35187 1082 5341 3262 18725 4459 27809 1341 403 285
is_linear=0
shrinkage=0.05


Tree=49
num_leaves=31
num_cat=0
split_feature=0 0 1 11 6 9 9 11 12 12 3 6 13 9 7 5 6 13 6 12 10 12 11 9 13 11 9 5 14 2
split_gain=703109 255744 112838 93281.1 93190.3 109161 108237 122273 90075.7 90013 85432.2 81095.2 95535.4 73418.1 71737.7 69339 66640 66630.2 65759.1 65488.9 73990.8 63662.5 81143.9 167601 63572 61942.2 99797.9 83380.7 92452.4 63917.7
threshold=185.40666666666669 135.82000000000002 0.47466666666666751 55.872600541445209 13.490768550692232 72.500000000000014 317.50000000000006 87.740638375282288 0.4126824757997184 0.27982901403099242 298.72666666666674 6.5356305482051251 0.31107263240371752 1342.5000000000002 40.250000000000007 131.33500000000004 5.2382000146929206 -0.29026740676763257 31.448249601831254 0.61734245059639015 88.273333333333355 0.87137607974597331 99.549508844903343 797.50000000000011 -0.82531082829576841 123.97882544994347 147.50000000000003 232.36000000000004 5.5000000000000009 -1.2533333333333327
decision_type=2 2 10 2 2 2 2 2 2 2 2 2 2 2 2 2 2 2 2 2 8 2 2 2 2 2 2 2 2 10
left_child=1 3 21 -1 5 16 9 13 -6 -7 18 14 -13 17 -5 -10 -3 19 -4 -8 -21 25 -23 -24 -16 27 -27 -2 -29 -28
right_child=2 4 10 11 8 6 7 -9 15 -11 -12 12 -14 -15 24 -17 -18 -19 -20 20 -22 22 23 -25 -26 26 29 28 -30 -31
leaf_value=-0.22324490108907769 0.11758191596722344 0.70645404529359201 0.54311904518478726 -0.04832360612552436 -0.0020347321471835536 0.010266495208688609 -0.44117349483338852 0.38938614210831296 -0.95350352686876105 -0.37381086934312252 1.3380537709767533 -0.21587909425511023 -0.0050349283472526599 -0.47145509873202224 0.49921516037348551 -0.2245543934569105 0.22809314810822509 0.060220138983514838 0.12256699956683979 0.46090626709344912 1.7902126888139174 0.38664640618144008 0.52579299941782132 3.8546111622181805 0.075612096665981843 -0.36835898147528695 -0.59544092924953196 0.57662874495387206 -0.27564514742387658 0.44973985380487269
leaf_weight=11836 4738 986 4032 40455 7569 10128 168 4036 423 1796 283 15940 8104 592 1155 1426 2783 10395 1208 820 120 851 121 55 1991 1197 173 2393 367 947
leaf_count=11836 4738 986 4032 40455 7569 10128 168 4036 423 1796 283 15940 8104 592 1155 1426 2783 10395 1208 820 120 851 121 55 1991 1197 173 2393 367 947
internal_value=0.000362876 -0.0413283 0.307915 -0.0937507 0.0596992 0.100586 0.0666446 0.151082 -0.0784612 -0.0475835 0.491868 -0.0710928 -0.144814 0.0715617 -0.0304386 -0.391318 0.353236 0.0995079 0.446167 0.468097 0.630605 0.214208 0.588764 1.56605 0.199548 0.175016 -0.0509423 0.24484 0.463301 0.288297
internal_weight=137088 120723 16365 79481 41242 31824 28055 16131 9418 11924 5523 67645 24044 12095 43601 1849 3769 11503 5240 1108 940 10842 1027 176 3146 9815 2317 7498 2760 1120
internal_count=137088 120723 16365 79481 41242 31824 28055 16131 9418 11924 5523 67645 24044 12095 43601 1849 3769 11503 5240 1108 940 10842 1027 176 3146 9815 2317 7498 2760 1120
is_linear=0
shrinkage=0.05


Tree=50
num_leaves=31
num_cat=0
split_feature=0 0 0 6 7 9 10 11 5 6 9 9 13 12 12 1 13 10 0 8 12 5 12 9 13 11 9 6 12 12
split_gain=636452 176005 146089 85657.1 100565 94081.2 87409.7 146621 81588.2 80496.5 114232 86256.4 146451 121258 86512.2 77937.9 93492 79310 74828.4 72525.4 72335.7 79168.9 68924.9 65111.5 62990.4 61743.6 54972.6 60580.4 53075.6 52435.6
threshold=167.45333333333335 123.78000000000002 251.18000000000004 31.448249601831254 40.250000000000007 162.50000000000003 75.738888888888908 131.11194007650002 172.88166666666669 8.7032463464362397 87.500000000000014 347.50000000000006 -0.31107263240371763 0.52803643325367289 -0.63435554093529889 2.1413333333333333 0.20576496797711544 81.308333333333351 82.053333333333356 92.500000000000014 0.56457333468532445 196.56500000000003 -0.19509032201612828 547.50000000000011 -0.33172980431441507 182.9497047695057 17.500000000000004 2.6224288995193921 0.27982901403099242 0.13052619222005182
decision_type=2 2 2 2 2 2 10 2 2 2 2 2 2 2 2 10 2 10 2 2 2 2 2 2 2 2 2 2 2 2
left_child=1 18 3 4 5 6 -2 -8 -6 10 29 28 13 -13 -14 16 25 -18 -1 -5 -17 -22 -10 -19 -21 -4 27 -20 -12 -3
right_child=2 9 15 19 8 -7 7 -9 22 -11 11 12 14 -15 -16 20 17 23 26 24 21 -23 -24 -25 -26 -27 -28 -29 -30 -31
leaf_value=-0.32471974888256433 -0.23176263242604778 0.18241164124933551 0.33196045741630775 -0.35190121496189941 0.38958628411215585 0.26241943688523145 0.37980574666711842 -0.16934346177254844 0.44102065285947528 -0.070730991667119214 -0.027579223728463626 -0.088359919316189917 0.44497504857798226 0.55044218190448013 -0.0097228047566390099 0.41830598250859313 0.52449997822970573 1.8004004914133522 0.43686836640854099 1.3735123132737421 0.056674271159701875 2.2300668120384217 1.5102805047968757 -0.13233945671325695 0.14054006278577097 -0.65070686706862713 -0.10786364013065582 -0.033056612780538341 -0.30014374442391056 0.56505529561384948
leaf_weight=3794 2171 2670 1650 1183 874 11910 2884 2101 263 17814 10009 1024 1132 2706 13785 180 641 269 958 139 54 187 353 52 83 177 52090 2414 2174 1347
leaf_count=3794 2171 2670 1650 1183 874 11910 2884 2101 263 17814 10009 1024 1132 2706 13785 180 641 269 958 139 54 187 353 52 83 177 52090 2414 2174 1347
internal_value=0.000308493 -0.0507838 0.227478 0.181426 0.207242 0.176326 0.033037 0.148359 0.602847 0.0157291 0.0599281 0.0272509 0.0948517 0.375071 0.0247827 0.542545 0.446823 0.84577 -0.109894 -0.196283 1.17667 1.74308 1.05376 1.48731 0.632981 0.23676 -0.0951984 0.100451 -0.0762171 0.310722
internal_weight=137088 111917 25171 21961 20556 19066 7156 4985 1490 52661 34847 30830 18647 3730 14917 3210 2789 962 59256 1405 421 241 616 321 222 1827 55462 3372 12183 4017
internal_count=137088 111917 25171 21961 20556 19066 7156 4985 1490 52661 34847 30830 18647 3730 14917 3210 2789 962 59256 1405 421 241 616 321 222 1827 55462 3372 12183 4017
is_linear=0
shrinkage=0.05


Tree=51
num_leaves=31
num_cat=0
split_feature=0 0 1 5 13 8 6 9 9 13 12 5 12 11 10 13 12 9 7 12 6 7 13 9 13 5 6 6 1 1
split_gain=580714 212623 99308.2 86483.5 88714.7 122093 81205.5 94280.4 95126.6 76746.9 75458.7 72005 74072.5 66473 85703.8 66375.2 72792.7 78949.9 62940.9 86405.9 62632 111589 88375.4 86929.5 78680.1 62198.8 60313.7 59652.6 59021.1 56243.9
threshold=185.40666666666669 137.02000000000004 0.9333333333333339 103.90166666666669 -0.564573334685324 93.500000000000014 13.867321727975432 72.500000000000014 187.50000000000003 0.78661891169205844 0.4126824757997184 159.64833333333337 0.60003553868615167 167.25433606200002 94.783333333333346 0.95032354012166631 -0.23768589232617351 102.50000000000001 65.550000000000011 0.71473537162315171 7.0953023277710567 1.0000000180025095e-35 -0.564573334685324 697.50000000000011 0.31107263240371752 130.7116666666667 22.804472442252152 5.2382000146929206 1.2613333333333341 0.22666666666666754
decision_type=2 2 10 2 2 2 2 2 2 2 2 2 2 2 10 2 2 2 2 2 2 2 2 2 2 2 2 2 10 10
left_child=1 3 26 4 5 -1 7 27 15 -10 28 -4 -13 14 18 16 -9 29 -14 -20 21 23 -22 -5 -25 -12 -2 -3 -8 -18
right_child=2 6 11 20 -6 -7 10 8 9 -11 25 12 13 -15 -16 -17 17 -19 19 -21 22 -23 -24 24 -26 -27 -28 -29 -30 -31
leaf_value=-0.086009408347460528 0.26338172532877019 0.68054108916882528 0.1019971709887339 -0.087199989254971411 -0.26482584840154522 0.99459627634155812 -0.078412397902525813 -0.056081378989945023 0.18143041425440737 -0.026404959532611197 -0.94805629384880141 0.46364846105960861 0.59701380813738703 0.12012103403486857 2.7899185901201227 0.34309325921468953 -0.29586783018377094 -0.70856440672486265 3.4540192762819624 1.1637975377265855 -0.25667884163715737 0.21343055263690047 -0.039534127084826946 0.082392940493812988 -0.23334229490807684 -0.21643136694276333 -0.023442233618216513 0.21643568558176615 0.27901275243543666 0.89133942668160349
leaf_weight=8201 10421 925 848 29826 11493 270 5572 4300 14122 6480 370 2036 343 164 79 739 315 1018 52 198 7962 4558 11387 5465 2012 1352 2224 2753 1457 146
leaf_count=8201 10421 925 848 29826 11493 270 5572 4300 14122 6480 370 2036 343 164 79 739 315 1018 52 198 7962 4558 11387 5465 2012 1352 2224 2753 1457 146
internal_value=0.000237106 -0.037652 0.279741 -0.0839689 -0.174337 -0.0515668 0.0574131 0.0956042 0.0633876 0.116059 -0.0769956 0.506828 0.626361 1.02263 1.24289 -0.103097 -0.160154 -0.462733 1.03679 1.64016 -0.0544948 -0.0201088 -0.128888 -0.0486447 0.0823929 -0.373633 0.212935 0.333156 -0.00432384 0.0801241
internal_weight=137088 120723 16365 81174 19964 8471 39549 30798 27120 20602 8751 3720 2872 836 672 6518 5779 1479 593 250 61210 41861 19349 37303 7477 1722 12645 3678 7029 461
internal_count=137088 120723 16365 81174 19964 8471 39549 30798 27120 20602 8751 3720 2872 836 672 6518 5779 1479 593 250 61210 41861 19349 37303 7477 1722 12645 3678 7029 461
is_linear=0
shrinkage=0.05


Tree=52
num_leaves=31
num_cat=0
split_feature=0 0 5 8 9 12 11 7 13 1 12 13 1 6 9 11 0 6 11 12 13 2 1 6 12 13 11 12 11 4
split_gain=526608 149505 128570 82453.6 112088 125643 110303 81924.4 101078 75038.4 74098.6 68328.9 66859.9 60798.3 60724 102190 61549.2 64151 60268.4 60229.4 60181.5 59686.7 59486.7 84748.2 71835.5 141754 106703 64943.3 57710.9 56398.6
threshold=158.21333333333334 228.90000000000003 114.31833333333336 64.500000000000014 287.50000000000006 0.21643961393810304 67.463221374017067 93.500000000000014 -0.50938662908026078 -1.6159999999999994 0.19509032201612822 0.076279435988900593 -0.44488888888888922 2.5886137625341274 862.50000000000011 136.92973273925978 335.52000000000004 35.076603748463448 49.308840209500012 -0.021814885034560933 -0.84915165824291594 0.52400000000000035 1.2613333333333341 7.0953023277710567 0.61734245059639015 -0.17364817766693072 68.725355279000013 0.15212338618991691 123.97882544994347 16.191534412894409
decision_type=2 2 2 2 2 2 2 2 2 8 2 2 10 2 2 2 2 2 2 2 2 10 10 2 2 2 2 2 2 2
left_child=2 9 7 4 5 11 10 19 -9 -2 -6 -4 28 -5 16 -16 17 -14 -11 20 -1 -21 23 24 -20 26 -26 -25 -3 -24
right_child=1 12 3 13 6 -7 -8 8 -10 18 -12 -13 14 -15 15 -17 -18 -19 22 21 -22 -23 29 27 25 -27 -28 -29 -30 -31
leaf_value=0.082077332892429911 -0.30434082203712642 0.32332931809842363 -0.13764474124572879 0.78055419252496094 -0.29286855367340375 -0.32748100988766382 0.070492069720301004 0.993992779075906 0.10375920575980589 -0.35254382949171692 -0.019059809817479869 0.038464620444010979 0.52944441444344192 0.12630438586329903 0.60153935474977982 3.0060504862895381 1.1375164574530512 -0.016555819334634753 0.13267148126247572 -0.17631270224560203 -0.12430154399108446 -0.53477667134834161 0.58335205535727808 0.1188812827479411 0.3136749092016462 0.20844132705559804 1.332169408472726 -0.1290095820452504 -0.34857553004402242 0.1721948252463858
leaf_weight=4666 962 1253 11318 380 3032 5093 16968 385 523 593 13352 10729 2650 5418 138 65 327 675 5627 17657 14540 1243 1483 8393 443 2371 613 3856 429 1906
leaf_count=4666 962 1253 11318 380 3032 5093 16968 385 523 593 13352 10729 2650 5418 138 65 327 675 5627 17657 14540 1243 1483 8393 443 2371 613 3856 429 1906
internal_value=0.000519019 0.178893 -0.0533198 -0.0109357 -0.0281997 -0.103649 0.0331969 -0.125336 0.344039 0.129086 -0.0697305 -0.0519425 0.414993 0.169184 0.52976 1.37146 0.482974 0.418602 0.145576 -0.136521 -0.0741628 -0.199888 0.157539 0.126585 0.242582 0.42305 0.904903 0.0408449 0.151958 0.352114
internal_weight=137088 31784 105304 66290 60492 27140 33352 39014 908 26247 16384 22047 5537 5798 3855 203 3652 3325 25285 38106 19206 18900 24692 21303 9054 3427 1056 12249 1682 3389
internal_count=137088 31784 105304 66290 60492 27140 33352 39014 908 26247 16384 22047 5537 5798 3855 203 3652 3325 25285 38106 19206 18900 24692 21303 9054 3427 1056 12249 1682 3389
is_linear=0
shrinkage=0.05


Tree=53
num_leaves=31
num_cat=0
split_feature=0 0 1 11 6 7 13 6 13 8 9 13 9 8 12 4 5 4 10 1 12 11 12 10 13 7 10 12 13 5
split_gain=482593 187144 89474.6 79684.2 79542.2 88078.5 73144.6 71258.1 82893.1 68822.3 67822.1 60752.8 173714 152173 76482 60009.6 57851.6 67083 64041.6 56008.2 69367.6 54768.5 64932.1 54611.2 53670.6 79030.3 52996.2 52994 52247.7 51354.8
threshold=190.22000000000003 137.82000000000002 0.9333333333333339 55.872600541445209 14.252405006820814 51.500000000000007 -0.79989897227935869 6.5356305482051251 0.31107263240371752 92.500000000000014 22.500000000000004 -0.43245347597985045 262.50000000000006 40.250000000000007 -0.20576496797711577 10.150756949203672 201.92833333333334 24.927789040243905 70.075000000000017 2.1413333333333333 -0.076279435988900135 95.810359776000013 0.66746801135786471 79.841666666666683 -0.91080963307804841 70.250000000000014 78.336666666666687 0.54643492068321309 -0.98658463173998423 134.39500000000004
decision_type=2 2 10 2 2 2 2 2 2 2 2 2 2 2 2 2 2 2 8 10 2 2 2 10 2 2 10 2 2 2
left_child=1 3 24 -1 5 6 -3 11 -9 -6 -4 12 13 -5 -13 -10 17 18 -12 -18 -21 22 -19 -8 25 26 28 -7 -2 -29
right_child=2 4 10 7 9 27 23 8 15 -11 16 14 -14 -15 -16 -17 19 21 -20 20 -22 -23 -24 -25 -26 -27 -28 29 -30 -31
leaf_value=-0.19357971922689468 0.67657162768327916 -0.13895078281278447 1.6456940384251215 -0.17187092433049755 -0.12372174044233442 0.27330032502683066 0.051548846634853367 -0.18675010432060635 -0.059845623968115193 0.33367519677456364 -0.32829875103197992 0.044377930439858583 0.29708754609070881 0.27769766212309138 -0.12086496862268513 0.27572066971816878 0.52947133017114367 1.0820238729456921 0.59784743724949385 0.1191462391337683 1.7938910096138718 -0.50614835768938071 -0.92644146366843172 0.2021499536286272 0.25342730179448136 1.4710525489253241 -0.31792910216133663 0.27330032502683066 -0.041234082276447453 1.1714177493578932
leaf_weight=12031 142 3518 124 7438 7897 943 17402 16627 6955 918 216 11286 5261 2520 18450 1648 812 143 1374 86 220 382 56 9203 9253 82 1129 135 442 395
leaf_count=12031 142 3518 124 7438 7897 943 17402 16627 6955 918 216 11286 5261 2520 18450 1648 812 143 1374 86 220 382 56 9203 9253 82 1129 135 442 395
internal_value=0.00083189 -0.0313838 0.274016 -0.0746886 0.0567198 0.093772 0.0753116 -0.0543085 -0.121559 -0.0760881 0.497782 -0.0165657 0.0646823 -0.0581018 -0.0581487 0.00443582 0.454504 0.304021 0.472031 0.74672 1.32321 -0.155766 0.516828 0.103644 0.204889 -0.0453216 -0.117909 0.471289 0.268773 0.872397
internal_weight=137088 122627 14461 82216 40411 31596 30123 70185 25230 8815 3413 44955 15219 9958 29736 8603 3289 2171 1590 1118 306 581 199 26605 11048 1795 1713 1473 584 530
internal_count=137088 122627 14461 82216 40411 31596 30123 70185 25230 8815 3413 44955 15219 9958 29736 8603 3289 2171 1590 1118 306 581 199 26605 11048 1795 1713 1473 584 530
is_linear=0
shrinkage=0.05


Tree=54
num_leaves=31
num_cat=0
split_feature=0 0 6 9 9 11 12 8 1 13 0 13 9 5 4 10 12 5 9 11 8 10 13 9 12 14 12 10 1 12
split_gain=436440 171177 87835.6 100097 112237 143930 85910.3 83231.2 80646.2 66999.4 66332.2 65224.5 60735.4 53970.1 59135.8 55979.9 52097.7 108662 51628.8 63285.7 72614.1 66443.8 62633.7 61815.5 57667.3 53512.5 59125.4 51534.5 48717.7 63325.5
threshold=190.22000000000003 123.78000000000002 10.068635669340164 87.500000000000014 222.50000000000003 86.96458448700001 0.47136869107721086 92.500000000000014 0.96488888888888869 0.20576496797711544 63.63333333333334 -0.91959550581536675 22.500000000000004 201.92833333333334 24.927789040243905 70.075000000000017 0.15212338618991691 128.22833333333335 227.50000000000003 104.09309995174402 42.500000000000007 76.237500000000011 -0.98279651670771917 102.50000000000001 0.4126824757997184 5.5000000000000009 -0.32143946530316164 65.550000000000026 2.1413333333333333 0.54643492068321309
decision_type=2 2 2 2 2 2 2 2 10 2 2 2 2 2 2 8 2 2 2 2 2 10 2 2 2 2 2 10 10 2
left_child=1 10 3 16 6 -6 11 9 18 -4 -1 -5 -10 14 15 -14 -3 -18 19 20 21 23 -20 -2 -22 26 -21 -11 -15 -30
right_child=8 2 7 4 5 -7 -8 -9 12 27 -12 -13 13 28 -16 -17 17 -19 22 25 24 -23 -24 -25 -26 -27 -28 -29 29 -31
leaf_value=-0.47882902750064571 -0.9376103902186177 0.16298301641223464 -0.17070425526699998 -0.42170258919305675 0.019343951043402096 0.27076956185918388 -0.66417132438610571 0.26969616155022352 1.5717689820733227 -0.21736373758551336 -0.083716900188843438 -0.017019553858535139 -0.31037167534232141 0.51154070477540625 -0.14217555436091772 0.56974445989895872 -0.18899545653759917 0.72971168731175873 1.402329873801895 0.28805142887177249 0.34482256741089734 0.32587046574861245 0.28617544866381467 -0.0094775292152089307 1.1388696002517829 -0.76695953961281305 -0.2126241486147302 0.08859440501437317 0.44213905765939121 1.891923466447313
leaf_weight=1082 226 3712 10836 1150 21292 7769 658 1740 122 1664 58174 7420 209 772 579 1333 431 1271 129 991 801 1191 4898 870 320 258 1456 5428 134 172
leaf_count=1082 226 3712 10836 1150 21292 7769 658 1740 122 1664 58174 7420 209 772 579 1333 431 1271 129 991 801 1191 4898 870 320 258 1456 5428 134 172
internal_value=0.000796131 -0.0298403 0.027284 0.0667737 0.0383194 0.0865586 -0.113596 -0.0604637 0.260588 -0.0925074 -0.0909316 -0.0713236 0.476846 0.435089 0.288676 0.450455 0.268009 0.497066 0.196119 0.0985074 0.241835 0.0802502 0.314818 -0.200863 0.571491 -0.0820693 -0.0098577 0.0269712 0.72316 1.25705
internal_weight=137088 122627 63371 43703 38289 29061 9228 19668 14461 17928 59256 8570 3321 3199 2121 1542 5414 1702 11140 6113 3408 2287 5027 1096 1121 2705 2447 7092 1078 306
internal_count=137088 122627 63371 43703 38289 29061 9228 19668 14461 17928 59256 8570 3321 3199 2121 1542 5414 1702 11140 6113 3408 2287 5027 1096 1121 2705 2447 7092 1078 306
is_linear=0
shrinkage=0.05


Tree=55
num_leaves=31
num_cat=0
split_feature=0 0 0 6 7 9 9 8 10 5 13 8 0 13 8 9 11 13 12 10 4 13 6 11 9 14 0 7 12 12
split_gain=401528 135543 95601.2 70604.4 83183.4 76803.9 75967.7 75498 67780.9 69305 66145 129635 67469.6 63893.3 63417 90992.2 118276 102076 60520.9 63054.2 62763.6 58302.9 57727.5 55113.3 135011 58392.4 77283.7 53223.6 53222.7 52837.4
threshold=151.82000000000002 214.66000000000005 102.72666666666669 21.762581035644804 51.500000000000007 182.50000000000003 87.500000000000014 66.500000000000014 88.612500000000026 149.23166666666671 -0.89194178735545482 70.250000000000014 335.52000000000004 -0.95688340256707749 56.20000000000001 217.50000000000003 67.463221374017067 0.043619387365335889 -0.25881904510252113 89.516666666666694 3.6312789299007169 -0.95032354012166609 2.5886137625341274 68.725355279000013 1082.5000000000002 2.5000000000000004 245.82000000000002 92.500000000000014 0.4126824757997184 0.58244304235731448
decision_type=2 2 2 2 2 2 2 2 8 2 2 2 2 2 2 2 2 2 2 8 2 2 2 2 2 2 2 2 2 2
left_child=2 3 -1 4 5 6 -2 29 9 -6 11 -3 23 -8 15 17 -17 18 19 -4 -20 -16 -23 -12 25 26 -25 -13 -15 -5
right_child=1 10 14 7 8 -7 13 -9 -10 -11 12 27 -14 28 21 16 -18 -19 20 -21 -22 22 -24 24 -26 -27 -28 -29 -30 -31
leaf_value=-0.14989263798465977 0.17967094063767408 -0.18903843662444481 -0.22654961480651045 -0.13288298328399392 0.30503273968719485 0.16386991065269824 -0.62942060357858465 0.29256236380975509 0.29164048728772529 1.1756059866737985 0.1002905691153734 0.65532992892553965 1.047781840621439 -0.015409013722061347 0.40685982897250322 -0.09171593891624473 0.031578048136675821 0.00095058568112224139 -0.13520120162757096 0.031578048136675821 -0.47232435282399443 0.5258535747353813 0.031578048136675821 0.3244141883988953 3.0040943221718659 0.25635049286865447 0.97143069630253243 2.3972831665344958 -0.52660975043140157 -0.68548718819596166
leaf_weight=19968 3088 1268 5101 2414 415 15933 572 895 551 509 1560 254 374 4570 1339 23330 24819 9534 2318 2653 3414 596 6102 983 51 2454 870 53 573 527
leaf_count=19968 3088 1268 5101 2414 415 15933 572 895 551 509 1560 254 374 4570 1339 23330 24819 9534 2318 2653 3414 596 6102 983 51 2454 870 53 573 527
internal_value=0.000788292 0.139185 -0.0521206 0.0908113 0.120133 0.0983816 -0.020149 -0.109538 0.484899 0.784602 0.323944 0.0341645 0.396481 -0.128118 -0.0274721 -0.0425068 -0.00341501 -0.124272 -0.212799 -0.121729 -0.335993 0.105663 0.0454505 0.355321 0.446612 0.416329 0.628194 0.956058 -0.0723637 -0.231905
internal_weight=137088 37914 99174 30047 26211 24736 8803 3836 1475 924 7867 1575 6292 5715 79206 71169 48149 23020 13486 7754 5732 8037 6698 5918 4358 4307 1853 307 5143 2941
internal_count=137088 37914 99174 30047 26211 24736 8803 3836 1475 924 7867 1575 6292 5715 79206 71169 48149 23020 13486 7754 5732 8037 6698 5918 4358 4307 1853 307 5143 2941
is_linear=0
shrinkage=0.05


Tree=56
num_leaves=31
num_cat=0
split_feature=0 5 1 5 1 13 10 13 7 9 0 2 8 8 9 7 2 13 9 12 11 12 9 13 12 5 12 6 7 12
split_gain=363810 108608 97259.4 93847.3 71905.2 108659 77795.5 69193.4 138541 74668.7 73121.6 62226.2 60159.9 59460.7 59220.9 77835.2 58142.7 54338.9 51057.8 58806.5 49007 48470.9 47922.8 82843.6 58873.6 54843.4 51216.8 47100.4 55247 58026.6
threshold=165.02000000000004 114.08333333333336 0.14666666666666736 232.36000000000004 -0.46666666666666617 -0.54643492068321275 68.516666666666694 -0.58244304235731414 93.500000000000014 237.50000000000003 85.206666666666692 0.19355555555555576 40.250000000000007 0.32000000000000006 162.50000000000003 42.500000000000007 -1.5959999999999994 -0.98279651670771917 12.500000000000002 0.34202014332566882 74.524271016312653 -0.37256073532439565 542.50000000000011 -0.27982901403099208 0.44228869021900152 125.11833333333335 0.31107263240371752 21.762581035644804 38.850000000000009 0.45201865172701788
decision_type=2 2 10 2 10 2 8 2 2 2 2 10 2 2 2 2 8 2 2 2 2 2 2 2 2 2 2 2 2 2
left_child=1 7 14 27 5 13 -6 8 9 12 -9 -10 -1 -3 15 17 -16 -2 19 -8 -21 -12 26 24 25 -24 -20 28 -4 -30
right_child=2 4 3 -5 6 -7 18 10 11 -11 21 -13 -14 -15 16 -17 -18 -19 22 20 -22 -23 23 -25 -26 -27 -28 -29 29 -31
leaf_value=-0.23339157799838217 -0.65875138774217668 -0.36620886486116599 0.24518342383931069 0.67499548455557001 -0.068676092676909758 0.0098260381476030622 0.10676862948604293 -0.40555855561216198 0.44148868743924607 0.099021879477296737 -0.044747063517482477 1.6103186772189328 0.055921978363557036 -0.050498878680711345 -0.58119891206752006 0.57020547712868941 0.18155395270581923 -0.053693743165938057 0.055124817785548057 2.1969573403304476 0.6000823307740738 -0.19460052843757075 0.3831832100531738 0.025611250764072072 0.41820228261834019 -0.40824282519754612 -0.10312000684329813 0.065987481037485862 0.46019798998526507 1.1725027960481396
leaf_weight=5546 402 4179 6375 1300 15971 9858 957 2649 198 5456 9787 179 2658 2319 257 472 8972 4823 21304 53 514 12028 406 5950 3191 475 6728 3235 483 363
leaf_count=5546 402 4179 6375 1300 15971 9858 957 2649 198 5456 9787 179 2658 2319 257 472 8972 4823 21304 53 514 12028 406 5950 3191 475 6728 3235 483 363
internal_value=0.00109443 -0.038948 0.166784 0.274348 -0.00266019 -0.0948049 0.0244712 -0.10672 -0.0182299 -0.0443255 -0.157493 0.927303 -0.139657 -0.253539 0.082064 -0.0446983 0.160314 -0.100246 0.0620591 0.345839 0.749349 -0.127371 0.0506941 0.144535 0.318306 -0.0435221 0.0171443 0.224536 0.295565 0.675213
internal_weight=137088 110406 26682 11756 71905 16356 55549 38501 14037 13660 24464 377 8204 6498 14926 5697 9229 5225 39578 1524 567 21815 38054 10022 4072 881 28032 10456 7221 846
internal_count=137088 110406 26682 11756 71905 16356 55549 38501 14037 13660 24464 377 8204 6498 14926 5697 9229 5225 39578 1524 567 21815 38054 10022 4072 881 28032 10456 7221 846
is_linear=0
shrinkage=0.05


Tree=57
num_leaves=31
num_cat=0
split_feature=0 0 1 6 9 9 13 11 9 13 9 9 9 12 9 13 12 12 13 12 9 9 7 5 9 11 6 6 5 9
split_gain=335546 138121 67876.3 67865.8 70564.8 82716 66547.3 64320.1 63827.5 154533 90513.8 85342.1 78636.9 85390.5 74302.7 69217.7 62740.4 62711.9 61581 71835 70062.5 60781.5 58365.3 57849.9 66662.5 61909.9 57849.7 55182.8 53194.5 52887.6
threshold=194.22000000000003 137.82000000000002 1.9022222222222231 14.4399515232636 72.500000000000014 192.50000000000003 0.78661891169205844 56.070489384742999 257.50000000000006 -0.33172980431441507 92.500000000000014 1322.5000000000002 812.50000000000011 0.4126824757997184 1092.5000000000002 0.21643961393810271 0.87137607974597331 0.25881904510252091 0.95032354012166631 -0.14132478920498429 102.50000000000001 37.500000000000007 0.025000000000000005 174.9677777777778 27.500000000000004 106.09808146953573 5.0864716591531112 2.5886137625341274 184.77166666666668 217.50000000000003
decision_type=2 2 10 2 2 2 2 2 2 2 2 2 2 2 2 2 2 2 2 2 2 2 2 2 2 2 2 2 2 2
left_child=1 7 29 4 -3 18 -7 21 10 11 16 12 -10 -14 -15 -12 27 -5 19 -6 28 -1 -11 25 -25 -4 -16 -9 -21 -2
right_child=2 3 23 17 5 6 -8 8 9 22 15 -13 13 14 26 -17 -18 -19 -20 20 -22 -23 -24 24 -26 -27 -28 -29 -30 -31
leaf_value=0.64169205302681664 0.10870747244387263 0.28211500394121014 0.76204096585167913 0.0044234600122889786 -0.047344544857169414 0.16460949575870265 -0.024920622511672669 0.27915453541018154 0.16390132532169491 -0.062670824148450252 -0.21606881167019942 -0.21192805264207798 0.021405309744884742 0.65262785782424748 2.7814104941826834 -0.021088168473833355 -0.4369374311226949 -0.29934899772655127 0.3149933674363799 0.3134925475060093 -0.65068376971828246 -0.18034753184864394 1.1990019397486165 2.3770772477611901 0.71639881477998202 -0.19392272593686358 0.71212419751337031 -0.0088933801203823163 -1.193481760698816 0.32463571076709902
leaf_weight=229 6588 3921 303 6799 4903 14809 6739 1949 6295 25137 14632 1189 499 921 79 6607 749 2265 834 387 1110 12460 92 66 716 384 59 11319 69 4979
leaf_count=229 6588 3921 303 6799 4903 14809 6739 1949 6295 25137 14632 1189 499 921 79 6607 749 2265 834 387 1110 12460 92 66 716 384 59 11319 69 4979
internal_value=0.00100224 -0.0243558 0.242313 0.0496049 0.083096 0.0560483 0.105335 -0.0619911 -0.0430981 0.00549229 -0.0903309 0.182844 0.242615 0.560654 0.814747 -0.155414 0.00828579 -0.0714861 -0.0893761 -0.141508 -0.436327 -0.165512 -0.05807 0.562465 0.856558 0.227703 1.89672 0.0334194 0.0854635 0.201653
internal_weight=137088 124052 13036 41836 32772 28851 21548 82216 69527 34271 35256 9042 7853 1558 1059 21239 14017 9064 7303 6469 1566 12689 25229 1469 782 687 138 13268 456 11567
internal_count=137088 124052 13036 41836 32772 28851 21548 82216 69527 34271 35256 9042 7853 1558 1059 21239 14017 9064 7303 6469 1566 12689 25229 1469 782 687 138 13268 456 11567
is_linear=0
shrinkage=0.05


Tree=58
num_leaves=31
num_cat=0
split_feature=0 5 1 13 10 1 13 7 0 9 6 9 2 8 7 9 11 10 0 1 11 4 13 5 8 6 5 12 10 12
split_gain=305012 109580 81128.4 106256 84255.4 78332.2 63077.5 129138 64714.5 64183.7 60516.6 57696 56595.8 53259.2 47941.2 59570.8 64789.1 87951.5 50595.3 47838.3 47808.3 47529 47768 47091.4 49276.2 44376.4 79200.3 43872.1 43197.1 42676.9
threshold=179.90000000000006 114.31833333333336 -0.30666666666666581 -0.54643492068321275 77.716666666666683 1.3040000000000018 -0.58244304235731414 93.500000000000014 85.206666666666692 237.50000000000003 31.448249601831254 102.50000000000001 0.19355555555555576 40.250000000000007 65.550000000000011 152.50000000000003 130.15404149515322 75.738888888888908 232.82000000000002 -1.154666666666665 173.72042959681445 10.150756949203672 0.26932402956675644 153.66833333333335 94.500000000000014 23.983014032748681 208.80166666666668 -0.37256073532439565 93.070833333333354 0.56457333468532445
decision_type=2 2 10 2 8 10 2 2 2 2 2 2 10 2 2 2 2 10 2 10 2 2 2 2 2 2 2 2 8 2
left_child=1 6 3 11 23 10 7 9 -8 13 14 -3 -9 -1 15 16 17 -2 -17 -13 25 -5 -23 24 -4 29 -27 -10 -22 -7
right_child=5 2 4 21 -6 20 8 12 27 -11 -12 19 -14 -15 -16 18 -18 -19 -20 -21 28 22 -24 -25 -26 26 -28 -29 -30 -31
leaf_value=-0.21370607764721727 -0.18828579094614509 -0.0052262539957354508 -0.05793318273387861 -0.031233570188333382 0.10150958348886455 0.53492541420855566 -0.37882347775486896 0.42451672001394053 -0.039316101922183905 0.093722984248898494 -0.19919657644667668 -0.5088346372956184 1.5289961348409238 0.05652902022934414 0.70332362841080576 0.16797236054956219 -0.26894109663429794 0.33306638588813531 0.42938848220537373 -0.20311362392601465 -0.72380278482570415 -0.069633199495324524 0.36113215055508685 0.13712712383027534 0.61175563592168924 0.096824840999434475 0.94468084220198423 -0.18070368819918395 0.32630789872407917 1.1956924000757032
leaf_weight=5628 1317 2556 23018 13079 27185 896 2651 203 9929 5519 1195 1753 184 2697 411 7171 1430 2097 2005 4738 161 1036 1699 3932 278 1104 367 12263 250 336
leaf_count=5628 1317 2556 23018 13079 27185 896 2651 203 9929 5519 1195 1753 184 2697 411 7171 1430 2097 2005 4738 161 1036 1699 3932 278 1104 367 12263 250 336
internal_value=0.000952127 -0.0287258 0.00505217 -0.0697791 0.0392422 0.188376 -0.0972551 -0.0133192 -0.145337 -0.038502 0.142742 -0.206444 0.887535 -0.12616 0.171057 0.155453 0.0136008 0.131947 0.230337 -0.285679 0.417368 0.00840519 0.197961 -0.0229269 -0.0499415 0.493762 0.308357 -0.117445 -0.0850493 0.715135
internal_weight=137088 118348 79274 24861 54413 18740 39074 14231 24843 13844 15626 9047 387 8325 14431 14020 4844 3414 9176 6491 3114 15814 2735 27228 23296 2703 1471 22192 411 1232
internal_count=137088 118348 79274 24861 54413 18740 39074 14231 24843 13844 15626 9047 387 8325 14431 14020 4844 3414 9176 6491 3114 15814 2735 27228 23296 2703 1471 22192 411 1232
is_linear=0
shrinkage=0.05


Tree=59
num_leaves=31
num_cat=0
split_feature=0 11 0 0 6 7 5 6 13 9 8 12 13 2 6 1 3 9 11 10 11 11 12 12 13 12 8 13 11 13
split_gain=277166 120540 100737 62339.7 60188.6 61402.6 61933.8 57140.8 60395.9 125041 114883 71777.2 58064.7 56958.1 55000.2 76487.7 52272.5 51859.8 51208.4 50084.7 64145.9 48644.2 45731 52714.2 45432.3 44544.7 43800.5 59285.9 66041.8 53687.9
threshold=194.22000000000003 49.308840209500012 140.22000000000003 335.52000000000004 16.438465605111247 51.500000000000007 173.92000000000002 6.5356305482051251 -0.43245347597985045 262.50000000000006 40.250000000000007 -0.20576496797711577 0.31107263240371752 -0.86933333333333296 31.448249601831254 0.52533333333333221 100.50333333333334 312.50000000000006 87.740638375282288 90.277777777777786 162.48812430800004 49.524075308504813 -0.99512551815703243 0.25881904510252091 -0.92794370089704259 0.29026740676763302 92.500000000000014 -0.83743052905771542 167.25433606200002 -0.94331137514050678
decision_type=2 2 2 2 2 2 2 2 2 2 2 2 2 10 2 10 2 2 2 8 2 2 2 2 2 2 2 2 2 2
left_child=1 -1 7 14 5 17 -7 8 9 10 -3 -10 21 -14 15 -2 -11 19 -19 20 25 -9 -6 -24 -5 -4 27 -16 -29 -28
right_child=3 2 4 24 22 6 -8 12 11 16 -12 -13 13 -15 26 -17 -18 18 -20 -21 -22 -23 23 -25 -26 -27 29 28 -30 -31
leaf_value=-0.1949121648535232 0.15725778562214568 -0.13175548325908742 0.030464353639566316 -0.59572403740424373 -0.80651417391374702 0.28505373938059558 1.3118902925492788 1.3063555036197629 0.051021286527069359 -0.0022354939880463698 0.25295257949882588 -0.10159868684024237 0.30926930845378275 -0.047590579810262199 -0.55889465923733928 0.45107818275891143 0.34206281181002324 0.076995067254124083 0.23193249822846271 0.14870398465225593 -0.44455539577931635 -0.15663631054759719 0.030292613963331012 -0.30267899301318296 0.97465321790639592 -0.27434802924414531 1.975641221470303 0.22515879482314829 -0.87843972280913707 0.22515879482314829
leaf_weight=9335 7666 7669 7962 52 210 1404 164 57 11986 1474 2598 21563 1294 8228 566 3115 4373 11103 4028 4245 960 17808 4574 1606 403 1411 54 858 153 169
leaf_count=9335 7666 7669 7962 52 210 1404 164 57 11986 1474 2598 21563 1294 8228 566 3115 4373 11103 4028 4245 960 17808 4574 1606 403 1411 54 858 153 169
internal_value=0.000913305 -0.0221335 -0.00807376 0.220229 0.0589388 0.0875071 0.392452 -0.0408338 -0.00885866 0.0707015 -0.0344075 -0.0470724 -0.0988169 0.000905187 0.199435 0.242153 0.255267 0.0714125 0.136255 0.00411081 -0.0552909 -0.151968 -0.0808939 -0.0562369 0.795182 -0.0154217 -0.0564161 -0.149165 0.0802184 0.599483
internal_weight=137088 124052 114717 13036 37667 31277 1568 77050 49663 16114 10267 33549 27387 9522 12581 10781 5847 29709 15131 14578 10333 17865 6390 6180 455 9373 1800 1577 1011 223
internal_count=137088 124052 114717 13036 37667 31277 1568 77050 49663 16114 10267 33549 27387 9522 12581 10781 5847 29709 15131 14578 10333 17865 6390 6180 455 9373 1800 1577 1011 223
is_linear=0
shrinkage=0.05


Tree=60
num_leaves=31
num_cat=0
split_feature=0 5 1 1 13 10 13 7 13 8 9 13 5 6 9 4 8 12 11 1 11 9 10 11 5 12 11 9 9 12
split_gain=250900 91989.5 72257.1 70548.7 101316 72874.4 64975.8 76299.7 55379.2 82932.5 53500.4 95649.1 53378.2 57582.3 51939.2 51008.1 50042.2 49621.3 48184 45732.5 44763.5 46819.6 44462.1 69470.1 56152.4 74551.5 54939.4 51005 44146.8 43556.8
threshold=175.82000000000002 110.28000000000002 1.3040000000000018 -0.30666666666666581 -0.48098876891938808 77.716666666666683 -0.83146961230254512 93.500000000000014 -0.77296446310592981 70.250000000000014 792.50000000000011 -0.26932402956675622 254.43166666666667 7.0953023277710567 1422.5000000000002 11.474643343513639 56.70000000000001 0.16288578192842371 173.72042959681445 -1.154666666666665 50.677069756500011 1172.5000000000002 86.108333333333363 107.47991512450001 193.26333333333338 0.60003553868615167 82.540250612500017 537.50000000000011 682.50000000000011 1.0000000180025095e-35
decision_type=2 2 10 10 2 8 2 2 2 2 2 2 2 2 2 2 2 2 2 10 2 2 10 2 2 2 2 2 2 2
left_child=1 6 8 4 16 10 7 29 9 -2 -5 14 13 -10 20 -6 19 28 22 -3 -12 -22 23 -4 26 -26 -24 -28 -14 -1
right_child=2 3 18 5 15 -7 -8 -9 12 -11 11 -13 17 -15 -16 -17 -18 -19 -20 -21 21 -23 24 -25 25 -27 27 -29 -30 -31
leaf_value=0.098545293716190988 -0.12994617387886739 -0.44235915632825179 0.51377422495036718 -0.049918205868628565 -0.024715248225545008 0.084120111608183654 -0.14500289113553697 0.8100724186874978 0.27297707933120013 0.45744128296066267 -0.56178100232094053 -0.023314421186405053 0.83326542352292199 0.046213473364861514 -0.15489234077256353 0.24908580174376937 0.050472629096413008 0.085088354009606945 -0.11117436275147739 -0.17534974771823733 0.67995806306547735 1.8463221025824244 1.9552900181505188 -0.12328208340637876 0.60567091126488348 2.2831023232664092 0.20691594056275894 1.8741253000497817 -0.42478288617226989 -0.1367539477988001
leaf_weight=4254 3659 2176 1362 26550 13758 29921 22718 294 4702 719 63 2233 739 6919 210 1941 1725 508 445 6097 705 98 58 624 151 118 556 50 77 3658
leaf_count=4254 3659 2176 1362 26550 13758 29921 22718 294 4702 719 63 2233 739 6919 210 1941 1725 508 445 6097 705 98 58 624 151 118 556 50 77 3658
internal_value=0.000971161 -0.027545 0.161425 -0.000809735 -0.0700927 0.0289722 -0.101444 0.0191478 0.120246 -0.0334794 -0.0262902 0.163291 0.172236 0.137965 0.550549 0.00913709 -0.1945 0.473036 0.373478 -0.24558 0.721614 0.822304 0.447363 0.313612 0.732069 1.3415 0.485178 0.344474 0.714553 -0.0102419
internal_weight=137088 116401 20687 85477 25697 59780 30924 8206 17323 4378 29859 3309 12945 11621 1076 15699 9998 1324 3364 8273 866 803 2919 1986 933 269 664 606 816 7912
internal_count=137088 116401 20687 85477 25697 59780 30924 8206 17323 4378 29859 3309 12945 11621 1076 15699 9998 1324 3364 8273 866 803 2919 1986 933 269 664 606 816 7912
is_linear=0
shrinkage=0.05


Tree=61
num_leaves=31
num_cat=0
split_feature=0 0 2 8 0 7 14 13 10 11 9 6 11 13 6 9 9 13 12 1 12 5 6 13 0 4 2 10 8 12
split_gain=230951 100740 64955.5 58919.1 57377.4 53546.2 60158.2 58894.1 53354.9 52197.6 118894 49924.8 79556.1 49977.4 49284.3 61429.8 71074.4 79933 53323.5 49546.5 49994.3 96178 81184 46979.4 41918.5 40386.7 40197.1 40187.6 43832.6 40177
threshold=142.22000000000003 214.66000000000005 -1.5959999999999994 176.50000000000003 43.160000000000004 43.500000000000007 1.0000000180025095e-35 -0.90159026428466893 76.746666666666684 177.20532494592166 137.50000000000003 5.7407633322006175 67.463221374017067 0.36243803828370164 7.0953023277710567 82.500000000000014 317.50000000000006 -0.18436924984152966 0.51877325816052167 1.2613333333333341 0.51877325816052167 134.04500000000002 27.86885607764982 -0.91080963307804841 80.180000000000021 18.655514287559061 1.292 71.263333333333335 70.250000000000014 -0.35222909080468484
decision_type=2 2 10 2 2 2 2 2 10 2 2 2 2 2 2 2 2 2 2 10 2 2 2 2 2 2 10 10 2 2
left_child=4 2 23 14 -1 7 -7 27 -9 -10 -11 12 13 -6 15 -4 18 -18 -17 26 -21 25 -23 -2 -15 -22 -16 -3 -29 -19
right_child=1 5 3 -5 11 6 -8 8 9 10 -12 -13 -14 24 19 16 17 29 -20 20 21 22 -24 -25 -26 -27 -28 28 -30 -31
leaf_value=-0.56088057424797366 -0.93444670430115995 0.43657253935615081 0.30265662720168351 0.54767288232422517 -0.0051987046931851744 1.8007787638306618 0.47921595204591516 0.09376745839981783 0.43657253935615081 -0.81173979587826062 0.43657253935615081 -0.090718372083469848 0.039547627747809559 -0.68007190824010533 -0.012201431686890174 -0.022181965851321806 0.30265662720168351 0.30265662720168351 -0.69480763308989557 0.26532033694426332 -0.38906007790198877 0.30265662720168351 -1.5914105013143598 -0.11385031506848738 -0.13802406613448648 -1.4660045708816751 -0.37063079193597886 -0.31995471182551694 0.43657253935615081 0.041946391368827038
leaf_weight=541 267 163 1372 623 10497 100 620 2325 2930 277 277 34909 30103 368 16977 5027 2382 1094 313 3050 252 541 57 503 11588 133 820 1012 163 7804
leaf_count=541 267 163 1372 623 10497 100 620 2325 2930 277 277 34909 30103 368 16977 5027 2382 1094 313 3050 252 541 57 503 11588 133 820 1012 163 7804
internal_value=0.000922603 0.0878236 0.0565277 0.0651887 -0.0475431 0.251782 0.662766 0.210379 0.279263 0.403051 -0.0559875 -0.044368 -0.0135809 -0.0848109 0.0576404 0.118911 0.0886705 0.159813 -0.0616074 0.00714222 0.16538 -0.144712 0.252124 -0.398395 -0.154708 -0.761095 -0.0287161 -0.0886869 -0.195627 0.0828276
internal_weight=137088 49082 41215 40445 88006 7867 720 7147 5809 3484 554 87465 52556 22453 39822 17992 16620 11280 5340 21830 4033 983 598 770 11956 385 17797 1338 1175 8898
internal_count=137088 49082 41215 40445 88006 7867 720 7147 5809 3484 554 87465 52556 22453 39822 17992 16620 11280 5340 21830 4033 983 598 770 11956 385 17797 1338 1175 8898
is_linear=0
shrinkage=0.05


Tree=62
num_leaves=31
num_cat=0
split_feature=0 11 0 6 9 9 12 8 0 13 9 13 12 5 9 10 9 9 6 7 12 14 9 11 11 10 12 9 12 13
split_gain=213386 100406 80458.5 63270.1 58764.9 96936.8 56660.6 55114.2 53106.2 52504.2 52406.8 121101 63787.3 73394.4 123212 96687.3 67107.5 58466.5 51076.1 68059.1 50747.8 53782 46427.1 65247.1 52711.3 112875 55992.4 44964.1 42678.1 39690.2
threshold=194.22000000000003 49.308840209500012 132.82000000000002 11.632253488093225 87.500000000000014 172.50000000000003 0.37256073532439576 92.500000000000014 335.52000000000004 0.78661891169205844 692.50000000000011 -0.30070579950427329 0.51877325816052167 157.10166666666669 1092.5000000000002 64.541666666666686 1232.5000000000002 917.50000000000011 31.448249601831254 62.500000000000007 0.47136869107721086 3.5000000000000004 247.50000000000003 82.957348134000014 106.79841173057153 75.738888888888908 -0.32143946530316164 77.500000000000014 -0.32143946530316164 0.18436924984152961
decision_type=2 2 2 2 2 2 2 2 2 2 2 2 2 2 2 8 2 2 2 2 2 2 2 2 2 10 2 2 2 2
left_child=1 -1 -3 4 -4 6 -6 29 18 10 -7 12 -12 -14 15 -15 -16 -17 19 22 -21 -22 24 -24 25 -2 -26 -28 -9 -5
right_child=8 2 3 7 5 9 -8 28 -10 -11 11 -13 13 14 16 17 -18 -19 -20 20 21 -23 23 -25 26 -27 27 -29 -30 -31
leaf_value=-0.1766549961980563 -0.10364342335235509 -0.041404482733208056 0.24819872858891287 -0.1513856179109386 -0.087625499607897117 0.085278229431561992 -0.63708703765364272 0.098945632371638365 0.72435888544543758 -0.013543742761545467 -0.13176717867297449 0.1009229831072597 0.50597900772142779 -0.15991089133655323 -1.1840405614145342 1.7193456019217015 0.98464362119280158 3.3551951340605992 -0.07205580514048536 0.44602439849236664 0.70035749014467008 2.0493169192420808 0.1544352532736244 0.44602439849236664 0.17515992892344268 0.44602439849236664 0.22435140259467162 -0.46474351173964124 0.75791438839265279 0.032911023328224265
leaf_weight=9335 1471 67105 4513 7586 4560 11485 523 1037 455 7552 254 3448 1128 51 62 177 84 79 1800 334 210 114 2971 1487 1114 1749 308 1023 322 4751
leaf_count=9335 1471 67105 4513 7586 4560 11485 523 1037 455 7552 254 3448 1128 51 62 177 84 79 1800 334 210 114 2971 1487 1114 1749 308 1023 322 4751
internal_value=0.00125701 -0.018965 -0.00613307 0.0435789 0.0802063 0.0544215 -0.144161 -0.047123 0.193691 0.0959262 0.145229 0.275561 0.603708 0.721868 1.25945 1.82811 0.0636955 2.22416 0.1745 0.215665 0.708413 1.17499 0.183636 0.304342 0.0886471 0.22155 -0.0863821 -0.305284 0.255081 -0.0804127
internal_weight=137088 124052 114717 47612 33916 29403 5083 13696 13036 24320 16768 5283 1835 1581 453 307 146 256 12581 10781 658 324 10123 4458 5665 3220 2445 1331 1359 12337
internal_count=137088 124052 114717 47612 33916 29403 5083 13696 13036 24320 16768 5283 1835 1581 453 307 146 256 12581 10781 658 324 10123 4458 5665 3220 2445 1331 1359 12337
is_linear=0
shrinkage=0.05


Tree=63
num_leaves=31
num_cat=0
split_feature=0 1 5 5 13 7 9 9 11 12 8 12 6 5 12 10 12 13 6 9 7 6 1 0 10 13 12 14 2 12
split_gain=196510 74574.1 69958.4 61371.6 56334.7 88263.4 56209.7 70196.2 136068 88490.1 80060 63515.2 47657.9 46099.9 44864.9 42915 42577 85832.6 67431.7 48428 50224 40318.4 47577.4 40271.6 42976.4 50429.9 38967.1 45889.5 48318.9 38099.9
threshold=163.53333333333339 0.21400000000000055 104.9616666666667 232.36000000000004 -0.60003553868615123 93.500000000000014 12.500000000000002 297.50000000000006 86.96458448700001 0.26932402956675655 65.550000000000011 0.31107263240371752 5.2382000146929206 96.53666666666669 0.97381903846659756 75.387500000000017 0.51877325816052167 -0.6259234721840593 1.9088105131963071 1122.5000000000002 0.15500000000000003 21.762581035644804 1.8133333333333332 202.30000000000004 93.53666666666669 -0.39271506111191329 -0.9629878403374984 5.5000000000000009 1.7533333333333336 -0.61734245059638981
decision_type=2 10 2 2 2 2 2 2 2 2 2 2 2 2 2 10 2 2 2 2 2 2 10 2 10 2 2 2 10 2
left_child=2 12 4 21 5 -1 11 9 -9 -8 -11 15 -2 -7 16 -4 19 18 -18 20 -10 22 -3 -14 -25 -26 -5 -28 -29 -6
right_child=1 3 6 26 29 13 7 8 14 10 -12 -13 23 -15 -16 -17 17 -19 -20 -21 -22 -23 -24 24 25 -27 27 28 -30 -31
leaf_value=-0.038343623836649299 0.19593139216551397 0.1916134202796802 0.47623848927329998 -0.59674377948909574 -0.079003383996264498 1.7675968393984467 -0.02728401883892841 -0.024725172816154446 0.15980352223942532 -0.31059584694139741 0.043848460600656426 0.55773918992054439 -0.074480557541170681 0.44972089381020225 -0.14821139973076444 -0.070752358489666933 1.9516941664940015 0.21696875855609524 0.62423326115794031 -0.24381202477006739 1.0713146678826984 0.032411999725807737 0.55871808867474904 0.17177494299269544 -0.5526579110302331 0.29494120554871672 0.74379865043014592 -0.974168922716663 0.98899278354644782 -0.25240472907695471
leaf_weight=8589 4265 5863 463 69 5659 99 33715 31728 6040 5762 2202 893 7152 139 968 1590 112 2629 656 746 155 3211 1039 4264 473 279 998 84 50 7196
leaf_count=8589 4265 5863 463 69 5659 99 33715 31728 6040 5762 2202 893 7152 139 968 1590 112 2629 656 746 155 3211 1039 4264 473 279 998 84 50 7196
internal_value=0.00128786 0.120123 -0.0288685 0.218912 -0.109285 -0.0120245 -0.00897779 -0.0164443 0.0283481 -0.062693 -0.212594 0.205724 0.0521081 0.937785 0.177287 0.052607 0.207766 0.352811 0.817821 0.136779 0.18261 0.178781 0.246876 0.00169665 0.110313 -0.23819 0.556832 0.627147 -0.241646 -0.17607
internal_weight=137088 27747 109341 11314 21682 8827 87659 84713 43034 41679 7964 2946 16433 238 11306 2053 10338 3397 768 6941 6195 10113 6902 12168 5016 752 1201 1132 134 12855
internal_count=137088 27747 109341 11314 21682 8827 87659 84713 43034 41679 7964 2946 16433 238 11306 2053 10338 3397 768 6941 6195 10113 6902 12168 5016 752 1201 1132 134 12855
is_linear=0
shrinkage=0.05


Tree=64
num_leaves=31
num_cat=0
split_feature=0 1 10 11 10 5 3 11 8 9 9 14 6 13 12 12 0 6 0 5 9 9 9 10 0 11 14 12 12 11
split_gain=178930 81606.9 76301.2 89334.4 78282.1 51452.1 50104.5 49107.7 48848 48101 49456.2 45981.9 45781.1 79696.4 79902.3 75961.8 51883.6 44106.7 42059.9 40113.1 38357.5 55827.7 47527.4 37454.9 35865.3 58671.8 57762.1 57532.4 35647.8 35236.6
threshold=142.22000000000003 0.14666666666666736 75.037500000000023 164.03665643519494 96.726666666666688 232.36000000000004 45.906666666666673 49.308840209500012 98.500000000000014 172.50000000000003 7.5000000000000009 5.5000000000000009 4.9879029417258645 -0.46174861323503363 -0.48098876891938752 -0.22706275313213778 93.546666666666681 30.012527826301667 109.42000000000003 152.10833333333335 12.500000000000002 257.50000000000006 82.500000000000014 86.108333333333363 202.30000000000004 106.79841173057153 5.5000000000000009 -0.24825246871434756 0.51877325816052167 84.292559318500011
decision_type=2 10 8 2 8 2 2 2 2 2 2 2 2 2 2 2 2 2 2 2 2 2 2 10 2 2 2 2 2 2
left_child=6 7 8 5 -5 -4 -1 -2 19 10 -9 -7 13 14 -8 -15 -17 29 -16 -3 -20 22 -22 -13 -12 28 27 -27 -26 -11
right_child=1 2 3 4 -6 11 12 9 -10 17 24 23 -14 15 18 16 -18 -19 20 -21 21 -23 -24 -25 25 26 -28 -29 -30 -31
leaf_value=-0.52158900951173293 -0.38344253292236413 -0.1593337196115529 0.25021418510307941 -0.2506268478551768 0.26187692746386299 0.77793095020861669 -0.10517548962620821 0.45276817289136706 0.71035404337986618 0.042983176994157539 -0.13419540979015873 -0.94083378710723553 -0.077836110285845334 0.068563384037310091 0.066486158896326183 -0.37135600509766281 -0.075849252449786242 -0.53021943530895654 0.69355685928948307 0.10218485299941374 0.34455086167141713 0.37083109610309539 -0.17560635024345161 0.75862568744591308 0.17424312027168146 0.48235780682674129 -1.3192258974302162 -0.33319972117370278 0.81215036681005326 0.19297351440581167
leaf_weight=540 723 2788 10287 1683 1337 809 3642 462 237 11600 7161 77 40051 10013 5111 1593 21985 288 483 3093 696 2702 1190 56 1198 316 103 685 268 5911
leaf_count=540 723 2788 10287 1683 1337 809 3642 462 237 11600 7161 77 40051 10013 5111 1593 21985 288 483 3093 696 2702 1190 56 1198 316 103 685 268 5911
internal_value=0.00121825 0.0777087 0.154262 0.217676 -0.0237336 0.282602 -0.0414414 0.023411 0.00656902 0.0339196 -0.0526922 0.63629 -0.0384771 -0.00523083 0.0958168 -0.0468158 -0.0958146 0.0835198 0.16771 -0.021793 0.269732 0.225114 0.0163499 -0.225272 -0.07669 0.0835418 -0.191755 -0.075741 0.290859 0.0936138
internal_weight=137088 49082 20367 14249 3020 11229 88006 28715 6118 27992 10193 942 87466 47415 13824 33591 23578 17799 10182 5881 5071 4588 1886 133 9731 2570 1104 1001 1466 17511
internal_count=137088 49082 20367 14249 3020 11229 88006 28715 6118 27992 10193 942 87466 47415 13824 33591 23578 17799 10182 5881 5071 4588 1886 133 9731 2570 1104 1001 1466 17511
is_linear=0
shrinkage=0.05


Tree=65
num_leaves=31
num_cat=0
split_feature=0 11 0 9 13 12 9 6 8 13 12 2 4 2 10 0 6 7 12 8 13 13 11 0 5 9 9 5 9 11
split_gain=164008 79994.1 64066.7 56713.5 93187.7 105024 74878.9 97137.2 56365 87382.7 95885.4 64713.2 56104.5 50169.8 51033.2 45693.4 45641.1 58762.5 53074.7 46941.6 52913.6 50130.5 54484.5 44234.5 43857.1 126824 56820.5 51930.8 50488.7 46527.6
threshold=190.22000000000003 49.308840209500012 117.12666666666668 587.50000000000011 -0.30070579950427329 0.44228869021900152 797.50000000000011 12.969235158582876 56.20000000000001 0.010907442517280267 0.35222909080468517 0.53999999999999992 11.26319433665013 -1.5959999999999994 82.941666666666677 335.52000000000004 31.448249601831254 41.500000000000007 -0.35222909080468484 92.500000000000014 -0.94331137514050678 -0.83743052905771542 167.25433606200002 206.02000000000004 158.33500000000004 1072.5000000000002 917.50000000000011 142.90833333333336 1232.5000000000002 69.467834820000022
decision_type=2 2 2 2 2 2 2 2 2 2 2 10 2 10 8 2 2 2 2 2 2 2 2 2 2 2 2 2 2 2
left_child=1 -1 -3 8 5 -5 -7 24 9 10 13 -12 -6 -4 -15 16 17 -2 -19 21 -21 -18 23 -23 27 26 29 -8 -27 -26
right_child=15 2 3 4 12 6 7 -9 -10 -11 11 -13 -14 14 -16 -17 19 18 -20 20 -22 22 -24 -25 25 28 -28 -29 -30 -31
leaf_value=-0.15847180857243512 0.15066965489309853 -0.056837118342116723 -0.6622143682688475 -0.18638339194597528 0.0071402781033766405 0.20002098675011007 0.82624904170451952 -0.44992152044529121 0.1135945605507906 0.031958760401056378 -0.23674625947733285 -0.79329534564711546 0.70848166476363006 -0.14523528985405545 0.042906154736203933 0.65352992567018831 -0.54777144306884296 0.37262378908156951 0.93752007409653781 1.8862733232563942 0.19506605448022452 -0.69443302411985197 -0.82728746290071098 0.19506605448022452 0.44841266157371662 -1.0264886654507031 3.2694526396376986 0.097031462676368849 0.94649949788669996 2.5254356174514845
leaf_weight=9315 11334 40108 325 925 10648 2029 955 182 9019 29238 3434 616 293 6110 8789 455 593 259 539 58 180 140 158 745 56 55 71 328 79 52
leaf_count=9315 11334 40108 325 925 10648 2029 955 182 9019 29238 3434 616 293 6110 8789 455 593 259 539 58 180 140 158 745 56 55 71 328 79 52
internal_value=0.00115734 -0.0176233 -0.00604457 0.0217843 0.106102 0.291489 0.4076 0.644483 -0.00118618 -0.0225254 -0.105176 -0.321397 0.0259222 -0.0476554 -0.0342496 0.160414 0.144394 0.179868 0.594578 -0.0852586 0.570837 -0.180705 0.0279909 0.180685 0.769283 1.29994 2.17075 0.639824 0.136691 1.44846
internal_weight=137088 122627 113312 73204 15673 4732 3807 1778 57531 48512 19274 4050 10941 15224 14899 14461 14006 12132 798 1874 238 1636 1043 885 1596 313 179 1283 134 108
internal_count=137088 122627 113312 73204 15673 4732 3807 1778 57531 48512 19274 4050 10941 15224 14899 14461 14006 12132 798 1874 238 1636 1043 885 1596 313 179 1283 134 108
is_linear=0
shrinkage=0.05


Tree=66
num_leaves=31
num_cat=0
split_feature=0 1 0 5 12 4 9 9 11 13 1 13 6 8 9 9 12 13 5 6 6 6 1 5 9 11 9 13 3 9
split_gain=148929 79946.6 69272.7 63074.6 62772.5 70713.3 57873.8 83994.8 89920.2 58057.2 56978.4 71375.3 59146.5 54316 46480.4 45283.7 68838 53127.9 57229.5 58212 52034.5 42872.2 40665 44180.3 56191 47596.5 38518.8 48120.2 40911.8 40782.4
threshold=195.74000000000004 0.12799999999999967 98.853333333333339 148.8016666666667 -0.03271713619994817 16.713138144313984 7.5000000000000009 207.50000000000003 84.292559318500011 0.021814885034560704 1.2613333333333341 -0.43245347597985045 5.5723576423642482 43.500000000000007 37.500000000000007 652.50000000000011 0.51877325816052167 -0.64278760968653914 160.95833333333337 2.8939634133930574 1.841183743038062 23.983014032748681 1.9022222222222231 174.9677777777778 27.500000000000004 106.09808146953573 1432.5000000000002 -0.26932402956675622 131.90333333333336 807.50000000000011
decision_type=2 10 2 2 2 2 2 2 2 2 10 2 2 2 2 2 2 2 2 2 2 2 8 2 2 2 2 2 2 2
left_child=1 2 -1 4 10 -6 -4 9 26 13 12 -12 -3 -8 -5 21 -17 20 -19 -20 -18 -10 -2 25 -25 -24 27 29 -28 -9
right_child=22 3 6 14 5 -7 7 8 15 -11 11 -13 -14 -15 -16 16 17 18 19 -21 -22 -23 23 24 -26 -27 28 -29 -30 -31
leaf_value=-0.15842508899800661 0.13276335989191576 0.14149241389098946 0.26240920579668575 0.60484865633627793 -0.039307883658478288 -0.59320414456397363 -0.2245259181211349 0.036522688423306686 0.074698709639582778 -0.0081978266055675857 0.55899090812895391 0.074670960026346586 -0.051912152737099086 -0.0057131015850219301 0.13939576263857964 -0.028887215896282306 1.993080625769704 0.20079784641989443 2.5615340623855594 0.61269330580877823 0.64340485574140027 -0.51187113404645357 0.5924705518698189 2.0616663978519765 0.53813507711394748 -0.27221893557033489 -0.10242886648210614 -0.052076727942688944 -0.58842464795646565 0.39444748355023085
leaf_weight=11393 11127 7243 1702 586 15148 599 11155 2899 10540 9004 1266 1906 8703 3803 6332 1344 86 1713 50 164 421 321 284 66 729 362 1415 25006 624 1097
leaf_count=11393 11127 7243 1702 586 15148 599 11155 2899 10540 9004 1266 1906 8703 3803 6332 1344 86 1713 50 164 421 321 284 66 729 362 1415 25006 624 1097
internal_value=0.00109064 -0.0154661 -0.0439369 0.0409107 0.0135459 -0.0603775 -0.0256542 -0.0326942 0.00707611 -0.10851 0.0744347 0.267971 0.0359362 -0.168894 0.178823 0.109228 0.258332 0.416928 0.297107 1.06803 0.872344 0.0573625 0.165129 0.415051 0.664617 0.107923 -0.0410991 -0.0263307 -0.251159 0.134782
internal_weight=137088 124520 82737 41783 34865 15747 71344 69642 45680 23962 19118 3172 15946 14958 6918 14639 3778 2434 1927 214 507 10861 12568 1441 795 646 31041 29002 2039 3996
internal_count=137088 124520 82737 41783 34865 15747 71344 69642 45680 23962 19118 3172 15946 14958 6918 14639 3778 2434 1927 214 507 10861 12568 1441 795 646 31041 29002 2039 3996
is_linear=0
shrinkage=0.05


Tree=67
num_leaves=31
num_cat=0
split_feature=0 9 0 9 7 13 12 11 13 9 0 10 2 1 12 3 13 5 6 9 12 13 2 9 5 14 9 10 13 2
split_gain=137696 69900.5 75426.8 55351 74327.8 84672.4 83088.3 63498.1 83011.2 78275.5 156760 56768.2 60724 49793 46176 42948.4 41692.1 143168 41561.8 71583.2 124998 43046.4 41195.6 46910.7 49114.2 39875.6 43444.3 39690.4 51706.6 55151.1
threshold=140.22000000000003 1332.5000000000002 265.42000000000002 317.50000000000006 41.500000000000007 -0.61734245059638992 0.21643961393810304 87.740638375282288 -0.79989897227935869 1082.5000000000002 185.40666666666669 88.783333333333346 0.24000000000000107 1.8133333333333332 -0.19509032201612828 45.906666666666673 -0.96298784033749818 182.00833333333335 2.8939634133930574 717.50000000000011 0.93585024503435366 -0.6835516316989646 1.7533333333333336 97.500000000000014 147.04833333333337 1.5000000000000002 537.50000000000011 77.075000000000017 -0.96863394805116465 -1.4866666666666666
decision_type=2 2 2 2 2 2 2 2 2 2 2 10 10 10 2 2 2 2 2 2 2 2 10 2 2 2 2 8 2 10
left_child=15 2 3 4 6 11 27 8 -5 16 -11 12 14 -14 -6 -1 17 -9 19 -18 -21 -20 23 24 -8 26 -4 -2 29 -29
right_child=1 -3 25 7 5 -7 22 9 -10 10 -12 -13 13 -15 -16 -17 18 -19 21 20 -22 -23 -24 -25 -26 -27 -28 28 -30 -31
leaf_value=-0.4824615978125345 -0.065277690419519294 -0.31109248195833644 0.76678300501671748 -1.0395236125328096 0.10815902305000008 0.10815902305000008 -0.39676874456795996 0.016761233139846284 0.085347726786447253 0.1411373197949595 2.8822260308791612 0.10815902305000008 0.10815902305000008 0.8627129734221971 1.5383650801042572 -0.035135188997050808 0.19213715458297392 3.1055917865579783 -0.28284185726652034 2.4350393959727046 0.13354282999614708 0.20976810646655342 -0.7466099638148751 -0.26537852708834642 0.10815902305000008 0.21151340865590693 -0.7463522848837516 -1.0429241765267923 0.10815902305000008 -0.081255691884751804
leaf_weight=540 6494 1204 679 166 55 1893 523 118 13683 135 85 591 439 418 274 84834 433 55 506 117 119 3589 304 3315 1567 1521 51 165 11669 1546
leaf_count=540 6494 1204 679 166 55 1893 523 118 13683 135 85 591 439 418 274 84834 433 55 506 117 119 3589 304 3315 1567 1521 51 165 11669 1546
internal_value=0.00103611 0.0654219 0.0743968 0.0612008 0.0180385 0.228466 -0.0121483 0.127634 0.0718645 0.277401 1.20019 0.494184 0.693765 0.472091 1.2712 -0.0379646 0.236279 0.998759 0.208591 0.573971 1.27454 0.148899 -0.180271 -0.148418 0.0370962 0.357305 0.661071 0.0361466 0.085373 -0.173994
internal_weight=137088 51714 50510 48259 29253 3670 25583 19006 13849 5157 220 1777 1186 857 329 85374 4937 173 4764 669 236 4095 5709 5405 2090 2251 730 19874 13380 1711
internal_count=137088 51714 50510 48259 29253 3670 25583 19006 13849 5157 220 1777 1186 857 329 85374 4937 173 4764 669 236 4095 5709 5405 2090 2251 730 19874 13380 1711
is_linear=0
shrinkage=0.05


Tree=68
num_leaves=31
num_cat=0
split_feature=0 1 11 9 13 12 9 3 9 9 13 5 12 2 1 13 6 9 5 6 12 13 8 6 11 13 14 0 7 12
split_gain=126141 76712.9 63191 65923.2 91691.4 83946.4 71323.2 90541.6 97296.8 70662.3 68815.8 59010.5 59112.7 70353.4 53511.7 61991.1 55451.8 48443 44842.5 68132.8 95800.9 39370.6 95938.7 53027.5 56584.6 46885.4 49976.3 46027.9 38874.7 38851
threshold=202.30000000000004 0.12799999999999967 49.308840209500012 257.50000000000006 -0.248252468714347 -0.39271506111191307 1412.5000000000002 154.93666666666672 1092.5000000000002 12.500000000000002 0.021814885034560704 148.8016666666667 -0.021814885034560933 1.5666666666666667 1.2613333333333341 -0.43245347597985045 5.5723576423642482 42.500000000000007 173.92000000000002 8.0191962867779587 0.87137607974597331 -0.91080963307804841 92.500000000000014 33.096442698950163 124.87383490263664 -0.9927505997980649 3.5000000000000004 335.52000000000004 92.500000000000014 0.78661891169205866
decision_type=2 10 2 2 2 2 2 2 2 2 2 2 2 10 10 2 2 2 2 2 2 2 2 2 2 2 2 2 2 2
left_child=1 2 -1 9 5 -5 7 -7 18 -4 -11 12 14 -14 16 28 -3 -13 -9 20 -20 22 23 24 -2 -25 -27 -23 -16 -15
right_child=21 11 3 4 -6 6 -8 8 -10 10 -12 17 13 29 15 -17 -18 -19 19 -21 -22 27 -24 25 -26 26 -28 -29 -30 -31
leaf_value=-0.18561022091534005 0.18292435042933425 0.13672651332354344 0.15680732220006169 -0.10221149274541819 -0.028703065385057798 0.21132704318415718 -0.15435756589264552 0.67579277142202154 -0.41293840928879011 -0.15352338943175281 -0.0035156615303965442 0.54570486503800275 -0.038634159254428667 -0.34448363584494657 0.3941286315203214 0.077879611332816776 -0.049826564216069971 0.12530345981628196 3.6899151012545732 0.52940222664639869 1.2272582894257669 0.18505597208035285 1.0636841143396767 0.4495468614778042 -0.5230384688524653 -1.7132454526721876 -0.27511512428522111 0.74060664208653648 1.0981203771262213 -1.2845806927856389
leaf_weight=6908 938 7308 2958 2646 30343 5997 1084 471 151 20779 12096 760 15126 361 1072 1939 8756 6966 61 116 112 8470 176 55 407 134 110 390 240 158
leaf_count=6908 938 7308 2958 2646 30343 5997 1084 471 151 20779 12096 760 15126 361 1072 1939 8756 6966 61 116 112 8470 176 55 407 134 110 390 240 158
internal_value=0.000994401 -0.0129467 -0.0407592 -0.0277325 0.0155806 0.141892 0.22271 0.281879 0.746315 -0.0772682 -0.0983297 0.0416032 0.0139667 -0.0582744 0.0724815 0.257479 0.0350421 0.166658 0.976641 1.46695 2.09559 0.166 -0.0458122 -0.16459 -0.0307016 -0.766866 -1.06491 0.20951 0.522908 -0.630679
internal_weight=137088 126408 83722 76814 40981 10638 7992 6908 911 35833 32875 42686 34960 15645 19315 3251 16064 7726 760 289 173 10680 1820 1644 1345 299 244 8860 1312 519
internal_count=137088 126408 83722 76814 40981 10638 7992 6908 911 35833 32875 42686 34960 15645 19315 3251 16064 7726 760 289 173 10680 1820 1644 1345 299 244 8860 1312 519
is_linear=0
shrinkage=0.05


Tree=69
num_leaves=31
num_cat=0
split_feature=5 1 5 12 9 12 1 6 13 7 9 5 12 10 6 13 11 10 4 11 1 12 14 10 5 9 11 9 13 11
split_gain=116467 91305.9 66187.5 55573.1 52191.9 47005.2 84389.6 81189.7 77116.5 45333.6 45223.3 58159.5 72295.7 54488 43846.3 48726.2 41412.6 41362.7 55876.6 45487.7 44612.3 40381.3 43087.7 38931.2 37396.4 50287.2 49729.4 44899.4 45797.4 53336.7
threshold=134.04500000000002 -0.0080000000000000644 232.36000000000004 0.87137607974597331 1092.5000000000002 -0.065403129230142812 1.2613333333333341 16.188342231805077 -0.41268247579971828 92.500000000000014 37.500000000000007 183.40333333333336 -0.10886687485196471 83.083333333333357 5.7407633322006175 -0.88186879444286459 90.37004077434527 81.170833333333348 24.927789040243905 152.88870972450005 1.9022222222222231 -0.9629878403374984 5.5000000000000009 78.336666666666687 105.67694444444446 12.500000000000002 135.96968442800002 622.50000000000011 -0.27982901403099208 49.308840209500012
decision_type=2 10 2 2 2 2 8 2 2 2 2 2 2 10 2 2 2 8 2 2 10 2 2 10 2 2 2 2 2 2
left_child=5 3 10 4 -2 6 14 24 9 -8 11 16 -13 -14 15 -1 -3 19 20 -12 -19 -4 -23 -17 -7 26 -26 -27 29 -29
right_child=1 2 21 -5 -6 7 8 -9 -10 -11 17 12 13 -15 -16 23 -18 18 -20 -21 -22 22 -24 -25 25 27 -28 28 -30 -31
leaf_value=0.21427194874542327 -0.010143404408678553 0.66160003788426491 -0.5763648255006284 0.16914199850198264 -0.34828521516919453 -0.14245319574990783 0.44704037463405782 -0.41246487522184067 0.038365529170946072 1.2900618898615088 0.03691280547622991 -0.041172146494956874 0.58558803133561577 2.4006785095340075 -0.082363713671631644 -0.092152675663247113 0.087811592089369825 0.15510619877905973 -0.45864353291690352 -0.56280963802796147 0.62780525953946364 0.60091888526749271 -0.24768331671607566 0.067010897785321141 0.72209443402995466 -0.088346605712463139 -0.13453293630454158 -0.20852286885341773 -0.049320730568019569 0.26678398203252873
leaf_weight=3060 29547 413 92 4278 1187 10550 896 1730 1425 194 11650 102 71 99 15302 6937 1318 9133 354 325 528 1302 169 8611 429 18051 280 726 5173 3156
leaf_count=3060 29547 413 92 4278 1187 10550 896 1730 1425 194 11650 102 71 99 15302 6937 1318 9133 354 325 528 1302 169 8611 429 18051 280 726 5173 3156
internal_value=0.000946804 0.0527478 0.124603 0.000298976 -0.023203 -0.0400553 0.00105975 -0.077407 0.280513 0.597083 0.104066 0.331513 1.01119 1.64261 -0.0196665 0.0318917 0.224712 0.0833482 0.158333 0.0206364 0.18094 0.439867 0.503425 -0.00400259 -0.0622982 -0.0318961 0.383793 -0.0427691 0.0480891 0.177894
internal_weight=137088 60568 25556 35012 30734 76520 36425 40095 2515 1090 23993 2003 272 170 33910 18608 1731 21990 10015 11975 9661 1563 1471 15548 38365 27815 709 27106 9055 3882
internal_count=137088 60568 25556 35012 30734 76520 36425 40095 2515 1090 23993 2003 272 170 33910 18608 1731 21990 10015 11975 9661 1563 1471 15548 38365 27815 709 27106 9055 3882
is_linear=0
shrinkage=0.05


Tree=70
num_leaves=31
num_cat=0
split_feature=0 1 0 2 5 12 2 9 9 11 9 12 9 10 1 12 11 12 12 10 9 9 0 2 5 11 5 10 13 6
split_gain=106030 65694.4 54934.4 49885.3 49300.4 50005.5 59895.3 48485.8 57392.8 86698.4 46254 68430.7 41631.3 39719.2 39504.9 41362.9 35714.7 92363.8 56429.1 83453 179367 110749 56044.5 47870.9 46105.2 49541 45801.3 34966 34951.5 32639.3
threshold=202.30000000000004 0.12799999999999967 98.853333333333339 0.25488888888888922 148.8016666666667 0.24825246871434695 0.52400000000000035 7.5000000000000009 217.50000000000003 83.812499821186051 92.500000000000014 0.21643961393810304 42.500000000000007 75.037500000000023 2.1413333333333333 -0.90159026428466904 167.25433606200002 -1.0000000180025095e-35 0.60003553868615167 85.136666666666699 847.50000000000011 62.500000000000007 306.10000000000008 -1.1386666666666658 220.5916666666667 114.68268051800001 196.56500000000003 92.346666666666678 -0.95688340256707749 33.096442698950163
decision_type=2 10 2 8 2 2 10 2 2 2 2 2 2 8 10 2 2 2 2 10 2 2 2 10 2 2 2 8 2 2
left_child=1 2 -1 7 5 13 -7 -4 10 -10 -9 -12 -6 -3 -15 27 18 -18 22 -20 21 26 29 -24 -23 -26 -21 -16 -25 -2
right_child=16 4 3 -5 12 6 -8 8 9 -11 11 -13 -14 14 15 -17 17 -19 19 20 -22 24 23 28 25 -27 -28 -29 -30 -31
leaf_value=-0.13966894235021979 0.12621744207547295 -0.056284135281408826 0.25647093156488987 -0.18521619858130262 0.50429073624484433 -0.010250985607483394 -0.2769814701211239 0.023495352343344326 -0.031110615583696766 0.12239185428837579 -0.07662118645399385 -0.33476950348078122 0.11456538409976268 0.082059293116076196 -0.7578931924126564 0.67560476068783248 0.387118413034855 -0.50380209410158683 0.21078284172186412 0.59928894251585008 3.5553918652615302 -1.0578267530504479 -0.86126107997619195 -0.48209576032779833 1.3281671640414157 -0.39270097589300529 2.0067054110286882 0.70033850272496545 0.85741668821297479 -0.20167731714598769
leaf_weight=11393 6242 5529 1653 4374 760 10442 2636 7321 29551 13356 12867 3207 6966 15633 109 545 524 654 1246 100 59 83 52 54 76 93 137 66 496 864
leaf_count=11393 6242 5529 1653 4374 760 10442 2636 7321 29551 13356 12867 3207 6966 15633 109 545 524 654 1246 100 59 83 52 54 76 93 137 66 496 864
internal_value=0.000899464 -0.0118821 -0.0376198 -0.0215454 0.0385985 0.0133378 -0.0640131 -0.0110105 -0.0176792 0.0166713 -0.0806788 -0.128126 0.152902 0.0595674 0.0987372 0.460856 0.152181 -0.107501 0.184375 0.43694 0.95116 0.636948 0.125592 0.588804 -0.0927782 0.381181 1.41286 -0.207932 0.725901 0.0863496
internal_weight=137088 126408 83722 72329 42686 34960 13078 67955 66302 42907 23395 16074 7726 21882 16353 720 10680 1178 9502 1794 548 489 7708 602 252 169 237 175 550 7106
internal_count=137088 126408 83722 72329 42686 34960 13078 67955 66302 42907 23395 16074 7726 21882 16353 720 10680 1178 9502 1794 548 489 7708 602 252 169 237 175 550 7106
is_linear=0
shrinkage=0.05


Tree=71
num_leaves=31
num_cat=0
split_feature=5 13 8 1 11 10 10 7 9 9 13 11 5 10 11 9 10 2 5 14 12 6 1 13 7 6 13 13 10 10
split_gain=99132.8 79521.2 112075 64456.8 62769.2 73794 48878.5 49179.2 48005.6 49470.2 139965 54521 84076.6 61030.5 51309.5 51186.5 49456.1 45875.8 44331.2 55538.1 39497.3 71665.6 71597.4 63837.4 42668.4 38928.3 40938 38349.5 36951.2 39194.6
threshold=134.04500000000002 -0.83743052905771542 56.70000000000001 0.38399999999999995 167.25433606200002 95.575000000000017 75.387500000000017 65.550000000000011 1422.5000000000002 692.50000000000011 -0.33172980431441507 64.708682477474369 183.40333333333336 83.641666666666694 270.41185098700004 7.5000000000000009 94.783333333333346 -1.4866666666666666 254.43166666666667 5.5000000000000009 -0.08715574274765768 17.262477600928772 1.133333333333334 -0.41268247579971828 92.500000000000014 5.7407633322006175 -0.88186879444286459 0.29026740676763269 97.616666666666688 81.010000000000034
decision_type=2 2 2 10 2 8 8 2 2 2 2 2 2 10 2 2 8 10 2 2 2 2 8 2 2 2 2 2 10 8
left_child=20 2 17 8 6 -6 7 -5 9 15 11 -11 14 -14 16 -3 -13 -2 -17 28 22 -22 25 24 -24 26 -1 -23 29 -20
right_child=1 3 -4 4 5 -7 -8 -9 -10 10 -12 12 13 -15 -16 18 -18 -19 19 -21 21 27 23 -25 -26 -27 -28 -29 -30 -31
leaf_value=0.20172395183000719 -0.50707637753473522 0.48552770402425516 0.18305710319295032 0.028420974403651378 -0.43677986229899973 0.26901817407062223 0.32219008735823307 0.95116402073518236 -0.37299673180109716 0.075989369246115296 0.053092066264639387 0.60367393992436891 1.1448973713477828 3.2229235294292558 -0.75920999747056239 0.0077587811817966734 2.1770798572391832 -0.132421232358715 0.22202173417559426 -0.70993016844210421 -0.057853807161098871 -0.49851932421382872 0.37380264416626013 0.036988664805915089 1.1479994496348027 -0.080793659322490302 -0.0037382082922257282 0.34753380257811323 -0.39167076701703279 0.89137769218551011
leaf_weight=2878 932 599 2989 2887 809 683 5790 152 672 375 5172 866 106 53 65 30634 53 6626 431 115 39152 1325 1057 1722 214 14641 15382 149 115 444
leaf_count=2878 932 599 2989 2887 809 683 5790 152 672 375 5172 866 106 53 65 30634 53 6626 431 115 39152 1325 1057 1722 214 14641 15382 149 115 444
internal_value=0.000854491 0.0486454 -0.0761222 0.0749528 0.18627 -0.113683 0.236959 0.0745733 0.0460131 0.0532278 0.176993 0.599136 0.770772 1.83757 0.598392 0.0276236 0.694414 -0.178621 0.0189817 0.330117 -0.0369735 -0.0707391 0.00124356 0.235374 0.504155 -0.0200553 0.0286451 -0.412996 0.45093 0.561672
internal_weight=137088 60568 10547 50021 10321 1492 8829 3039 39700 39028 6690 1518 1143 159 984 32338 919 7558 31739 1105 76520 40626 35894 2993 1271 32901 18260 1474 990 875
internal_count=137088 60568 10547 50021 10321 1492 8829 3039 39700 39028 6690 1518 1143 159 984 32338 919 7558 31739 1105 76520 40626 35894 2993 1271 32901 18260 1474 990 875
is_linear=0
shrinkage=0.05


Tree=72
num_leaves=31
num_cat=0
split_feature=5 13 8 9 0 9 13 5 11 12 12 10 12 14 12 2 9 12 5 11 4 12 1 2 13 6 13 0 12 14
split_gain=90861.5 79211.4 110352 62070.6 58782.4 67428.1 151657 121220 96820.9 92591.5 76963.3 72923.9 53957 51570.7 48163.5 43109.3 40942 71501.6 61870.3 59891 40013.6 39674 73018.4 66624.7 60398.8 40189.5 45797.1 39386.7 38498.3 41152.7
threshold=129.43500000000003 -0.82531082829576841 56.70000000000001 1422.5000000000002 257.78000000000003 692.50000000000011 -0.33172980431441507 160.3016666666667 62.576381797000018 0.72982064943493996 0.83743052905771564 82.012500000000031 0.84915165824291627 2.5000000000000004 0.56457333468532445 -1.5959999999999994 37.500000000000007 -0.26932402956675694 172.88166666666669 110.31822510900001 11.26319433665013 -0.065403129230142812 1.2613333333333341 0.50933333333333375 -0.49049438445969407 5.7407633322006175 -0.88186879444286459 185.40666666666669 0.74455857214455079 3.5000000000000004
decision_type=2 2 2 2 2 2 2 2 2 2 2 8 2 2 2 10 2 2 2 2 2 2 8 10 2 2 2 2 2 2
left_child=21 2 15 4 5 16 7 14 10 -10 -9 -11 -13 -6 -7 -2 17 19 -19 -3 -8 22 25 -23 -24 26 -1 -21 -20 -30
right_child=1 3 -4 -5 13 6 20 8 9 11 -12 12 -14 -15 -16 -17 -18 18 28 27 -22 23 24 -25 -26 -27 -28 -29 29 -31
leaf_value=0.20875329825459865 -0.51217004734594507 0.29034655182128272 0.16897799119331219 -0.34386817888933036 0.63410855183344328 -1.1738869001468024 0.048915655878031067 1.6959582653756327 0.012965402289689199 1.3975466859675945 -0.67558987694978723 1.807097865002496 3.9172205011049908 0.098481020435611633 0.3901564631442917 -0.13182051270265491 0.026651673546710365 0.32234167721157814 2.3538036245649514 -0.1514315815580769 0.69189655674392325 -0.057212629939803583 0.57658606757258724 -0.32357945489393114 0.052969487976257071 -0.085195241295021998 -0.0069188291471302763 -1.1514246544135469 0.27211468433503244 1.6860694080643523
leaf_weight=2976 822 966 3375 905 861 51 6076 52 73 200 100 56 66 940 1412 7951 41746 1055 55 815 252 33580 955 2524 1301 13364 14236 112 122 89
leaf_count=2976 822 966 3375 905 861 51 6076 52 73 200 100 56 66 940 1412 7951 41746 1055 55 815 252 33580 955 2524 1301 13364 14236 112 122 89
internal_value=0.000811766 0.0417514 -0.0739881 0.0668568 0.073603 0.0641095 0.194702 0.573061 1.20808 1.62073 0.135729 1.98523 2.94864 0.354547 0.335634 -0.167458 0.0398907 0.21185 0.494162 0.0148434 0.0745211 -0.0396623 0.000114436 -0.0758341 0.274625 -0.0201398 0.0303714 -0.272251 1.17563 0.868522
internal_weight=137088 68152 12148 56004 55099 53298 8338 2010 547 395 152 322 122 1801 1463 8773 44960 3214 1321 1893 6328 68936 32832 36104 2256 30576 17212 927 266 211
internal_count=137088 68152 12148 56004 55099 53298 8338 2010 547 395 152 322 122 1801 1463 8773 44960 3214 1321 1893 6328 68936 32832 36104 2256 30576 17212 927 266 211
is_linear=0
shrinkage=0.05


Tree=73
num_leaves=31
num_cat=0
split_feature=0 1 11 9 13 6 5 9 6 13 9 12 9 9 10 8 2 6 12 1 2 5 8 13 11 5 0 11 8 12
split_gain=83073.8 54622.7 52239.5 48377 62327.9 66984.8 64444.1 66154.6 58958.3 92026.1 48900.4 57664.3 46939.7 40711.6 39507.9 39858.6 35941.3 35014.2 38840.3 55057.1 47976.5 46823.8 35845.8 44659.8 64576 35445.6 34939.7 33512 42302.3 33326
threshold=206.02000000000004 0.026666666666667522 1.0000000180025095e-35 297.50000000000006 -0.22706275313213795 12.643869754274371 173.92000000000002 1102.5000000000002 8.0191962867779587 -0.39271506111191329 7.5000000000000009 0.21643961393810304 107.50000000000001 322.50000000000006 71.263333333333335 180.50000000000003 0.091999999999999943 7.0953023277710567 0.44228869021900152 1.5768888888888892 2.1900000000000008 124.53333333333335 40.250000000000007 -0.49049438445969407 116.16393151879311 110.55166666666669 107.45333333333336 82.957348134000014 65.550000000000011 -0.35222909080468484
decision_type=2 10 2 2 2 2 2 2 2 2 2 2 2 2 8 2 10 2 2 10 10 2 2 2 2 2 2 2 2 2
left_child=1 2 -1 10 5 6 29 8 9 -8 -4 -12 16 -7 15 -3 -13 22 19 -19 21 26 25 24 -24 -16 -20 28 -23 -5
right_child=-2 14 3 4 -6 13 7 -9 -10 -11 11 12 -14 -15 17 -17 -18 18 20 -21 -22 27 23 -25 -26 -27 -28 -29 -30 -31
leaf_value=-0.21380950805070786 0.14148827180850718 -0.046411706557688365 0.18930190074616082 -0.073991310371010463 -0.024715272181964704 1.0669021734866229 2.673435950472399 -0.21820649071297515 0.037116003811762138 0.50197665636961386 -0.046847915588918904 0.05175134911444064 -0.29492841689186039 -0.33372744280173156 -0.0174229356311617 0.90869585356929083 -0.4383676279876052 -0.0081970474881551039 0.045939574819810321 0.25620750133407749 -1.33901533333652 0.19397032254255644 0.81462037477460569 0.16086674656046526 0.19418846533800929 0.12173117361102269 -0.49600965438478672 -0.098956085100262534 1.4665637059211731 0.20686889577352072
leaf_weight=4027 9743 15687 1756 1307 23448 55 108 109 74 89 26759 2169 4899 915 7329 110 452 11490 421 2376 83 505 697 1359 1053 12184 1013 1292 75 5504
leaf_count=4027 9743 15687 1756 1307 23448 55 108 109 74 89 26759 2169 4899 915 7329 110 452 11490 421 2376 83 505 697 1359 1053 12184 1013 1292 75 5504
internal_value=0.000771178 -0.0099949 -0.0388565 -0.0284411 0.0167061 0.135717 0.188328 0.822024 1.24042 1.69242 -0.0680432 -0.0812261 -0.203557 -0.25431 0.0271596 -0.039761 -0.0327713 0.0536697 2.34996e-05 0.0371098 -0.151714 -0.121906 0.0945885 0.252268 0.441298 0.0694655 -0.336902 0.0427863 0.35853 0.152973
internal_weight=137088 127345 71671 67644 31609 8161 7191 380 271 197 36035 34279 7520 970 55674 15797 2621 39877 17255 13866 3389 3306 22622 3109 1750 19513 1434 1872 580 6811
internal_count=137088 127345 71671 67644 31609 8161 7191 380 271 197 36035 34279 7520 970 55674 15797 2621 39877 17255 13866 3389 3306 22622 3109 1750 19513 1434 1872 580 6811
is_linear=0
shrinkage=0.05


Tree=74
num_leaves=31
num_cat=0
split_feature=5 7 13 12 14 10 11 1 5 10 8 2 5 13 6 13 10 9 12 1 8 12 13 6 1 6 10 1 13 10
split_gain=79435.2 70449.2 76984.9 63601.1 59604.8 86027 53346.4 53245.5 42728.8 40104.2 52256.2 63254 45837.3 45637.6 44735.7 46064.7 48687.6 42821.8 37174.2 43801.1 36445.1 44459.2 44052.5 53414.4 47831.3 34747.9 39682.6 39029.1 33168.6 37791
threshold=151.59500000000003 41.500000000000007 -0.79989897227935869 -0.19509032201612828 5.5000000000000009 87.108333333333348 49.308840209500012 -1.5333333333333325 224.25500000000002 84.069444444444471 92.500000000000014 1.8666666666666667 72.52166666666669 -0.99512551815703254 7.7783643210328384 0.63435554093529944 69.683333333333351 272.50000000000006 0.86046863722869271 0.46400000000000102 41.500000000000007 -0.29026740676763269 -0.48098876891938808 9.2636569117074181 -0.10933333333333382 24.584547743377705 88.612500000000026 -0.021777777777778808 0.72236396205975539 55.083333333333343
decision_type=2 2 2 2 2 8 2 10 2 10 2 10 2 2 2 2 10 2 2 10 2 2 2 2 10 2 10 10 2 10
left_child=9 2 7 -3 8 -6 -4 -2 25 10 12 13 -1 -12 28 -16 -17 20 19 -8 21 -11 23 24 -22 26 27 -5 -14 -30
right_child=1 3 6 4 5 -7 18 -9 -10 17 11 -13 14 -15 15 16 -18 -19 -20 -21 22 -23 -24 -25 -26 -27 -28 -29 29 -31
leaf_value=-0.33336687201439941 -0.38921047509597057 0.19786794125682175 -0.34890067249191981 1.5642616810202599 2.8717869956836557 0.20737519918807915 0.036875225245044517 -0.035341276311071562 1.3687114390476447 0.0081804412900360959 1.1380372408743298 1.4205345013549606 0.0043603730151299857 0.082603649557217981 -0.17529006364781569 -0.15147537557251059 0.082603649557217981 0.12140871978152218 0.19786794125682175 0.19786794125682175 0.013249488871593745 -0.17706127471399846 0.013249488871593745 0.01888544923927565 0.53616118083894448 0.19786794125682175 0.19786794125682175 0.56904354726811324 -0.22939203415546225 -0.040207390385080546
leaf_weight=1401 1282 739 692 150 66 56 18769 6223 123 9137 109 103 36191 1688 10933 2809 2473 8453 4339 4079 620 5018 2593 2046 1451 384 223 287 3454 11197
leaf_count=1401 1282 739 692 150 66 56 18769 6223 123 9137 109 103 36191 1688 10933 2809 2473 8453 4339 4079 620 5018 2593 2046 1451 384 223 287 3454 11197
internal_value=0.00065727 0.0627823 0.0463563 0.34938 0.597205 1.64878 0.0846216 -0.095789 0.487272 -0.0226605 -0.0431334 0.215519 -0.0503122 0.146451 -0.0443984 -0.116713 0.00453228 0.0264709 0.0956562 0.0694203 -0.011991 -0.0574884 0.0839874 0.20008 0.379088 0.383424 0.629243 0.910652 -0.021335 -0.084808
internal_weight=137088 37412 35384 2028 1289 122 27879 7505 1167 99676 70358 1900 68458 1797 67057 16215 5282 29318 27187 22848 20865 14155 6710 4117 2071 1044 660 437 50842 14651
internal_count=137088 37412 35384 2028 1289 122 27879 7505 1167 99676 70358 1900 68458 1797 67057 16215 5282 29318 27187 22848 20865 14155 6710 4117 2071 1044 660 437 50842 14651
is_linear=0
shrinkage=0.05


Tree=75
num_leaves=31
num_cat=0
split_feature=5 9 9 9 12 11 8 12 6 5 9 9 5 7 11 9 5 0 14 10 11 10 11 10 6 8 1 14 10 12
split_gain=74741.9 68262.7 65269.5 73817.9 109188 82418.9 94093.3 64032.2 73181.3 107774 90346.4 74591 74035.6 63671.3 56144.4 62104.8 142233 45489.8 97185.4 44862.6 42526 48546.9 42378.1 40961.7 41993.4 45777.8 40431.7 38096.7 37119.2 44231.9
threshold=129.43500000000003 1342.5000000000002 327.50000000000006 77.500000000000014 0.18436924984152928 92.693095237016749 65.550000000000011 -0.13052619222005171 7.5399827135884392 224.25500000000002 32.500000000000007 37.500000000000007 147.45444444444448 30.050000000000001 87.740638375282288 1082.5000000000002 214.30833333333334 265.42000000000002 2.5000000000000004 83.083333333333357 150.37038892473115 80.604166666666686 155.54379045963285 99.683333333333351 31.448249601831254 25.750000000000004 0.42666666666666758 2.5000000000000004 96.436666666666682 0.49049438445969384
decision_type=2 2 2 2 2 2 2 2 2 2 2 2 2 2 2 2 2 2 2 8 2 10 2 10 2 2 10 2 8 2
left_child=-1 2 3 7 17 6 -6 -2 10 11 28 13 -12 -10 -4 -16 20 -5 19 -19 21 -17 -11 24 25 -13 -8 -14 29 -9
right_child=1 -3 14 4 5 -7 26 8 9 22 12 23 27 -15 15 16 -18 18 -20 -21 -22 -23 -24 -25 -26 -27 -28 -29 -30 -31
leaf_value=-0.036132840133047663 0.010099042704076184 -0.27402809317415217 0.062623522775035759 0.0091679526026897627 -0.12812409001627761 -0.37468220311584421 0.39534686111621675 -0.67973566234639271 -0.18157269194351963 1.1381687490580894 0.58089356346735876 -0.42768277730285087 3.3143493866020779 0.66972117789477847 0.19507901135010708 -0.0017776927947998047 3.354032018423081 0.42941159596771339 -0.50476372225718069 1.5831313921744004 -0.066960533312809323 2.0505756090340372 -0.22055469155311586 0.42241395425240874 -0.61824485475860413 0.17200212315303473 1.5511541719689514 1.5630906625588734 1.1497621274170604 0.39627726905476579
leaf_weight=68936 5797 1712 18826 22433 3205 3557 321 113 322 341 126 532 53 691 6742 50 50 178 165 160 162 68 69 295 472 792 99 75 129 617
leaf_count=68936 5797 1712 18826 22433 3205 3557 321 113 322 341 126 532 53 691 6742 50 50 178 165 160 162 68 69 295 472 792 99 75 129 617
internal_value=0.000575831 0.0377068 0.0457395 0.00613072 -0.0335612 -0.203691 -0.0359082 0.120812 0.259521 0.147612 0.612846 0.0469748 1.44128 0.399122 0.107745 0.22786 0.897589 0.019712 0.489961 0.975551 0.458938 1.18093 0.909506 -0.123626 -0.213315 -0.0689589 0.667787 2.28822 0.367884 0.229716
internal_weight=137088 68152 66440 40542 30118 7182 3625 10424 4627 3514 1113 3104 254 1013 25898 7072 330 22936 503 338 280 118 410 2091 1796 1324 420 128 859 730
internal_count=137088 68152 66440 40542 30118 7182 3625 10424 4627 3514 1113 3104 254 1013 25898 7072 330 22936 503 338 280 118 410 2091 1796 1324 420 128 859 730
is_linear=0
shrinkage=0.05


Tree=76
num_leaves=31
num_cat=0
split_feature=5 9 9 13 12 0 5 0 6 11 14 10 13 11 10 5 12 5 1 7 9 12 0 11 12 10 1 13 4 9
split_gain=68159.7 58132.5 74716 128292 99325.2 106199 87495.7 58436.6 56951.6 51217.1 48753.6 73180.1 94312.2 47085 78481 59183.9 85283.7 61329.1 71859.7 44891.4 43541 47371.8 43350 42285.7 39268.9 39053.9 43581.6 62331 58936.3 39003
threshold=114.31833333333336 1332.5000000000002 812.50000000000011 -0.26932402956675622 0.72982064943493996 144.78000000000003 217.49500000000003 251.18000000000004 9.3600744622564473 270.41185098700004 1.5000000000000002 92.605555555555569 -0.6835516316989646 61.807323038578168 102.78333333333335 157.70500000000004 0.91080963307804874 142.90833333333336 0.48800000000000104 0.21000000000000005 77.500000000000014 0.18436924984152928 198.81333333333336 69.467834820000022 0.82531082829576852 67.741666666666688 -0.65333333333333343 0.26932402956675644 10.493155015312487 12.500000000000002
decision_type=2 2 2 2 2 2 2 2 2 2 2 10 2 2 8 2 2 2 10 2 2 2 2 2 2 8 10 2 2 2
left_child=-1 2 7 4 5 8 9 25 -4 13 20 -12 -13 24 15 17 22 18 23 -3 -9 -22 -17 -15 -6 -2 27 -27 -29 -28
right_child=1 19 3 -5 6 -7 -8 10 -10 -11 11 12 -14 14 -16 16 -18 -19 -20 -21 21 -23 -24 -25 -26 26 29 28 -30 -31
leaf_value=-0.055289522660570689 -0.053367686542875992 -0.20661008437892214 0.71100030430307326 0.022295725294839065 1.1568839306740657 -0.5748362730761043 2.7895116226345884 1.149554166163123 -0.3676150104897038 -0.56391269967246516 0.20999129077697615 -1.615190844838299 0.25382898655884406 1.7427735272794962 2.6778651746652895 2.7793115195173486 0.53126769456528622 -0.3489909819722955 2.466668589870658 1.1966642934700538 0.66738770062889607 -0.12308638078689015 1.011205089894625 0.36779437337905335 -0.24496337596741277 -0.12970811709275668 0.26687773947180543 -0.028831392239853593 0.37033741593957581 0.039836784414551331
leaf_weight=39076 18833 3281 555 4150 69 366 51 215 157 78 1769 134 136 66 59 104 154 153 57 58 467 319 52 366 181 8766 1964 2743 1395 51314
leaf_count=39076 18833 3281 555 4150 69 366 51 215 157 78 1769 134 136 66 59 104 154 153 57 58 467 319 52 366 181 8766 1964 2743 1395 51314
internal_value=0.00054704 0.0228083 0.0300399 0.192063 0.477531 0.117347 0.756868 0.0178626 0.47316 0.679449 0.233263 0.092967 -0.673759 0.756358 0.908289 0.79862 1.36596 0.524673 0.798028 -0.182235 0.519041 0.346572 2.18994 0.577861 0.141946 0.0101603 0.028238 -0.0542068 0.105736 0.0482063
internal_weight=137088 98012 94673 6618 2468 1078 1390 88055 712 1339 3040 2039 270 1261 1011 952 310 642 489 3339 1001 786 156 432 250 85015 66182 12904 4138 53278
internal_count=137088 98012 94673 6618 2468 1078 1390 88055 712 1339 3040 2039 270 1261 1011 952 310 642 489 3339 1001 786 156 432 250 85015 66182 12904 4138 53278
is_linear=0
shrinkage=0.05


Tree=77
num_leaves=31
num_cat=0
split_feature=5 1 11 10 1 13 9 11 12 11 10 8 1 5 6 13 13 9 10 7 10 12 6 1 8 13 6 13 12 1
split_gain=63142.8 58630.3 39500.7 59819.9 47751.2 36672.8 59140.7 37325.4 35768.4 35585.9 34068.1 46812.5 58856.6 40539.1 40672.5 39956.6 38831.3 37827.4 33968.3 33313.2 51874.7 42470.8 37947 33053.9 32572.4 45419.3 57700.8 31288.3 39743.9 38842.5
threshold=151.59500000000003 -0.013333333333332099 173.72042959681445 96.726666666666688 2.0146666666666664 0.74455857214455101 392.50000000000006 78.313761562500019 0.88186879444286481 50.677069756500011 84.069444444444471 92.500000000000014 2.6839999999999997 72.52166666666669 12.643869754274371 -0.99512551815703254 0.58244304235731426 272.50000000000006 75.738888888888908 41.500000000000007 87.441666666666677 -0.32143946530316164 26.903303259931374 -0.25866666666666588 42.500000000000007 -0.48098876891938808 9.8548711198055994 0.20576496797711544 -0.63435554093529889 -1.3413333333333328
decision_type=2 10 2 8 10 2 2 2 2 2 10 2 10 2 2 2 2 2 10 2 10 2 2 10 2 2 2 2 2 10
left_child=10 8 4 -4 -3 6 7 18 19 -10 11 13 15 -1 -15 -13 -16 23 -6 27 21 -21 -23 -12 -25 26 -26 29 -29 -2
right_child=1 2 3 -5 5 -7 -8 -9 9 -11 17 12 -14 14 16 -17 -18 -19 -20 20 -22 22 -24 24 25 -27 -28 28 -30 -31
leaf_value=-0.31212740851111503 -0.25437734680661211 0.13413074216594684 -0.41526598861430258 0.18977455456268988 0.49079251450461314 -0.40296404128982904 1.7385092674180715 0.3050973525773889 -0.62539360126768184 0.25068099757574991 -0.10771235731034777 1.0834904707691615 1.7336475042229305 -0.027191630791916489 -0.23070070008621865 0.096486597014537268 0.031654711239851162 0.11424333058023928 2.0844431468697846 0.14974242734566554 0.14974242734566554 1.4815699229637782 0.25714766775728554 -0.024211694460004693 0.46285811508353336 0.054231219026385648 0.054231219026385648 0.14974242734566554 -0.025596607597569571 -0.030957982126236419
leaf_weight=1401 2586 12044 779 859 74 105 99 722 123 2012 6219 109 61 60164 4915 1730 1978 8453 61 165 236 198 93 9597 1730 1869 1450 2450 6953 7853
leaf_count=1401 2586 12044 779 859 74 105 99 722 123 2012 6219 109 61 60164 4915 1730 1978 8453 61 165 236 198 93 9597 1730 1869 1450 2450 6953 7853
internal_value=0.000519688 0.0559085 0.133524 -0.0979706 0.162459 0.484026 0.581446 0.447783 0.00543046 0.200209 -0.0202697 -0.0391392 0.205671 -0.0459337 -0.0403722 0.154988 -0.155416 0.0250136 1.21089 -0.0148214 0.3262 0.725635 1.09026 -0.0111359 0.0298725 0.132674 0.267484 -0.0267147 0.0394405 -0.0863045
internal_weight=137088 37412 14743 1638 13105 1061 956 857 22669 2135 99676 70358 1900 68458 67057 1839 6893 29318 135 20534 692 456 291 20865 14646 5049 3180 19842 9403 10439
internal_count=137088 37412 14743 1638 13105 1061 956 857 22669 2135 99676 70358 1900 68458 67057 1839 6893 29318 135 20534 692 456 291 20865 14646 5049 3180 19842 9403 10439
is_linear=0
shrinkage=0.05


Tree=78
num_leaves=31
num_cat=0
split_feature=5 13 8 9 10 7 9 11 9 11 13 5 12 1 0 14 13 12 9 10 5 10 14 6 8 12 1 2 13 6
split_gain=59694 57681.2 69107.3 42194.2 44986.3 82038.6 61205.7 53606.5 65085.3 70282 81004.2 112871 78153.7 56396.3 45534 44164.3 39254.1 64553.6 52414.5 59139 43755.5 37803.2 36595.8 33677.1 32816.6 32346.2 61604.9 56796.5 53039 34625.5
threshold=129.43500000000003 -0.84915165824291594 56.70000000000001 1422.5000000000002 77.241666666666688 65.550000000000011 357.50000000000006 121.52027564747299 587.50000000000011 279.81633400917059 -0.16288578192842348 173.92000000000002 0.77296446310593014 0.43999999999999989 184.22000000000003 2.5000000000000004 -0.248252468714347 0.63435554093529933 792.50000000000011 86.108333333333363 254.43166666666667 110.78333333333335 4.5000000000000009 17.262477600928772 173.50000000000003 -0.065403129230142812 1.2613333333333341 0.50933333333333375 -0.49049438445969407 3.5539376362200139
decision_type=2 2 2 2 8 2 2 2 2 2 2 2 2 10 2 2 2 2 2 10 2 8 2 2 2 2 8 10 2 2
left_child=25 2 -2 4 5 6 24 13 -9 10 11 22 -13 16 -12 -7 17 -6 -19 -20 -18 -4 -10 -16 -3 26 29 -27 -28 -1
right_child=1 3 21 -5 7 15 -8 8 9 -11 14 12 -14 -15 23 -17 20 18 19 -21 -22 -23 -24 -25 -26 27 28 -29 -30 -31
leaf_value=0.061573824553435366 -0.14722499336390357 -0.10338199948989429 0.078437736034208436 -0.27651099822758457 0.10214737561488724 1.4504595919192294 0.06655545589932281 -0.020588838517030899 0.67981025944054618 -0.58238335455075285 0.19707227870104099 0.64726832034411252 3.1419323002497355 0.3274177151022632 -0.11112129064706655 0.36300550285382915 0.035824160444714898 0.3687132047128503 0.80230455743148932 2.7041415648460387 0.58236064391108011 0.71300327742055747 -0.16055074011906983 -1.7840570570102761 0.33706278094955655 -0.047882285157295312 0.53861265927124091 -0.29381898172098625 0.047934358883692067 -0.052025304822189505
leaf_weight=9938 8077 10670 2821 950 2599 131 14331 11186 603 195 493 54 75 3823 65 325 9436 999 224 50 381 256 165 56 187 33580 955 2524 1301 20638
leaf_count=9938 8077 10670 2821 950 2599 131 14331 11186 603 195 493 54 75 3823 65 325 9436 999 224 50 381 256 165 56 187 33580 955 2524 1301 20638
internal_value=0.000391403 0.0335747 -0.0704083 0.0539232 0.059524 0.0107484 -0.00128451 0.100663 0.0232848 0.310958 0.426247 0.729133 2.09765 0.157628 -0.0162434 0.67541 0.11021 0.245028 0.536738 1.14936 0.0570354 0.131232 0.499264 -0.885373 -0.0908318 -0.0324145 0.00350147 -0.0650755 0.255646 -0.0151026
internal_weight=137088 68152 11154 56998 56048 25644 25188 30404 12892 1706 1511 897 129 17512 614 456 13689 3872 1273 274 9817 3077 768 121 10857 68936 32832 36104 2256 30576
internal_count=137088 68152 11154 56998 56048 25644 25188 30404 12892 1706 1511 897 129 17512 614 456 13689 3872 1273 274 9817 3077 768 121 10857 68936 32832 36104 2256 30576
is_linear=0
shrinkage=0.05


Tree=79
num_leaves=31
num_cat=0
split_feature=5 9 9 13 12 0 5 10 12 9 5 10 5 10 14 6 1 5 9 10 7 11 10 13 7 9 5 12 9 0
split_gain=56232.4 48405.4 61867.2 112857 89978.5 96420.1 63569 115945 92566.5 81263.1 61444.8 52945.2 50648.6 55421.8 61938.7 50475.5 47290 44834 75456 44501.7 40585.8 40371.9 35649.2 35342.8 67608.1 58431.3 44154.4 35066.7 43017.7 34907.3
threshold=114.31833333333336 1332.5000000000002 812.50000000000011 -0.27982901403099208 0.72982064943493996 144.78000000000003 155.94500000000005 77.241666666666688 0.82531082829576852 1082.5000000000002 144.18500000000003 70.268055555555563 254.43166666666667 112.40000000000002 5.5000000000000009 9.3600744622564473 0.48800000000000104 173.92000000000002 1082.5000000000002 98.616666666666688 0.21000000000000005 220.42636984350005 59.97708333333334 -0.58244304235731414 93.500000000000014 237.50000000000003 96.53666666666669 0.23768589232617301 387.50000000000006 114.85333333333334
decision_type=2 2 2 2 2 2 2 8 2 2 2 10 2 8 2 2 10 2 2 10 2 2 10 2 2 2 2 2 2 2
left_child=23 2 12 4 5 15 10 8 -8 11 16 -10 -2 14 19 -4 22 -9 -19 -14 -3 -21 -6 24 25 -1 -26 28 -15 -28
right_child=1 20 3 -5 6 -7 7 17 9 -11 -12 -13 13 27 -16 -17 -18 18 -20 21 -22 -23 -24 -25 26 -27 29 -29 -30 -31
leaf_value=-0.0893541552841077 0.0096592324664039383 -0.18966941554974123 0.6731709055938162 0.019202412467918543 1.4204842998929648 -0.5493184597857419 2.3422109239182229 1.1743463595016264 0.19046905695383129 -1.2798772707374562 -0.41873310730315566 2.0895243102908139 0.33522316266236285 2.2899131414921658 -0.53722663276113458 -0.34226831084793541 1.9451952545917952 1.6619362264066131 4.1762921261787413 -1.1649784056827277 1.144614030369397 0.36718176203338726 0.34402950892506889 -0.086317338890757669 1.5752383699019752 0.12042731751201813 0.32929909540107205 0.2621528915327756 0.41274416061008679 1.2373664109212048
leaf_weight=8326 85564 3281 555 4224 92 366 59 83 138 72 164 50 1819 76 276 157 65 74 50 99 58 76 469 24843 99 5520 182 94 51 106
leaf_count=8326 85564 3281 555 4224 92 366 59 83 138 72 164 50 1819 76 276 157 65 74 50 99 58 76 469 24843 99 5520 182 94 51 106
internal_value=0.000391489 0.0206114 0.0272103 0.174645 0.448911 0.110226 0.726344 1.15222 0.554233 0.148499 0.442785 0.695537 0.0161294 0.238376 0.164788 0.449261 0.668486 2.07376 2.67579 0.261958 -0.166492 -0.499583 0.52056 -0.0503249 0.0124982 -0.00572035 0.664319 0.994234 1.53609 0.35119
internal_weight=137088 98012 94673 6618 2394 1078 1316 526 319 260 790 188 88055 2491 2270 712 626 207 124 1994 3339 175 561 39076 14233 13846 387 221 127 288
internal_count=137088 98012 94673 6618 2394 1078 1316 526 319 260 790 188 88055 2491 2270 712 626 207 124 1994 3339 175 561 39076 14233 13846 387 221 127 288
is_linear=0
shrinkage=0.05


Tree=80
num_leaves=31
num_cat=0
split_feature=1 5 5 12 6 9 11 9 2 12 12 4 13 11 10 10 9 11 13 9 12 9 10 1 12 9 12 13 6 4
split_gain=54757.4 45677.1 45547.6 36420.7 72055.3 35884.3 63725.7 42530.7 66189.4 60164.3 55540.2 45341.1 41998.9 35404.5 44842.8 35739.8 90243.9 48728.2 47043.9 49431.3 39851.7 36976.9 34214.3 35289.3 54860.6 33698.3 36876.3 90249.9 39800.9 33097.9
threshold=0.12799999999999967 154.23500000000004 103.56500000000001 0.36243803828370152 21.762581035644804 212.50000000000003 84.292559318500011 77.500000000000014 0.11999999999999995 -0.19509032201612828 -0.13052619222005171 21.565028257719671 0.90159026428466915 177.20532494592166 96.726666666666688 92.605555555555569 822.50000000000011 150.37038892473115 -0.95032354012166609 52.500000000000007 0.60003553868615167 1312.5000000000002 75.037500000000023 3.0226666666666655 -0.90159026428466904 937.50000000000011 0.72982064943493996 -0.42261826174069955 9.4646042349099506 18.655514287559061
decision_type=10 2 2 2 2 2 2 2 10 2 2 2 2 2 8 10 2 2 2 2 2 2 8 10 2 2 2 2 2 2
left_child=2 3 -1 22 -5 7 -7 8 10 -9 -4 -12 -11 15 -15 17 18 21 -17 20 -20 25 -2 -24 -25 -3 -27 -28 -29 -21
right_child=1 13 5 4 -6 6 -8 9 -10 12 11 -13 -14 14 -16 16 -18 -19 19 29 -22 -23 23 24 -26 26 27 28 -30 -31
leaf_value=-0.11549051342198502 -0.047368449031823988 0.14727051656812429 -0.00070451278359973677 -0.028703105689838627 -0.67428661791449751 -0.021661445514493199 0.10238731768182191 -0.022878321660247683 -0.23453058012875549 -0.2500618121539035 0.24800348726006233 1.383388546731446 0.03715204234883536 -0.44938881533730224 0.15796477064020464 -0.72627189510529588 1.9840059208575376 -0.41851731027805833 0.31311371832021645 0.3321251497005423 1.8297680601628141 -0.65478081868934457 0.080103348514192818 -0.72972790667643916 1.1140400948872169 -0.53841447268837495 2.7407443084395848 0.19285533211934158 1.749953390032053 -0.88828707754611969
leaf_weight=11537 6290 7501 4491 12268 448 32372 15221 12919 1767 6706 2608 91 1571 559 666 101 86 386 77 750 99 138 17755 52 180 58 52 229 50 60
leaf_count=11537 6290 7501 4491 12268 448 32372 15221 12919 1767 6706 2608 91 1571 559 666 101 86 386 77 750 99 138 17755 52 180 58 52 229 50 60
internal_value=0.000339107 0.0435247 -0.0227839 0.0171021 -0.0514478 -0.00902681 0.0180113 -0.0517034 0.0396452 -0.0903054 0.107026 0.286284 -0.195548 0.133929 -0.119187 0.166272 0.424829 0.130226 0.301472 0.406748 1.16623 0.15661 0.0530077 0.088109 0.700782 0.170802 0.624556 0.828339 0.471905 0.241724
internal_weight=137088 47805 89283 36993 12716 77746 47593 30153 8957 21196 7190 2699 8277 10812 1225 9587 1173 8414 1087 986 176 8028 24277 17987 232 7890 389 331 279 810
internal_count=137088 47805 89283 36993 12716 77746 47593 30153 8957 21196 7190 2699 8277 10812 1225 9587 1173 8414 1087 986 176 8028 24277 17987 232 7890 389 331 279 810
is_linear=0
shrinkage=0.05


Tree=81
num_leaves=31
num_cat=0
split_feature=0 1 11 9 9 13 8 13 6 4 12 4 5 9 9 13 6 4 9 11 12 12 12 8 8 11 10 9 10 11
split_gain=49802.2 40019.5 39826.5 36548.8 39459.2 43137.4 35711.5 33438.4 46398.6 44338.5 31137.3 48723.1 43620.4 40792.2 44067.9 55453.3 41737.5 37898.8 35790.1 34664.4 30319.5 28900.1 28434.4 32158.2 28001.3 57302.1 73821.9 29827.3 34651.5 35703.2
threshold=208.02000000000004 1.0000000180025095e-35 1.0000000180025095e-35 202.50000000000003 7.5000000000000009 0.20576496797711544 43.500000000000007 0.80644460426748255 23.983014032748681 10.493155015312487 0.1413247892049844 16.713138144313984 116.92500000000003 12.500000000000002 797.50000000000011 -0.27982901403099208 11.130736859160267 5.9939080149280555 77.500000000000014 1.0000000180025095e-35 0.33172980431441529 0.4126824757997184 0.90159026428466926 65.550000000000011 60.375000000000007 82.957348134000014 77.410000000000011 197.50000000000003 103.90000000000002 77.349602580070311
decision_type=2 10 2 2 2 2 2 2 2 2 2 2 2 2 2 2 2 2 2 2 2 2 2 2 2 2 10 2 8 2
left_child=1 2 -1 4 20 6 -6 8 -5 -9 -3 12 17 -14 24 16 19 -12 -19 -16 -4 -21 23 -13 27 26 -26 28 29 -15
right_child=-2 10 3 7 5 -7 -8 9 -10 -11 11 22 13 14 15 -17 -18 18 -20 21 -22 -23 -24 -25 25 -27 -28 -29 -30 -31
leaf_value=-0.19167155289404075 0.11222102694992071 0.055031412209237199 0.031718030338099661 0.04195159639831731 -0.17845699119446662 0.012034714563698541 -0.0091743744087102435 -0.098199833843531981 -0.3885164301759505 0.36149867674344227 -0.050441046322430218 -0.6284013632819595 0.58014088267910069 0.098432601591751434 -0.36686418004005272 0.03726559112578099 -0.25566065345784866 -0.73249690405411316 -0.16504801067497932 -0.15615130392732202 0.50942013159676491 0.78320569518607019 -1.138829217655094 0.072904646727516786 0.26313378391335313 0.098432601591751434 2.4359742339582198 0.0012508314632024295 0.098432601591751434 -0.47608231935134165
leaf_weight=3780 9271 32600 1202 28584 11911 7340 4219 9556 640 555 8708 332 348 321 85 1907 167 401 905 91 459 817 114 322 103 978 63 9990 254 1065
leaf_count=3780 9271 32600 1202 28584 11911 7340 4219 9556 640 555 8708 332 348 321 85 1907 167 401 905 91 459 817 114 322 103 978 63 9990 254 1065
internal_value=0.000322152 -0.00779425 -0.0339333 -0.0246843 -0.0717848 -0.0884522 -0.134179 0.00540811 0.0325244 -0.0729667 0.0221513 -0.017591 -0.00608583 0.0446521 0.0328884 0.203083 0.475681 -0.0881107 -0.33928 0.598677 0.163726 0.689063 -0.410131 -0.28311 -0.00797492 0.228058 1.08777 -0.0311926 -0.22882 -0.336566
internal_weight=137088 127817 68246 64466 25131 23470 16130 39335 29224 10111 59571 26971 26203 16189 15841 3067 1160 10014 1306 993 1661 908 768 654 12774 1144 166 11630 1640 1386
internal_count=137088 127817 68246 64466 25131 23470 16130 39335 29224 10111 59571 26971 26203 16189 15841 3067 1160 10014 1306 993 1661 908 768 654 12774 1144 166 11630 1640 1386
is_linear=0
shrinkage=0.05


Tree=82
num_leaves=31
num_cat=0
split_feature=5 1 10 11 12 8 13 8 5 5 14 6 12 1 4 9 12 13 3 12 10 9 11 9 10 13 10 9 12 5
split_gain=47161.6 39291.9 44689.8 52240.9 50649.3 36966.6 35521.4 55990.1 40506.3 33257.4 37183.4 31852.6 47766.4 39534.1 39075.7 35579.9 34319.7 37057.4 34059 32391.4 29865.2 29136.3 57291.4 40634.1 39394.6 32390.1 34246.2 32630.1 56978.9 35732
threshold=104.9616666666667 0.14666666666666736 75.037500000000023 177.20532494592166 -0.098011308799811112 240.50000000000003 -0.564573334685324 93.500000000000014 96.53666666666669 232.36000000000004 5.5000000000000009 7.0953023277710567 0.99702681066517462 1.9022222222222231 21.565028257719671 327.50000000000006 0.81279832427823739 -0.30070579950427329 147.40333333333336 0.78661891169205866 86.108333333333363 212.50000000000003 84.292559318500011 12.500000000000002 87.441666666666677 0.22706275313213803 69.075000000000017 102.50000000000001 -0.29026740676763269 146.61833333333337
decision_type=2 10 8 2 2 2 2 2 2 2 2 2 2 10 2 2 2 2 2 2 10 2 2 2 10 2 8 2 2 2
left_child=6 21 5 9 -5 -3 7 -1 -9 11 -11 -4 13 15 18 -13 -17 -18 19 -15 -12 23 -23 24 -2 27 -27 29 -29 -25
right_child=1 2 3 4 -6 -7 -8 8 -10 10 20 12 -14 14 -16 16 17 -19 -20 -21 -22 22 -24 25 -26 26 -28 28 -30 -31
leaf_value=-0.014869169985105882 0.29692223186414485 -0.028961542348425726 0.19605110175807683 0.074685380023938278 -0.2555797240172481 0.97163230675843471 -0.1218862842429128 1.4195939020934052 0.33582317687485808 0.54362700975161082 -0.99678916065143308 -0.026101091681651423 -1.2299815216954326 0.34018374945056079 0.036908614512771075 0.14136482888118743 1.7862920287885329 0.36444140772110428 0.78087075874655554 -0.92918881611632453 0.5055236053877864 -0.020028992829216288 0.097027668723755067 -0.12296653770495516 -0.1264285711651402 -0.14981670286928828 0.073654365443900124 -0.048500875911319172 -0.27187516539927142 0.098319329611511061
leaf_weight=8840 1589 12385 7514 3056 1872 93 12557 117 177 827 77 7044 71 490 923 1808 67 145 501 56 58 32967 15306 3827 840 2315 6608 6124 5348 3486
leaf_count=8840 1589 12385 7514 3056 1872 93 12557 117 177 827 77 7044 71 490 923 1808 67 145 501 56 58 32967 15306 3827 840 2315 6608 6124 5348 3486
internal_value=0.000327646 0.0130424 0.0555224 0.0947381 -0.0507725 -0.021504 -0.0673152 0.0077066 0.686516 0.131359 0.418032 0.116547 0.0627525 0.0710708 0.27408 0.026948 0.211937 0.8138 0.483163 0.209992 -0.351351 -0.00699602 0.0170864 -0.0455708 0.150518 -0.0627608 0.0156766 -0.100019 -0.152633 -0.0174828
internal_weight=137088 115397 36987 24509 4928 12478 21691 9134 294 19581 962 18619 11105 11034 1970 9064 2020 212 1047 546 135 78410 48273 30137 2429 27708 8923 18785 11472 7313
internal_count=137088 115397 36987 24509 4928 12478 21691 9134 294 19581 962 18619 11105 11034 1970 9064 2020 212 1047 546 135 78410 48273 30137 2429 27708 8923 18785 11472 7313
is_linear=0
shrinkage=0.05


Tree=83
num_leaves=31
num_cat=0
split_feature=5 9 9 9 12 11 5 12 10 10 10 11 9 0 11 13 13 12 11 13 1 3 10 11 12 14 0 10 12 9
split_gain=44019.4 39507.9 39963.2 53461.8 68845.6 95935.4 83643.5 53078.4 48256 45790.1 43378 43011 45352.4 107515 38609.1 38178 33054.5 32451.3 52354.4 32169.8 52898.9 52847.7 40882.4 49697.4 50725.3 41947.9 67276 47870.7 43019.4 40443
threshold=134.04500000000002 1332.5000000000002 327.50000000000006 42.500000000000007 0.51877325816052167 100.20927138250002 174.9677777777778 0.71473537162315171 68.516666666666694 105.88333333333334 89.141666666666694 87.740638375282288 1082.5000000000002 185.40666666666669 76.917759348139825 -0.81915204428899169 -0.32143946530316164 0.72982064943493996 91.49468161850001 -0.91959550581536675 -1.6159999999999994 267.83333333333337 77.535000000000011 92.693095237016749 0.11969653353600808 2.5000000000000004 208.02000000000004 86.941666666666677 -0.7729644631059297 87.500000000000014
decision_type=2 2 2 2 2 2 2 2 8 8 10 2 2 2 2 2 2 2 2 2 10 2 10 2 2 2 2 10 2 2
left_child=-1 2 3 4 5 -2 8 9 -6 19 -7 15 -13 -14 -10 -4 -15 -8 -19 20 -5 22 -21 25 -25 26 29 -28 -27 -24
right_child=1 -3 11 7 6 10 17 -9 14 -11 -12 12 13 16 -16 -17 -18 18 -20 21 -22 -23 23 24 -26 28 27 -29 -30 -31
leaf_value=-0.024904685259414139 0.37782516583279446 -0.22533711702412346 -0.69732048347592357 -0.56909561726758062 -1.2349323647202186 0.018351605833702527 2.1347246404450675 -0.29149564750629547 1.3258869701346687 0.18736763295974732 -0.49617173385875141 0.17183708382669724 0.11556005326232739 2.9807845188761659 0.2165783901416985 0.055852597259947429 1.1886079759597779 -0.41648158440987271 1.2427317192346898 -0.094969731258437204 -0.074650693713720434 0.40910679175562809 0.97657680190342944 0.035656856838534486 -0.27269353587458561 -0.27112031287791999 1.521693872225466 0.25488555835559967 0.20583584274457875 0.1287650516514324
leaf_weight=76520 1173 1454 170 621 53 910 65 1659 86 2915 745 5962 196 53 892 16377 50 60 229 8663 4196 777 160 7844 1607 696 197 120 1474 1164
leaf_count=76520 1173 1454 170 621 53 910 65 1659 86 2915 745 5962 196 53 892 16377 50 60 229 8663 4196 777 160 7844 1607 696 197 120 1474 1164
internal_value=0.00030262 0.0321489 0.0384821 0.00589777 0.173358 0.0319098 0.462178 -0.0160855 0.234493 -0.00107255 -0.213262 0.0903502 0.201973 0.802882 0.314125 0.0481147 2.1108 1.12529 0.898258 -0.0210334 -0.138394 0.00386856 -0.0104927 0.0446894 -0.0167735 0.197113 0.38787 1.04214 0.0528582 0.23122
internal_weight=137088 60568 59114 36306 4213 2828 1385 32093 1031 30434 1655 22808 6261 299 978 16547 103 354 289 27519 4817 22702 21925 13262 9451 3811 1641 317 2170 1324
internal_count=137088 60568 59114 36306 4213 2828 1385 32093 1031 30434 1655 22808 6261 299 978 16547 103 354 289 27519 4817 22702 21925 13262 9451 3811 1641 317 2170 1324
is_linear=0
shrinkage=0.05


Tree=84
num_leaves=31
num_cat=0
split_feature=1 5 10 11 0 8 12 10 9 5 0 6 9 11 9 13 10 13 4 6 5 13 9 9 12 13 10 10 2 8
split_gain=41245.8 39503.4 36331.5 43708 40409.4 29127.3 28026.9 29485.2 52082.1 66685 38725.4 26453.6 24721.5 49363.5 34629.9 31690.8 32590.6 30819.8 30885.7 30702.9 30232.5 53957.2 79055.3 44112.5 43747.7 60579.1 31834.1 29902 30418.4 27977.7
threshold=0.12799999999999967 76.78166666666668 75.037500000000023 159.63465119039344 142.22000000000003 180.50000000000003 0.16288578192842371 93.53666666666669 42.500000000000007 145.77111111111114 204.05333333333337 3.5539376362200139 207.50000000000003 65.854592919349486 12.500000000000002 0.22706275313213803 69.270833333333357 0.93585024503435366 9.6733393059633013 25.301081297335561 155.94500000000005 -0.95032354012166609 982.50000000000011 312.50000000000006 0.88186879444286481 -0.22706275313213795 85.012500000000031 87.441666666666677 0.091999999999999943 43.500000000000007
decision_type=10 2 8 2 2 2 2 10 2 2 2 2 2 2 2 2 8 2 2 2 2 2 2 2 2 2 10 10 10 2
left_child=1 -1 5 4 11 -2 -5 10 9 -9 -8 -4 14 -14 27 29 -17 18 -18 20 -15 22 23 -22 -23 26 -26 28 -3 -16
right_child=2 12 3 6 -6 -7 7 8 -10 -11 -12 -13 13 19 15 16 17 -19 -20 -21 21 24 -24 -25 25 -27 -28 -29 -30 -31
leaf_value=-0.27981807866251057 -0.032394339039966094 0.29394228997212152 0.15473604488304701 0.02918519243475938 0.17094904148166246 0.6126973717647084 -0.23888891206596599 0.077453972285236816 -0.17273233856742409 1.7588911997860877 -1.1027637244495627 -0.0041976930979080356 -0.047677923316081061 0.028130141777352204 -0.13468503057342193 -0.15002739360050435 -0.040230136219732378 0.27479947839061036 0.29009909165622261 -0.28716865347392523 0.84183899347621749 0.057027396421558518 -0.41697366711886041 2.4182727610623398 0.72876537249303697 0.16462243274295141 1.9470408227345715 -0.11051419726645478 -0.28102194953879173 -0.0015722344537781247
leaf_weight=1437 15361 1788 3665 5685 11273 177 1164 183 898 87 146 9166 24623 23129 15383 2316 4462 1415 841 670 249 5286 115 54 202 639 73 1027 264 5310
leaf_count=1437 15361 1788 3665 5685 11273 177 1164 183 898 87 146 9166 24623 23129 15383 2316 4462 1415 841 670 249 5286 115 54 202 639 73 1027 264 5310
internal_value=0.000287489 -0.0197809 0.0377682 0.068016 0.101881 -0.0250458 -0.0319819 -0.172311 0.0103459 0.61925 -0.335168 0.0411996 -0.0155272 0.00495064 -0.0498837 -0.0664165 0.0117162 0.0674766 0.0121566 0.0475542 0.0550933 0.149326 0.699169 1.12279 0.112256 0.431661 1.05216 0.109737 0.21997 -0.100527
internal_weight=137088 89283 47805 32267 24104 15538 8163 2478 1168 270 1310 12831 87846 55040 32806 29727 9034 6718 5303 30417 29747 6618 418 303 6200 914 275 3079 2052 20693
internal_count=137088 89283 47805 32267 24104 15538 8163 2478 1168 270 1310 12831 87846 55040 32806 29727 9034 6718 5303 30417 29747 6618 418 303 6200 914 275 3079 2052 20693
is_linear=0
shrinkage=0.05


Tree=85
num_leaves=31
num_cat=0
split_feature=5 13 9 9 8 5 9 11 9 12 6 8 11 8 12 12 9 5 10 6 13 12 5 12 9 13 3 13 0 13
split_gain=39373.1 34104.7 36987.5 54022 36742.9 41040.8 33669.6 85901.4 51377.7 79683 58193 50677.9 49167.2 64017.9 47329 43416.4 61075.5 86147.1 43066 42985.5 41114.8 37355.9 77540.1 78084.8 59686.8 76455.9 100317 57951.6 55168 53972.7
threshold=110.28000000000002 -0.87137607974597309 782.50000000000011 247.50000000000003 93.500000000000014 96.53666666666669 302.50000000000006 97.69312536773198 82.500000000000014 0.21643961393810304 6.0873201547487046 65.550000000000011 92.693095237016749 65.550000000000011 0.98990318592078563 0.21643961393810304 32.500000000000007 147.04833333333337 95.808333333333351 15.707592258017286 -0.1413247892049839 0.4126824757997184 160.3016666666667 0.83743052905771564 767.50000000000011 -0.94331137514050678 169.30333333333337 -0.6259234721840593 184.22000000000003 -0.46174861323503363
decision_type=2 2 2 2 2 2 2 2 2 2 2 2 2 2 2 2 2 2 8 2 2 2 2 2 2 2 2 2 2 2
left_child=1 2 3 4 -1 -6 8 -8 10 -10 15 -12 13 -11 21 -2 18 -18 -17 -15 -13 24 27 -24 25 26 -9 -23 -25 -27
right_child=6 -3 -4 -5 5 -7 7 14 9 12 11 20 -14 19 -16 16 17 -19 -20 -21 -22 22 23 28 -26 29 -28 -29 -30 -31
leaf_value=-0.029639670724742363 0.104550789690317 -0.078639771151150006 -0.20803515764993358 0.35168875290736418 1.4384774735901091 0.24931496091868902 0.010215493594239339 0.51501997165957147 -0.0059000560284178556 -0.11980141839730436 -0.08995291565804639 0.1914351853805567 -0.29219974230163248 0.2058118125765277 -0.30838283024248381 0.14360653860558223 0.55203605319417659 2.4801588251371869 0.92969451281641202 1.0301239020457227 0.0072673033195080512 0.63835077147682506 0.25055032788713771 0.99357266738366945 -0.22084902564652342 -0.20528722861730656 2.7585387977908873 0.10793700971838745 2.5604415164437406 0.21668041064458238
leaf_weight=4274 3072 23596 1208 1533 90 227 37602 272 31504 3569 6750 4885 4485 198 490 1023 210 80 210 224 1770 675 225 162 1041 912 61 2172 86 4482
leaf_count=4274 3072 23596 1208 1533 90 227 37602 272 31504 3569 6750 4885 4485 198 490 1023 210 80 210 224 1770 675 225 162 1041 912 61 2172 86 4482
internal_value=0.000273114 -0.0493718 0.0448191 0.0946963 0.00888292 0.52827 0.0147363 0.0456261 -0.0109323 -0.0425138 0.0592138 0.00657831 -0.178601 -0.0509421 0.171501 0.212767 0.431048 1.08393 0.27749 0.531425 0.104488 0.194811 0.332186 0.925012 0.127422 0.190727 0.925995 0.233694 1.53692 0.145335
internal_weight=137088 30928 7332 6124 4591 317 106160 48180 57980 39980 18000 13405 8476 3991 10578 4595 1523 290 1233 422 6655 10088 3320 473 6768 5727 333 2847 248 5394
internal_count=137088 30928 7332 6124 4591 317 106160 48180 57980 39980 18000 13405 8476 3991 10578 4595 1523 290 1233 422 6655 10088 3320 473 6768 5727 333 2847 248 5394
is_linear=0
shrinkage=0.05


Tree=86
num_leaves=31
num_cat=0
split_feature=5 7 9 13 12 12 14 6 10 11 10 6 2 1 3 2 12 11 2 9 14 10 10 12 6 9 13 12 9 11
split_gain=37108.8 65197.8 56163 69737.7 53375.4 52722.8 47468.1 57090.7 42384.7 40603.8 57912 34601.4 32699.1 27588.5 30422.4 27857.4 27242.3 26938 36072 32991.8 35198.6 33311.7 25827.8 25656.8 55930.3 42644.2 34936 43081.1 30743.7 30575.7
threshold=172.88166666666669 42.500000000000007 157.50000000000003 -0.97381903846659723 0.56457333468532445 0.6993099184844086 3.5000000000000004 35.076603748463448 64.779166666666683 104.09309995174402 76.746666666666684 14.631942430845232 -1.3999999999999995 0.026666666666667522 70.963333333333352 0.2840000000000002 0.74455857214455079 62.262162506580204 -1.3999999999999995 1437.5000000000002 3.5000000000000004 94.533333333333346 97.950000000000003 0.25881904510252091 20.348372427306945 797.50000000000011 -0.19509032201612839 0.44228869021900152 12.500000000000002 1.0000000180025095e-35
decision_type=2 2 2 2 2 2 2 2 8 2 10 2 10 10 2 8 2 2 10 2 2 8 10 2 2 2 2 2 2 2
left_child=13 2 3 11 -3 -6 -7 -8 -5 10 16 22 -13 14 -1 -16 -10 -4 -19 -20 21 -21 -2 -15 25 28 27 -27 -25 -29
right_child=1 4 17 8 5 6 7 -9 9 -11 -12 12 -14 23 15 -17 -18 18 19 20 -22 -23 -24 24 -26 26 -28 29 -30 -31
leaf_value=-0.30480302297707096 -1.1481423770121875 0.2355659117403168 -0.036463185818909317 -0.57099854433654296 2.1346362256883262 0.2355659117403168 1.9299651028571931 0.2355659117403168 -0.063603206687868105 -0.11510421634366466 0.2355659117403168 -0.82207343930461618 0.075990190350619907 0.044466323180924416 -0.021627040542256223 -0.18111994876850779 -1.1969296947392551 -0.19078690747261681 0.18249463561817705 -0.95657191675516862 -1.4080197500426379 0.2355659117403168 0.038978706096531826 0.33908293800016226 -0.39249326481354579 -0.33159352586589197 0.0049782421921668683 -0.016898188771816289 -0.056695904288063939 0.49969714496644885
leaf_weight=1017 252 653 2681 329 68 235 113 57 1476 3211 1701 157 286 31314 58578 2872 55 753 9070 62 67 54 56 506 994 241 2383 369 16198 1280
leaf_count=1017 252 653 2681 329 68 235 113 57 1476 3211 1701 157 286 31314 58578 2872 55 753 9070 62 67 54 56 506 994 241 2383 369 16198 1280
internal_value=0.000143295 0.0607355 0.0401047 -0.0681373 0.431027 0.846352 0.630048 1.26939 -0.0174418 0.0108246 0.135935 -0.525275 -0.242285 -0.0110254 -0.0335702 -0.0290813 -0.104317 0.104289 0.142002 0.169084 -0.495592 0.0314144 -0.932302 0.0154044 -0.026016 -0.00865034 0.132302 0.292837 -0.0447069 0.384098
internal_weight=137088 21336 20210 7523 1126 473 405 170 6772 6443 3232 751 443 115752 62467 61450 1531 12687 10006 9253 183 116 308 53285 21971 20977 4273 1890 16704 1649
internal_count=137088 21336 20210 7523 1126 473 405 170 6772 6443 3232 751 443 115752 62467 61450 1531 12687 10006 9253 183 116 308 53285 21971 20977 4273 1890 16704 1649
is_linear=0
shrinkage=0.05


Tree=87
num_leaves=31
num_cat=0
split_feature=5 13 8 5 9 11 9 12 6 11 14 8 10 13 13 0 10 10 4 12 11 0 2 14 11 5 12 5 12 9
split_gain=35890 31706.5 43045.5 34481.3 30104.7 80332.1 46071.3 67600.8 55302.1 47397.9 70151.1 43929.7 43506.3 39021.3 38496.8 61655.5 80767.7 38563 38866.1 37630.7 37382.4 36801 41951.2 44117.3 46496.9 35894.1 34349.4 90465.9 79576.2 66997.4
threshold=103.90166666666669 -0.564573334685324 93.500000000000014 96.53666666666669 297.50000000000006 92.693095237016749 87.500000000000014 0.47136869107721086 6.0279304447404654 73.482060432434039 3.5000000000000004 56.20000000000001 80.737500000000011 -0.15212338618991647 0.14132478920498384 257.78000000000003 80.604166666666686 52.633333333333347 13.823875948348144 0.98990318592078563 112.43085139989846 200.46000000000001 -0.63466666666666605 5.5000000000000009 64.26646102774437 214.30833333333334 0.52803643325367289 173.92000000000002 0.66746801135786471 762.50000000000011
decision_type=2 2 2 2 2 2 2 2 2 2 2 2 10 2 2 2 8 10 2 2 2 2 10 2 2 2 2 2 2 2
left_child=1 2 -1 -4 6 -6 8 14 9 10 12 -10 -2 20 17 -16 -17 -8 25 26 21 -13 -23 24 -24 -19 29 -28 -29 -7
right_child=4 -3 3 -5 5 19 7 -9 11 -11 -12 13 -14 -15 15 16 -18 18 -20 -21 -22 22 23 -25 -26 -27 27 28 -30 -31
leaf_value=-0.0093565233674026641 0.68521032995258013 -0.11573649736217183 1.2919437694303597 0.30474123409372711 0.0041084533620104335 0.17458166248605339 0.28245675198152037 -0.2349086194494551 -0.092618012303569308 0.12432413961946012 -0.10947292302382657 0.16885800376071927 1.9032110720872879 -0.0083771893597213154 0.024123349701256982 -0.24497200858961676 1.6553787598171217 -0.078844237687566418 -0.30057948964077669 -0.25551054835588011 0.042477586353000266 1.8947956747974137 1.4767908962109151 1.4668728590467754 0.17704882049384491 0.17653799035990644 0.22334133274922544 -0.34200259429035768 1.6518164324380711 -0.19391831102874194
leaf_weight=8265 361 11518 117 165 41250 7187 762 4154 7288 5287 251 1788 92 2341 15920 97 132 17006 1816 555 3302 56 78 98 584 1497 3359 66 207 1489
leaf_count=8265 361 11518 117 165 41250 7187 762 4154 7288 5287 251 1788 92 2341 15920 97 132 17006 1816 555 3302 56 78 98 584 1497 3359 66 207 1489
internal_value=0.000190136 -0.0615934 0.0113702 0.618839 0.0107837 0.0381276 -0.0127366 -0.0435962 0.0465915 0.175644 0.561049 -0.00317687 0.932575 0.0758636 -0.0222502 0.0358407 0.850427 -0.0667505 -0.0798465 0.147223 0.154187 0.29584 0.574079 0.476763 0.330191 -0.0581823 0.165383 0.294482 1.16979 0.111339
internal_weight=137088 20065 8547 282 117023 54113 62910 41384 21526 5991 704 15535 453 8247 37230 16149 229 21081 20319 12863 5906 2604 816 760 662 18503 12308 3632 273 8676
internal_count=137088 20065 8547 282 117023 54113 62910 41384 21526 5991 704 15535 453 8247 37230 16149 229 21081 20319 12863 5906 2604 816 760 662 18503 12308 3632 273 8676
is_linear=0
shrinkage=0.05


Tree=88
num_leaves=31
num_cat=0
split_feature=5 14 11 10 13 14 14 9 11 4 1 11 9 12 13 10 11 3 13 11 8 9 6 12 11 11 0 9 11 4
split_gain=33018.3 95645.7 37225.6 55622.5 52849.9 45855.4 48171.4 53342.2 44632.8 38536.2 29693.9 30127.4 30388.2 107118 41492.5 28102.9 28476 25853.6 25474.9 35664.4 29403.7 47824.8 34483.5 26825.7 26077.1 24343.3 31449.8 23032.3 49700.3 44864.6
threshold=228.3116666666667 5.5000000000000009 121.52027564747299 81.170833333333348 -0.91080963307804841 1.0000000180025095e-35 1.5000000000000002 127.50000000000001 49.524075308504813 17.284412963420994 1.0000000180025095e-35 1.0000000180025095e-35 672.50000000000011 0.45201865172701788 -0.23768589232617329 84.069444444444471 213.56658011700003 70.963333333333352 -0.41268247579971828 108.899626014893 42.500000000000007 197.50000000000003 9.8548711198055994 0.65106671239330416 114.68268051800001 85.259559940500012 306.10000000000008 222.50000000000003 136.92973273925978 23.001537915455398
decision_type=2 2 2 8 2 2 2 2 2 2 10 2 2 2 2 10 2 2 2 2 2 2 2 2 2 2 2 2 2 2
left_child=10 2 3 25 -4 -6 -7 9 -5 -8 11 -1 17 -14 -15 27 18 -13 20 23 21 24 -22 -20 -17 -2 -27 28 -12 -29
right_child=1 -3 4 8 5 6 7 -9 -10 -11 15 12 13 14 -16 16 -18 -19 19 -21 22 -23 -24 -25 -26 26 -28 29 -30 -31
leaf_value=-0.16464730001751035 -0.01300137716467858 -0.42519874001775337 -0.56957181021174852 -0.34081487763889029 -0.69752138902280314 1.0423274486567933 -0.79909750625566789 0.45682627663754261 0.60230795637602463 0.62155497111971414 -0.012672113076293607 -0.49502111021244882 -0.17392691593610415 0.29966535150178297 0.057109494776017136 -0.29490304232527065 -0.049888849480348774 -0.031879397531398151 0.23264198087466892 -0.049406422228604405 0.4903644113537225 0.18790057510606128 0.18790057510606128 -0.25546140640464454 0.040129479615181853 0.22282841488076988 1.278428322502545 0.028480325237435135 -0.26036635341222408 -0.91712223452235042
leaf_weight=3784 1271 694 329 138 134 173 197 419 1379 63 12656 303 3362 3265 3833 816 3950 54482 2452 4719 1262 2205 1716 318 2015 441 84 28091 2411 126
leaf_count=3784 1271 694 329 138 134 173 197 419 1379 63 12656 303 3362 3265 3833 816 3950 54482 2452 4719 1262 2205 1716 318 2015 441 84 28091 2411 126
internal_value=7.40203e-05 0.122173 0.204255 0.293595 -0.0208277 0.162273 0.297498 0.107726 0.516513 -0.454862 -0.00485753 -0.0274856 -0.0195307 0.0585627 0.168682 0.02004 0.0699576 -0.0344409 0.100493 0.0341905 0.162452 0.0888037 0.286997 0.176607 -0.0564394 0.105307 0.391724 -0.00239437 -0.0523078 0.0242578
internal_weight=137088 5322 4628 3313 1315 986 852 679 1517 260 131766 69029 65245 10460 7098 62737 19453 54785 15503 7489 8014 5036 2978 2770 2831 1796 525 43284 15067 28217
internal_count=137088 5322 4628 3313 1315 986 852 679 1517 260 131766 69029 65245 10460 7098 62737 19453 54785 15503 7489 8014 5036 2978 2770 2831 1796 525 43284 15067 28217
is_linear=0
shrinkage=0.05


Tree=89
num_leaves=31
num_cat=0
split_feature=5 9 9 13 13 12 11 10 5 12 10 14 14 3 9 12 5 11 12 8 7 14 3 11 8 10 13 9 1 8
split_gain=31956.3 41860.4 33836 45678.6 40197 130971 61315.3 73048.3 67807.7 69924.6 34585.4 34372.8 31523.5 40272.5 29894.5 73791.9 70371.2 51927.8 42962.4 49547 42830.8 47273.2 42767.7 39201.4 49948.8 33350.8 35157.4 153709 40652.6 33277.8
threshold=129.43500000000003 1342.5000000000002 402.50000000000006 -0.81915204428899169 -0.35222909080468495 0.56457333468532445 290.57915931616486 85.441666666666691 160.95833333333337 0.72982064943493996 105.88333333333334 4.5000000000000009 5.5000000000000009 145.66333333333336 42.500000000000007 -0.20576496797711577 184.77166666666668 100.79178984150001 0.15212338618991691 72.500000000000014 23.500000000000004 3.5000000000000004 187.50666666666669 114.68268051800001 57.500000000000007 80.346666666666678 -0.94331137514050678 302.50000000000006 -1.0128888888888874 65.550000000000011
decision_type=2 2 2 2 2 2 2 8 2 2 8 2 2 2 2 2 2 2 2 2 2 2 2 2 2 10 2 2 10 2
left_child=-1 2 10 -4 5 12 7 -7 11 -10 14 -9 13 -5 15 17 29 -2 25 23 -18 -22 -19 24 -20 -16 27 28 -27 -17
right_child=1 -3 3 4 -6 6 -8 8 9 -11 -12 -13 -14 -15 18 16 20 22 19 -21 21 -23 -24 -25 -26 26 -28 -29 -30 -31
leaf_value=-0.023893940276501754 0.20752909904499384 -0.2197275250646118 -0.33396057439676952 -0.25436061353348527 0.067040270136012312 0.28580047216920779 -1.0072884267246403 0.84760072323761571 0.22769786602258685 2.4703891847217294 0.14232198456153589 -0.14043984464530287 0.56510096374770691 -1.2891748228613635 -0.050281080861635963 -0.087342044102716385 -0.10342179688968156 -0.17589569262871038 -0.12827175726009002 0.3636054527399869 0.58020953627947336 1.6847269768768787 -1.0286747669566891 -0.27260269624605699 0.11350832954659129 -0.58801234698595295 0.094746092008399424 2.3313218269710902 -0.06856947624868201 0.35289368772201102
leaf_weight=68936 910 1712 640 226 18026 1742 74 365 50 114 4212 116 58 161 12049 736 95 1229 5380 522 214 177 167 3414 808 532 12042 61 1290 1030
leaf_count=68936 910 1712 640 226 18026 1742 74 365 50 114 4212 116 58 161 12049 736 95 1229 5380 522 214 177 167 3414 808 532 12042 61 1290 1030
internal_value=0.000109008 0.0243881 0.0306784 0.0821381 0.0948604 0.26743 0.410166 0.454108 0.908671 1.78664 0.0059371 0.609321 -0.521948 -0.684865 -0.0081925 0.112466 0.316045 -0.0863456 -0.0234277 -0.110798 0.84884 1.08021 -0.277912 -0.136589 -0.0615482 0.0106271 0.0633297 -0.137582 -0.22024 0.169421
internal_weight=137088 68152 66440 21572 20932 2906 2461 2387 645 164 44868 481 445 387 40656 4558 2252 2306 36098 10124 486 391 1396 9602 6188 25974 13925 1883 1822 1766
internal_count=137088 68152 66440 21572 20932 2906 2461 2387 645 164 44868 481 445 387 40656 4558 2252 2306 36098 10124 486 391 1396 9602 6188 25974 13925 1883 1822 1766
is_linear=0
shrinkage=0.05


Tree=90
num_leaves=31
num_cat=0
split_feature=5 13 8 5 9 11 9 13 12 6 10 0 10 3 11 1 10 12 2 1 6 0 12 9 12 10 13 5 12 12
split_gain=30363.8 27968.1 37784.8 31331.7 25776.5 60112.1 55279.4 60732.3 59788.3 48994.3 48196.9 44604.5 63652.3 40923.1 40085.6 66485.2 38453 38431.1 35855.2 43118 35457.8 33624.2 50986.2 45242.7 83287.1 53337.8 40343.8 33470.6 68101.3 50239.9
threshold=103.90166666666669 -0.564573334685324 93.500000000000014 96.53666666666669 212.50000000000003 86.96458448700001 92.500000000000014 0.087155742747658027 -0.23768589232617351 6.0279304447404654 90.466666666666683 265.42000000000002 83.810000000000016 206.30333333333334 78.805445641279206 1.3040000000000018 100.51666666666667 -0.24825246871434756 -0.93333333333333302 1.4613333333333332 12.643869754274371 210.26000000000005 0.83743052905771564 642.50000000000011 -0.20576496797711577 93.805555555555586 0.010907442517280267 190.33666666666673 0.82531082829576852 0.45201865172701788
decision_type=2 2 2 2 2 2 2 2 2 2 8 2 8 2 2 10 8 2 10 10 2 2 2 2 2 10 2 2 2 2
left_child=1 2 -1 -4 6 -6 9 8 10 16 13 -9 -13 -8 15 20 17 -2 -11 -20 -10 -7 23 26 -25 -26 -23 28 -21 -29
right_child=4 -3 3 -5 5 21 7 11 14 18 -12 12 -14 -15 -16 -17 -18 -19 19 27 -22 22 -24 24 25 -27 -28 29 -30 -31
leaf_value=-0.0075370230974001464 0.0096910296069306172 -0.10749646812058983 1.2238707410983551 0.28674209723028898 -0.0021175730810046854 0.083752667466117647 -0.16175925664185506 0.019050075486824188 -0.31707204670532252 0.21921709483335619 0.1278062971523124 -0.3405612712353468 2.0245361822121075 0.25894210246036947 -0.28042476995225635 1.3712783666919259 0.5242547431276583 0.27744140834940306 -0.075191599591946767 0.15739725337457608 0.20559432629629995 -0.0091625791212889204 1.7724426644047104 -2.0767863543528433 -0.32358909634500743 1.5481907115263098 0.67642554925313914 -0.30374879420881995 -0.5617310388220681 0.84388254018671793
leaf_weight=8265 3334 11518 117 165 45859 20070 5495 10151 692 1611 2971 50 66 646 6301 85 648 2241 11533 2551 611 329 60 53 150 51 617 133 378 337
leaf_count=8265 3334 11518 117 165 45859 20070 5495 10151 692 1611 2971 50 66 646 6301 85 648 2241 11533 2551 611 329 60 53 150 51 617 133 378 337
internal_value=0.000182896 -0.0566454 0.0118819 0.581021 0.00992679 0.0301365 -0.0173211 -0.0656163 -0.124164 0.0401003 -0.0375195 0.0301908 1.0051 -0.117504 -0.226843 0.0163998 0.159694 0.117319 -0.00488727 -0.0290657 -0.0719844 0.0994821 0.350029 0.278908 -0.313584 0.15134 0.437992 0.127442 0.0645907 0.519127
internal_weight=137088 20065 8547 282 117023 67189 49834 27068 16801 22766 9112 10267 116 6141 7689 1388 6223 5575 16543 14932 1303 21330 1260 1200 254 201 946 3399 2929 470
internal_count=137088 20065 8547 282 117023 67189 49834 27068 16801 22766 9112 10267 116 6141 7689 1388 6223 5575 16543 14932 1303 21330 1260 1200 254 201 946 3399 2929 470
is_linear=0
shrinkage=0.05


Tree=91
num_leaves=31
num_cat=0
split_feature=5 11 12 10 11 12 10 1 14 0 14 5 10 9 12 13 2 9 13 10 3 13 10 14 4 14 6 0 11 10
split_gain=28668.9 38542.1 35273.7 36840.5 34778.2 57249.7 37064.1 36476.7 29287.3 28357.9 41463.7 54931.5 28336.4 27397.2 54742.1 49611.6 49018.2 33947 57397.3 47174.9 37160.3 36241 60033 34942.1 29832.5 29083 26624.1 37854.8 27162.8 45244.2
threshold=151.59500000000003 1.0000000180025095e-35 0.87137607974597331 107.57500000000002 164.03665643519494 0.52803643325367289 93.304166666666688 1.0617777777777786 5.5000000000000009 225.62000000000003 3.5000000000000004 236.86833333333337 118.28333333333335 67.500000000000014 0.52803643325367289 -0.61734245059638992 -0.16488888888888906 162.50000000000003 -0.97854064376158167 100.07222222222224 281.31666666666678 -0.9927505997980649 76.90555555555558 5.5000000000000009 8.5819609258827452 2.5000000000000004 35.076603748463448 306.10000000000008 84.292559318500011 71.808333333333351
decision_type=2 2 2 10 2 2 8 10 2 2 2 2 10 2 2 2 10 2 2 8 2 2 8 2 2 2 2 2 2 8
left_child=-1 -2 4 9 7 6 -6 12 -7 -4 -11 -12 13 14 -3 16 -16 18 19 -15 -20 22 24 -22 -19 -18 28 -28 29 -9
right_child=1 2 3 -5 5 8 -8 26 -10 10 11 -13 -14 17 15 -17 25 21 20 -21 23 -23 -24 -25 -26 -27 27 -29 -30 -31
leaf_value=-0.013844288642744236 -0.34092668524285313 0.07958760724645203 0.11980019087033947 0.98700275738614018 -0.20724223410220272 -0.36251886207492978 0.11160154860760657 -0.09294430755117801 -1.242447651198151 -0.35341189875118978 1.9080464339636742 0.10031313536272042 -0.99786916179443486 -0.7050763455693092 1.9905786876716922 -0.16102079024813215 1.1529166855225879 2.3691084792980783 -0.065728412967061833 0.62649304159965957 0.56687159121336672 0.043873864622618157 0.14484410492727667 -0.53362131399669865 0.76235570229016814 0.012742587666098888 -0.32951661610086241 0.6328743389433753 0.17720629047271264 0.80999471263985723
leaf_weight=99676 661 1980 4041 136 1542 714 2229 191 109 69 94 76 67 533 93 122 121 52 6167 76 422 14990 306 87 65 104 402 137 1319 507
leaf_count=99676 661 1980 4041 136 1542 714 2229 191 109 69 94 76 67 533 93 122 121 52 6167 76 422 14990 306 87 65 104 402 137 1319 507
internal_value=0.000164029 0.0374861 0.0442922 0.176843 0.0261897 -0.101235 -0.0187769 0.0472916 -0.479059 0.1511 0.680313 1.09988 0.0290263 0.0317655 0.19169 0.696153 1.02501 0.0147147 -0.0742271 -0.538903 -0.0318383 0.0567533 0.513166 0.378772 1.47647 0.625903 0.227265 -0.0849015 0.310684 0.562915
internal_weight=137088 37412 36751 4416 32335 4594 3771 27741 823 4280 239 170 25185 25118 2420 440 318 22698 7285 609 6676 15413 423 509 117 225 2556 539 2017 698
internal_count=137088 37412 36751 4416 32335 4594 3771 27741 823 4280 239 170 25185 25118 2420 440 318 22698 7285 609 6676 15413 423 509 117 225 2556 539 2017 698
is_linear=0
shrinkage=0.05


Tree=92
num_leaves=31
num_cat=0
split_feature=11 9 9 13 12 13 12 12 9 9 5 9 9 12 10 10 10 10 10 14 12 8 0 10 1 14 6 8 13 11
split_gain=27452.5 28373.2 52563.5 65790.9 50934.1 50292.2 70785.2 70509.7 54674.7 113519 65989.4 69050.2 75201.4 56679.8 182294 55523.7 48094.8 43025.2 39354.5 38634.3 86206.2 38538.9 38165.2 68132.2 38163.3 37647.8 36916.3 36944.9 55313.4 70505.8
threshold=49.308840209500012 217.50000000000003 92.500000000000014 0.11969653353600802 -0.23768589232617351 -0.33172980431441507 -0.41268247579971812 -0.54643492068321342 1322.5000000000002 1242.5000000000002 164.70666666666671 957.50000000000011 277.50000000000006 0.76604444311897824 80.604166666666686 61.06944444444445 92.346666666666678 89.716666666666697 77.535000000000011 4.5000000000000009 -0.94331137514050689 0.15500000000000003 265.42000000000002 83.470833333333346 -1.1933333333333345 1.5000000000000002 2.5886137625341274 56.20000000000001 -0.48098876891938808 106.09808146953573
decision_type=2 2 2 2 2 2 2 2 2 2 2 2 2 2 8 8 8 8 8 2 2 2 2 8 10 2 2 2 2 2
left_child=-1 2 26 4 17 6 18 19 9 10 -8 12 25 -13 -15 -14 -11 -4 -3 20 21 -7 -5 -24 -9 -12 -2 -28 29 -29
right_child=1 5 3 22 -6 7 8 24 -10 16 11 13 15 14 -16 -17 -18 -19 -20 -21 -22 -23 23 -25 -26 -27 27 28 -30 -31
leaf_value=-0.081510415079148593 0.22234349752668148 -0.2796503903456426 -0.12020343284058482 0.024167326356528372 -0.20658705775895131 -0.10728899540189996 0.1479058629440356 0.30685891993992293 -0.092053028940286788 2.9187194727215111 -0.68877843102988079 -0.73280236370533514 -0.021403347449256229 -0.78798461242182416 2.5182249318126222 1.4459911296826158 0.85326344858086312 0.088283019916975722 0.030375954856324185 0.25102612223855536 0.24095702121553775 0.70928557689157912 -0.48888670852780342 1.9277016684838704 -0.035084612185566778 0.54196526869852801 -0.049796455747777357 0.36395927604943973 0.011872164120590022 0.04750599317979412
leaf_weight=9572 2316 1420 6898 10813 9005 4777 9434 833 1771 51 85 159 77 101 71 396 63 3859 3667 3456 3537 149 50 70 39925 231 11845 2873 5040 4544
leaf_count=9572 2316 1420 6898 10813 9005 4777 9434 833 1771 51 85 159 77 101 71 396 63 3859 3667 3456 3537 149 50 70 39925 231 11845 2873 5040 4544
internal_value=0.000155827 0.00628611 -0.019817 -0.0644072 -0.118854 0.0275964 0.100965 0.00318613 0.165225 0.207936 0.190984 0.553843 0.808127 -0.0522902 0.576788 1.20711 1.77728 -0.0454103 -0.0561657 0.110158 0.0526325 -0.0825895 0.0340086 0.92079 -0.0280961 0.210911 0.0316029 0.0134252 0.0735408 0.170085
internal_weight=137088 127516 57313 30695 19762 70203 17526 52677 12439 10668 10554 1120 789 331 172 473 114 10757 5087 11919 8463 4926 10933 120 40758 316 26618 24302 12457 7417
internal_count=137088 127516 57313 30695 19762 70203 17526 52677 12439 10668 10554 1120 789 331 172 473 114 10757 5087 11919 8463 4926 10933 120 40758 316 26618 24302 12457 7417
is_linear=0
shrinkage=0.05


Tree=93
num_leaves=31
num_cat=0
split_feature=5 13 7 5 9 11 12 10 11 8 12 10 7 11 12 9 3 6 13 2 12 5 12 11 13 9 13 5 13 3
split_gain=26778.2 23086.3 35195.3 24619.4 22278 46811.3 34511.5 31870.9 47940.5 58753.9 77634.6 89909.7 71395.4 69743 57283.6 37735.5 30591.7 33056.5 69165.4 31402.8 28429.8 72198.5 74056.9 54515.1 49916.9 42482.9 33549.5 110542 45939.9 40503.4
threshold=104.9616666666667 -0.564573334685324 93.500000000000014 96.53666666666669 322.50000000000006 99.549508844903343 0.98658463173998445 66.916666666666686 106.79841173057153 60.375000000000007 -0.17364817766693016 92.346666666666678 92.500000000000014 76.167910878156235 0.39271506111191362 277.50000000000006 148.8366666666667 33.096442698950163 -0.89194178735545482 -1.3206666666666667 0.51877325816052167 173.92000000000002 0.82531082829576852 279.81633400917059 -0.30070579950427329 762.50000000000011 -0.90159026428466893 162.44500000000002 -0.45201865172701744 118.18333333333335
decision_type=2 2 2 2 2 2 2 8 2 2 2 8 2 2 2 2 2 2 2 10 2 2 2 2 2 2 2 2 2 2
left_child=1 2 -1 -4 7 -6 20 -2 9 14 -11 12 13 -12 16 -10 -9 -18 19 -19 25 23 -23 -22 -24 26 27 -7 29 -28
right_child=4 -3 3 -5 5 6 -8 8 15 10 11 -13 -14 -15 -16 -17 17 18 -20 -21 21 22 24 -25 -26 -27 28 -29 -30 -31
leaf_value=-0.0066462292412776264 -0.10534108230188109 -0.094964352205093361 1.221445025714359 0.29953610031380817 0.0099452818354501572 0.2800904343343586 -0.24039664622021203 -0.010279125185726637 -0.051721040688200673 0.10728026811239232 1.1497756950694842 0.10728026811239232 2.1563093824312092 0.38316839312368223 -0.21008930703632195 0.18560124066319894 0.10728026811239232 -0.66881059301488199 0.10728026811239232 -2.2432847227041539 0.26861474566325882 0.21460398494132926 3.1479631792824225 -0.55650913721916306 1.065799919291148 -0.16696832059762695 0.4614882938358067 2.7942938491404057 0.18690029914609183 -0.40066319284946411
leaf_weight=8893 7688 12557 99 142 39929 348 596 10437 29729 3018 379 586 72 1366 2489 1775 7255 81 137 52 2733 112 53 216 63 1274 172 50 4132 655
leaf_count=8893 7688 12557 99 142 39929 348 596 10437 29729 3018 379 586 72 1366 2489 1775 7255 81 137 52 2733 112 53 216 63 1274 172 50 4132 655
internal_value=2.25718e-07 -0.0509702 0.00951097 0.605718 0.00958106 0.0345589 0.129022 -0.00974159 0.0030681 0.0535022 0.199852 0.423667 0.613334 0.549669 0.0147089 -0.0383498 0.0458593 0.10728 -0.452731 -1.28439 0.151471 0.274454 1.13168 0.208178 2.01713 0.0925475 0.154265 0.595945 0.118817 -0.221352
internal_weight=137088 21691 9134 241 115397 50333 10404 65064 57376 25872 5421 2403 1817 1745 20451 31504 17962 7525 270 133 9808 3177 228 2949 116 6631 5357 398 4959 827
internal_count=137088 21691 9134 241 115397 50333 10404 65064 57376 25872 5421 2403 1817 1745 20451 31504 17962 7525 270 133 9808 3177 228 2949 116 6631 5357 398 4959 827
is_linear=0
shrinkage=0.05


Tree=94
num_leaves=31
num_cat=0
split_feature=1 5 10 11 12 13 2 12 6 8 0 6 2 6 2 13 8 6 7 14 0 10 13 10 5 11 9 3 11 10
split_gain=25548.7 26746.2 26126.7 35419.2 38227.7 40377.2 31326.4 27692.3 33405.7 25914.8 24595.8 28730.5 23901.4 23676.6 22416.9 27639.3 28129.5 28251.7 21906.1 29724.6 27594.3 21054.8 27530.7 20338.7 43782.4 31632.3 45468.3 32967.4 31013.1 27331.2
threshold=0.12799999999999967 76.78166666666668 75.037500000000023 177.20532494592166 -0.08715574274765768 -0.92794370089704259 0.66000000000000092 0.99702681066517462 10.189636743754784 180.50000000000003 143.02000000000004 2.7560687855741466 0.16266666666666665 23.359382248871373 0.52400000000000035 -0.248252468714347 60.375000000000007 17.840692335091131 42.500000000000007 1.0000000180025095e-35 210.26000000000005 95.808333333333351 -0.49049438445969407 95.575000000000017 220.5916666666667 106.79841173057153 257.50000000000006 154.93666666666672 137.90122026205077 81.877777777777794
decision_type=10 2 8 2 2 2 10 2 2 2 2 2 10 2 10 2 2 2 2 2 2 8 2 10 2 2 2 2 2 10
left_child=1 -1 9 7 5 13 -7 10 -9 14 11 -4 -3 -5 -2 16 17 -16 20 -20 -6 22 -8 25 -25 29 27 -27 -26 -12
right_child=2 12 3 4 18 6 21 8 -10 -11 23 -13 -14 -15 15 -17 -18 -19 19 -21 -22 -23 -24 24 28 26 -28 -29 -30 -31
leaf_value=-0.2298086086396976 0.0032538997157078847 -0.0039330264420438677 0.19502087412459038 0.32962822959988369 -0.23541772619047069 0.06601048793138789 -0.0013956424538735992 -0.13862273481079482 -1.4354983065153162 0.5777331299927233 0.10681941151400431 0.0082575292891702325 -0.0932475295127944 1.4139933655038477 -0.30368587618267778 -0.040837800223826076 -0.032151555191249709 -0.95037392815501676 0.92490545449735129 -0.093976467515427001 -0.94987627393534402 -0.017857127116282578 -0.81822064803965722 0.24143114877003224 0.42991634631156928 0.11677406976014026 0.29781488105981962 -0.20967469202895997 2.1739549650595738 0.32504736847958998
leaf_weight=1437 11665 79577 2512 498 1676 2538 162 288 60 177 3776 11424 8269 56 504 2455 483 254 86 427 147 388 284 1242 50 1280 1053 1954 52 2314
leaf_count=1437 11665 79577 2512 498 1676 2538 162 288 60 177 3776 11424 8269 56 504 2455 483 254 86 427 147 388 284 1242 50 1280 1053 1954 52 2314
internal_value=-4.58626e-05 -0.0158404 0.0294528 0.0551031 -0.0516503 0.0436433 -0.0213507 0.0808094 -0.362222 -0.0238141 0.0868184 0.0419221 -0.0123403 0.439239 -0.0307455 -0.138052 -0.330364 -0.520386 -0.211806 0.0768302 -0.293029 -0.287205 -0.521526 0.140199 0.323214 0.116496 0.0124482 -0.080468 1.31903 0.189739
internal_weight=137088 89283 47805 32267 6262 3926 3372 26005 348 15538 25657 13936 87846 554 15361 3696 1241 758 2336 513 1823 834 446 11721 1344 10377 4287 3234 102 6090
internal_count=137088 89283 47805 32267 6262 3926 3372 26005 348 15538 25657 13936 87846 554 15361 3696 1241 758 2336 513 1823 834 446 11721 1344 10377 4287 3234 102 6090
is_linear=0
shrinkage=0.05


Tree=95
num_leaves=31
num_cat=0
split_feature=5 14 11 10 13 14 14 9 11 4 6 13 9 5 9 5 14 10 0 12 11 5 4 11 1 2 8 10 12 5
split_gain=24978.6 84141.6 29952.6 46830.7 43593.2 38608.4 43055.7 43090.4 37118.3 33362.1 22871.3 42884.6 64976.8 79844.4 61033.7 44357.5 66512.5 40148 36915.1 36310.8 37046.9 42763.3 80154.3 35945.8 35556.7 47746.2 33884.6 36112 29750.3 89991.1
threshold=228.3116666666667 5.5000000000000009 121.52027564747299 81.170833333333348 -0.91080963307804841 1.0000000180025095e-35 1.5000000000000002 127.50000000000001 49.524075308504813 17.284412963420994 5.2382000146929206 -0.61734245059638992 257.50000000000006 173.92000000000002 87.500000000000014 147.04833333333337 2.5000000000000004 85.612500000000026 80.180000000000021 -0.35222909080468484 66.880922496318888 150.19166666666669 1.8724244524457698 131.11194007650002 0.96488888888888869 0.52400000000000035 40.250000000000007 82.683333333333351 0.51877325816052167 150.66833333333335
decision_type=2 2 2 8 2 2 2 2 2 2 2 2 2 2 2 2 2 8 2 2 2 2 2 2 8 8 2 10 2 2
left_child=10 2 3 -2 -4 -6 -7 9 -5 -8 11 12 14 19 15 23 -17 -18 -13 -14 -21 -22 -23 26 25 -12 -1 -28 -26 -30
right_child=1 -3 4 8 5 6 7 -9 -10 -11 24 18 13 -15 -16 16 17 -19 -20 20 21 22 -24 -25 28 -27 27 -29 29 -31
leaf_value=0.022548216946517218 0.090512980651724903 -0.407243691012733 -0.51713385771914733 -0.31400768375834048 -0.64139738572733629 0.9757859736810186 -0.733734154429873 0.40596908923763081 0.54606456000174164 0.58810929003215973 -0.021698526999465263 -0.28237210269688495 -0.057192334240615962 1.738613383300688 -0.10205762853196865 1.6832507244160035 0.9445893094787059 -0.98379923842170036 0.0028827741910288046 0.0784052536701145 0.33985118700738837 2.5210328575788123 0.26227623235011838 -0.051894166607659824 0.10511497048047205 -0.15333940392256398 0.26372863403254182 0.86085920224283796 -0.32838350316315834 0.28223673104909947
leaf_weight=633 1796 694 329 138 134 173 197 419 1379 63 49634 1161 1010 87 4866 117 53 55 49079 1473 2391 66 97 1415 8236 7998 464 393 1550 988
leaf_count=633 1796 694 329 138 134 173 197 419 1379 63 49634 1161 1010 87 4866 117 53 55 49079 1473 2391 66 97 1415 8236 7998 464 393 1550 988
internal_value=-4.35695e-05 0.106155 0.183143 0.263281 -0.0187582 0.147536 0.271617 0.0922037 0.467825 -0.413441 -0.00433291 0.0173119 0.0978073 0.236807 0.00873337 0.180973 0.857309 -0.0374604 -0.0037092 0.210868 0.278099 0.393271 1.17686 0.128589 -0.0243811 -0.0399673 0.299987 0.504909 0.0589922 -0.0906795
internal_weight=137088 5322 4628 3313 1315 986 852 679 1517 260 131766 63360 13120 5124 7996 3130 225 108 50240 5037 4027 2554 163 2905 68406 57632 1490 857 10774 2538
internal_count=137088 5322 4628 3313 1315 986 852 679 1517 260 131766 63360 13120 5124 7996 3130 225 108 50240 5037 4027 2554 163 2905 68406 57632 1490 857 10774 2538
is_linear=0
shrinkage=0.05


Tree=96
num_leaves=31
num_cat=0
split_feature=5 9 7 9 13 13 10 6 13 2 9 11 9 12 10 8 12 10 14 4 11 6 5 14 12 11 6 13 9 6
split_gain=23526 33106.3 34622 34421.5 84881.7 26196 25629.2 25281.1 36455.9 24056.2 22724.7 35489.1 32117 49764.3 42367 45827.6 43870.9 73454.7 34246.6 33779.8 33314.1 32126 32230.9 49094.6 40567.7 32094.7 44479.3 32087 92905.7 34860.4
threshold=114.31833333333336 1322.5000000000002 0.21000000000000005 1212.5000000000002 -0.39271506111191329 0.91080963307804863 101.81666666666668 4.9879029417258645 -0.98990318592078541 0.026666666666666814 302.50000000000006 86.96458448700001 87.500000000000014 0.47136869107721086 100.51666666666667 64.500000000000014 0.45201865172701788 80.070833333333354 5.5000000000000009 2.2854962991334853 145.65398862832043 24.584547743377705 179.60166666666672 3.5000000000000004 0.87137607974597331 279.81633400917059 5.0411638867687047 -0.93585024503435343 372.50000000000006 17.557040889456403
decision_type=2 2 2 2 2 2 8 2 2 10 2 2 2 2 10 2 2 8 2 2 2 2 2 2 2 2 2 2 2 2
left_child=5 3 -3 10 6 7 9 8 -1 -5 12 -12 14 -14 15 -2 -17 19 -15 -18 -21 22 24 -24 -19 26 -16 28 -13 -29
right_child=1 2 -4 4 -6 -7 -8 -9 -10 -11 11 27 13 18 25 16 17 21 -20 20 -22 -23 23 -25 -26 -27 -28 29 -30 -31
leaf_value=0.2536483991637376 -0.055190685953170206 -0.16208819080484108 1.070161259020197 1.0201756108638853 -0.1881086117141888 -0.16014605644790994 0.34288081413795873 -0.070769946086615687 -0.0029294410869170583 2.3246475104739268 0.01591048258834547 1.4229972226946559 -0.011949485202268399 -0.14456361324956232 1.1148762385156703 0.029377258840938239 0.029377258840938239 0.40842202828404561 -0.58548425542037585 1.062677603589943 0.029377258840938239 0.029377258840938239 0.35826278445776555 1.9538488408577614 0.029377258840938239 -0.23338732522852879 0.28027068553629014 0.13111598649599762 0.064464823191773518 -0.17190875151852297
leaf_weight=1490 8256 3315 58 86 238 3663 62 14384 19539 60 29238 181 32605 3187 187 4939 94 966 511 459 51 674 160 69 366 235 1091 9456 413 1055
leaf_count=1490 8256 3315 58 86 238 3663 62 14384 19539 60 29238 181 32605 3187 187 4939 94 966 511 459 51 674 160 69 366 235 1091 9456 413 1055
internal_value=-5.15964e-05 0.013027 -0.140899 0.018513 0.456733 -0.0328558 1.19458 -0.0196893 0.0152503 1.55626 0.016438 0.0448119 -0.00481889 -0.0316646 0.0507222 0.0268561 0.113945 0.270678 -0.205491 0.759913 0.922481 0.138464 0.291081 0.839029 0.196877 0.303643 0.402392 0.120905 0.478428 0.100701
internal_weight=137088 98012 3373 94639 446 39076 208 35413 21029 146 94193 40343 53850 36303 17547 16034 7778 2839 3698 604 510 2235 1561 229 1332 1513 1278 11105 594 10511
internal_count=137088 98012 3373 94639 446 39076 208 35413 21029 146 94193 40343 53850 36303 17547 16034 7778 2839 3698 604 510 2235 1561 229 1332 1513 1278 11105 594 10511
is_linear=0
shrinkage=0.05


Tree=97
num_leaves=31
num_cat=0
split_feature=5 14 11 10 13 14 14 9 11 4 1 10 6 1 2 4 9 0 8 13 12 10 14 6 12 13 12 11 9 12
split_gain=22676.8 75288.4 26885.8 42429.8 39263.1 34775 38913.7 38857.4 33315.9 30115.4 21637 21788.3 23659.2 24667.1 34329.9 30513.8 30196.3 29993.7 27917.4 44571.2 25618 26118.8 22974.2 29166 27944.5 22304.7 22197.9 21501.5 22146.3 88003.3
threshold=228.3116666666667 5.5000000000000009 121.52027564747299 81.170833333333348 -0.91080963307804841 1.0000000180025095e-35 1.5000000000000002 127.50000000000001 49.524075308504813 17.284412963420994 1.0000000180025095e-35 67.741666666666688 9.6492065925656121 1.4613333333333332 0.38399999999999967 21.565028257719671 57.500000000000007 241.50000000000003 92.500000000000014 -0.93585024503435343 -0.98279651670771895 85.012500000000031 2.5000000000000004 46.763647405331788 0.83743052905771564 -0.96298784033749818 -0.88186879444286459 1.0000000180025095e-35 672.50000000000011 0.45201865172701788
decision_type=2 2 2 8 2 2 2 2 2 2 10 8 2 10 8 2 2 2 2 2 2 10 2 2 2 2 2 2 2 2
left_child=10 2 3 -2 -4 -6 -7 9 -5 -8 27 -12 -13 14 -14 17 20 -15 22 -20 -16 -22 24 -24 25 -17 -18 -1 -29 -30
right_child=1 -3 4 8 5 6 7 -9 -10 -11 11 12 13 15 16 18 26 -19 19 -21 21 -23 23 -25 -26 -27 -28 28 29 -31
leaf_value=-0.13946016673299858 0.085303809189959487 -0.38463526886514782 -0.49043392546044662 -0.29625682867523556 -0.60838013180156258 0.92756461063130746 -0.69691903540476929 0.38551284417616727 0.51857357229416123 0.55895877225058421 -0.039348504472882073 0.056012010408486315 0.053309051206823513 0.12606536700807272 -0.89342919206030147 -0.92493151928484441 0.12975050417438339 0.8362374972599822 1.6794035556641493 0.13385693742415936 -0.44742581005851484 -0.024603203956469678 -0.3009575888812796 -1.4583117259045444 -0.92483928221113543 0.13385693742415936 -0.12392191098694526 -0.029594334619158131 -0.1609266593156658 0.14961393275722967
leaf_weight=3784 1796 694 329 138 134 173 197 419 1379 63 13478 33636 4158 3167 172 50 1098 156 55 119 776 690 587 60 68 448 4019 54785 3362 7098
leaf_count=3784 1796 694 329 138 134 173 197 419 1379 63 13478 33636 4158 3167 172 50 1098 156 55 119 776 690 587 60 68 448 4019 54785 3362 7098
internal_value=-0.000183267 0.101004 0.173829 0.249754 -0.0174569 0.140362 0.258122 0.087557 0.444449 -0.39261 -0.00427019 0.0169828 0.0323959 -0.018449 -0.0597238 0.0771841 -0.1293 0.159405 -0.119802 0.472475 -0.316147 -0.248417 -0.204761 -0.408286 0.0278889 0.133857 -0.0694892 -0.023586 -0.0168657 0.0498016
internal_weight=137088 5322 4628 3313 1315 986 852 679 1517 260 131766 62737 49259 15623 10913 4710 6755 3323 1387 174 1638 1466 1213 647 566 498 5117 69029 65245 10460
internal_count=137088 5322 4628 3313 1315 986 852 679 1517 260 131766 62737 49259 15623 10913 4710 6755 3323 1387 174 1638 1466 1213 647 566 498 5117 69029 65245 10460
is_linear=0
shrinkage=0.05


Tree=98
num_leaves=31
num_cat=0
split_feature=5 2 13 10 12 3 11 4 8 1 8 2 9 9 11 9 13 12 10 6 3 11 14 10 10 11 6 1 2 10
split_gain=21810.4 21693.1 19047.4 42460.9 32069.3 21505.3 33618.1 19127.9 20420.2 18747.3 26447.4 18256.2 18200.8 17745.8 40209 37768.6 46975 46283.8 39103 39042.5 35533.4 34202.4 61752.4 35721.3 44157.3 34200.2 58981.2 36233.1 32588.2 38231
threshold=103.90166666666669 1.5666666666666667 -0.83146961230254512 108.45 0.032717136199948427 86.103333333333353 72.027331000888537 4.6504050000867574 42.500000000000007 0.5520000000000006 93.500000000000014 0.45333333333333342 192.50000000000003 212.50000000000003 84.292559318500011 92.500000000000014 0.087155742747658027 -0.23768589232617351 90.466666666666683 6.0279304447404654 206.30333333333334 73.482060432434039 3.5000000000000004 80.737500000000011 87.941666666666677 78.313761562500019 15.254400259331574 0.99644444444444402 -0.77266666666666672 84.483333333333363
decision_type=2 8 2 8 2 2 2 2 2 10 2 10 2 2 2 2 2 2 8 2 2 2 2 8 8 2 2 10 10 10
left_child=1 2 3 4 5 6 -1 8 12 -7 -11 -9 -8 15 -15 19 17 18 20 21 -17 22 23 -2 -25 26 -19 -28 -21 -30
right_child=13 -3 -4 -5 -6 9 7 11 -10 10 -12 -13 -14 14 -16 16 -18 25 -20 28 -22 -23 -24 24 -26 -27 27 -29 29 -31
leaf_value=-0.43794364893827781 0.38642402020303701 0.36070711907921915 -0.086511724763732145 -0.3319530745880872 -0.081834815314859796 0.03485415791896096 -0.26433164296580142 -0.24393118067123629 1.2441597438532943 0.24562336434509505 1.3939575414205421 0.77076346798681883 0.70987085285596552 -0.0028709383754316458 0.07880469641703472 -0.14296997754674429 0.029830072954314259 -0.22785152751930238 0.11922706602268532 0.17475527826229018 0.24904974229380072 0.096384932903360296 -0.14241111318379532 2.4178994869192443 0.83646805891418596 -0.24514467640603185 0.26005910648521374 1.3681894195213748 -0.11179976279602416 0.051334200282468205
leaf_weight=99 248 319 13969 741 2003 1895 61 118 137 370 58 71 224 44371 22818 5495 10267 840 2971 2142 646 5475 273 60 167 6329 431 89 7557 6844
leaf_count=99 248 319 13969 741 2003 1895 61 118 137 370 58 71 224 44371 22818 5495 10267 840 2971 2142 646 5475 273 60 167 6329 431 89 7557 6844
internal_value=-0.000159928 -0.0483234 -0.0549314 0.021431 0.0734282 0.175964 0.41679 0.555282 0.742504 0.102359 0.401239 0.13725 0.501357 0.00809828 0.0248669 -0.01451 -0.0544298 -0.105921 -0.0296873 0.0329532 -0.101732 0.139712 0.456844 0.801257 1.25447 -0.196262 0.0312199 0.44972 -0.00720629 -0.0342712
internal_weight=137088 20065 19746 5777 5036 3033 710 611 422 2323 428 189 285 117023 67189 49834 27068 16801 9112 22766 6141 6223 748 475 227 7689 1360 520 16543 14401
internal_count=137088 20065 19746 5777 5036 3033 710 611 422 2323 428 189 285 117023 67189 49834 27068 16801 9112 22766 6141 6223 748 475 227 7689 1360 520 16543 14401
is_linear=0
shrinkage=0.05


Tree=99
num_leaves=31
num_cat=0
split_feature=5 14 11 10 13 14 14 9 11 4 11 0 9 1 12 6 0 10 9 12 13 11 11 10 6 4 9 10 9 14
split_gain=20457.3 68297.7 23951.7 38340.5 34813.2 31057 34940 34702.3 29967.5 27203.5 20814.5 26054.2 20358.8 19386.9 19884.9 36219.5 75374 46753.9 33294.7 35336.2 44469.9 43645.1 34162 32521.9 32781.6 29284.9 29069.8 28963.2 26811.5 23944.2
threshold=228.3116666666667 5.5000000000000009 121.52027564747299 81.170833333333348 -0.91080963307804841 1.0000000180025095e-35 1.5000000000000002 127.50000000000001 49.524075308504813 17.284412963420994 85.259559940500012 306.10000000000008 107.50000000000001 1.0000000180025095e-35 0.1413247892049844 35.076603748463448 245.82000000000002 85.612500000000026 797.50000000000011 0.44228869021900152 -0.27982901403099208 1.0000000180025095e-35 187.02226984500888 93.070833333333354 17.840692335091131 9.2386911049263123 47.500000000000007 78.336666666666687 12.500000000000002 2.5000000000000004
decision_type=2 2 2 8 2 2 2 2 2 2 2 2 2 10 2 2 2 10 2 2 2 2 2 10 2 2 2 10 2 2
left_child=13 2 3 10 -4 12 -7 9 -5 -8 -2 -12 -6 -1 -15 16 18 -18 28 -20 21 25 23 24 -23 -21 29 -28 -16 -17
right_child=1 -3 4 8 5 6 7 -9 -10 -11 11 -13 -14 14 15 26 17 -19 19 20 -22 22 -24 -25 -26 -27 27 -29 -30 -31
leaf_value=-0.022317600274161742 -0.028741704115723271 -0.3665874310771825 -0.46059807317846641 -0.2804418386054644 0.070336352830054238 0.87900632662924727 -0.65994953536215784 0.36461748034473251 0.4923562699123174 0.53366990619235577 0.19177433837568411 1.1525669146417863 -1.1635043946760042 0.041549576748878471 0.28125335126757051 0.86285286874084166 0.36211020705066149 2.2223935811448907 -0.22468104758367824 0.030694233344840834 0.023589909432012078 0.55128088994624924 -0.19503478977954791 1.539963708605085 -0.4549635571995001 -1.2529506491679774 0.077556703601564692 -1.1088817899835479 -0.051238173315028571 -0.45137948176513121
leaf_weight=69029 1271 694 329 138 64 173 197 419 1379 63 441 84 70 34501 624 59 79 59 754 345 3017 1162 178 77 87 51 70 194 21396 84
leaf_count=69029 1271 694 329 138 64 173 197 419 1379 63 441 84 70 34501 624 59 79 59 754 345 3017 1162 178 77 87 51 70 194 21396 84
internal_value=-0.000151931 0.0959559 0.165317 0.23698 -0.0152293 0.133377 0.244664 0.0830425 0.422056 -0.370726 0.0806556 0.345501 -0.574207 -0.00403371 0.0160839 -0.0150321 -0.0081837 1.15745 -0.0139927 0.094043 0.142918 0.332398 0.455364 0.542673 0.48119 -0.134624 -0.483296 -0.794296 -0.0418161 0.0908562
internal_weight=137088 5322 4628 3313 1315 986 852 679 1517 260 1796 525 134 131766 62737 28236 27829 138 27691 5671 4917 1900 1504 1326 1249 396 407 264 22020 143
internal_count=137088 5322 4628 3313 1315 986 852 679 1517 260 1796 525 134 131766 62737 28236 27829 138 27691 5671 4917 1900 1504 1326 1249 396 407 264 22020 143
is_linear=0
shrinkage=0.05


Tree=100
num_leaves=31
num_cat=0
split_feature=5 9 13 9 13 11 13 12 10 5 12 14 3 14 10 14 1 5 12 12 14 11 11 0 12 0 5 13 6 14
split_gain=19845.6 34317.6 22633 22388.9 43421.4 32792.8 35588.9 117158 67173.2 49332.9 49698.6 29219.2 34617.1 27903.7 27686.1 26901.2 25710.9 24661.6 60479.5 26520.3 38089.5 26987.1 31705.9 30862.7 23073.8 71245.3 52627.1 69416.3 40806.6 37715.8
threshold=129.43500000000003 1352.5000000000002 0.95688340256707793 402.50000000000006 -0.81915204428899169 279.81633400917059 -0.35222909080468495 0.56457333468532445 85.441666666666691 160.95833333333337 0.74455857214455079 5.5000000000000009 146.96333333333337 5.5000000000000009 105.88333333333334 1.0000000180025095e-35 -0.46666666666666617 254.43166666666667 0.29026740676763302 -0.61734245059638981 1.0000000180025095e-35 290.57915931616486 87.340591907501036 173.82000000000002 -0.63435554093529889 214.66000000000005 169.94666666666669 0.18436924984152961 9.9598122772413742 4.5000000000000009
decision_type=2 2 2 2 2 2 2 2 8 2 2 2 2 2 8 2 10 2 2 2 2 2 2 2 2 2 2 2 2 2
left_child=-1 3 -3 14 15 6 7 11 16 13 -11 12 -6 -10 -2 -5 -9 19 -19 20 -16 22 -21 -23 25 26 28 -28 -8 -27
right_child=1 2 -4 4 5 -7 24 8 9 10 -12 -13 -14 -15 17 -17 -18 18 -20 21 -22 23 -24 -25 -26 29 27 -29 -30 -31
leaf_value=-0.019059856802488256 -0.0081258631612411581 -0.15221224543852352 -0.85655986944410378 -1.2021314394624927 -0.26730364502208043 -0.46958800390307354 0.51762047917228005 0.73342113332705994 0.73968739890999302 0.39271009661934597 2.2574157563494701 0.52467402676741282 -1.2430035313850063 -0.35709142102038161 -0.35597340599656691 -0.2170749105196611 0.15848303801043498 1.578273623933395 -0.13198201744151969 -0.061951218379133803 0.38568350700186377 -0.17915415684481961 0.33631878568449242 -1.4728579688250709 0.039844308599275603 0.32622703737739861 -1.4287144607031033 -0.015759402070744118 -0.064487081764371332 1.429984666236553
leaf_weight=68936 40656 1568 123 79 224 269 697 223 394 55 102 60 153 68 203 565 1519 96 112 1649 1176 199 717 60 15864 145 114 366 530 166
leaf_count=68936 40656 1568 123 79 224 269 697 223 394 55 102 60 153 68 203 565 1519 96 112 1649 1176 199 717 60 15864 145 114 366 530 166
internal_value=-0.000144335 0.0189888 -0.203445 0.0246483 0.0664809 0.0789124 0.0860472 0.251867 0.391063 0.838465 1.60417 -0.500172 -0.663277 0.578257 0.0045161 -0.337913 0.232083 0.126542 0.657367 0.0989663 0.276506 0.00569899 0.0587418 -0.478854 0.0601014 0.219347 0.0925377 -0.351336 0.26618 0.915371
internal_weight=137088 68152 1691 66461 21593 20949 20680 2798 2361 619 157 437 377 462 44868 644 1742 4212 208 4004 1379 2625 2366 259 17882 2018 1707 480 1227 311
internal_count=137088 68152 1691 66461 21593 20949 20680 2798 2361 619 157 437 377 462 44868 644 1742 4212 208 4004 1379 2625 2366 259 17882 2018 1707 480 1227 311
is_linear=0
shrinkage=0.05


Tree=101
num_leaves=31
num_cat=0
split_feature=5 2 13 10 12 3 11 4 2 6 9 11 14 9 13 12 2 5 9 7 12 0 11 13 9 14 10 13 6 10
split_gain=19001 19517.1 17292.4 38063.2 28673.2 17219.3 29546.2 19292.9 19430 16794.1 34656.2 45300.6 56591.2 41110.4 69334.3 50010 48916.8 50199 40678.1 39563.3 35509.7 34611.2 104437 53494.7 50369.8 34026.1 35707.1 34995.1 33559.2 47442.5
threshold=103.90166666666669 1.5666666666666667 -0.83146961230254512 108.45 0.076279435988900648 86.103333333333353 71.096237003803211 4.6504050000867574 0.45333333333333342 7.0953023277710567 82.500000000000014 73.482060432434039 3.5000000000000004 222.50000000000003 -0.60003553868615123 -0.35222909080468484 -0.34933333333333244 173.92000000000002 722.50000000000011 0.19500000000000003 -0.24825246871434756 165.02000000000004 99.549508844903343 -0.17364817766693072 1162.5000000000002 5.5000000000000009 95.575000000000017 -0.99512551815703254 1.9088105131963071 79.508333333333354
decision_type=2 8 2 8 2 2 2 2 10 2 2 2 2 2 2 2 10 2 2 2 2 2 2 2 2 2 10 2 2 10
left_child=1 2 3 4 5 6 -1 -8 -9 10 11 12 -2 -12 16 19 -15 18 -18 -16 -13 -17 24 -24 -23 -22 27 -27 29 -20
right_child=9 -3 -4 -5 -6 -7 7 8 -10 -11 13 20 -14 14 15 21 17 -19 28 -21 25 22 23 -25 -26 26 -28 -29 -30 -31
leaf_value=-0.4294001390438269 0.80443020597292447 0.34288196442926122 -0.081449869296108507 -0.31318409521730972 -0.091433168220107497 0.095236364291837405 0.67077572767577642 -0.27561533325775106 0.74094964322978507 -0.013698928268928988 -0.070220567224442407 -0.016909053217493482 -0.083150500939377869 -0.2287311582656594 0.11840949791799936 -0.031970155598696016 0.087980614164021476 1.400706970691681 0.44863991099578071 1.4293057335347967 0.15249971358864739 0.090156021922197363 2.1703317750902738 0.56206173707350071 -1.2104190741518612 2.0191275540265172 -0.55266356097132563 0.62996061260328284 0.27734264777002016 1.4738223752283282
leaf_weight=101 504 319 13969 741 1770 2506 454 132 73 51758 12094 3602 279 555 7530 29869 2083 96 415 58 2213 3640 85 132 76 55 51 258 1515 155
leaf_count=101 504 319 13969 741 1770 2506 454 132 73 51758 12094 3602 279 555 7530 29869 2083 96 415 58 2213 3640 85 132 76 55 51 258 1515 155
internal_value=-0.000137118 -0.0450918 -0.0513596 0.0213999 0.0706308 0.158461 0.366935 0.488984 0.086381 0.0075709 0.0244388 0.129877 0.488166 0.0118483 0.0333277 0.0124294 0.212822 0.270294 0.244258 0.12843 0.0844751 -0.0136107 0.125819 1.19203 0.0635565 0.226185 0.674165 0.874063 0.400385 0.727418
internal_weight=137088 20065 19746 5777 5036 3266 760 659 205 117023 65265 6962 783 58303 46209 41390 4819 4264 4168 7588 6179 33802 3933 217 3716 2577 364 313 2085 570
internal_count=137088 20065 19746 5777 5036 3266 760 659 205 117023 65265 6962 783 58303 46209 41390 4819 4264 4168 7588 6179 33802 3933 217 3716 2577 364 313 2085 570
is_linear=0
shrinkage=0.05


Tree=102
num_leaves=31
num_cat=0
split_feature=3 1 12 14 0 2 6 9 10 12 1 11 8 1 4 2 12 10 10 11 11 5 10 6 8 13 10 12 5 6
split_gain=18516.2 17848.7 30054.4 35916.6 32641 29393.3 23454.8 21513.2 24754.2 24409.4 20584.5 20225.1 27801 19415.8 21874.9 19221.9 18926.4 18786.8 18192.9 24346.9 22478.1 25677.4 27758.9 27523.1 21748.2 43228.9 36173.3 24518.8 22854 29139.5
threshold=45.906666666666673 1.5768888888888892 0.93585024503435366 3.5000000000000004 175.82000000000002 0.91866666666666708 11.130736859160267 57.500000000000007 63.470833333333346 0.58244304235731448 0.12799999999999967 115.42819994850002 70.250000000000014 1.2613333333333341 14.897367100510582 0.94933333333333381 0.95032354012166642 81.606250000000017 65.308333333333351 79.859723976000012 49.308840209500012 128.8416666666667 83.083333333333357 37.345984246274824 92.500000000000014 -0.95032354012166609 99.683333333333351 -0.97854064376158167 194.84000000000003 27.86885607764982
decision_type=2 10 2 2 2 10 2 2 8 2 10 2 2 10 2 10 2 8 8 2 2 2 10 2 2 2 8 2 2 2
left_child=-1 5 6 -4 -5 10 15 16 -9 11 -2 13 -13 -10 -15 -3 -7 -11 -8 20 -20 -22 23 -23 27 -26 -27 -21 29 -29
right_child=1 2 3 4 -6 7 18 8 9 17 -12 12 -14 14 -16 -17 -18 -19 19 24 21 22 -24 -25 25 26 -28 28 -30 -31
leaf_value=-0.29233853173062757 -0.010957402162706369 0.15480152224125859 -1.1808099408382551 -0.76194544075323012 0.90985987733622076 -0.3055640796102313 -0.3753117511074664 -0.54952234217619644 0.042173160020577249 0.1713979224204894 0.033171360067482711 -0.26170873248978177 0.31994048989044049 0.66444279545338347 -0.067810946468009878 0.66471795301319281 0.66456729564591888 -0.55635531989588261 -0.39684349809439207 -0.53007272234282465 0.057275068607702054 0.67064218516522034 1.5192236360869831 -0.53439421600529124 1.2242716670170561 0.16791246885567956 1.4959506622462904 0.040907873162087868 0.16791246885567956 -0.39739638920645326
leaf_weight=540 88235 432 100 56 61 1515 217 235 1421 121 37725 914 265 302 154 323 52 332 92 216 279 308 79 56 111 292 53 1677 435 490
leaf_count=540 88235 432 100 56 61 1515 217 235 1421 121 37725 914 265 302 154 323 52 332 92 216 279 308 79 56 111 292 53 1677 435 490
internal_value=-0.000130262 0.00102532 0.091187 -0.485016 0.10968 -0.00259911 0.115898 -0.117822 -0.0527188 -0.0194476 0.00225916 0.031325 -0.130973 0.13327 0.417147 0.372951 -0.273371 -0.361966 0.0708162 0.0944977 0.339214 0.433006 0.66964 0.485252 0.0336549 0.354009 0.167912 -0.0181838 0.0243097 -0.0582011
internal_weight=137088 136548 5277 217 117 131271 5060 5311 3744 3509 125960 3056 1179 1877 456 755 1567 453 4305 4088 814 722 443 364 3274 456 345 2818 2602 2167
internal_count=137088 136548 5277 217 117 131271 5060 5311 3744 3509 125960 3056 1179 1877 456 755 1567 453 4305 4088 814 722 443 364 3274 456 345 2818 2602 2167
is_linear=0
shrinkage=0.05


Tree=103
num_leaves=31
num_cat=0
split_feature=5 9 13 14 12 10 12 10 13 9 14 14 11 3 3 10 0 3 11 5 14 10 6 0 5 8 13 13 10 10
split_gain=17772.9 23823.3 21511.7 20395.4 25483.6 22090.7 19661.4 39968.2 59444.8 59512.5 50978.7 29837.1 35696.2 37809.9 57915.6 52295.5 32407.1 27050.1 23955.4 21897.7 34298.4 45751 30814.1 33679.6 28793.2 28763.9 45056.6 30032.9 26924.1 23285.8
threshold=134.04500000000002 1332.5000000000002 0.96298784033749851 1.0000000180025095e-35 0.61734245059639015 78.183333333333351 0.88186879444286481 79.741666666666688 -0.19509032201612839 1027.5000000000002 2.5000000000000004 1.0000000180025095e-35 146.87616002650003 159.14333333333337 145.23000000000005 92.836666666666687 153.22000000000003 152.23666666666671 89.826647907495598 264.46333333333337 5.5000000000000009 85.136666666666699 31.448249601831254 127.38000000000001 294.63333333333338 70.250000000000014 -0.84915165824291594 -0.96863394805116465 95.808333333333351 91.680555555555557
decision_type=2 2 2 2 2 10 2 8 2 2 2 2 2 2 2 8 2 2 2 2 2 8 2 2 2 2 2 2 10 8
left_child=-1 6 3 4 -3 -5 19 18 9 11 -11 16 13 14 -13 -15 -9 -16 -8 22 28 -22 -2 -24 -23 26 -25 -27 29 -21
right_child=1 2 -4 5 -6 -7 7 8 -10 10 -12 12 -14 15 17 -17 -18 -19 -20 20 21 24 23 25 -26 27 -28 -29 -30 -31
leaf_value=-0.016135875881762959 0.015735471664704712 1.3259633363439489 -0.90722887037223898 -0.039905164756766844 -0.25497189021110533 -0.48873049099838139 0.049233758304008342 0.17328580413013697 0.042339022600920914 0.35602268835560225 2.245791744042275 0.24991074574426708 -0.056642809644094884 0.71150009513625667 2.6311608228358359 -0.84112807299898962 1.6484862607181743 1.0898182790915845 -0.3600485896677128 0.25061957142827995 -1.0492666993141175 -0.49551100371640988 0.2979313995319981 -0.68925667791650991 0.73187442687603665 1.0981655030200879 -0.14099006879523587 -0.059178848984220656 -0.26863902009211443 0.79174235004535387
leaf_weight=76520 46474 52 95 853 50 404 5184 64 1446 61 86 117 423 144 55 87 89 59 384 1291 125 87 333 591 106 66 1024 372 211 235
leaf_count=76520 46474 52 95 853 50 404 5184 64 1446 61 86 117 423 144 55 87 89 59 384 1291 125 87 333 591 106 66 1024 372 211 235
internal_value=-0.000118806 0.0201167 -0.179829 -0.128981 0.550995 -0.184158 0.0250347 0.0968927 0.257489 0.520027 1.4616 0.386682 0.275221 0.57907 1.0314 0.126744 1.03141 1.83345 0.0210074 0.0134632 0.173352 -0.304054 0.00673846 -0.168503 0.178597 -0.24416 -0.341625 0.115216 0.260752 0.333951
internal_weight=137088 60568 1454 1359 102 1257 59114 8199 2631 1185 147 1038 885 462 231 231 153 114 5568 50915 2055 318 48860 2386 193 2053 1615 438 1737 1526
internal_count=137088 60568 1454 1359 102 1257 59114 8199 2631 1185 147 1038 885 462 231 231 153 114 5568 50915 2055 318 48860 2386 193 2053 1615 438 1737 1526
is_linear=0
shrinkage=0.05


Tree=104
num_leaves=31
num_cat=0
split_feature=1 12 14 0 2 6 1 2 9 9 13 11 13 10 3 4 13 12 4 5 11 13 14 8 6 0 4 5 12 12
split_gain=16740 27215 31781.1 29164 25690.5 21008.8 19396 29154.4 25861.4 42464.9 36639.7 31783.4 30807.7 38098 36287.1 26782.7 29526 26442.3 44680.3 35142.9 40909.3 35258.6 30126.3 29061.8 25835.4 25242.5 28607 23128.9 37856.6 22104.1
threshold=1.5768888888888892 0.93585024503435366 3.5000000000000004 175.82000000000002 0.91866666666666708 11.130736859160267 0.43999999999999989 0.24666666666666712 77.500000000000014 172.50000000000003 -0.98279651670771917 65.854592919349486 -0.98279651670771917 72.872222222222248 151.25666666666669 9.3840289854636172 0.78661891169205844 -0.13052619222005171 21.565028257719671 105.67694444444446 178.95372528020729 -0.47136869107721074 5.5000000000000009 40.250000000000007 7.0212193536539065 158.82000000000002 3.827618929134037 208.80166666666668 0.032717136199948427 0.9195955058153672
decision_type=10 2 2 2 10 2 10 10 2 2 2 2 2 8 2 2 2 2 2 2 2 2 2 2 2 2 2 2 2 2
left_child=4 5 -3 -4 6 -2 7 8 17 10 -10 15 13 14 -13 16 -11 -1 19 -19 21 23 -23 24 -21 26 -15 28 -27 -22
right_child=1 2 3 -5 -6 -7 -8 -9 9 11 -12 12 -14 25 -16 -17 -18 18 -20 20 29 22 -24 -25 -26 27 -28 -29 -30 -31
leaf_value=0.017101005763842752 0.35404926406379966 -1.1095650381823579 -0.72278117689171006 0.85747610271954144 -0.11133933912382594 0.068102302614433702 0.05290090800189047 -0.084287844743254195 -0.32861566915021356 -0.002222413089581154 -0.056302561861529099 0.42838425915837286 0.026906485333566918 0.19178532839841911 1.6760485292344853 0.2298696954821815 -0.10846212528007167 -0.16472035104630295 1.2666004896325911 0.36973402067429245 -0.22959454902459953 -0.18184014235959547 0.92864430706415857 0.56693074838199975 -0.10039398660338038 1.9141100515553262 -0.19141849078542245 0.1729622072860843 0.21983829103461605 0.81118940753596169
leaf_weight=7323 755 101 56 61 5311 4305 15713 10854 1339 20070 15942 375 37739 1389 69 972 9701 715 92 339 573 479 70 1197 427 64 750 183 68 56
leaf_count=7323 755 101 56 61 5311 4305 15713 10854 1339 20070 15942 375 37739 1389 69 972 9701 715 92 339 573 479 70 1197 427 64 750 183 68 56
internal_value=-0.000112866 0.0872019 -0.459797 0.101114 -0.00360917 0.110768 0.000913832 -0.0064596 0.00199363 -0.00707535 -0.0774025 0.00995074 0.0389705 0.196074 0.622278 -0.0284085 -0.0368411 0.0733329 0.177635 0.151654 0.223672 0.313966 -0.0402483 0.413031 0.172537 0.118961 0.0574221 0.536839 1.0413 -0.136933
internal_weight=137088 5278 218 117 131810 5060 126499 110786 99932 88661 17281 71380 40637 2898 444 30743 29771 11271 3948 3856 3141 2512 549 1963 766 2454 2139 315 132 629
internal_count=137088 5278 218 117 131810 5060 126499 110786 99932 88661 17281 71380 40637 2898 444 30743 29771 11271 3948 3856 3141 2512 549 1963 766 2454 2139 315 132 629
is_linear=0
shrinkage=0.05


Tree=105
num_leaves=31
num_cat=0
split_feature=5 9 7 9 13 10 13 6 13 9 0 12 10 13 12 1 12 10 4 9 9 9 12 9 12 10 2 13 0 11
split_gain=16849.5 26172.1 29685.2 29392.5 73381.4 21715.2 21267.4 23074 32611.6 21382.3 49350.8 28104.3 26518.3 28204.1 21293.1 45982 41317.3 38359.6 27910.3 26721.4 32962 22893.4 24547.3 30133.8 21887.3 25001.2 20193.8 20083 19937.6 18265.9
threshold=114.31833333333336 1322.5000000000002 0.21000000000000005 1212.5000000000002 -0.39271506111191329 101.81666666666668 0.91080963307804863 3.5539376362200139 -0.98990318592078541 697.50000000000011 90.346666666666678 -0.78661891169205822 51.350000000000016 0.032717136199948357 -0.098011308799811112 1.1733333333333336 -0.91959550581536686 69.270833333333357 6.3015003479382594 267.50000000000006 92.500000000000014 72.500000000000014 0.21643961393810304 1437.5000000000002 -0.58244304235731426 90.466666666666683 0.026666666666666814 0.32143946530316164 77.620000000000019 104.78408625731805
decision_type=2 2 2 2 2 8 2 2 2 2 2 2 10 2 2 10 2 10 2 2 2 2 2 2 2 10 10 2 2 2
left_child=6 3 -3 -2 5 26 7 8 -1 11 -11 12 13 -10 15 24 17 -17 -16 20 -18 -20 23 -23 -9 -26 -5 -12 -27 -30
right_child=1 2 -4 4 -6 -7 -8 14 9 10 27 -13 -14 -15 18 16 19 -19 21 -21 -22 22 -24 -25 25 28 -28 -29 29 -31
leaf_value=0.2972385318991364 0.013939566529630576 -0.1455010514668727 0.99551639577438089 0.94859880481001957 -0.17876771565902383 0.3228728349230463 -0.14254359486377452 -0.089411139433070885 0.19783945141486753 -0.12495408247020229 0.34238626871558364 -0.076420703475094137 0.069115502195840908 1.5218119705716768 -0.055941092734384773 1.0122118125943576 0.50121030362948293 -0.49398379066152132 -0.52754775125434172 0.94876000205479061 -0.24355904516675669 -0.24383887370339538 -0.076510801986087285 -1.2973966187115797 -0.016121319701284883 1.2656726460246479 2.1437715303276978 0.033336880477694585 -0.36103904077382848 0.3439629871899692
leaf_weight=1062 94193 3315 58 86 238 62 3663 7259 103 1410 1690 7693 2679 66 6095 51 554 247 594 202 203 226 1395 97 2216 51 60 763 107 650
leaf_count=1062 94193 3315 58 86 238 62 3663 7259 103 1410 1690 7693 2679 66 6095 51 554 247 594 202 203 226 1395 97 2216 51 60 763 107 650
internal_value=-8.90988e-05 0.0109792 -0.125881 0.015857 0.420801 1.10685 -0.027851 -0.0159876 0.0298477 0.0101331 0.110765 -0.0267458 0.107436 0.714894 -0.0515261 -0.00743327 0.278032 -0.236212 -0.112051 0.437829 0.30149 -0.25997 -0.167455 -0.560232 -0.0423287 0.0706909 1.43977 0.246257 0.30878 0.244313
internal_weight=137088 98012 3373 94639 446 208 39076 35413 15466 14404 3863 10541 2848 169 19947 11540 1257 298 8407 959 757 2312 1718 323 10283 3024 146 2453 808 757
internal_count=137088 98012 3373 94639 446 208 39076 35413 15466 14404 3863 10541 2848 169 19947 11540 1257 298 8407 959 757 2312 1718 323 10283 3024 146 2453 808 757
is_linear=0
shrinkage=0.05


Tree=106
num_leaves=31
num_cat=0
split_feature=5 9 13 9 13 0 12 1 10 3 6 1 12 6 5 12 10 11 12 10 9 10 8 10 1 12 13 12 11 14
split_gain=16072.3 16209.6 38016.2 37500.1 45373.2 37642.9 36664.2 34523.5 37792.6 31161.6 30957.6 30602.4 46798.6 30700.5 29944.7 46001.7 41394.8 71514.1 33370 29870.5 29849.6 28978.5 45464.3 28744.8 27749.7 37550 27729.2 27551.6 52537.7 44028
threshold=46.57694444444445 202.50000000000003 0.80644460426748255 92.500000000000014 0.21643961393810271 265.42000000000002 -0.22706275313213778 1.4013333333333338 87.941666666666677 216.69222222222223 2.5886137625341274 0.80800000000000083 -0.03271713619994817 22.27295887039104 147.45444444444448 0.87137607974597331 100.51666666666667 56.585518416500015 -0.87137607974597275 80.070833333333354 637.50000000000011 66.916666666666686 56.70000000000001 72.00277777777778 2.6839999999999997 0.66746801135786471 0.45201865172701733 0.45201865172701788 173.72042959681445 3.5000000000000004
decision_type=2 2 2 2 2 2 2 10 8 2 2 10 2 2 2 2 8 2 2 10 2 10 2 8 10 2 2 2 2 2
left_child=-1 3 11 10 6 -6 7 8 9 -5 -2 13 -13 -3 15 16 18 -18 -12 -7 -4 22 -16 -17 -20 -26 -19 -23 29 -29
right_child=1 2 20 4 5 19 -8 -9 -10 -11 14 12 -14 -15 21 23 17 26 24 -21 -22 27 -24 -25 25 -27 -28 28 -30 -31
leaf_value=-0.27232674535915807 0.19461177253625006 0.031697028623850404 -0.01196796650322747 -0.13918115687347229 0.018748773256208853 0.12084330907464028 -0.1837944975334326 -0.54745422127406773 0.089381317530854654 0.31911261565234494 -0.16826208866461331 0.32392956018039021 -0.045030606350897312 -0.21362294733795514 -0.51410524457747708 0.37962331274693661 1.2680080919114709 0.20260720238940044 -0.0092766979414940845 1.8406588077545167 -0.15821807254117831 0.050979598089575306 0.17556329686747141 -0.4823542948814572 0.74101914659653223 -0.68216614150687271 -0.36786004946194595 0.19175347284432881 -0.12742028939058023 0.71159547041631288
leaf_weight=540 2371 56078 16101 5450 9274 50 8314 328 4144 398 3815 2154 1430 1305 484 110 147 1440 9753 51 4454 4761 472 801 248 57 250 980 631 697
leaf_count=540 2371 56078 16101 5450 9274 50 8314 328 4144 398 3815 2154 1430 1305 484 110 147 1440 9753 51 4454 4761 472 801 248 57 250 980 631 697
internal_value=-8.46437e-05 0.000991979 0.0151453 -0.0199765 -0.0605154 0.0292045 -0.105655 -0.0427034 -0.0261343 -0.107991 0.0220509 0.034971 0.176716 0.026118 0.00545014 -0.0328456 -0.0128147 0.210227 -0.0423489 0.989265 -0.0436585 0.0847665 -0.173599 -0.378274 0.00540999 0.475047 0.118219 0.119707 0.261481 0.407812
internal_weight=137088 136548 81522 55026 28009 9375 18634 10320 9992 5848 27017 60967 3584 57383 24646 16621 15710 1837 13873 101 20555 8025 956 911 10058 305 1690 7069 2308 1677
internal_count=137088 136548 81522 55026 28009 9375 18634 10320 9992 5848 27017 60967 3584 57383 24646 16621 15710 1837 13873 101 20555 8025 956 911 10058 305 1690 7069 2308 1677
is_linear=0
shrinkage=0.05


Tree=107
num_leaves=31
num_cat=0
split_feature=5 7 12 12 14 6 9 13 10 11 6 12 2 10 10 5 14 6 5 12 0 6 11 9 10 1 14 12 12 14
split_gain=15590.3 35976.9 35747.9 45961.4 32864.2 43936 31207.4 49865.1 38385.7 37110.3 31934.7 25918.9 25305.2 23428.3 23001.3 22489 26689.5 34499.1 43517.1 20611.4 19992.5 18843.3 17039.5 38359.6 34494 30910.7 26050.1 24867.4 22983.4 20711
threshold=172.88166666666669 42.500000000000007 0.56457333468532445 0.6993099184844086 3.5000000000000004 37.345984246274824 157.50000000000003 -0.97381903846659723 64.779166666666683 104.09309995174402 14.631942430845232 0.78661891169205866 -1.3999999999999995 97.950000000000003 118.28333333333335 184.77166666666668 5.5000000000000009 28.894027378859501 232.36000000000004 0.90159026428466926 183.18000000000004 33.096442698950163 68.725355279000013 1312.5000000000002 65.550000000000026 -1.3413333333333328 2.5000000000000004 -0.97854064376158167 -0.98279651670771895 4.5000000000000009
decision_type=2 2 2 2 2 2 2 2 10 2 2 2 10 10 10 2 2 2 2 2 2 2 2 2 10 10 2 2 2 2
left_child=-1 6 -3 -4 19 -6 7 10 -9 11 13 20 -12 -2 22 21 -17 18 -18 -5 -10 -11 24 25 -8 28 -25 -26 -24 -29
right_child=1 2 3 4 5 -7 14 8 9 15 12 -13 -14 -15 -16 16 17 -19 -20 -21 -22 -23 23 26 27 -27 -28 29 -30 -31
leaf_value=-0.0073195964316718687 -1.0399708238977288 0.16906464131473853 1.8609166628297638 0.16906464131473853 1.5569591674539778 0.16906464131473853 0.14160351123970602 -0.35000691698580388 -0.12354973810843102 0.16906464131473853 -0.68154937396905613 -0.80172639532365675 0.10848100792903166 0.09066182880529336 -0.93043393905748406 -0.10548040813747413 -0.50560781459718085 0.16906464131473853 -2.1833800315856933 1.1253727194111227 0.16906464131473853 -0.8031369111090898 -1.1332682366641063 0.16906464131473853 -1.0450914802758591 0.16906464131473853 -0.97787580997791401 -0.18077852522242333 -0.061870779778671919 0.10323135484536068
leaf_weight=115752 252 653 68 176 117 53 2656 755 591 681 157 69 286 56 57 2205 130 67 55 59 2169 50 53 61 69 5896 129 1894 901 971
leaf_count=115752 252 653 68 176 117 53 2656 755 591 681 157 69 286 56 57 2205 130 67 55 59 2169 50 53 61 69 5896 129 1894 901 971
internal_value=-8.04115e-05 0.0391936 0.314261 0.658073 0.456114 0.993441 0.0238682 -0.056818 -0.0139499 0.0282178 -0.443373 0.160034 -0.171507 -0.834401 0.0717127 -0.0887548 -0.16119 -0.648653 -1.0044 0.169065 0.169065 0.154712 0.0762354 0.127986 0.011061 0.147424 -0.572806 -0.107113 -0.121393 -0.0845225
internal_weight=137088 21336 1126 473 405 170 20210 7523 6772 6017 751 2829 443 308 12687 3188 2457 252 185 235 2760 731 12630 7040 5590 6850 190 2934 954 2865
internal_count=137088 21336 1126 473 405 170 20210 7523 6772 6017 751 2829 443 308 12687 3188 2457 252 185 235 2760 731 12630 7040 5590 6850 190 2934 954 2865
is_linear=0
shrinkage=0.05


Tree=108
num_leaves=31
num_cat=0
split_feature=5 9 10 14 10 10 13 11 10 13 6 6 13 9 5 11 10 5 11 12 12 12 13 9 9 4 9 3 13 4
split_gain=15320.8 41057.9 28960.7 29902.5 36120.4 24587.6 23749.3 21041.3 20354.6 18367.4 16117.1 15694.2 32596.8 50353.3 41626.8 121360 59899.2 33184.1 49812 74409.7 29736.4 26708.4 33501.1 27037.2 43322.7 30710 23941.1 27767.7 23198.5 33603.2
threshold=264.46333333333337 1082.5000000000002 109.45 5.5000000000000009 85.136666666666699 98.616666666666688 -0.83146961230254512 69.078945815563173 80.470833333333346 0.65106671239330416 12.337187440352707 4.9879029417258645 -0.61734245059638992 717.50000000000011 150.19166666666669 93.262063682079287 74.670833333333348 198.1866666666667 99.549508844903343 -0.78661891169205822 -0.48098876891938752 -0.63435554093529889 -0.054511258297739423 392.50000000000006 772.50000000000011 1.4199812202571034 1122.5000000000002 211.30000000000004 -0.92794370089704259 7.010913395080995
decision_type=2 2 8 2 10 10 2 2 10 2 2 2 2 2 2 2 8 2 2 2 2 2 2 2 2 2 2 2 2 2
left_child=11 2 3 5 8 7 -6 9 -5 -2 -7 12 13 20 -15 16 -16 21 -19 -20 -1 22 -14 -24 25 -25 -13 28 29 -28
right_child=1 -3 -4 4 6 10 -8 -9 -10 -11 -12 26 17 14 15 -17 -18 18 19 -21 -22 -23 23 24 -26 -27 27 -29 -30 -31
leaf_value=-0.10583192774447006 0.34154873458668589 -1.000373746977224 0.74568247860575576 -0.35485719011889566 1.0121992187679938 0.18703692309996661 -0.43472365434052512 0.34021116087078251 -1.6258599940036971 -0.46444284600357327 -0.97810564616196594 -0.010927744240634633 -0.033463643428258194 0.22275191780813575 1.5342256755828858 2.7892079167895849 -0.62420504662725662 0.12527035361320971 0.061641736874400194 2.1871557406232327 0.08927678507263527 -0.028368725558450242 0.081230928340972397 0.13334514242774451 -0.079125208114158227 0.72080392714764463 -0.1418652632560419 0.51853179419776063 -0.093082013475522543 -0.75373384941409793
leaf_weight=2697 120 77 201 63 53 51 61 1196 63 172 71 70105 5098 2544 50 63 90 801 86 79 7078 36521 4490 341 443 640 575 154 2737 368
leaf_count=2697 120 77 201 63 53 51 61 1196 63 172 71 70105 5098 2544 50 63 90 801 86 79 7078 36521 4490 341 443 640 575 154 2737 368
internal_value=7.13798e-06 0.133122 0.175677 0.113746 -0.406903 0.191359 0.237969 0.247308 -0.990359 -0.133213 -0.491038 -0.00209177 0.0166769 0.0885966 0.277733 0.966763 0.146663 -0.00189208 0.288228 1.07931 0.0354447 -0.00778811 0.0604669 0.141437 0.331273 0.516601 -0.0175814 -0.139243 -0.16677 -0.380643
internal_weight=137088 2128 2051 1850 240 1610 114 1488 126 292 122 134960 61021 12522 2747 203 140 48499 966 165 9775 47533 11012 5914 1424 981 73939 3834 3680 943
internal_count=137088 2128 2051 1850 240 1610 114 1488 126 292 122 134960 61021 12522 2747 203 140 48499 966 165 9775 47533 11012 5914 1424 981 73939 3834 3680 943
is_linear=0
shrinkage=0.05


Tree=109
num_leaves=31
num_cat=0
split_feature=5 2 9 11 12 10 11 8 13 12 12 2 9 13 12 6 2 13 6 11 3 10 12 10 7 2 13 5 0 11
split_gain=15171 16652.1 14373.8 24672.5 27978.4 23028.3 35698.4 38382.9 59838.4 62365.7 49383.7 38412.2 31222.3 26358.9 28065.1 33606.5 24461.6 24298 45902.2 25600.6 23399.5 34510.9 42821.1 22818.7 39596.1 31537.4 30784.4 25954.6 29413.4 45705.9
threshold=103.90166666666669 1.5666666666666667 327.50000000000006 99.549508844903343 0.98658463173998445 66.916666666666686 106.79841173057153 60.375000000000007 -0.50938662908026078 0.35222909080468517 0.39271506111191362 -1.3999999999999995 282.50000000000006 -0.89194178735545482 -0.14132478920498429 6.4048277183102158 1.6499999999999997 0.098011308799811445 33.096442698950163 78.313761562500019 121.72222222222224 80.737500000000011 -0.15212338618991697 95.036666666666676 293.00000000000006 0.52400000000000035 0.66746801135786471 236.86833333333337 188.90000000000003 290.57915931616486
decision_type=2 8 2 2 2 8 2 2 2 2 2 10 2 2 2 2 10 2 2 2 2 10 2 8 2 10 2 2 2 2
left_child=1 -1 5 -4 -5 -2 7 10 9 20 17 -11 23 14 15 -14 -12 18 -7 -20 21 22 -9 25 27 26 -8 28 -25 -30
right_child=2 -3 3 4 -6 6 12 8 -10 11 16 -13 13 -15 -16 -17 -18 -19 19 -21 -22 -23 -24 24 -26 -27 -28 -29 29 -31
leaf_value=-0.045951942891483445 -0.088260492133303642 0.31820602451340185 0.0092191238495857933 0.11596005354391831 -0.23633300165402826 0.00040795425113481111 -0.065811895484487182 0.44406109411726924 0.088952976060121522 1.7062651414294832 -0.15941274159629315 0.5196386794764376 0.49035321421606448 0.08577502534337586 0.19455264841603956 2.1825870985984803 -0.95706463217735294 0.088952976060121522 0.029804309362020248 -1.0796085972434435 0.088952976060121522 0.088952976060121522 2.0942943428751701 -0.00056055266442436294 1.226835365155164 -0.18748581904278591 0.13511946561156749 -0.39872058477170397 0.38551987508677593 -1.1132966443344399
leaf_weight=19746 7943 319 40089 9791 598 8201 15179 114 2307 72 2475 1292 71 1436 171 50 100 9936 78 156 1513 129 60 7095 68 4627 2180 362 876 54
leaf_count=19746 7943 319 40089 9791 598 8201 15179 114 2307 72 2475 1292 71 1436 171 50 100 9936 78 156 1513 129 60 7095 68 4627 2180 362 876 54
internal_value=6.78127e-06 -0.0401624 0.00689428 0.0270142 0.0956818 -0.00836778 0.00246099 0.045512 0.163232 0.326782 0.0146743 0.582276 -0.0329137 0.173834 0.606894 1.18962 -0.19039 0.0434174 -0.0192944 -0.709804 0.134881 0.542503 1.01311 -0.0446499 0.0251577 -0.0714953 -0.0405783 0.0154147 0.034096 0.298492
internal_weight=137088 20065 117023 50478 10389 66545 58602 26433 5487 3180 20946 1364 32169 1728 292 121 2575 18371 8435 234 1816 303 174 30441 8455 21986 17359 8387 8025 930
internal_count=137088 20065 117023 50478 10389 66545 58602 26433 5487 3180 20946 1364 32169 1728 292 121 2575 18371 8435 234 1816 303 174 30441 8455 21986 17359 8387 8025 930
is_linear=0
shrinkage=0.05


Tree=110
num_leaves=31
num_cat=0
split_feature=3 1 2 9 12 4 13 10 13 9 12 1 13 9 4 0 10 12 10 11 3 12 13 9 9 12 6 13 4 10
split_gain=14378.5 13974.3 29742.8 29544.6 23830.1 28057.5 34492.3 38317.3 31424.4 28931.8 33101.9 28582.4 28065.7 26873.6 26795.9 25476.2 23403.3 22668.1 22376.1 26129.5 26495.6 34930.6 36093.6 29095.4 48704.5 30543 73352.5 25416.4 34663.3 24399.3
threshold=45.906666666666673 -0.40799999999999975 -0.58666666666666589 1122.5000000000002 0.87137607974597331 7.9882079759275921 0.26932402956675644 71.601388888888906 -0.95688340256707749 372.50000000000006 -0.72982064943493963 -1.3999999999999992 -0.92794370089704259 367.50000000000006 10.679585496439881 140.22000000000003 103.31000000000002 0.47136869107721086 81.170833333333348 106.79841173057153 235.05000000000004 -0.55557023301960229 0.31107263240371752 97.500000000000014 57.500000000000007 0.098011308799811389 9.8548711198055994 -0.98658463173998423 3.9090800281732729 79.944444444444471
decision_type=2 10 10 2 2 2 2 10 2 2 2 10 2 2 2 2 10 2 10 2 2 2 2 2 2 2 2 2 2 8
left_child=-1 3 -3 4 5 -2 7 8 -7 11 -11 12 16 -6 -8 -13 -9 -5 27 20 23 22 -22 24 -20 -26 -27 28 29 -4
right_child=1 2 18 17 13 6 14 9 -10 10 -12 15 -14 -15 -16 -17 -18 -19 19 -21 21 -23 -24 -25 25 26 -28 -29 -30 -31
leaf_value=-0.25761810891813147 -0.074111488513145377 0.17110670867608946 0.40857457631469202 -0.3665646181230755 -0.18476411271691323 0.6829831084615241 0.015693525261130381 -0.45768527192192265 0.074271500125955056 -0.95012421345120757 -0.032358871734872161 -0.076881312493668363 -0.047676076845269366 0.23040832229779473 0.28706006304033904 0.20472723107558322 0.36725494547698062 -0.0031022669850952096 0.071662859669526485 0.010301941342013605 0.1858242720657704 0.2127802309824065 1.9294391164057694 0.030145166495166499 0.36486826371654191 2.2129150288018549 0.248587304768355 -0.018033839614576282 -0.13456602857495251 -0.043975889067087562
leaf_weight=540 15209 2771 1118 1103 500 300 1753 905 723 197 196 1766 1762 1768 1891 1473 95 702 1940 26814 51 336 71 6831 811 81 115 64148 712 406
leaf_count=540 15209 2771 1118 1103 500 300 1753 905 723 197 196 1766 1762 1768 1891 1473 95 702 1940 26814 51 336 71 6831 811 81 115 64148 712 406
internal_value=-0.000121065 0.000897246 0.00944692 -0.0290279 -0.0166197 -0.0300447 0.0305476 -0.0313407 0.252779 -0.0767981 -0.492409 -0.0495801 -0.167748 0.13888 0.156515 0.0511858 -0.379316 -0.225207 0.00511605 0.0362453 0.104206 0.475898 1.20055 0.0867958 0.218109 0.50024 1.06038 -0.0122577 0.153453 0.288013
internal_weight=137088 136548 106205 30343 28538 26270 11061 7417 1023 6394 393 6001 2762 2268 3644 3239 1000 1805 103434 37050 10236 458 122 9778 2947 1007 196 66384 2236 1524
internal_count=137088 136548 106205 30343 28538 26270 11061 7417 1023 6394 393 6001 2762 2268 3644 3239 1000 1805 103434 37050 10236 458 122 9778 2947 1007 196 66384 2236 1524
is_linear=0
shrinkage=0.05


Tree=111
num_leaves=31
num_cat=0
split_feature=5 13 12 1 0 12 10 9 9 6 14 11 10 11 3 12 9 12 13 11 6 11 9 12 1 12 9 13 8 11
split_gain=13907.1 17795 16136.1 38776.3 33756.8 26944.4 28773.8 26955.8 36858.4 21858.4 29440.5 15898.3 32449.1 26494.4 29068.4 51381.2 22643.1 66144.5 59368.4 48807.9 30749 52193.8 43705.9 45618.5 36371.6 33449.7 49016 27031.7 47546 45239.7
threshold=110.28000000000002 0.87137607974597331 0.021814885034561173 1.2613333333333341 116.00666666666667 -0.91080963307804841 74.670833333333348 267.50000000000006 87.500000000000014 4.9879029417258645 5.5000000000000009 49.308840209500012 69.483333333333363 49.524075308504813 141.43666666666672 1.0000000180025095e-35 702.50000000000011 0.43245347597985045 -0.32143946530316164 290.57915931616486 14.826284739953705 125.72013909050001 812.50000000000011 0.77296446310593014 0.3466666666666664 0.83743052905771564 1092.5000000000002 0.076279435988900593 43.500000000000007 113.20953613432755
decision_type=2 2 2 10 2 2 10 2 2 2 2 2 10 2 2 2 2 2 2 2 2 2 2 2 10 2 2 2 2 2
left_child=1 2 3 9 -4 6 -5 8 -7 10 -1 12 -2 14 15 -13 27 -18 19 20 22 -22 23 -19 -24 26 -26 28 -15 -30
right_child=11 -3 4 5 -6 7 -8 -9 -10 -11 -12 13 -14 16 -16 -17 17 18 -20 -21 21 -23 24 -25 25 -27 -28 -29 29 -31
leaf_value=0.094359882823780161 -0.04486616655333199 -0.13952654320989855 -0.040060562303507539 0.87190658494830131 -0.4261972162566699 0.56416148050077031 -0.50750864265817064 1.0508759836480022 -0.35489868063728019 -0.073447632284972059 -0.16506386508742293 1.9657063463377575 -0.55343728141870197 -0.057609983665752512 0.11148430227569139 0.32324864425374056 -0.11111104574221674 0.56489242543235063 0.043223901840806461 -0.9202865380931784 -0.4553230479793115 0.94370054673742176 0.43756505738585311 -0.040705849610243504 -0.15830130596955619 1.7061543616883714 1.7056504021430836 0.027969282733957764 0.18810789237748593 0.0043823806626269784
leaf_weight=6725 4353 3291 12009 50 594 400 155 160 150 6088 1306 63 338 32302 774 195 3721 463 6440 81 275 88 1621 947 90 116 58 44069 4508 5658
leaf_count=6725 4353 3291 12009 50 594 400 155 160 150 6088 1306 63 338 32302 774 195 3721 463 6440 81 275 88 1621 947 90 116 58 44069 4508 5658
internal_value=-0.000115012 -0.0296198 -0.0165322 0.0184481 -0.0582598 0.333881 -0.171066 0.479676 0.313509 -0.00199394 0.0521724 0.00848073 -0.0815102 0.0126411 0.264692 0.724314 0.0100512 0.0692871 0.135233 0.293708 0.320589 -0.116166 0.368705 0.158154 0.5262 1.07043 0.572166 0.000536491 -0.0279305 0.0663747
internal_weight=137088 30928 27637 15034 12603 915 205 710 550 14119 8031 106160 4691 101469 1032 258 100437 13900 10179 3739 3658 363 3295 1410 1885 264 148 86537 42468 10166
internal_count=137088 30928 27637 15034 12603 915 205 710 550 14119 8031 106160 4691 101469 1032 258 100437 13900 10179 3739 3658 363 3295 1410 1885 264 148 86537 42468 10166
is_linear=0
shrinkage=0.05


Tree=112
num_leaves=31
num_cat=0
split_feature=5 14 11 11 13 10 9 14 14 9 10 1 9 4 9 11 9 10 10 13 12 9 12 9 9 13 13 10 6 10
split_gain=13611.4 53966.7 22248.4 27324.4 28536.9 27259.4 26745.2 25409.8 31994.1 28462.6 25297.5 18069.3 17927.6 16311.1 16001.4 22632.3 19728 27058.7 22635.9 29307.3 22201.3 15782.5 15311.5 14585 31518.3 39721 30097.3 29981.6 29574.2 29899.5
threshold=228.3116666666667 5.5000000000000009 62.122620647500007 121.52027564747299 -0.91080963307804841 82.270833333333343 72.500000000000014 1.0000000180025095e-35 1.5000000000000002 127.50000000000001 93.304166666666688 0.60000000000000064 107.50000000000001 15.729852721031733 122.50000000000001 86.96458448700001 982.50000000000011 90.683333333333351 85.136666666666699 -0.66746801135786449 0.098011308799811389 72.500000000000014 -0.75894212529897742 192.50000000000003 97.500000000000014 -0.96863394805116465 0.83146961230254512 118.28333333333335 2.5886137625341274 100.51666666666667
decision_type=2 2 2 2 2 8 2 2 2 2 10 10 2 2 2 2 2 10 8 2 2 2 2 2 2 2 2 8 2 10
left_child=23 2 11 5 -5 -4 -7 12 22 10 13 -2 -6 -10 15 -3 17 18 19 20 -16 -17 -9 24 28 -26 -25 -28 -1 -30
right_child=1 14 3 4 7 6 -8 8 9 -11 -12 -13 -14 -15 16 21 -18 -19 -20 -21 -22 -23 -24 26 25 -27 27 -29 29 -31
leaf_value=0.17814116885538561 -0.3217075114257073 -0.001811779259818874 0.13347359993078159 -0.41726237959815848 0.085318760687368933 1.0628134246842533 0.35403063749873565 0.22185386715027003 -0.32790415826620478 0.32152210722337338 -1.1190379318793615 0.68971411707252273 -1.0725093724365746 0.7105153131035139 0.88867576823070427 -0.40509379917383193 -0.91346904689615427 -1.1325500115752221 0.59809541576314018 -0.89105283368338384 -0.42640948275725049 -1.5374944009818137 1.1931077662993361 0.02623813261301371 -0.25662784569067004 -0.045031005144925813 -0.020172284580528426 -0.20103195732186455 -0.021727894496052527 0.17243942762399178
leaf_weight=2424 378 73 1709 329 64 153 1023 65 132 419 75 50 70 53 69 50 77 50 143 92 60 80 108 62992 2494 20034 16236 2668 22746 2172
leaf_count=2424 378 73 1709 329 64 153 1023 65 132 419 75 50 70 53 69 50 77 50 143 92 60 80 108 62992 2494 20034 16236 2668 22746 2172
internal_value=-0.000181485 0.078213 0.139869 0.174866 -0.0140339 0.260967 0.446245 0.120512 0.221174 0.0665153 -0.344438 -0.203551 -0.519517 -0.030411 -0.332949 -0.706337 -0.178574 -0.0418905 0.107925 -0.209243 0.277008 -1.10196 0.828186 -0.00334782 -0.0246652 -0.0684562 0.00963322 -0.0456978 0.0114158 -0.00480312
internal_weight=137088 5322 4628 4200 1315 2885 1176 986 852 679 260 428 134 185 694 203 491 414 364 221 129 130 173 131766 49870 22528 81896 18904 27342 24918
internal_count=137088 5322 4628 4200 1315 2885 1176 986 852 679 260 428 134 185 694 203 491 414 364 221 129 130 173 131766 49870 22528 81896 18904 27342 24918
is_linear=0
shrinkage=0.05


Tree=113
num_leaves=31
num_cat=0
split_feature=1 2 5 9 11 10 9 9 12 6 12 8 9 4 8 3 2 10 9 13 2 8 1 12 1 11 9 9 6 11
split_gain=12979.3 19436.2 20266.4 23933 17972.4 31024.3 23794.6 61779.1 41018.9 22487.3 36219 24731.5 23967.5 31042.5 28591.6 30898.5 20451.7 41735.7 36932.3 31922.1 27846.6 26912.7 23362.2 22685.1 19078 18932.4 18956.5 27494.3 18683.4 17035.3
threshold=0.12799999999999967 0.094666666666666552 172.88166666666669 57.500000000000007 159.63465119039344 75.541666666666686 1322.5000000000002 1112.5000000000002 0.81279832427823739 17.262477600928772 -0.98990318592078552 222.00000000000003 177.50000000000003 23.001537915455398 30.050000000000001 175.3366666666667 0.66000000000000092 96.116666666666688 92.500000000000014 -0.83146961230254512 1.9986666666666675 93.500000000000014 1.4013333333333338 0.16288578192842371 1.6426666666666663 178.95372528020729 602.50000000000011 312.50000000000006 25.301081297335561 67.886001056000012
decision_type=10 10 2 2 2 10 2 2 2 2 2 2 2 2 2 2 10 8 2 2 10 2 10 2 10 2 2 2 2 2
left_child=1 -1 3 -3 5 9 7 -7 -9 -2 24 12 14 28 15 -12 23 19 22 21 -21 -18 -19 -6 -11 -20 27 -27 -14 -16
right_child=4 2 -4 -5 16 6 -8 8 -10 10 11 -13 13 -15 29 -17 17 18 25 20 -22 -23 -24 -25 -26 26 -28 -29 -30 -31
leaf_value=-0.0019012577362061745 0.0097877291679436106 -0.29321221070905062 0.081188191524670411 -0.067211676811913923 0.065310715490005125 0.080579567404721275 -0.28692665053272831 0.22856594585870027 1.9430692573656907 0.044121386724359855 -0.39428502207421301 0.86965359753141047 -0.091667816990105677 -0.98754542632400999 -0.39428502207421301 -1.0788797517184248 -0.18390730575190972 0.032682052053724785 0.5279535481066846 -0.38824046316622879 -1.2023606748904214 0.7550612344284251 0.67973474120941546 -0.15493636737869199 1.3866496365720575 -0.56460999524161826 -1.2244817156671433 0.38865925690726094 0.31744676732805327 0.025825851407509551
leaf_weight=76517 17769 1336 1920 9510 4305 18859 432 66 74 51 324 52 516 75 202 235 333 279 67 956 118 99 279 1605 55 221 57 115 198 463
leaf_count=76517 17769 1336 1920 9510 4305 18859 432 66 74 51 324 52 516 75 202 235 333 279 67 956 118 99 279 1605 55 221 57 115 198 463
internal_value=-0.000172411 -0.0114301 -0.068544 -0.0950502 0.020853 0.0350424 0.0800046 0.0883479 1.1348 -0.00877211 -0.160679 -0.206949 -0.23476 -0.0198724 -0.373278 -0.636853 -0.0453851 -0.164528 0.0827689 -0.331691 -0.477688 0.031273 0.356208 0.00549742 0.740716 -0.248925 -0.38137 -0.238342 0.0817739 -0.151717
internal_weight=137088 89283 12766 10846 47805 39371 19431 18999 140 19940 2171 2065 2013 789 1224 559 8434 2524 1018 1506 1074 432 558 5910 106 460 393 336 714 665
internal_count=137088 89283 12766 10846 47805 39371 19431 18999 140 19940 2171 2065 2013 789 1224 559 8434 2524 1018 1506 1074 432 558 5910 106 460 393 336 714 665
is_linear=0
shrinkage=0.05


Tree=114
num_leaves=31
num_cat=0
split_feature=5 2 13 7 12 9 1 1 9 9 4 2 5 5 14 8 6 10 5 9 9 9 6 9 11 14 7 10 9 13
split_gain=12968.9 16102.8 13465.2 22805.3 13929.5 31692.5 23023.9 16072.8 38888.6 19267.2 15785.1 14351.6 13818 23360.9 31007.7 23897.8 17393.9 15615.2 13398.2 24919.8 14229.4 13003.6 12577.1 22720.8 40844.6 41483.1 34404.9 33302.4 31144 58677.9
threshold=102.10000000000001 1.8666666666666667 0.78661891169205844 28.500000000000004 0.13052619222005182 82.500000000000014 -0.11555555555555418 1.3040000000000018 277.50000000000006 92.500000000000014 9.6733393059633013 1.0946666666666678 46.57694444444445 84.654444444444451 1.0000000180025095e-35 56.20000000000001 5.4536454306542224 85.77500000000002 66.465000000000018 817.50000000000011 232.50000000000003 1422.5000000000002 7.0953023277710567 82.500000000000014 73.482060432434039 3.5000000000000004 0.24500000000000002 79.109722222222231 232.50000000000003 -0.60003553868615123
decision_type=2 8 2 2 2 2 10 10 2 2 2 10 2 2 2 2 2 10 2 2 2 2 2 2 2 2 2 10 2 2
left_child=1 2 4 -4 6 -6 -1 10 9 -9 12 -10 -8 14 17 18 -17 -14 -16 20 -20 -21 23 24 25 -2 28 -28 -25 -30
right_child=22 -3 3 -5 5 -7 7 8 11 -11 -12 -13 13 -15 15 16 -18 -19 19 21 -22 -23 -24 26 -26 -27 27 -29 29 -31
leaf_value=-0.11882521000881373 0.68368097101581526 0.44804405528315883 -0.19213574377985243 0.76626603843178609 -0.45507603504168292 -0.051723708373846412 -0.34487537242579119 0.30788468454943763 0.52820392300685248 -0.54129826830798078 -0.38287251837411929 1.5928609752388143 -0.66153035361682422 0.022036715570718964 0.65754104423394466 1.5821019474003051 0.65754104423394466 0.28062754856526023 0.0092682473166496495 -0.764053081534803 0.60230517929792404 0.24994397149235012 -0.012653629965895811 -0.059359785796228998 0.06023378261532332 -0.046873317524342234 1.5158210062527959 0.36393545415841611 0.19383322192984076 0.0081930540757247945
leaf_weight=2479 555 167 2058 64 534 5533 209 225 60 95 214 67 113 4641 98 72 68 72 160 86 275 50 52451 13399 6541 299 79 91 4742 41591
leaf_count=2479 555 167 2058 64 534 5533 209 225 60 95 214 67 113 4641 98 72 68 72 160 86 275 50 52451 13399 6541 299 79 91 4742 41591
internal_value=-0.000151057 -0.0405651 -0.0453166 -0.16323 -0.0286923 -0.0872256 0.010836 0.0602488 0.349585 0.0557835 0.0388996 1.08987 0.0543444 0.0691513 0.28913 0.422673 1.01672 -0.294853 0.298358 0.199484 0.384177 -0.39126 0.00570106 0.0200066 0.102693 0.427901 0.00979881 0.720094 0.00777728 0.0271926
internal_weight=137088 17340 17173 2122 15051 6067 8984 6505 447 320 6058 127 5844 5635 994 809 140 185 669 571 435 136 119748 67297 7395 854 59902 170 59732 46333
internal_count=137088 17340 17173 2122 15051 6067 8984 6505 447 320 6058 127 5844 5635 994 809 140 185 669 571 435 136 119748 67297 7395 854 59902 170 59732 46333
is_linear=0
shrinkage=0.05


Tree=115
num_leaves=31
num_cat=0
split_feature=5 9 10 14 10 5 10 10 11 13 13 0 9 9 13 12 3 6 10 8 12 5 2 13 3 1 12 6 12 14
split_gain=12621.4 34770.9 25356.7 23986.2 33525.1 27150.1 24334.8 20669.8 18455.5 15925.8 14864.9 14286.8 13499.1 29249 37980.6 31599.5 33414.1 25373.6 25883.4 27295.5 39419.6 41811.6 40396.8 31059.5 29391.3 29185.5 35856 34339 34244.7 28477.8
threshold=264.46333333333337 1082.5000000000002 109.45 5.5000000000000009 84.483333333333363 294.63333333333338 80.470833333333346 98.616666666666688 69.078945815563173 0.65106671239330416 -0.75894212529897775 276.64000000000004 187.50000000000003 97.500000000000014 -0.96298784033749818 0.34202014332566882 250.77333333333337 2.5886137625341274 100.51666666666667 30.050000000000001 0.51877325816052167 154.23500000000004 0.033333333333333576 -0.49049438445969407 211.30000000000004 1.5768888888888892 0.66746801135786471 9.2636569117074181 0.45201865172701788 5.5000000000000009
decision_type=2 2 8 2 10 2 10 10 2 2 2 2 2 2 2 2 2 2 10 2 2 2 10 2 2 10 2 2 2 2
left_child=12 2 3 7 6 -6 -5 8 9 -2 -4 -11 13 17 -15 -16 -17 -1 19 20 24 22 -22 25 -19 27 28 -21 29 -27
right_child=1 -3 10 4 5 -7 -8 -9 -10 11 -12 -13 -14 14 15 16 -18 18 -20 23 21 -23 -24 -25 -26 26 -28 -29 -30 -31
leaf_value=0.16609311800390489 0.30839837812508147 -0.9224411702775337 1.4210438918895447 -0.33724409351273188 -0.68497823637265431 0.80172725756963092 -1.8145397775769234 -0.45427999516002471 0.30969733302915842 -0.050807288680413759 0.43917406669399084 -0.97278997473520779 0.010143811263053899 -0.24288787551496213 -0.011512574672371887 -0.15188777538827569 -1.1495470132456747 -0.034558133115526059 0.16051651308193063 0.17120013240180113 -0.0932088444374779 -0.034558133115526059 -0.73766711276841246 -0.034558133115526059 -0.5163278153169113 0.17354982089913815 -0.034558133115526059 -0.034558133115526059 0.99955827376494799 1.0547058770032687
leaf_weight=2424 120 77 52 63 52 75 50 122 1196 99 149 73 84594 2651 16130 3483 86 6472 2207 3117 383 544 666 6798 317 641 361 3751 228 107
leaf_count=2424 120 77 52 63 52 75 50 122 1196 99 149 73 84594 2651 16130 3483 86 6472 2207 3117 383 544 666 6798 317 641 361 3751 228 107
internal_value=-0.000152796 0.120668 0.159829 0.10188 -0.364428 0.192997 -0.990915 0.171391 0.22269 -0.133684 0.69319 -0.442114 -0.00205785 -0.0225516 -0.0652116 -0.0413008 -0.175928 0.0114808 -0.00316359 -0.0186112 -0.0908818 -0.314727 -0.502369 0.0217656 -0.0383579 0.0889907 0.30272 0.0473839 0.463113 0.299598
internal_weight=137088 2128 2051 1850 240 127 113 1610 1488 292 201 172 134960 50366 22350 19699 3569 28016 25592 23385 8382 1593 1049 15003 6789 8205 1337 6868 976 748
internal_count=137088 2128 2051 1850 240 127 113 1610 1488 292 201 172 134960 50366 22350 19699 3569 28016 25592 23385 8382 1593 1049 15003 6789 8205 1337 6868 976 748
is_linear=0
shrinkage=0.05


Tree=116
num_leaves=31
num_cat=0
split_feature=5 11 11 0 12 10 13 1 9 9 0 9 7 5 13 7 5 0 9 13 14 5 0 6 5 11 6 3 10 10
split_gain=12948.6 25207.1 24087.2 35478.2 22711.5 26256.3 20196.2 43835.5 23641.3 33215.6 44186.5 29643.8 26901.2 25611.3 26914.6 33876.8 22103.9 21264.8 19020.3 25693.1 25385.4 28065.5 18768.9 18510 17907.2 18575.5 21506.5 21842.3 17461.1 20533.1
threshold=121.77166666666668 49.308840209500012 49.524075308504813 132.82000000000002 0.032717136199948427 59.97708333333334 -0.83743052905771542 -0.46666666666666617 232.50000000000003 37.500000000000007 113.02000000000002 1072.5000000000002 93.500000000000014 96.53666666666669 -0.93585024503435343 93.500000000000014 110.55166666666669 101.09000000000002 1162.5000000000002 -0.46174861323503363 2.5000000000000004 114.31833333333336 139.42000000000004 2.0792991240112149 116.13833333333335 55.338498950004656 8.8821148156139671 101.77000000000001 86.941666666666677 78.508333333333354
decision_type=2 2 2 2 2 10 2 10 2 2 2 2 2 2 2 2 2 2 2 2 2 2 2 2 2 2 2 2 10 8
left_child=6 4 3 -3 -2 -6 7 -1 9 10 13 17 -12 14 15 28 -13 -10 -8 20 21 -20 -7 -18 25 26 27 -22 29 -9
right_child=1 2 -4 -5 5 22 18 8 11 -11 12 16 -14 -15 -16 -17 23 -19 19 -21 24 -23 -24 -25 -26 -27 -28 -29 -30 -31
leaf_value=-0.22084109315230982 -0.32637609804213108 1.2566013157822011 0.014114000592055864 0.17169452979626207 0.07798722268449132 -0.1379713061420868 -0.045468729963102049 0.23522870619507397 0.11677610994260518 -0.061242001638328575 0.40704524775572404 -0.15140600414748295 1.398488772297517 -0.14712065403624405 0.94490837175399067 1.2016674253447304 1.125148500060126 0.39571193434329366 0.43843107590070468 -0.0035777045452624399 0.22623183976145503 1.6662466894697261 -0.95014557802835398 0.14882436328615151 -0.56134527572891224 -0.26639024002510786 -0.46239694356918337 1.1813924592633087 0.31427096305276031 -0.87591291552531381
leaf_weight=1432 1011 82 79179 930 1264 192 38850 68 1311 4438 557 953 78 834 124 58 59 1427 337 2691 141 54 113 274 91 140 55 104 134 107
leaf_count=1432 1011 82 79179 930 1264 192 38850 68 1311 4438 557 953 78 834 124 58 59 1427 337 2691 141 54 113 274 91 140 55 104 134 107
internal_value=-0.000185533 0.0122628 0.017212 0.259602 -0.141569 -0.0224864 -0.0191549 0.0385497 0.0741904 0.014468 0.185897 0.169147 0.528829 0.0215486 0.308046 0.0928662 -0.0288711 0.262153 -0.0352637 0.0744688 0.302259 0.608002 -0.438875 0.321807 0.0771273 0.209175 0.431106 0.631688 -0.115258 -0.444155
internal_weight=137088 82771 80191 1012 2580 1569 54317 11854 10422 6398 1960 4024 635 1325 491 367 1286 2738 42463 3613 922 391 305 333 531 440 300 245 309 175
internal_count=137088 82771 80191 1012 2580 1569 54317 11854 10422 6398 1960 4024 635 1325 491 367 1286 2738 42463 3613 922 391 305 333 531 440 300 245 309 175
is_linear=0
shrinkage=0.05


Tree=117
num_leaves=31
num_cat=0
split_feature=5 9 13 5 10 10 11 13 6 13 12 5 9 7 11 5 5 10 13 9 9 3 0 10 3 5 9 9 10 12
split_gain=12284.4 23897.8 24936.2 37508.3 24580.7 20412.5 19607.6 13430.4 11383.8 51915.5 44522.8 38360.1 21732.7 31437.7 31077 49048.1 31552.2 21173.6 26359.1 25860.5 52815.7 33153.5 19604.5 17824.5 17238.8 16189.8 24182.3 21733.8 23445.6 25573.3
threshold=72.52166666666669 962.50000000000011 -0.63435554093529922 46.57694444444445 60.233333333333341 85.441666666666691 65.631049773647405 -0.92794370089704259 2.7560687855741466 -0.60003553868615123 -0.20576496797711577 110.28000000000002 722.50000000000011 65.550000000000011 52.509766127500008 150.19166666666669 114.31833333333336 65.308333333333351 -0.1413247892049839 422.50000000000006 747.50000000000011 93.427777777777791 86.420000000000016 82.14166666666668 114.4366666666667 119.05833333333335 1332.5000000000002 327.50000000000006 105.88333333333334 0.37256073532439576
decision_type=2 2 2 2 10 10 2 2 2 2 2 2 2 2 2 2 2 8 2 2 2 2 2 8 2 2 2 2 8 2
left_child=1 5 3 -3 -5 7 -6 -1 9 11 17 -2 13 -13 23 16 -16 -11 -19 21 -21 22 -20 -14 -25 -10 27 28 -27 -30
right_child=8 2 -4 4 6 -7 -8 -9 25 10 -12 12 14 -15 15 -17 -18 18 19 20 -22 -23 -24 24 -26 26 -28 -29 29 -31
leaf_value=-1.0304734060452099 0.042268749842383033 -0.43308486146262926 -0.13551984920228766 1.6228076505310396 -0.289025457833822 0.17806089291471744 1.0651990813660352 -0.35591543893187111 -0.036020387711028889 -0.15343125364044682 -0.037303248640060675 0.10364418533937669 -0.82063611984815243 0.69145148695067127 1.5507009054369787 2.0221675623953344 0.41436595746336158 -0.0050985900602037353 0.09959428387711633 0.82675476491596722 -0.087894556007037564 0.12011435333089714 1.2870285171093327 0.98875016408363503 -0.099808015200224795 -0.018719505772258376 -0.15329171250630846 0.051639329174796925 0.16638731191682882 -0.12692160355133272
leaf_weight=84 3005 79 508 68 52 167 55 607 32000 600 19701 1444 53 270 68 60 601 1568 53 461 240 2256 101 52 121 43072 2289 23078 3426 949
leaf_count=84 3005 79 508 68 52 167 55 607 32000 600 19701 1444 53 270 68 60 601 1568 53 461 240 2256 101 52 121 43072 2289 23078 3426 949
internal_value=-0.000176256 -0.137046 0.066732 0.471236 0.879472 -0.318024 0.407071 -0.437917 0.00146051 0.0282622 -0.00274936 0.164792 0.302739 0.196239 0.493881 0.652691 0.529868 0.126204 0.162063 0.246315 0.513608 0.168567 0.878366 -0.0183871 0.227389 -0.00637794 0.00664921 0.0118403 -0.0075177 0.102764
internal_weight=137088 1620 762 254 175 858 107 691 135468 30654 24980 5674 2669 1714 955 729 669 5279 4679 3111 701 2410 154 226 173 104814 72814 70525 47447 4375
internal_count=137088 1620 762 254 175 858 107 691 135468 30654 24980 5674 2669 1714 955 729 669 5279 4679 3111 701 2410 154 226 173 104814 72814 70525 47447 4375
is_linear=0
shrinkage=0.05


Tree=118
num_leaves=31
num_cat=0
split_feature=1 2 4 1 11 8 4 1 9 5 12 12 10 6 5 14 11 6 5 1 10 11 2 4 1 13 9 7 9 13
split_gain=11804.3 35197.1 25377.3 34237.1 25434.7 32876.9 24844 38645.7 26473.4 20423.9 47003 36056.2 25309.3 22634.5 37238.1 21143.3 21340.2 20199.9 23298.9 26811.4 18411 23121.4 18388.5 23483 30862 18118.7 17121.5 27311.9 25268.7 26848
threshold=0.43999999999999989 0.2760000000000003 5.8593583266387803 0.96488888888888869 177.20532494592166 70.250000000000014 16.191534412894409 2.0146666666666664 47.500000000000007 201.92833333333334 -0.098011308799811112 0.18436924984152928 87.777777777777786 24.584547743377705 131.33500000000004 4.5000000000000009 126.62252992550002 22.804472442252152 171.86833333333337 -0.38666666666666688 97.016666666666666 224.41683005950003 0.64000000000000046 9.9848057851164498 1.3040000000000018 -0.96863394805116465 77.500000000000014 0.24500000000000002 172.50000000000003 -0.98658463173998423
decision_type=10 10 2 10 2 2 2 10 2 2 2 2 10 2 2 2 2 2 2 10 8 2 10 2 10 2 2 2 2 2
left_child=1 26 -2 -4 6 -6 22 8 -8 11 -11 -9 -12 14 -13 16 -15 18 -3 -20 -7 -22 -5 -24 25 -25 -1 28 29 -28
right_child=2 17 3 4 5 20 7 9 -10 10 12 13 -14 15 -16 -17 -18 -19 19 -21 21 -23 23 24 -26 -27 27 -29 -30 -31
leaf_value=0.059410398494106398 0.1029701232380561 -0.1035673037730043 -0.10591868892022688 0.0090391042571556501 -0.26503042404097049 0.0038986429391621559 -0.73498236518866555 0.20145176186161795 -0.14679649606731632 -0.54422285893000666 0.49809108461017043 -0.53270070320639284 1.700430971475748 0.015221126615462533 0.40280352130836372 -1.1913093871487086 -0.98745941229355649 -0.2840544357802719 0.74538013942737058 0.041520180983997193 1.3452072511944506 0.11730416693338536 0.38180284279129179 -0.83278452461585406 0.21848906203339338 -0.048751007591232631 -0.28962566365643222 0.5856138114210887 0.0062968551246104787 -0.043912191360140351
leaf_weight=11460 8203 7732 5560 2146 1224 216 254 1126 775 80 134 188 65 166 245 93 78 1240 151 1301 72 82 1151 80 2395 934 1193 195 72232 16317
leaf_count=11460 8203 7732 5560 2146 1224 216 254 1126 775 80 134 188 65 166 245 93 78 1240 151 1301 72 82 1151 80 2395 934 1193 195 72232 16317
internal_value=-0.000167443 -0.00714183 0.0306982 -0.00404432 0.0451926 -0.140183 0.0750097 -0.0395229 -0.291985 0.0799178 0.479335 0.0211429 0.890815 -0.24253 -0.00337383 -0.549813 -0.305308 -0.0946316 -0.0690562 0.114718 0.272828 0.691389 0.129731 0.186531 0.1206 -0.110608 0.00185246 -0.00548172 -0.00676611 -0.0606533
internal_weight=137088 111821 25267 17064 11504 1594 9910 3204 1029 2175 279 1896 199 770 433 337 244 10424 9184 1452 370 154 6706 4560 3409 1014 101397 89937 89742 17510
internal_count=137088 111821 25267 17064 11504 1594 9910 3204 1029 2175 279 1896 199 770 433 337 244 10424 9184 1452 370 154 6706 4560 3409 1014 101397 89937 89742 17510
is_linear=0
shrinkage=0.05


Tree=119
num_leaves=31
num_cat=0
split_feature=5 14 11 11 6 10 9 10 1 13 12 8 14 9 11 9 9 13 12 5 13 6 10 14 13 14 9 13 12 12
split_gain=11610.8 46965.5 19613.2 23374.9 26128.7 23774.4 23779.9 18267.1 16265.5 15409.3 15812.6 20288.1 18567.5 14062.1 19928.9 17227.7 24595.7 69984.3 27139 26586.1 20804.6 14187.7 13972.1 41557.3 35601.9 25629.5 18461.8 16364.2 14912.2 13729.8
threshold=228.3116666666667 5.5000000000000009 62.122620647500007 121.52027564747299 6.3384406836975744 82.270833333333343 72.500000000000014 90.277777777777786 0.6213333333333334 -0.91080963307804841 -0.9629878403374984 72.500000000000014 4.5000000000000009 122.50000000000001 86.96458448700001 982.50000000000011 407.50000000000006 -0.22706275313213795 0.35222909080468517 277.32833333333338 0.6993099184844086 28.894027378859501 84.216666666666683 4.5000000000000009 -0.87137607974597309 1.0000000180025095e-35 137.50000000000003 0.076279435988900593 0.076279435988900648 -0.52803643325367233
decision_type=2 2 2 2 2 8 2 10 8 2 2 2 2 2 2 2 2 2 2 2 2 2 10 2 2 2 2 2 2 2
left_child=-1 2 8 5 7 -4 -7 -5 -2 -6 -11 12 -12 14 -3 16 17 18 19 -15 -18 -16 23 -8 25 -24 -26 -28 -27 -29
right_child=1 13 3 4 9 6 22 -9 -10 10 11 -13 -14 15 21 -17 20 -19 -20 -21 -22 -23 24 -25 26 28 27 29 -30 -31
leaf_value=-0.0030858002377342044 -0.30980329571122472 -0.00024428691026078512 0.12319066739064027 1.3917421940427561 -0.37973630396542224 0.99667006733955132 0.33678485386489654 0.16544089917450736 0.61850697289876366 -0.57640682826029888 -0.087851797395338452 1.0355517637950402 0.53305739555712839 0.14685878234880942 -1.4869859492859325 -0.85335297987058567 1.3193156979084018 -2.0049076811075213 0.90641104249811899 -1.2476757917404175 0.044705922704901591 -0.43214312999376231 0.56457397349056648 1.7262839166447521 0.94047668282600017 -1.3454720954538562 -0.49519456925450778 1.0035497429115432 -0.32227704795235296 0.1276729451372258
leaf_weight=131766 374 73 1709 52 322 153 338 73 54 97 590 54 127 108 74 77 50 50 67 50 89 56 61 64 136 51 61 70 118 124
leaf_count=131766 374 73 1709 52 322 153 338 73 54 97 590 54 127 108 74 77 50 50 67 50 89 56 61 64 136 51 61 70 118 124
internal_value=-0.000161394 0.0722432 0.129761 0.16262 -0.0120953 0.242256 0.415285 0.675582 -0.19268 -0.0843303 0.0252558 0.100951 0.030563 -0.311322 -0.661354 -0.166604 -0.0388751 -0.312869 0.06314 -0.29445 0.503199 -1.03259 0.328333 0.557999 0.17966 -0.313951 0.47002 0.21911 -0.631052 0.443711
internal_weight=137088 5322 4628 4200 1315 2885 1176 125 428 1190 868 771 717 694 203 491 414 275 225 158 139 130 1023 402 621 230 391 255 169 194
internal_count=137088 5322 4628 4200 1315 2885 1176 125 428 1190 868 771 717 694 203 491 414 275 225 158 139 130 1023 402 621 230 391 255 169 194
is_linear=0
shrinkage=0.05


Tree=120
num_leaves=31
num_cat=0
split_feature=11 9 13 8 9 12 5 14 3 13 11 10 13 12 13 10 9 12 0 14 0 12 5 5 4 11 14 11 12 8
split_gain=11414.2 25407.3 43108.1 35597.5 34884.7 39187 31516.9 50781.8 34141 36557.9 30038 36729.3 43141.5 42937.8 37013.5 35387.6 31696.3 30142.5 29219.8 43542.6 27993.5 29238.5 26955.4 33098 32011.5 30843.1 52366.6 26364.9 26262.8 30049.8
threshold=67.614569664001394 217.50000000000003 0.95032354012166631 219.00000000000003 92.500000000000014 -0.22706275313213778 176.03666666666669 2.5000000000000004 239.47000000000006 -0.11969653353600833 92.693095237016749 101.81666666666668 -0.92794370089704259 -0.78661891169205822 -0.22706275313213795 76.570833333333354 42.500000000000007 -0.84915165824291616 225.62000000000003 1.5000000000000002 155.82000000000002 0.77296446310593014 194.84000000000003 145.77111111111114 2.5533246301001076 122.35730097168086 4.5000000000000009 133.08750027418139 -0.95688340256707749 24.260000000000002
decision_type=2 2 2 2 2 2 2 2 2 2 2 8 2 2 2 10 2 2 2 2 2 2 2 2 2 2 2 2 2 2
left_child=-1 2 4 -4 10 6 -6 18 -9 -10 15 17 -13 14 -14 16 -2 22 -8 -20 -17 -22 23 24 -12 26 -25 -24 -18 -30
right_child=1 -3 3 -5 5 -7 7 8 9 -11 11 12 13 -15 -16 20 28 -19 19 -21 21 -23 27 25 -26 -27 -28 -29 29 -31
leaf_value=-0.020582619431528153 0.17950195350984277 0.039575640041835863 0.15695113483090969 1.2777155049859663 -0.053810172609412898 -0.15273452459013695 0.21175514773834886 0.036691049951894539 -0.17538424876390721 -1.5229545293649038 0.077946890001650906 0.5972414389739874 1.2816629736637228 -0.16535632248091348 0.20670721514955126 0.12443045250675105 0.35119177819163139 0.0042372873342977017 0.13868011105917172 1.2250806180597511 0.52228654684336118 -0.44994767414672038 -0.25467651283352416 0.14242871053615189 -0.28674000963412188 -0.15541216873608177 1.4241201409926783 -1.4527895510564315 -0.60527185391461646 -0.084663853780041598
leaf_weight=45613 1195 40537 2404 73 12948 8483 893 1548 153 75 800 497 99 850 419 1908 210 12198 167 206 974 84 116 341 2428 420 104 76 409 860
leaf_count=45613 1195 40537 2404 73 12948 8483 893 1548 153 75 800 497 99 850 419 1908 210 12198 167 206 974 84 116 341 2428 420 104 76 409 860
internal_value=-0.000151119 0.0100368 -0.0134705 0.189981 -0.0238696 -0.0658691 -0.0197854 0.125038 -0.0474424 -0.618664 0.0189792 -0.0120417 0.198269 0.0533202 0.412152 0.119896 -0.012009 -0.0358376 0.367001 0.738676 0.238815 0.445096 -0.149918 -0.122757 -0.196359 0.151912 0.44197 -0.72893 -0.166746 -0.252456
internal_weight=137088 91475 50938 2477 48461 24473 15990 3042 1776 228 23988 18348 1865 1368 518 5640 2674 16483 1266 373 2966 1058 4285 4093 3228 865 445 192 1479 1269
internal_count=137088 91475 50938 2477 48461 24473 15990 3042 1776 228 23988 18348 1865 1368 518 5640 2674 16483 1266 373 2966 1058 4285 4093 3228 865 445 192 1479 1269
is_linear=0
shrinkage=0.05


Tree=121
num_leaves=31
num_cat=0
split_feature=5 9 13 5 10 10 11 13 5 9 10 14 10 5 1 10 11 13 0 13 6 6 0 8 13 5 13 14 10 5
split_gain=11052 21638.2 23377.2 34749.7 22615 18316.7 16885.7 12581.4 10535.9 29901.2 21236.6 18967 29909.2 23756.5 22240.7 17933.4 15907.3 14282.3 12895.2 12758.1 12485.1 12109.7 38214.6 31556.9 31297.8 33515.6 29631.9 27688.4 26989.7 20377.3
threshold=72.52166666666669 967.50000000000011 -0.63435554093529922 46.57694444444445 60.233333333333341 85.441666666666691 65.631049773647405 -0.54643492068321275 264.46333333333337 1082.5000000000002 109.45 5.5000000000000009 84.483333333333363 294.63333333333338 -0.8933333333333332 98.616666666666688 69.078945815563173 0.65106671239330416 276.64000000000004 -0.75894212529897775 12.337187440352707 33.096442698950163 129.78000000000003 92.500000000000014 -0.83743052905771542 146.20500000000004 -0.33172980431441507 3.5000000000000004 80.604166666666686 184.77166666666668
decision_type=2 2 2 2 10 10 2 2 2 2 8 2 10 2 10 10 2 2 2 2 2 2 2 2 2 2 2 2 10 2
left_child=1 5 3 -3 -5 7 -6 -1 21 10 11 15 14 -14 -13 16 17 -10 -19 -12 -17 -2 -23 24 25 -24 27 28 -25 -26
right_child=8 2 -4 4 6 -7 -8 -9 9 -11 19 12 13 -15 -16 20 -18 18 -20 -21 -22 22 23 26 29 -27 -28 -29 -30 -31
leaf_value=-0.72560582651811489 0.0016660575638366493 -0.41038957676832583 -0.1311346282882819 1.5743009186502714 -0.25459823427247069 0.16914429563560529 1.0084394375844437 -0.26894244871778711 0.29245685244599978 -0.85552350592303594 1.3105164260818409 -0.25205011025071145 -0.61435643291244146 0.77633575598398852 -1.6576777302431613 0.17089832445570069 0.2854423960041641 -0.046513343086898931 -0.92244428951446322 0.40088468575287584 -0.85459419998904351 0.31084125226681136 0.013209724116002098 0.013209724116002098 -0.37383049626215176 -0.71203572936223503 0.013209724116002098 1.7245144232826413 1.2519297352608514 0.013209724116002098
leaf_weight=221 130989 79 505 67 51 167 55 475 120 77 52 60 52 75 53 51 1196 99 73 149 71 434 80 57 454 562 90 53 51 570
leaf_count=221 130989 79 505 67 51 167 55 475 120 77 52 60 52 75 53 51 1196 99 73 149 71 434 80 57 454 562 90 53 51 570
internal_value=-0.000143563 -0.129966 0.0651441 0.45848 0.855248 -0.301112 0.400752 -0.413946 0.00140893 0.111787 0.148102 0.0950697 -0.319589 0.206918 -0.911327 0.156882 0.204664 -0.126193 -0.418275 0.636212 -0.425905 -0.000352615 -0.112826 -0.208742 -0.287484 -0.561182 0.313903 0.788505 0.329167 -0.115888
internal_weight=137088 1620 757 252 173 863 106 696 135468 2128 2051 1850 240 127 113 1610 1488 292 172 201 122 133340 2351 1917 1666 642 251 161 108 1024
internal_count=137088 1620 757 252 173 863 106 696 135468 2128 2051 1850 240 127 113 1610 1488 292 172 201 122 133340 2351 1917 1666 642 251 161 108 1024
is_linear=0
shrinkage=0.05


Tree=122
num_leaves=31
num_cat=0
split_feature=5 11 10 12 3 13 12 9 12 1 11 13 14 2 9 5 12 4 13 10 6 5 0 10 10 11 11 14 12 9
split_gain=10768.7 16842.2 19067.8 20769.7 22892.7 37349.3 35009.3 33226.9 22136.6 14897.8 27262.2 41935.8 27160.8 27613.1 27037.2 19197.1 41768.6 34706.8 29087.4 20319.2 17742.6 24353.2 28922.3 16329.4 14862 15543.7 53693.3 30575.8 30239.2 41870.2
threshold=134.04500000000002 49.308840209500012 52.633333333333347 0.054511258297739541 156.67000000000004 -0.1413247892049839 0.79989897227935891 707.50000000000011 -0.40274668985873679 2.0146666666666664 79.859723976000012 0.74455857214455101 1.5000000000000002 2.4566666666666666 22.500000000000004 201.92833333333334 0.44228869021900152 24.927789040243905 -0.032717136199948357 76.237500000000011 31.448249601831254 277.32833333333338 127.38000000000001 87.777777777777786 105.88333333333334 62.262162506580204 62.576381797000018 1.0000000180025095e-35 0.18436924984152928 202.50000000000003
decision_type=2 2 10 2 2 2 2 2 2 10 2 2 2 10 2 2 2 2 2 8 2 2 2 10 8 2 2 2 2 2
left_child=-1 2 3 8 5 7 -6 -5 -2 20 11 12 -11 -14 -12 17 -17 -16 19 -19 24 22 -22 -18 -3 -26 28 -28 29 -27
right_child=1 9 -4 4 6 -7 -8 -9 -10 10 14 -13 13 -15 15 16 23 18 -20 -21 21 -23 -24 -25 25 26 27 -29 -30 -31
leaf_value=-0.012602617426164807 -0.076961635397905015 0.012899486850286287 -0.45974947790545162 2.0442693823147566 0.13613894552476569 -0.068352409007178774 -0.95932586409076304 0.48296510726909769 -0.84417927857434405 1.6691263340314231 0.82758242092349321 -0.60883220737263311 0.98783997013642078 -0.33733754235630237 0.14333604259076035 -0.43172393855777119 0.39818140182298484 0.1960461221861117 0.57969474638583229 -0.77210434106464432 0.2411959776401793 0.32666076062303179 -0.26921543488551236 1.3535391085119133 -0.0099898251932888371 0.57058119277627961 -0.42866572622869969 0.16479200040567399 0.3795910101947414 2.5876393699347973
leaf_weight=76520 295 50115 372 50 277 185 99 107 138 75 110 59 114 60 673 101 97 66 61 303 334 266 1642 83 1850 53 237 2577 119 50
leaf_count=76520 295 50115 372 50 277 185 99 107 138 75 110 59 114 60 673 101 97 66 61 303 334 266 1642 83 1850 53 237 2577 119 50
internal_value=-0.000134944 0.0156164 -0.148552 -0.0479736 0.116968 0.412999 -0.152295 0.980196 -0.321479 0.0198509 0.161405 0.58973 0.873727 0.530882 0.0731026 0.0131367 0.382076 -0.0808541 -0.431738 -0.598939 0.0153948 -0.12248 -0.182941 0.838707 0.021015 0.104255 0.17387 0.11481 0.922496 1.54974
internal_weight=137088 60568 1523 1151 718 342 376 157 433 59045 1802 308 249 174 1494 1384 281 1103 430 369 57243 2242 1976 180 55001 4886 3036 2814 222 103
internal_count=137088 60568 1523 1151 718 342 376 157 433 59045 1802 308 249 174 1494 1384 281 1103 430 369 57243 2242 1976 180 55001 4886 3036 2814 222 103
is_linear=0
shrinkage=0.05


Tree=123
num_leaves=31
num_cat=0
split_feature=5 2 1 13 7 12 9 1 13 10 1 12 11 7 5 14 10 1 3 6 11 2 0 1 13 5 9 11 9 10
split_gain=10306.4 13461.6 11879.6 11498.7 19925.7 11453.7 29798.5 19702.8 14258.6 20556.1 15878.8 15115.6 31872 30113.7 22143.2 22428.3 15598.5 25371.3 15338.3 14711 20432.2 18883.8 11688.4 11487.7 10893.9 10519 10317.3 17231.2 16561.4 21430.7
threshold=102.10000000000001 1.8666666666666667 1.8133333333333332 0.78661891169205844 28.500000000000004 0.13052619222005182 82.500000000000014 -0.11555555555555418 0.43245347597985034 112.40000000000002 1.4613333333333332 -0.53729960834682411 76.917759348139825 93.500000000000014 84.654444444444451 1.0000000180025095e-35 106.61666666666669 0.76000000000000145 64.737777777777794 3.6293489411194533 73.758240056500014 0.0053333333333329836 86.420000000000016 1.5151111111111117 -0.33172980431441507 84.654444444444451 1192.5000000000002 56.070489384742999 852.50000000000011 79.109722222222231
decision_type=2 8 8 2 2 2 2 10 2 10 10 2 2 2 2 2 8 10 2 2 2 10 2 8 2 2 2 2 2 8
left_child=1 3 -3 5 -5 7 -7 -1 9 11 19 16 18 14 15 -14 -9 24 -13 20 -10 -22 -16 -24 -18 -21 27 -8 -29 -30
right_child=-2 2 -4 4 -6 6 26 8 10 -11 -12 12 13 -15 22 -17 17 -19 -20 25 21 -23 23 -25 -26 -27 -28 28 29 -31
leaf_value=-0.10923963809632345 0.0050887282520251671 1.0123711062019523 0.11506872368710382 -0.17648299321536862 0.71937083150842229 -0.43490405046775216 -0.25623585031823998 -0.077982113146113072 -0.19805334177282122 -0.70463750375078082 1.036097587645054 0.39395493017748384 -0.37775168210741072 0.98249216151138974 0.57581750547061594 0.57581750547061594 -0.24294282537283138 1.2172380818889059 -0.37597344851460418 0.57974607292030533 0.11122810550530751 1.1103707151567506 0.020217450648030905 0.57581750547061594 0.30450666240032986 -0.086048224622953529 0.06956363827447648 -0.058471706558291696 1.1563536683563143 0.094130869991267518
leaf_weight=2479 119748 55 112 2058 64 534 1078 2674 81 94 60 78 63 121 90 304 147 58 379 70 75 128 1388 68 238 389 1473 2734 64 184
leaf_count=2479 119748 55 112 2058 64 534 1078 2674 81 94 60 78 63 121 90 304 147 58 379 70 75 128 1388 68 238 389 1473 2734 64 184
internal_value=-0.000128197 -0.0361557 0.410587 -0.0405001 -0.149464 -0.0251375 -0.0782147 0.0107061 0.0564164 0.0286366 0.253677 0.0409276 0.132752 0.217528 0.169143 0.518287 -0.0324557 0.242347 -0.244563 0.190494 0.473335 0.741229 0.0862607 0.0518426 0.0954805 0.015489 -0.04379 -0.0849156 -0.0229829 0.368253
internal_weight=137088 17340 167 17173 2122 15051 6067 8984 6505 5702 803 5608 2491 2034 1913 367 3117 443 457 743 284 203 1546 1456 385 459 5533 4060 2982 248
internal_count=137088 17340 167 17173 2122 15051 6067 8984 6505 5702 803 5608 2491 2034 1913 367 3117 443 457 743 284 203 1546 1456 385 459 5533 4060 2982 248
is_linear=0
shrinkage=0.05


Tree=124
num_leaves=31
num_cat=0
split_feature=10 11 13 8 5 5 2 3 10 2 12 3 9 5 9 10 3 0 12 3 6 11 3 9 13 13 4 10 13 14
split_gain=10138.8 21537 32604.3 34714.2 34078.3 94465.9 30092.1 28668.1 21871 20342.5 18503.9 42202.2 25665 25239.6 23636.4 22784.1 23156.9 41606.2 27298 26288.6 22099.4 28206.2 26171.8 21106.1 19937.4 19841.8 23181.6 19484.9 20083.4 19347
threshold=84.069444444444471 112.43085139989846 -0.93585024503435343 40.250000000000007 142.07166666666672 154.23500000000004 0.88666666666666683 327.43333333333339 114.51666666666667 0.77333333333333376 0.82531082829576852 196.32000000000005 97.500000000000014 158.98666666666671 32.500000000000007 100.51666666666667 129.9966666666667 169.05333333333337 -0.37256073532439565 122.60000000000001 17.840692335091131 80.952669024467568 196.32000000000005 727.50000000000011 0.17364817766693066 -0.70710678118654757 3.6703496651963978 91.680555555555557 -0.64278760968653914 4.5000000000000009
decision_type=10 2 2 2 2 2 10 2 10 10 2 2 2 2 2 10 2 2 2 2 2 2 2 2 2 2 2 10 2 2
left_child=-1 2 3 6 -5 -6 -2 8 10 -7 12 13 14 -12 15 16 19 18 29 25 -14 22 -22 -15 27 26 -4 28 -23 -18
right_child=1 -3 7 4 5 9 -8 -9 -10 -11 11 -13 20 23 -16 -17 17 -19 -20 -21 21 24 -24 -25 -26 -27 -28 -29 -30 -31
leaf_value=-0.0092633439093813864 -0.22237763737857061 -0.0017342047769944979 1.1245154180024801 -0.046403198617592005 2.5638185333387526 -0.046403198617592005 -1.3008260214674301 1.0204361610980921 -0.40623606748300278 0.96439995233501719 -0.16461383156447618 -1.4246615497689499 0.043077332577882703 0.0069727604894825592 0.36432157642063701 0.82302327387720009 -0.74143066194440643 0.61022348488832634 -1.7087941200733185 1.1310273336447203 0.49391881681957772 -0.039185544509587993 1.74180048360066 1.1375166865283406 0.54418460276468028 -0.17828198411855206 -0.25349245462931841 0.48833235055208207 -1.0200807500529934 0.29171134091135281
leaf_weight=94290 1034 31052 76 309 51 132 69 86 206 56 605 57 5431 89 1855 87 140 86 50 65 178 177 55 77 190 290 51 103 74 67
leaf_count=94290 1034 31052 76 309 51 132 69 86 206 56 605 57 5431 89 1855 87 140 86 50 65 178 177 55 77 190 290 51 103 74 67
internal_value=-0.000102355 0.0200806 0.0777507 -0.128237 0.197035 0.655273 -0.289842 0.111439 0.103629 0.13753 0.114343 -0.111821 0.135208 -0.0147627 0.261855 0.0534397 -0.0277164 -0.341738 -0.660293 0.195747 0.0787598 0.32817 0.788483 0.531382 0.131014 0.0499599 0.571142 -0.0907446 -0.328374 -0.407032
internal_weight=137088 42798 11746 1651 548 239 1103 10095 10009 188 9803 828 8975 771 2767 912 825 343 257 482 6208 777 233 166 544 417 127 354 251 207
internal_count=137088 42798 11746 1651 548 239 1103 10095 10009 188 9803 828 8975 771 2767 912 825 343 257 482 6208 777 233 166 544 417 127 354 251 207
is_linear=0
shrinkage=0.05


Tree=125
num_leaves=31
num_cat=0
split_feature=1 6 10 2 1 9 4 13 9 9 12 13 10 8 11 10 11 11 10 10 11 3 10 4 8 12 13 4 6 5
split_gain=9696.91 16374.2 19292.1 18617.7 16972.1 24007.1 20556.7 16819.3 16967.6 26860.8 16160.2 15253.1 44348.1 25153.8 32404 30847.7 27487.1 36427.1 24308.5 23653.9 43116.1 35669.9 27272.6 34986.5 25590.9 22354.6 22160.5 20354.6 19135.9 33634.7
threshold=0.066666666666667151 8.9840663668876264 77.868333333333354 -0.5573333333333329 1.4613333333333332 57.500000000000007 6.8442676744833273 -0.98658463173998423 232.50000000000003 37.500000000000007 -0.98658463173998423 -0.74455857214455057 72.710000000000022 42.500000000000007 90.37004077434527 90.683333333333351 117.62408013250001 83.812499821186051 90.466666666666683 96.726666666666688 142.06520128250133 173.15666666666669 93.53666666666669 17.284412963420994 91.500000000000014 -0.22706275313213778 -0.010907442517280496 18.655514287559061 26.042071671867902 135.10166666666669
decision_type=10 2 8 8 10 2 2 2 2 2 2 2 8 2 2 8 2 2 8 10 2 2 8 2 2 2 2 2 2 2
left_child=-1 2 7 -3 5 6 -5 8 9 -2 -8 12 -6 16 15 25 17 -14 -19 20 26 24 23 -22 27 -15 28 -21 29 -13
right_child=1 3 -4 4 11 -7 10 -9 -10 -11 -12 19 13 14 -16 -17 -18 18 -20 21 22 -23 -24 -25 -26 -27 -28 -29 -30 -31
leaf_value=-0.010963987368914224 0.73605954760024628 0.22739446343761963 0.070987220422525546 0.016246043026775247 -0.47791768347293984 -0.029681913079594991 -0.8031764484143683 -0.011448935709506712 0.68580145417958849 -0.3176132692336347 -0.25394067192188274 -0.34319562393627412 0.19782484301712577 0.39613248658558681 0.23408503906869074 0.19782484301712577 0.19782484301712577 -0.44474114780911267 -1.7116214444041251 0.043784637106749826 -0.20768760719333157 0.95589427768152113 0.29076520979404447 -1.0370819199665944 0.88749797518830753 1.5290252527446613 0.14986940220272801 -1.0170929718402124 -0.44856699857457932 0.33102671541273598
leaf_weight=82323 93 728 18862 727 247 10650 147 16029 174 173 1506 366 172 63 825 59 344 156 50 167 273 148 105 238 64 141 1466 62 356 374
leaf_count=82323 93 728 18862 727 247 10650 147 16029 174 173 1506 366 172 63 825 59 344 156 50 167 273 148 105 238 64 141 1466 62 356 374
internal_value=-0.000117779 0.0161863 0.0364632 -0.0206771 -0.0303316 -0.0617654 -0.205332 -0.00307724 0.3019 0.0507761 -0.302784 0.0418288 0.150548 0.236311 0.388151 0.871437 0.00749895 -0.303157 -0.752236 -0.0199658 -0.0675836 0.323185 -0.443172 -0.593981 0.00359092 1.17916 0.0227217 -0.24344 -0.14735 -0.00244001
internal_weight=137088 54765 35331 19434 18706 13030 2380 16469 440 266 1653 5676 2057 1810 1088 263 722 378 206 3619 3178 441 616 511 293 204 2562 229 1096 740
internal_count=137088 54765 35331 19434 18706 13030 2380 16469 440 266 1653 5676 2057 1810 1088 263 722 378 206 3619 3178 441 616 511 293 204 2562 229 1096 740
is_linear=0
shrinkage=0.05


Tree=126
num_leaves=31
num_cat=0
split_feature=5 9 13 5 10 11 10 9 6 13 12 5 9 11 5 5 7 13 9 9 3 14 11 3 6 10 5 0 7 11
split_gain=9714.71 19302 19714 30562.8 19685.5 15857.5 15722 11682.7 10393.5 46092.3 39009.8 34471.2 19723.6 27807.4 44394.1 28481.4 27321 18887.5 26225 39057.5 31574 16054.3 16168.5 32404.9 23928.9 15845.5 15850 15397.8 14957.7 14868.4
threshold=72.52166666666669 962.50000000000011 -0.63435554093529922 46.57694444444445 60.233333333333341 65.631049773647405 85.441666666666691 287.50000000000006 2.7560687855741466 -0.60003553868615123 -0.22706275313213778 110.28000000000002 722.50000000000011 52.509766127500008 150.19166666666669 114.31833333333336 65.550000000000011 -0.11969653353600833 422.50000000000006 747.50000000000011 94.183333333333351 3.5000000000000004 65.631049773647405 128.4366666666667 1.9769397836871867 82.14166666666668 114.08333333333336 86.420000000000016 96.500000000000014 138.93320906000005
decision_type=2 2 2 2 10 2 10 2 2 2 2 2 2 2 2 2 2 2 2 2 2 2 2 2 2 8 2 2 2 2
left_child=1 6 3 -3 -5 -6 7 -1 9 11 17 -2 16 25 15 -15 -13 -11 20 29 27 22 23 -17 -24 -14 -27 -19 -22 -20
right_child=8 2 -4 4 5 -7 -8 -9 -10 10 -12 12 13 14 -16 21 -18 18 19 -21 28 -23 24 -25 -26 26 -28 -29 -30 -31
leaf_value=-0.672412504399172 0.039464314930023205 -0.39532390338710593 -0.11850694441988215 1.4547057704013939 -0.25926120584973922 0.95859466811811389 0.15090970687434346 -0.24018560265380462 -0.0061332365759250171 -0.014604564961609452 -0.034388695553001246 0.098601063070921979 -0.77250570637999849 1.4717293819412589 1.9215800574421884 0.76327075105905529 0.64657285606695547 0.048007973432540901 0.57363776857485982 -0.061884227299368849 0.047386194077102088 0.10307520947066809 1.5807630715178855 -0.78547037943795917 0.42965951319418699 0.94567943146595601 -0.098109543853062253 1.0976457045895271 0.72986085935529454 1.2906457851672997
leaf_weight=239 3005 79 508 68 52 55 167 452 104814 1752 19755 1444 53 68 60 100 270 50 428 255 2454 267 81 51 102 52 121 116 83 87
leaf_count=239 3005 79 508 68 52 55 167 452 104814 1752 19755 1444 53 68 60 100 270 50 428 255 2454 267 81 51 102 52 121 116 83 87
internal_value=-9.90281e-05 -0.121815 0.0613241 0.420986 0.789492 0.366739 -0.284462 -0.389682 0.00135651 0.0269659 -0.00225467 0.155611 0.286379 0.468471 0.618695 0.501844 0.184921 0.11924 0.186759 0.444185 0.113426 0.392107 0.623159 0.240186 0.939164 -0.0161006 0.21563 0.78149 0.0697139 0.694763
internal_weight=137088 1620 762 254 175 107 858 691 135468 30654 24980 5674 2669 955 729 669 1714 5225 3473 770 2703 601 334 151 183 226 173 166 2537 515
internal_count=137088 1620 762 254 175 107 858 691 135468 30654 24980 5674 2669 955 729 669 1714 5225 3473 770 2703 601 334 151 183 226 173 166 2537 515
is_linear=0
shrinkage=0.05


Tree=127
num_leaves=31
num_cat=0
split_feature=9 13 10 11 13 1 10 0 1 12 9 12 11 2 13 3 14 10 13 3 10 13 6 6 11 6 2 14 0 1
split_gain=9631.59 26790.9 39476.1 28872.7 26443.5 26934.8 26300.8 25722.4 24901.9 38023.2 23511.3 33340.8 26854.2 46165.8 33972.2 26351.4 32141.1 29890.1 27701.2 30472.8 23177.9 29728.3 31655 23065.9 22641.6 22162.9 21200.8 20944.6 29967.2 20748.8
threshold=202.50000000000003 0.94331137514050722 70.670833333333348 77.831459432840461 0.80644460426748255 -1.2884444444444456 93.53666666666669 198.81333333333336 0.80800000000000083 -0.03271713619994817 87.500000000000014 -0.22706275313213778 78.313761562500019 1.0600000000000003 -0.88186879444286459 199.81666666666669 4.5000000000000009 87.441666666666677 -0.098011308799811417 235.05000000000004 79.841666666666683 0.3007057995042734 12.643869754274371 24.584547743377705 72.819825432500025 23.359382248871373 0.26844444444444476 3.5000000000000004 125.65333333333335 -1.3413333333333328
decision_type=2 2 10 2 2 10 8 2 10 2 2 2 2 10 2 2 2 8 2 2 10 2 2 2 2 2 10 2 2 10
left_child=1 10 7 27 8 -6 -7 24 25 -10 -1 15 13 23 -15 17 20 -12 -18 -20 -17 -22 -23 -13 -3 -2 29 -4 -29 -14
right_child=4 2 3 -5 5 6 -8 -9 9 -11 11 12 26 14 -16 16 18 -19 19 -21 21 22 -24 -25 -26 -27 -28 28 -30 -31
leaf_value=0.0095071408203806374 0.023685739130344566 -0.16345444159216879 0.26218232776702505 0.1298427986842122 0.30901670621790212 -0.020671695117262665 -0.1691727953035469 -0.80312442984770649 0.28776025135459177 -0.04478232513709398 -0.094827165318529499 -0.091687781875787966 -0.33687362260287129 1.8572392562340045 0.13842411893501616 0.051077546251699239 0.14079004393898564 0.046855650059159988 -0.22470166098475458 -1.5732912052245369 0.26245330519445292 0.32484442098675492 1.5197307396582937 0.50330690933125355 0.23332844164085098 -0.19984952195207437 -0.35896132179032719 -0.1342667001657761 1.0669672886703827 -0.094733301965653993
leaf_weight=24882 56632 938 338 1270 544 16484 3640 110 2155 1430 9412 1551 1078 58 57 656 231 6158 125 63 574 107 115 182 583 1131 1327 65 258 4934
leaf_count=24882 56632 938 338 1270 544 16484 3640 110 2155 1430 9412 1551 1078 58 57 656 231 6158 125 63 574 107 115 182 583 1131 1327 65 258 4934
internal_value=-9.40767e-05 -0.0162675 0.116349 0.269326 0.0107661 -0.0381477 -0.0475324 -0.0647661 0.027245 0.155114 -0.0254382 -0.0580921 -0.13518 0.0351754 1.0053 -0.0174862 0.159808 -0.038791 -0.225973 -0.676623 0.271131 0.452482 0.943817 -0.0292013 -0.0113674 0.0193089 -0.178077 0.537319 0.825233 -0.138151
internal_weight=137088 55072 3562 1931 82016 20668 20124 1631 61348 3585 51510 26628 9187 1848 115 17441 1871 15570 419 188 1452 796 222 1733 1521 57763 7339 661 323 6012
internal_count=137088 55072 3562 1931 82016 20668 20124 1631 61348 3585 51510 26628 9187 1848 115 17441 1871 15570 419 188 1452 796 222 1733 1521 57763 7339 661 323 6012
is_linear=0
shrinkage=0.05


Tree=128
num_leaves=31
num_cat=0
split_feature=5 12 11 9 9 13 4 1 13 10 3 14 9 9 12 9 8 14 9 12 12 5 4 11 2 9 12 5 11 2
split_gain=9631.03 26824.9 39538.8 45657.6 28313.6 21853.3 20850.4 17968.2 27227.9 17888.8 17606.5 25451.8 17865.2 22688.2 17142.4 53540 45749.8 40865.3 38007.9 30706.8 37579.2 31920.3 25122 23614.6 27187.5 26741.3 33474.6 31604 28915.8 28606.8
threshold=172.88166666666669 0.89194178735545526 66.408199812500001 1112.5000000000002 567.50000000000011 -0.22706275313213795 8.2132397180480208 -1.7093333333333318 -0.92794370089704259 84.608333333333363 190.37000000000003 2.5000000000000004 857.50000000000011 67.500000000000014 0.11969653353600808 47.500000000000007 72.500000000000014 2.5000000000000004 762.50000000000011 0.72982064943493996 0.60003553868615167 198.1866666666667 16.191534412894409 170.30572372350005 0.040000000000001049 852.50000000000011 0.76604444311897824 224.25500000000002 77.831459432840461 1.9986666666666675
decision_type=2 2 2 2 2 2 2 10 2 10 2 2 2 2 2 2 2 2 2 2 2 2 2 2 10 2 2 2 2 10
left_child=-1 7 3 4 -3 10 -6 8 9 -2 -4 -12 13 -13 18 19 23 -18 -9 20 -16 22 -21 25 -25 26 27 28 -17 -30
right_child=1 2 5 -5 6 -7 -8 14 -10 -11 11 12 -14 -15 15 16 17 -19 -20 21 -22 -23 -24 24 -26 -27 -28 -29 29 -31
leaf_value=-0.005779198064170675 -0.13931611387059092 -0.81873388302524419 1.4404882575074831 -1.4460783004760742 0.10754831824530947 0.21470754007968279 0.99615444909309003 0.081922208758441598 -0.0079385819887730653 -0.73629722081464744 -0.15834739541198001 1.0609387131915851 1.551415591730791 -0.24095608481654415 0.28465103507041933 -0.036072157396868407 0.31594724717998413 1.9222380539950201 -0.43263849785169867 0.31217410805133672 1.8895962665081028 0.91357381705317531 -1.0302477075940086 -0.14382149576622097 -0.84253925243089367 0.20351689394840122 -0.48031730553492136 0.12578845046948048 -0.31256205458616404 -1.4404076842466991
leaf_weight=115752 240 78 78 50 940 333 71 10979 1109 263 81 88 68 54 71 1610 123 51 371 78 75 91 63 395 215 807 535 1466 893 60
leaf_count=115752 240 78 78 50 940 333 71 10979 1109 263 81 88 68 54 71 1610 123 51 371 78 75 91 63 395 215 807 535 1466 893 60
internal_value=-8.93729e-05 0.030779 0.213218 0.0313057 0.0991379 0.508372 0.169953 0.0135505 -0.146331 -0.451455 0.773385 0.594574 0.884987 0.565852 0.0279625 -0.0365623 -0.0720342 0.72718 0.0651026 0.541029 1.10911 0.183531 -0.287631 -0.095285 -0.390091 -0.0618031 -0.108717 -0.0593727 -0.165282 -0.38357
internal_weight=137088 21336 1841 1139 1089 702 1011 19495 1612 503 369 291 210 142 17883 6533 6155 174 11350 378 146 232 141 5981 610 5371 4564 4029 2563 953
internal_count=137088 21336 1841 1139 1089 702 1011 19495 1612 503 369 291 210 142 17883 6533 6155 174 11350 378 146 232 141 5981 610 5371 4564 4029 2563 953
is_linear=0
shrinkage=0.05


Tree=129
num_leaves=31
num_cat=0
split_feature=5 9 7 9 13 14 10 9 13 12 1 9 1 12 12 10 6 9 9 10 8 10 9 8 5 9 12 13 10 5
split_gain=9250.31 17192.4 25235.8 25086 69391.8 41219.8 13637.8 21969.6 14028.8 13143.9 29520.2 18924.2 18637.9 28036.9 28001.4 22360.1 22045.6 16861.8 28520.9 15730.9 16351.6 16320.4 15653.3 20287.4 15830 14686.6 17032.4 24551 16060.1 14265.9
threshold=114.31833333333336 1322.5000000000002 0.21000000000000005 1232.5000000000002 -0.47136869107721074 4.5000000000000009 110.78333333333335 507.50000000000006 0.9195955058153672 0.098011308799811389 0.60000000000000064 72.500000000000014 1.2133333333333343 -0.91959550581536686 -0.043619387365335778 69.870833333333351 5.3390760746001531 267.50000000000006 92.500000000000014 75.738888888888908 93.500000000000014 81.010000000000034 252.50000000000003 0.24500000000000002 46.57694444444445 692.50000000000011 0.39271506111191362 -0.021814885034560822 68.716666666666683 87.401666666666685
decision_type=2 2 2 2 2 2 10 2 2 2 8 2 10 2 2 10 2 2 2 8 2 8 2 2 2 2 2 2 8 2
left_child=6 3 -3 -2 5 -5 8 -8 9 12 25 -12 16 15 17 -14 22 18 19 -15 21 -21 29 24 -24 -11 28 -28 -27 -1
right_child=1 2 -4 4 -6 -7 7 -9 -10 10 11 -13 13 14 -16 -17 -18 -19 -20 20 -22 -23 23 -25 -26 26 27 -29 -30 -31
leaf_value=0.26995569255638435 0.010517644041194981 -0.12090178385016095 0.93113445372417059 2.0726004245219296 -0.15152337051061271 0.34043675877394214 -0.39432167934859269 0.47738775134086614 -0.11332012443791567 -0.056265445802493541 -0.54760900687935576 -0.14324583090844545 0.70484552985200521 -0.0169390627493461 -0.70379904385533987 -0.44275906800707698 -0.059688490746474414 0.81234125478694286 -0.25664682419106949 -0.33764658295295458 1.1815656779691428 0.61102476098336456 -0.29236118287495944 0.91976608696240414 0.13404559882686562 0.44641687586098106 0.18902667685324318 -0.046934034876810839 -0.35389513026383457 -0.018705398292016416
leaf_weight=462 94298 3315 58 77 202 62 483 85 3447 9508 406 1007 52 126 61 231 7312 197 179 55 99 258 230 79 4056 74 2404 2036 410 5819
leaf_count=462 94298 3315 58 77 202 62 483 85 3447 9508 406 1007 52 126 61 231 7312 197 179 55 99 258 230 79 4056 74 2404 2036 410 5819
internal_value=-8.86853e-05 0.00811226 -0.102812 0.0120657 0.440145 1.29998 -0.0206586 -0.263872 -0.0170712 -0.00760853 -0.0413221 -0.259432 0.0201908 0.206239 0.333409 -0.231892 0.0071577 0.402632 0.290062 0.47196 0.621478 0.444325 0.0530697 0.125798 0.111163 -0.0199675 0.0501219 0.0808249 -0.231533 0.00252712
internal_weight=137088 98012 3373 94639 341 139 39076 568 38508 35061 15845 1413 19216 1258 975 283 17958 914 717 538 412 313 10646 4365 4286 14432 4924 4440 484 6281
internal_count=137088 98012 3373 94639 341 139 39076 568 38508 35061 15845 1413 19216 1258 975 283 17958 914 717 538 412 313 10646 4365 4286 14432 4924 4440 484 6281
is_linear=0
shrinkage=0.05


Tree=130
num_leaves=31
num_cat=0
split_feature=5 9 10 14 10 5 10 10 11 13 0 13 6 9 13 8 10 11 0 9 12 5 5 10 1 8 14 6 2 10
split_gain=8931.37 26399.2 19120.4 16776.9 26994.9 21216.6 20529.2 15354.6 14698.6 12515.4 11601.3 10734.8 10687.1 10455.6 20936.9 34611.6 30106.2 36681.2 29578.7 24156.1 36340.3 27003.2 41096.1 40567.4 27104.4 26751.3 27981 22921.5 21356.8 21256.9
threshold=264.46333333333337 1092.5000000000002 109.45 5.5000000000000009 84.483333333333363 294.63333333333338 80.470833333333346 98.616666666666688 69.078945815563173 0.65106671239330416 276.64000000000004 -0.75894212529897775 12.337187440352707 182.50000000000003 0.94331137514050722 205.00000000000003 70.883333333333354 77.831459432840461 204.05333333333337 97.500000000000014 -0.22706275313213778 160.3016666666667 194.84000000000003 85.77500000000002 -1.4613333333333338 65.550000000000011 1.5000000000000002 8.7914711883312542 1.0600000000000003 100.51666666666667
decision_type=2 2 8 2 10 2 10 10 2 2 2 2 2 2 2 2 10 2 2 2 2 2 2 8 10 2 2 2 10 10
left_child=13 2 3 7 6 -6 -5 8 9 -2 -11 -4 -9 14 19 16 18 -18 -16 29 28 -22 27 24 -24 26 -26 -23 -21 -1
right_child=1 -3 11 4 5 -7 -8 12 -10 10 -12 -13 -14 -15 15 -17 17 -19 -20 20 21 22 23 -25 25 -27 -28 -29 -30 -31
leaf_value=-0.011358268724507513 0.25777307775665503 -0.81983820740381885 1.2169175531715155 -0.2668567783302731 -0.58100717824239001 0.73324253877003986 -1.6237317411005496 0.15588189494230001 0.26502719602507091 -0.051708355722854843 -0.88253179867432952 0.38252522897400315 -0.79289923003599261 0.0088511593999667272 -0.042033523907618865 1.0187085323847167 0.5477773457559264 0.056582832608098634 -1.071424063295126 -0.010943554954844715 -0.098130101834321026 -0.93815362735532914 -0.46781406600256359 -0.36789664272218947 0.89009612030681995 1.4966259192537379 -0.066061324300244459 -0.40132256037757341 -0.35499316351090232 0.14783320632039207
leaf_weight=24766 122 75 52 63 52 75 50 51 1196 99 73 149 71 85778 1225 101 503 1046 74 12462 4216 275 98 598 95 54 192 718 468 2291
leaf_count=24766 122 75 52 63 52 75 50 51 1196 99 73 149 71 85778 1225 101 503 1046 74 12462 4216 275 98 598 95 54 192 718 468 2291
internal_value=-8.42512e-05 0.101551 0.135212 0.0849424 -0.305074 0.195125 -0.867244 0.143009 0.187166 -0.129577 -0.404325 0.598388 -0.396278 -0.00168681 -0.020066 0.109104 0.0768462 0.225716 -0.100675 -0.0283052 -0.0712359 -0.17027 -0.320093 -0.0999485 0.265047 0.475664 0.283566 -0.549992 -0.0233964 0.00212097
internal_weight=137088 2128 2053 1852 240 127 113 1612 1490 294 172 201 122 134960 49182 2949 2848 1549 1299 46233 19176 6246 2030 1037 439 341 287 993 12930 27057
internal_count=137088 2128 2053 1852 240 127 113 1612 1490 294 172 201 122 134960 49182 2949 2848 1549 1299 46233 19176 6246 2030 1037 439 341 287 993 12930 27057
is_linear=0
shrinkage=0.05


Tree=131
num_leaves=31
num_cat=0
split_feature=5 0 2 13 7 6 2 7 9 9 13 13 11 11 5 10 14 10 1 13 9 13 11 3 11 9 9 5 4 9
split_gain=8916.69 11691.6 9994.36 9030.51 17567.5 9017.99 20951.5 18550.5 17003.9 33046.5 26162.8 20299.8 24455.4 49440 18454.1 21743.2 17343.6 23022.7 24370.7 19272.7 16574 57707.8 21378.1 22823.9 22235.6 23775 18323.8 16060.5 15782.9 14934.3
threshold=102.10000000000001 140.22000000000003 2.1900000000000008 0.78661891169205844 28.500000000000004 7.0953023277710567 0.66000000000000092 181.50000000000003 1122.5000000000002 1182.5000000000002 -0.44228869021900119 -0.93585024503435343 143.23594968850003 173.72042959681445 264.46333333333337 109.45 5.5000000000000009 84.483333333333363 -0.8933333333333332 -0.82531082829576841 707.50000000000011 0.31107263240371752 66.408199812500001 118.46666666666668 270.41185098700004 1292.5000000000002 982.50000000000011 201.92833333333334 6.8442676744833273 12.500000000000002
decision_type=2 2 8 2 2 2 10 2 2 2 2 2 2 2 2 8 2 10 10 2 2 2 2 2 2 2 2 2 2 2
left_child=1 2 3 -1 -5 6 7 20 14 10 -10 27 -13 -14 -7 16 -16 18 -18 -19 29 22 23 -22 25 -24 -26 28 -11 -2
right_child=5 -3 -4 4 -6 8 -8 -9 9 11 -12 12 13 -15 15 -17 17 19 -20 -21 21 -23 24 -25 26 -27 -28 -29 -30 -31
leaf_value=-0.024887268953661619 0.12777471688258707 0.71502507925033576 0.50823073046548028 -0.16028343980777812 0.68086457191966476 -0.01061087120921265 0.48519013281128986 0.49366129971302969 -1.5416184746556814 -0.17990083993204589 -0.27502875450126668 -0.070548594031045297 1.8856589888334274 0.0096374418523352042 0.16085803780834473 0.68170315907682699 -0.13679121351032927 0.82090696990489964 -1.6492147834300994 -0.44222855047574128 0.22090022509752624 -0.090482415117496384 0.25372429730047114 -0.029752324621826309 -0.72793757524985792 -0.031012889523527876 0.25372429730047114 0.25307897267670465 -0.79163005282343546 -0.0037794242793353187
leaf_weight=15078 2251 52 84 2062 64 48402 238 202 72 206 94 1396 50 118 1407 175 57 58 50 63 1366 4065 3682 2710 112 755 73 87 216 51843
leaf_count=15078 2251 52 84 2062 64 48402 238 202 72 206 94 1396 50 118 1407 175 57 58 50 63 1366 4065 3682 2710 112 755 73 87 216 51843
internal_value=-7.113e-05 -0.0335817 -0.0358334 -0.0384898 -0.134962 0.00478134 0.0168948 0.0152328 -0.0107608 -0.145578 -0.824393 -0.0912202 -0.00196015 0.567977 -0.00474922 0.152 0.0953037 -0.309235 -0.843531 0.163241 0.0137873 0.065039 0.137722 0.0542495 0.211333 0.233727 -0.325746 -0.365489 -0.493013 0.00169491
internal_weight=137088 17340 17288 17204 2126 119748 67297 67059 52451 2239 166 2073 1564 168 50212 1810 1635 228 107 121 66857 12763 8698 4076 4622 4437 185 509 422 54094
internal_count=137088 17340 17288 17204 2126 119748 67297 67059 52451 2239 166 2073 1564 168 50212 1810 1635 228 107 121 66857 12763 8698 4076 4622 4437 185 509 422 54094
is_linear=0
shrinkage=0.05


Tree=132
num_leaves=31
num_cat=0
split_feature=5 11 12 10 0 9 9 11 12 14 14 13 13 6 7 5 0 9 7 8 9 5 14 0 2 14 13 9 9 9
split_gain=8738.43 22584.1 20556.1 37837.2 18021.2 28735.7 19698.6 17681.1 39477.1 27449.3 25373.9 34903.6 31380.5 50829.4 45631 35535.6 29691.2 29307 28081.8 27940.4 43469.5 29866.6 27771.5 48989.3 26397.2 25593 65999.3 45685.6 45581 85553.5
threshold=151.59500000000003 1.0000000180025095e-35 0.88186879444286481 110.78333333333335 225.62000000000003 47.500000000000007 117.50000000000001 164.03665643519494 0.52803643325367289 5.5000000000000009 3.5000000000000004 -0.1413247892049839 -0.86046863722869238 37.345984246274824 92.500000000000014 254.43166666666667 222.62000000000003 1437.5000000000002 42.500000000000007 70.250000000000014 167.50000000000003 294.63333333333338 4.5000000000000009 257.78000000000003 -1.5959999999999994 2.5000000000000004 -0.61734245059638992 72.500000000000014 722.50000000000011 1437.5000000000002
decision_type=2 2 2 10 2 2 2 2 2 2 2 2 2 2 2 2 2 2 2 2 2 2 2 2 10 2 2 2 2 2
left_child=-1 -2 7 4 -4 -6 -7 10 -9 -10 12 18 13 14 17 16 -15 24 19 20 21 22 23 -12 -3 26 27 -14 -29 -30
right_child=1 2 3 -5 5 6 -8 8 9 -11 11 -13 25 15 -16 -17 -18 -19 -20 -21 -22 -23 -24 -25 -26 -27 -28 28 29 -31
leaf_value=-0.0077544018787029309 -0.26908311090192499 -0.63969040173261693 0.084011681894835891 1.1998403180160639 1.4932470520674173 -0.45981942144307225 0.66714898662522759 -0.0090625613219671147 -0.2757374409347651 -1.116094367299229 0.21723256631324439 0.010648766612141515 0.81142631264181397 -0.58295411768086847 1.2188382681459189 0.29114646601676941 -1.8895894281303183 0.54351759301163483 0.53627830402201049 0.34016478986984094 0.21723256631324439 0.21723256631324439 -0.30333169653827291 -1.0407103343900428 -0.11639924821467994 -0.098831116266305974 0.0038967237562608382 0.063190757700680042 2.0162144678499963 -0.18263093419694182
leaf_weight=99676 661 269 3921 81 59 66 94 3771 734 112 592 6962 411 89 64 50 85 147 509 449 1937 229 1121 83 2315 3362 8088 974 90 87
leaf_count=99676 661 269 3921 81 59 66 94 3771 734 112 592 6962 411 89 64 50 85 147 509 449 1937 229 1121 83 2315 3362 8088 974 90 87
internal_value=-2.05262e-05 0.0205847 0.0257946 0.129605 0.108666 0.550071 0.202275 0.0123245 -0.0783125 -0.38699 0.0273165 0.0826892 -0.0137252 -0.158956 -0.100876 -0.883664 -1.22125 -0.131803 0.184629 0.144051 0.0943003 -0.0712705 -0.150763 0.102614 -0.170875 0.0199709 0.0613607 0.358908 0.197323 0.935426
internal_weight=137088 37412 36751 4221 4140 219 160 32530 4617 846 27913 11882 16031 3019 2795 224 174 2731 4920 4411 3962 2025 1796 675 2584 13012 9650 1562 1151 177
internal_count=137088 37412 36751 4221 4140 219 160 32530 4617 846 27913 11882 16031 3019 2795 224 174 2731 4920 4411 3962 2025 1796 675 2584 13012 9650 1562 1151 177
is_linear=0
shrinkage=0.05


Tree=133
num_leaves=31
num_cat=0
split_feature=10 11 13 3 14 10 2 11 10 3 12 13 13 4 5 11 7 5 10 9 8 9 11 13 4 5 9 12 10 11
split_gain=8600.62 18684.1 28286.1 27970.1 26856 27007.8 26693.6 26487.2 18649.5 17553.4 22527.3 17072.6 16967.9 34892 46513.5 27430.3 26894.1 20525.4 19071.6 23307.2 17991.8 20402.4 37122.3 37833.3 24952 18738.8 21418.2 24532.1 35201 21261.9
threshold=84.069444444444471 112.43085139989846 -0.97854064376158167 327.43333333333339 5.5000000000000009 92.346666666666678 0.31866666666666749 102.77339870200001 114.51666666666667 164.94333333333338 1.0000000180025095e-35 0.3007057995042734 -0.9927505997980649 3.9090800281732729 203.91166666666666 77.831459432840461 92.500000000000014 134.75166666666669 78.681666666666686 1437.5000000000002 151.50000000000003 192.50000000000003 102.16608048500002 0.50938662908026078 23.001537915455398 159.64833333333337 1122.5000000000002 -0.98279651670771895 70.670833333333348 178.95372528020729
decision_type=10 2 2 2 2 10 8 2 10 2 2 2 2 2 2 2 2 2 8 2 2 2 2 2 2 2 2 2 8 2
left_child=12 2 4 8 5 6 -2 -6 -4 10 -7 -10 13 16 18 -16 17 -1 -15 -20 21 22 -14 -24 25 -23 27 28 -27 -29
right_child=1 -3 3 -5 7 9 -8 -9 11 -11 -12 -13 20 14 15 -17 -18 -19 19 -21 -22 24 23 -25 -26 26 -28 29 -30 -31
leaf_value=0.16828646402784964 -0.27483453395382201 -0.0016354367490985008 0.09693679153885372 0.93199134371243419 -0.14663665955774038 -0.98383515816595823 0.62379558862745765 1.2193200466613616 -1.1874652168154716 -1.4068139924357335 0.22196988925776062 -0.12575599328638651 -0.0071415575206483176 0.011133536696137893 1.3858634284844524 0.19011384709809837 1.1755556090018946 0.70393719948342637 -0.24056775293699129 -1.0676942982719939 0.1969218661048846 -0.01006343604914554 -0.18259585029247136 0.073158716224444933 -0.52751742368856358 -1.5226590478195334 -0.20203231158949314 0.091231539276295459 -0.12014306527968069 -0.82042028740979733
leaf_weight=1237 476 31052 10490 99 83 90 100 62 50 72 68 156 16390 629 76 130 80 128 492 103 1018 53357 7403 1797 223 53 724 10099 287 64
leaf_count=1237 476 31052 10490 99 83 90 100 62 50 72 68 156 16390 629 76 130 80 128 492 103 1018 53357 7403 1797 223 53 724 10099 287 64
internal_value=9.41688e-05 0.0186832 0.072398 0.0954278 -0.189018 -0.301716 -0.118822 0.437428 0.0876847 -0.759747 -0.464881 -0.383452 -0.00834334 0.11126 -0.0638381 0.631264 0.28454 0.232319 -0.180824 -0.383751 -0.0121048 -0.0144588 -0.0522603 -0.13264 0.000467696 0.00229076 0.0610048 0.0791367 -0.338771 0.0912315
internal_weight=137088 42798 11746 10795 951 806 576 145 10696 230 158 206 94290 2875 1430 206 1445 1365 1224 595 91415 90397 25590 9200 64807 64584 11227 10503 340 10163
internal_count=137088 42798 11746 10795 951 806 576 145 10696 230 158 206 94290 2875 1430 206 1445 1365 1224 595 91415 90397 25590 9200 64807 64584 11227 10503 340 10163
is_linear=0
shrinkage=0.05


Tree=134
num_leaves=31
num_cat=0
split_feature=11 6 12 5 11 9 5 9 14 11 3 10 11 13 11 11 9 10 13 5 0 13 0 11 9 0 9 10 9 0
split_gain=8390.18 20684.5 41276.2 58968.4 28302.3 21021.2 30931.9 29515.1 29128.8 67135 34785.2 21591.6 21163.4 20672.9 22730.8 18645.7 36449.1 31815.6 31156.8 29951.3 32400.6 29462.8 27581.9 23461.9 22971.3 23240.7 25596.5 22900.9 23611.4 23232
threshold=67.614569664001394 2.7560687855741466 0.78661891169205866 160.95833333333337 99.549508844903343 592.50000000000011 110.28000000000002 1292.5000000000002 1.5000000000000002 117.62408013250001 134.65000000000003 93.53666666666669 84.292559318500011 -0.99512551815703254 105.45875114202489 104.78408625731805 277.50000000000006 86.941666666666677 0.26932402956675644 220.5916666666667 164.22000000000003 0.84339144581288539 208.02000000000004 244.80363100845543 1352.5000000000002 173.82000000000002 22.500000000000004 85.941666666666677 632.50000000000011 171.98000000000002
decision_type=2 2 2 2 2 2 2 2 2 2 2 10 2 2 2 2 2 8 2 2 2 2 2 2 2 2 2 10 2 2
left_child=-1 2 5 -4 -5 13 -7 8 9 10 -8 12 -10 14 -2 24 17 18 23 20 -20 22 -18 -17 25 -3 -27 -23 -29 -30
right_child=1 15 3 4 -6 6 7 -9 11 -11 -12 -13 -14 -15 -16 16 21 -19 19 -21 -22 27 -24 -25 -26 26 -28 28 29 -31
leaf_value=-0.017392516972971714 1.0994613177054808 0.010626328349986645 -0.11714639117174921 0.40678057262339656 1.7297375909253665 -0.046705832113386005 1.5552969346940519 -0.24728321565780789 0.095085905672466942 2.5877917454474506 0.076663723983407275 -0.47008401938911643 0.74603960282031201 0.070710812180764984 0.23761583419786839 -0.15524287419361726 0.062694942707485282 -0.0056951266404978293 0.071774617521366088 0.92452400624752051 -0.32727445900404106 0.029985425274391644 0.42709996405130557 0.44732371938483023 -0.23613710518074693 0.64722266949816243 0.095922197197311515 -0.25176106730179315 -0.39872788317501545 -1.8502192904697914
leaf_weight=45613 95 24447 3895 195 51 444 60 128 206 54 118 66 317 8464 393 10791 9590 18611 2854 90 619 610 549 164 807 217 7077 452 60 51
leaf_count=45613 95 24447 3895 195 51 444 60 128 206 54 118 66 317 8464 393 10791 9590 18611 2854 90 619 610 549 164 807 217 7077 452 60 51
internal_value=0.000124604 0.00885932 0.0636721 -0.0697287 0.681052 0.117071 0.297754 0.458914 0.569015 1.04356 0.575079 0.3821 0.489641 0.0889553 0.405393 -0.00145407 -0.022512 -0.0489718 -0.104449 0.0239879 0.000651272 0.0549799 0.0824265 -0.146222 0.0272984 0.0339961 0.112324 -0.182259 -0.412222 -1.06563
internal_weight=137088 91475 14486 4141 246 10345 1393 949 821 232 178 589 523 8952 488 76989 44441 33129 14518 3563 3473 11312 10139 10955 32548 31741 7294 1173 563 111
internal_count=137088 91475 14486 4141 246 10345 1393 949 821 232 178 589 523 8952 488 76989 44441 33129 14518 3563 3473 11312 10139 10955 32548 31741 7294 1173 563 111
is_linear=0
shrinkage=0.05


Tree=135
num_leaves=31
num_cat=0
split_feature=1 2 4 1 12 5 14 3 10 6 5 11 10 14 10 12 12 4 9 8 6 6 5 14 14 14 10 11 9 10
split_gain=8427.01 30745.8 23800.7 27593.8 21690.2 53011 39789 31435.6 45600.8 29812.2 22421.9 22225.4 25440.1 40264.4 38255.4 32748 30372.4 19718.9 18886.9 18860.8 18519.4 17451.2 37532.5 28412.6 28120.2 37261.4 35927.4 34244.1 27447.5 16990.6
threshold=0.43999999999999989 0.2760000000000003 5.8593583266387803 0.96488888888888869 0.52803643325367289 150.66833333333335 5.5000000000000009 257.77666666666676 84.069444444444471 21.762581035644804 131.98500000000004 90.941501035000002 73.211111111111137 2.5000000000000004 93.805555555555586 -0.63435554093529889 -0.95688340256707749 31.953101023535659 317.50000000000006 65.550000000000011 14.049612525094837 24.584547743377705 196.56500000000003 3.5000000000000004 3.5000000000000004 2.5000000000000004 91.680555555555557 90.37004077434527 47.500000000000007 86.941666666666677
decision_type=10 10 2 10 2 2 2 2 8 2 2 2 8 2 10 2 2 2 2 2 2 2 2 2 2 2 10 2 2 10
left_child=1 -1 -2 -4 11 9 21 8 -8 10 -6 12 16 14 -14 -15 -5 -13 -17 -12 -3 24 23 -23 25 26 27 -7 -24 -11
right_child=2 20 3 4 5 6 7 -9 -10 29 19 17 13 15 -16 18 -18 -19 -20 -21 -22 22 28 -25 -26 -27 -28 -29 -30 -31
leaf_value=0.0026318829086984263 0.096188403103828382 -0.044534601135416886 -0.098906789322570257 0.68936111555047286 -0.3131456931514609 0.61742057981105836 0.2598874481652792 -0.2402066794335842 2.0807525081993781 -1.1191517428988778 -0.11129897072607159 0.030424989521563875 0.63444421447151289 -0.2242634028659104 -0.45565184747402593 0.52295305493241173 -0.10544856861727883 -0.59973491112312938 -0.10616638992639149 0.64346715166568758 -0.19081164924579797 -0.32230539267799663 1.0252344369888307 -1.6256086081789254 0.69033167137979312 -0.97586223541236505 1.2128412548984802 -0.7842105372378263 -0.11273985086168561 -0.18372333515435457
leaf_weight=101397 8203 7359 5560 137 980 82 65 50 73 149 245 5518 841 483 89 400 980 127 170 125 3065 157 76 57 208 82 70 93 175 72
leaf_count=101397 8203 7359 5560 137 980 82 65 50 73 149 245 5518 841 483 89 400 980 127 170 125 3065 157 76 57 208 82 70 93 175 72
internal_value=0.000118373 -0.00577443 0.0261974 -0.00744861 0.0367541 -0.0854771 0.166556 0.833922 1.2231 -0.276066 -0.187939 0.0753173 0.182881 0.290382 0.530123 0.0786455 -0.0079652 0.0162478 0.335321 0.14369 -0.0875449 0.0410908 -0.182953 -0.669447 0.235821 -0.0532872 0.255493 -0.127446 0.231826 -0.814397
internal_weight=137088 111821 25267 17064 11504 2759 1188 188 138 1571 1350 8745 3100 1983 930 1053 1117 5645 570 370 10424 1000 465 214 535 327 245 175 251 221
internal_count=137088 111821 25267 17064 11504 2759 1188 188 138 1571 1350 8745 3100 1983 930 1053 1117 5645 570 370 10424 1000 465 214 535 327 245 175 251 221
is_linear=0
shrinkage=0.05


Tree=136
num_leaves=31
num_cat=0
split_feature=5 9 13 5 10 11 10 13 13 1 11 2 4 12 14 10 11 1 5 10 11 4 1 2 11 5 6 6 12 9
split_gain=8208.86 17461.6 17766.5 27479.5 18041.8 13686.2 13559.4 12008.7 10129.1 7729.3 18543.4 18516.3 26442.8 18173.2 21501.2 14167.7 20578.9 18060 20176.9 13124.4 11953.1 10925.6 10813.1 27522.4 19124.7 18892.2 15278.6 14539.2 24522 20480.4
threshold=72.52166666666669 967.50000000000011 -0.63435554093529922 46.57694444444445 60.233333333333341 65.631049773647405 85.441666666666691 -0.94331137514050678 -0.90159026428466893 2.0146666666666664 1.0000000180025095e-35 1.3466666666666673 16.713138144313984 0.93585024503435366 3.5000000000000004 64.26944444444446 92.091029226779781 1.3502222222222222 158.98666666666671 95.808333333333351 56.242379844188527 27.598463403158863 0.73911111111111161 0.52400000000000035 177.20532494592166 217.49500000000003 24.584547743377705 9.6492065925656121 0.18436924984152928 7.5000000000000009
decision_type=2 2 2 2 10 2 10 2 2 10 2 10 2 2 2 10 2 10 2 10 2 2 10 10 2 2 2 2 2 2
left_child=1 6 3 -3 -5 -6 7 -1 -8 11 -11 21 15 -12 -15 20 17 18 -17 -18 -13 22 23 -2 26 -25 27 28 29 -24
right_child=9 2 -4 4 5 -7 8 -9 -10 10 13 12 -14 14 -16 16 19 -19 -20 -21 -22 -23 24 25 -26 -27 -28 -29 -30 -31
leaf_value=-0.96022217249373609 0.0027910544904864542 -0.36625193942432543 -0.10761208225023187 1.4014774585504142 -0.23672376624947669 0.90037435249848807 0.55007322724861429 -0.29042129122360422 -0.22986291760409419 -0.80500332625775506 0.12351684810130517 0.14274672577014336 -0.30700323838831833 -1.244451845382099 0.083449929569448744 -0.30058790054563045 -0.18134350316118777 0.78927422844265638 0.56008565141720912 0.25632605316198392 -0.70037423374773078 0.29187685310353456 -0.76588098098928081 -0.13548501105680863 -0.10888857320327759 0.18405917816511963 0.39614389092961622 -0.0030422710413505159 -0.039464289041532916 0.22569570105363904
leaf_weight=75 112924 79 505 67 51 55 79 621 88 58 2847 65 1184 54 70 143 671 152 130 230 119 325 53 5387 1607 506 363 4111 1487 2982
leaf_count=75 112924 79 505 67 51 55 79 621 88 58 2847 65 1184 54 70 143 671 152 130 230 119 325 53 5387 1607 506 363 4111 1487 2982
internal_value=0.000112455 -0.111773 0.0634989 0.4064 0.759229 0.35328 -0.265516 -0.362598 0.139089 0.00145044 0.0804237 -0.000355751 -0.130099 0.097709 -0.49483 0.00861209 0.0656638 0.352463 0.109257 -0.0696188 -0.402533 0.00233822 0.00161113 -0.00270624 0.0499914 -0.108047 0.0783729 0.0650113 0.12688 0.20838
internal_weight=137088 1620 757 252 173 106 863 696 167 135468 3029 132439 2694 2971 124 1510 1326 425 273 901 184 129745 129420 118817 10603 5893 8996 8633 4522 3035
internal_count=137088 1620 757 252 173 106 863 696 167 135468 3029 132439 2694 2971 124 1510 1326 425 273 901 184 129745 129420 118817 10603 5893 8996 8633 4522 3035
is_linear=0
shrinkage=0.05


Tree=137
num_leaves=31
num_cat=0
split_feature=5 0 2 13 14 8 9 12 8 14 10 12 14 13 11 5 14 1 12 12 0 11 11 10 6 0 12 9 12 6
split_gain=7572.2 10577.3 8887.15 7984.06 14424.4 14643.2 7881.68 20115.6 16745.7 28046.8 34688.5 18820.2 16520.7 14612.2 13106.8 10931.2 9906.54 8994.3 19612.2 18572.1 9067.9 8886.74 11234.4 14306.4 9567.68 8779.47 8418.14 7806.07 7754.87 20567.3
threshold=102.10000000000001 140.22000000000003 2.1900000000000008 0.75894212529897775 4.5000000000000009 25.750000000000004 177.50000000000003 0.032717136199948427 42.500000000000007 2.5000000000000004 82.270833333333343 -0.076279435988900135 3.5000000000000004 -0.66746801135786449 113.95802581310269 86.273333333333341 5.5000000000000009 1.4613333333333332 -0.03271713619994817 -0.84915165824291616 106.09000000000002 56.070489384742999 54.192875035758284 66.008333333333354 8.6077213379299167 98.373333333333349 -0.87137607974597275 237.50000000000003 -0.9970268106651744 30.012527826301667
decision_type=2 2 8 2 2 2 2 2 2 2 10 2 2 2 2 2 2 10 2 2 2 2 2 10 2 2 2 2 2 2
left_child=1 2 3 6 -5 -6 7 8 16 -10 15 12 14 -14 -12 -11 -1 20 19 -19 21 22 23 24 -8 -15 -24 -22 29 -2
right_child=28 -3 -4 4 5 -7 17 -9 9 10 11 -13 13 25 -16 -17 -18 18 -20 -21 27 -23 26 -25 -26 -27 -28 -29 -30 -31
leaf_value=-0.05863331040049357 -0.054651948383681093 0.68126607336677036 0.48012747917146914 -0.19930643512580917 0.00067991573312335815 0.80316435160144928 -0.02128533240140032 -0.24775654885510498 -0.0025073262992987844 0.56959511544988606 1.5700238672992852 -0.0025073262992987844 0.83904896789266692 -0.0025073262992987844 0.61144154902834158 -0.0025073262992987844 -0.34082196017144256 0.1094384805055765 -0.25252445763332793 1.300152253043471 0.34611068789943539 0.042853323355751816 0.21614978189979281 0.63715089314151552 -0.51398505586588272 0.56151379219642494 -0.37899593667342846 -0.26778887786109995 0.0065666938362129506 -0.88835742189303835
leaf_weight=1777 2778 52 84 1671 582 63 2272 1239 770 86 79 54 154 79 65 299 377 65 89 66 58 6148 70 80 103 82 393 483 116894 76
leaf_count=1777 2778 52 84 1671 582 63 2272 1239 770 86 79 54 154 79 65 299 377 65 89 66 58 6148 70 80 103 82 393 483 116894 76
internal_value=0.000106832 -0.0307741 -0.0329159 -0.0354208 -0.121782 0.0790621 -0.0219864 -0.0726801 -0.0159245 0.103008 0.311756 0.582239 0.693669 0.490852 1.13733 -0.00250733 -0.108023 0.00412129 0.320222 0.70934 -0.00311741 0.00874902 -0.0631061 -0.0205005 -0.0426529 0.157794 -0.289017 -0.201973 0.00457852 -0.0768529
internal_weight=137088 17340 17288 17204 2316 645 14888 5061 3822 1668 898 513 459 315 144 385 2154 9827 220 131 9607 9066 2918 2455 2375 161 463 541 119748 2854
internal_count=137088 17340 17288 17204 2316 645 14888 5061 3822 1668 898 513 459 315 144 385 2154 9827 220 131 9607 9066 2918 2455 2375 161 463 541 119748 2854
is_linear=0
shrinkage=0.05


Tree=138
num_leaves=31
num_cat=0
split_feature=1 2 9 5 4 13 1 10 1 11 9 13 12 9 10 11 6 9 11 10 0 3 0 11 4 5 11 4 6 6
split_gain=7500.7 14950.9 16164.4 19776.5 14261.7 35116.9 34092.3 28791.4 27250.1 23820.5 20438 20227.2 24353.9 27435.3 30125.2 27830.9 49200.7 23306.3 24328 23745.6 21018.7 20711.4 20149.4 19551.2 18743.1 17958.7 17853 17560.8 17312.1 17169.6
threshold=0.12799999999999967 0.094666666666666552 57.500000000000007 178.41166666666669 7.8819174194405255 0.26932402956675644 -1.0426666666666671 71.601388888888906 -0.46666666666666617 1.0000000180025095e-35 112.50000000000001 -0.69930991848440816 0.4126824757997184 727.50000000000011 90.873333333333349 79.363079184500023 2.1818521388451431 72.500000000000014 93.262063682079287 76.90555555555558 85.206666666666692 148.8366666666667 204.05333333333337 92.091029226779781 10.679585496439881 264.46333333333337 124.87383490263664 4.4181474206414721 33.096442698950163 4.6864440223935135
decision_type=10 10 2 2 2 2 8 10 10 2 2 2 2 2 8 2 2 2 2 10 2 2 2 2 2 2 2 2 2 2
left_child=1 4 3 -3 8 6 7 -6 9 -1 -9 12 -10 17 15 -15 -17 18 19 -14 -13 26 -8 -12 -7 -25 -20 -22 -27 -11
right_child=-2 2 -4 -5 5 24 22 10 11 29 23 20 13 14 -16 16 -18 -19 21 -21 27 -23 -24 25 -26 28 -28 -29 -30 -31
leaf_value=-0.39592978358336972 0.016007125710559386 -0.27185383842973682 -0.038104599064982203 0.34637219542181574 0.16625261009276229 0.061546483609976645 0.088827004700678322 0.010603807425836331 0.031761397745048776 0.045345140525213136 -0.42146990556995301 -0.18699154961978279 0.31584258815821481 0.35516433082222942 0.019580122227070191 2.453343401427539 0.6969917168435843 -0.039579107037363795 0.99153602002904973 1.8342693689924019 -0.010629530235281761 -0.74018121255189184 0.54251444413430161 -0.18351618281084894 0.27546167081280032 0.045426671179404986 0.036067583497243982 0.11885759699286942 1.0333820053509304 -0.090206773062098899
leaf_weight=546 47805 1356 11267 143 989 2044 2615 1674 7868 3038 787 1584 51 250 236 53 161 942 78 52 35799 50 270 2042 2052 213 131 2825 56 10111
leaf_count=546 47805 1356 11267 143 989 2044 2615 1674 7868 3038 787 1584 51 250 236 53 161 942 78 52 35799 50 270 2042 2052 213 131 2825 56 10111
internal_value=2.37349e-05 -0.00853429 -0.0586266 -0.212877 -0.000176951 0.0481159 -0.00901636 -0.0792774 -0.00982568 -0.0723257 -0.130164 0.00726572 0.0713954 0.227004 0.479507 0.713435 1.13198 0.0914586 0.432446 1.08243 -0.00847962 0.17396 0.131286 -0.206227 0.168713 -0.132927 0.392654 -0.00115871 0.251098 -0.0588883
internal_weight=137088 89283 12766 1499 76517 12742 8646 5761 63775 13695 4772 50080 9872 2004 700 464 214 1304 362 103 40208 259 2885 3098 4096 2311 209 38624 269 13149
internal_count=137088 89283 12766 1499 76517 12742 8646 5761 63775 13695 4772 50080 9872 2004 700 464 214 1304 362 103 40208 259 2885 3098 4096 2311 209 38624 269 13149
is_linear=0
shrinkage=0.05


Tree=139
num_leaves=31
num_cat=0
split_feature=11 6 12 5 11 9 9 5 14 11 3 13 11 13 11 1 11 9 10 13 5 0 13 0 10 9 0 11 12 9
split_gain=7055.05 18074.9 36756.1 53174.3 25554.4 18120.8 27927.9 29163.1 28484.5 57804.3 38390.9 20255.6 34248.4 18806.4 18287.3 17082.4 16176.6 32295.2 28489.7 27528.4 26804.8 29162.8 26659.1 26376 21298.6 23559.9 27422.9 21225 21038.6 20677.4
threshold=67.614569664001394 2.7560687855741466 0.78661891169205866 160.95833333333337 99.549508844903343 592.50000000000011 1132.5000000000002 109.68166666666669 1.5000000000000002 117.62408013250001 134.65000000000003 -0.72236396205975562 136.92973273925978 -0.9927505997980649 105.45875114202489 -0.11555555555555418 104.78408625731805 277.50000000000006 86.941666666666677 0.26932402956675644 220.5916666666667 170.02000000000004 0.83146961230254512 208.02000000000004 85.941666666666677 632.50000000000011 173.82000000000002 244.80363100845543 0.98990318592078563 1352.5000000000002
decision_type=2 2 2 2 2 2 2 2 2 2 2 2 2 2 2 10 2 2 8 2 2 2 2 2 10 2 2 2 2 2
left_child=-1 2 5 -4 15 13 7 -7 9 10 -9 12 -10 14 -2 -5 29 18 19 27 21 -21 23 28 -24 -26 -27 -18 -19 -3
right_child=1 16 3 4 -6 6 -8 8 11 -11 -12 -13 -14 -15 -16 -17 17 22 -20 20 -22 -23 24 -25 25 26 -28 -29 -30 -31
leaf_value=-0.016040471572392564 0.90576630612524855 0.031526937720978913 -0.11164195100853627 1.025261962413788 1.6428051825758876 -0.0052028073910132186 -0.20128597774207591 1.6914935340296549 1.4613419635788256 2.4501203104853633 0.071537518940108305 0.1843537952872529 -0.081988753302622661 0.064098223642480953 0.21595645395174712 0.043274310583571396 -0.14647225024546048 0.074494557827184504 -0.0051770644671620151 0.058046199885912031 0.87402220944563558 -0.36177368532555798 0.034879597855740761 0.41742578907826877 -0.22896427863559599 -0.34825435047252823 -1.9057756506800652 0.42664962756197627 -0.30048246919153598 -0.22476369157281173
leaf_weight=45613 120 31741 3895 68 51 341 250 53 92 54 118 426 59 8350 482 127 10791 9155 18611 2993 90 480 627 543 482 65 50 164 390 807
leaf_count=45613 120 31741 3895 68 51 341 250 53 92 54 118 426 59 8350 482 127 10791 9155 18611 2993 90 480 627 543 482 65 50 164 390 807
internal_value=2.25483e-05 0.0080322 0.0592708 -0.066614 0.646328 0.109661 0.277417 0.382121 0.546805 1.02399 0.573629 0.360729 0.858319 0.0835571 0.35346 0.385711 -0.00160869 -0.0212228 -0.0461293 -0.0986271 0.0221002 2.32961e-05 0.0517199 0.0784568 -0.168641 -0.382389 -1.02544 -0.137892 0.0591733 0.0251724
internal_weight=137088 91475 14486 4141 246 10345 1393 1143 802 225 171 577 151 8952 602 195 76989 44441 33129 14518 3563 3473 11312 10088 1224 597 115 10955 9545 32548
internal_count=137088 91475 14486 4141 246 10345 1393 1143 802 225 171 577 151 8952 602 195 76989 44441 33129 14518 3563 3473 11312 10088 1224 597 115 10955 9545 32548
is_linear=0
shrinkage=0.05


Tree=140
num_leaves=31
num_cat=0
split_feature=1 2 11 10 12 11 2 9 12 12 11 5 12 2 10 11 0 4 11 1 10 9 8 13 6 14 8 0 6 12
split_gain=7021.45 26308.7 22984.6 18696.3 34738 32576.1 31177 28303.9 74288 52832.1 30205.5 26101.9 22744.7 35361.3 22057.3 43718 46602.1 33649.4 21114.5 20960.8 20088.6 24916.2 26152.3 25018.9 31730.4 20133.1 19276 23146.3 18116.1 17827.9
threshold=0.38399999999999995 0.2760000000000003 177.20532494592166 75.037500000000023 -0.97381903846659723 82.540250612500017 0.98399999999999999 167.50000000000003 -0.021814885034560933 0.68355163169896505 59.968530357000006 187.57833333333338 -0.96863394805116465 0.4800000000000007 95.575000000000017 145.65398862832043 217.10000000000002 20.426772610008978 111.0185001492499 1.4613333333333332 70.268055555555563 227.50000000000003 27.500000000000004 0.26932402956675644 22.27295887039104 4.5000000000000009 25.750000000000004 206.02000000000004 16.438465605111247 0.010907442517280623
decision_type=10 10 2 10 2 2 10 2 2 2 2 2 2 10 10 2 2 2 2 10 10 2 2 2 2 2 2 2 2 2
left_child=1 -1 3 4 11 7 -6 8 -5 10 -10 19 13 -9 29 17 -17 -16 -19 -2 28 22 -22 -23 -25 -24 -12 -28 -8 -7
right_child=2 -3 -4 5 6 14 20 12 9 -11 26 -13 -14 -15 15 16 -18 18 -20 -21 21 23 25 24 -26 -27 27 -29 -30 -31
leaf_value=0.001764175643591848 0.29517534124878886 -0.086373977844493424 -0.08876886796479691 0.13780648982225568 0.012979870141874551 0.055700997189017325 -0.060774872243906632 -0.14571895503997803 0.16990393230404993 -0.12805866409786221 1.0699872100419963 -0.58415427608276482 0.039286452819904547 1.7079388622967704 0.13631413179025573 0.36831311151849949 1.6073503245405119 -1.4022480427334876 -0.19045293217767842 1.0305646840155125 -0.658315517327 -0.37586179701787126 -0.17044791716072605 0.24180838377542899 1.8766406462473029 0.68035523568831602 2.5698499853342351 1.4989721779325811 -0.44035863068486969 -0.090678533792573471
leaf_weight=99858 431 9251 3989 814 6948 6872 471 50 52 86 134 67 1457 53 1010 457 91 59 92 125 173 53 214 71 51 103 71 57 945 2983
leaf_count=99858 431 9251 3989 814 6948 6872 471 50 52 86 134 67 1457 53 1010 457 91 59 92 125 173 53 214 71 51 103 71 57 945 2983
internal_value=2.14209e-05 -0.00570877 0.0223673 0.0408468 -0.0129516 0.0770625 -0.0378681 0.23094 0.411988 0.969947 1.27067 0.348159 0.0900482 0.808105 0.04015 0.205975 0.574066 0.0322334 -0.663936 0.460506 -0.207638 0.0190504 -0.163853 0.531179 0.925222 0.105996 1.48915 1.92796 -0.314099 0.0113935
internal_weight=137088 109109 27979 23990 9652 14338 9029 2774 1214 400 314 623 1560 103 11564 1709 548 1161 151 556 2081 665 490 175 122 317 262 128 1416 9855
internal_count=137088 109109 27979 23990 9652 14338 9029 2774 1214 400 314 623 1560 103 11564 1709 548 1161 151 556 2081 665 490 175 122 317 262 128 1416 9855
is_linear=0
shrinkage=0.05


Tree=141
num_leaves=31
num_cat=0
split_feature=5 9 12 11 2 14 10 2 3 13 1 1 9 9 3 6 8 10 6 10 9 13 14 11 1 14 14 11 9 12
split_gain=6999.02 15823.9 20027.5 19171.5 16130.1 17426.3 16066.2 22940.1 20404.1 14809.1 31199.9 21294.6 20545.6 27288 37946.3 24058.9 20813.1 22336.2 19897.6 19127.2 17382.2 18278.7 24534 23121.6 24189.6 16590 34665.3 21334 16029.3 15494.9
threshold=121.77166666666668 1332.5000000000002 0.43245347597985045 152.88870972450005 0.74999999999999989 3.5000000000000004 100.51666666666667 -0.63466666666666605 170.21000000000004 -0.82531082829576841 -0.46666666666666617 3.0226666666666655 192.50000000000003 37.500000000000007 113.07000000000002 9.9598122772413742 40.250000000000007 77.868333333333354 3.7839053097890658 80.21250000000002 1162.5000000000002 -0.46174861323503363 3.5000000000000004 42.245221053000009 0.65866666666666696 4.5000000000000009 3.5000000000000004 138.93320906000005 437.50000000000006 -0.41268247579971812
decision_type=2 2 2 2 10 2 8 10 2 2 10 10 2 2 2 2 2 8 2 8 2 2 2 2 8 2 2 2 2 2
left_child=9 -2 4 6 -3 -6 8 -8 -4 10 -1 12 13 14 15 16 17 -12 -18 29 -11 22 23 24 -22 26 -16 -27 -21 -14
right_child=1 2 3 -5 5 -7 7 -9 -10 20 11 -13 19 -15 25 -17 18 -19 -20 28 21 -23 -24 -25 -26 27 -28 -29 -30 -31
leaf_value=-0.18070053405629613 0.013046628918697524 -0.28756152437932458 -0.068830575646287848 0.7588171550597268 0.95130522006371043 -0.26463281454854326 0.79205301086902624 -0.021685438832360591 -0.94995649220546086 -0.037796770982284879 0.038415200323532087 0.84770741501693125 -0.18868567271785841 -0.090642942591393952 0.49391475306405375 -0.47356648809778001 0.045652766407573708 -0.42763846114374182 0.52630282437332931 0.14143465045315948 0.48556979371284226 0.013041452928961472 0.011050748854057194 1.0170746118645908 -0.7199782855954826 0.61978977605511876 1.8452702818314233 -0.67691672146320347 -0.091788274073376572 0.29674826235744928
leaf_weight=1481 80241 1313 530 87 57 61 125 282 75 38508 111 86 181 3596 227 208 517 348 369 1953 226 2691 437 161 51 79 60 53 1183 1791
leaf_count=1481 80241 1313 530 87 57 61 125 282 75 38508 111 86 181 3596 227 208 517 348 369 1953 226 2691 437 161 51 79 60 53 1183 1791
internal_value=1.26458e-05 0.00916468 -0.113955 0.046571 -0.237237 0.322727 -0.0146597 0.228234 -0.178061 -0.0139337 0.0344645 0.0640742 0.0577617 -0.00867389 0.140799 0.0268732 0.104265 -0.169003 0.245833 0.13018 -0.028017 0.0775919 0.276112 0.540568 0.26361 0.563059 0.776428 0.0991425 0.0534555 0.252193
internal_weight=137088 82771 2530 1099 1431 118 1012 407 605 54317 12243 10762 10676 5568 1972 1553 1345 459 886 5108 42074 3566 875 438 277 419 287 132 3136 1972
internal_count=137088 82771 2530 1099 1431 118 1012 407 605 54317 12243 10762 10676 5568 1972 1553 1345 459 886 5108 42074 3566 875 438 277 419 287 132 3136 1972
is_linear=0
shrinkage=0.05


Tree=142
num_leaves=31
num_cat=0
split_feature=5 9 13 5 10 11 10 13 13 6 13 12 5 10 13 9 9 3 0 14 5 9 13 12 11 9 5 11 5 8
split_gain=7042.64 15870.2 14179.9 23573.7 16110.2 12669.3 11910.5 10946.9 8970.34 6897.15 31289.7 31277.4 27452.5 17534.6 20922.3 20601.5 39480.2 26855.3 16761.1 16187.9 24287.1 38068.7 23582.6 23232.1 19258.3 22613.9 22239 30302.8 20270.5 18020.2
threshold=72.52166666666669 962.50000000000011 -0.63435554093529922 46.57694444444445 60.233333333333341 65.631049773647405 85.441666666666691 -0.42261826174069955 -0.90159026428466893 2.7560687855741466 -0.60003553868615123 -0.20576496797711577 110.28000000000002 65.308333333333351 -0.1413247892049839 422.50000000000006 747.50000000000011 92.696666666666687 86.420000000000016 3.5000000000000004 112.48833333333336 752.50000000000011 -0.9970268106651744 0.34202014332566882 64.910134803829152 717.50000000000011 128.22833333333335 102.77339870200001 131.67833333333337 65.550000000000011
decision_type=2 2 2 2 10 2 10 2 2 2 2 2 2 8 2 2 2 2 2 2 2 2 2 2 2 2 2 2 2 2
left_child=1 6 3 -3 -5 -6 7 -1 -8 10 12 13 -2 -12 -15 17 -17 18 -16 23 21 -21 -22 -14 28 29 27 -27 -25 -26
right_child=9 2 -4 4 5 -7 8 -9 -10 -11 11 -13 19 14 15 16 -18 -19 -20 20 22 -23 -24 24 25 26 -28 -29 -30 -31
leaf_value=-0.60780748414346975 0.024481053931852445 -0.34942728559239006 -0.090050391427160606 1.2929176300325815 -0.25085081219529876 0.8377183902263643 0.51462487925457046 -0.1932896027080209 -0.21934425863014029 -0.004825525695184729 -0.14832860420015642 -0.030899410085561119 0.14670136639712933 -0.010150869816440106 0.084579025208950054 0.7231528641062096 -0.067639355836436155 0.10175204337239502 1.1943977573043421 -0.022336082469958527 0.89621928752296509 1.7927134552827249 -0.042378999238875004 0.46932450369820355 0.1620324115187694 1.553189069867134 1.7338204053315249 -0.14031096143381935 -0.46658275810070338 0.93296554850474489
leaf_weight=249 3005 79 508 68 52 55 79 442 88 104814 600 19701 729 1568 53 461 240 2262 95 65 72 52 949 209 195 50 88 56 80 124
leaf_count=249 3005 79 508 68 52 55 79 442 88 104814 600 19701 729 1568 53 461 240 2262 95 65 72 52 949 209 195 50 88 56 80 124
internal_value=3.64438e-05 -0.103597 0.062465 0.367496 0.691135 0.308694 -0.251078 -0.34266 0.127863 0.00127575 0.0221376 -0.00193793 0.128131 0.106145 0.138777 0.213839 0.452411 0.144445 0.796963 0.244829 0.102003 0.784353 0.0238101 0.350993 0.536689 0.720589 1.14628 0.65851 0.21025 0.461705
internal_weight=137088 1620 762 254 175 107 858 691 167 135468 30654 24980 5674 5279 4679 3111 701 2410 148 2669 1138 117 1021 1531 802 513 194 106 289 319
internal_count=137088 1620 762 254 175 107 858 691 167 135468 30654 24980 5674 5279 4679 3111 701 2410 148 2669 1138 117 1021 1531 802 513 194 106 289 319
is_linear=0
shrinkage=0.05


Tree=143
num_leaves=31
num_cat=0
split_feature=5 0 2 1 12 9 0 5 14 10 8 1 4 10 5 13 6 13 5 0 4 11 12 5 11 9 0 6 10 0
split_gain=6714.71 9232.95 8009.17 7380.89 10752.3 11930.8 15028.9 10870.1 44870.3 21920.5 20978.4 13413.3 13338.3 12434.6 11394.5 11260.9 11237.1 11020.2 9319.84 8694.73 7936.15 7572.29 7373.21 19310.9 26284.6 21093.8 16484.9 17626.1 37619.6 25701.8
threshold=102.10000000000001 140.22000000000003 -1.9599999999999997 -0.10666666666666651 0.032717136199948427 67.500000000000014 96.820000000000007 89.50277777777778 1.0000000180025095e-35 95.575000000000017 22.500000000000004 0.51199999999999912 4.8991455017606507 109.45 82.758333333333354 -0.93585024503435343 0.67330032921645366 -0.89194178735545482 89.50277777777778 113.38000000000001 1.0451156236018708 120.00419992208474 -0.9970268106651744 198.1866666666667 109.65531015560161 147.50000000000003 191.58000000000001 16.188342231805077 76.746666666666684 157.02000000000004
decision_type=2 2 10 10 2 2 2 2 2 8 2 10 2 10 2 2 2 2 2 2 2 2 2 2 2 2 2 2 10 2
left_child=1 2 -1 -4 7 6 -6 8 9 17 11 15 21 16 -11 -10 -9 -5 20 -20 -7 -12 23 26 25 -25 27 -2 -29 -30
right_child=22 -3 3 4 5 18 -8 13 10 14 12 -13 -14 -15 -16 -17 -18 -19 19 -21 -22 -23 -24 24 -26 -27 -28 28 29 -31
leaf_value=0.4420481725062213 -0.019520008548041767 0.63620694649334142 -0.086838933553773479 -0.036205879711124996 0.13428540430687094 -0.23731586731104254 -0.4933454750707516 0.742468319773674 0.35631488000192718 -0.11777899060301832 1.0922065424637533 0.35631488000192718 0.35631488000192718 -0.52287341351226224 0.68680646916230526 -0.017863534510820761 -0.011289966728122207 -0.74359373626731606 0.027748985296733277 -0.42899266991212415 -0.037816974806134912 0.42172282413830842 0.0061841478892750729 -0.2921168711334467 -0.0046829978484780556 -1.6675237299903991 0.51286287471652037 0.73002017899504246 -0.35065875250959033 -1.5250516766475308
leaf_weight=89 2230 52 4709 73 135 899 325 50 200 193 127 314 196 118 57 870 4460 224 2959 108 1119 63 116894 50 124 63 130 53 132 72
leaf_count=89 2230 52 4709 73 135 899 325 50 200 193 127 314 196 118 57 870 4460 224 2959 108 1119 63 116894 50 124 63 130 53 132 72
internal_value=3.46217e-05 -0.0290453 -0.0310463 -0.0334944 -0.0133824 -0.0653011 -0.309149 0.0280703 0.116477 -0.279326 0.238796 0.147889 0.56474 -0.0161903 0.0656665 0.060462 -0.00293344 -0.569724 -0.0432421 0.0116655 -0.126692 0.869888 0.00424552 -0.0751568 -0.507344 -1.05894 -0.0360172 -0.0647082 -0.456808 -0.76515
internal_weight=137088 17340 17288 17199 12490 5545 460 6945 2317 547 1770 1384 386 4628 250 1070 4510 297 5085 3067 2018 190 119748 2854 237 113 2617 2487 257 204
internal_count=137088 17340 17288 17199 12490 5545 460 6945 2317 547 1770 1384 386 4628 250 1070 4510 297 5085 3067 2018 190 119748 2854 237 113 2617 2487 257 204
is_linear=0
shrinkage=0.05


Tree=144
num_leaves=31
num_cat=0
split_feature=2 1 13 4 10 9 12 11 9 9 0 1 6 2 3 13 13 11 6 8 14 1 4 5 12 12 2 10 5 9
split_gain=6442.8 24679.9 15417.4 44086.5 27137.9 21206.4 29192.1 16357 13174.7 12444.9 15587.1 14914.3 12444.6 20543.2 16730.4 25478.4 34066.2 21217.7 14350.9 33035.5 20863.4 15909.6 25396.9 15663.1 41967.2 35747.1 21119.3 19108.5 18709.7 15044.6
threshold=-0.77266666666666672 -0.7200000000000002 0.26932402956675644 10.679585496439881 71.601388888888906 382.50000000000006 -0.72982064943493963 111.71120965450002 112.50000000000001 357.50000000000006 176.78000000000003 -1.8186666666666655 9.6492065925656121 0.94933333333333381 298.72666666666674 -0.93585024503435343 -0.84915165824291594 114.68268051800001 46.763647405331788 70.250000000000014 1.5000000000000002 2.0146666666666664 18.655514287559061 174.9677777777778 0.83743052905771564 -0.03271713619994817 1.9986666666666675 85.441666666666691 214.30833333333334 57.500000000000007
decision_type=8 10 2 2 10 2 2 2 2 2 2 10 2 10 2 2 2 2 2 2 2 8 2 2 2 2 10 10 2 2
left_child=1 2 4 -4 -1 8 7 -7 -6 10 -5 -12 13 -2 18 -16 -17 -18 21 20 -20 22 29 24 -23 28 -26 -27 -25 -14
right_child=12 -3 3 9 5 6 -8 -9 -10 -11 11 -13 14 -15 15 16 17 -19 19 -21 -22 23 -24 25 26 27 -28 -29 -30 -31
leaf_value=0.18371881223900421 0.0046470674946645163 0.16675666181185847 -0.18154326577974478 0.23807346776945565 0.053845101604595685 -1.6203762890862639 -0.15897218705982799 -0.55498562333258716 -0.12471947194126608 0.45866242392940165 -0.89205339318584831 0.081053292353947967 -0.12328217390122032 0.54381137219189257 -0.75572899842666375 1.1872195705617827 0.39702720117139617 -0.33826680073932724 0.037355995799070695 0.74445944025236022 -0.95849207510918755 0.094717144392443997 -0.35177219492909828 0.14243416288154551 -0.27634974352518715 0.29003345536895925 -1.295014929848832 1.1017882022547396 -0.85022339055171381 -0.020414275613838195
leaf_weight=1042 95215 2742 908 963 1589 61 360 88 2952 507 63 105 4249 177 59 97 295 147 55 51 162 2044 658 176 150 144 77 146 65 21741
leaf_count=1042 95215 2742 908 963 1589 61 360 88 2952 507 63 105 4249 177 59 97 295 147 55 51 162 2044 658 176 150 144 77 146 65 21741
internal_value=4.01661e-05 0.0360663 -0.00541933 0.0979091 -0.0486029 -0.0965393 -0.402577 -0.991152 -0.0622356 0.252819 0.160545 -0.283862 -0.00322118 0.00564749 -0.0311272 0.230719 0.338698 0.152484 -0.0363962 -0.400626 -0.669747 -0.0330817 -0.0449985 0.0802509 0.0230882 0.324727 -0.621888 0.69871 -0.125295 -0.0372317
internal_weight=137088 11380 8638 2546 6092 5050 509 149 4541 1638 1131 168 125708 95392 30316 598 539 442 29718 268 217 29450 26648 2802 2271 531 227 290 241 25990
internal_count=137088 11380 8638 2546 6092 5050 509 149 4541 1638 1131 168 125708 95392 30316 598 539 442 29718 268 217 29450 26648 2802 2271 531 227 290 241 25990
is_linear=0
shrinkage=0.05


Tree=145
num_leaves=31
num_cat=0
split_feature=1 2 10 6 12 4 6 11 1 12 11 10 12 9 6 10 12 10 2 14 12 1 12 5 6 11 10 13 3 11
split_gain=6561.68 14955.9 16333.5 16971.7 29651.4 16218.7 16082.1 19263 16801.6 19121.3 18224.9 21839.5 28194.4 36421 33879.7 20286 25375.8 41330.4 33055.3 19953.3 30305.2 19907 22198.4 37691.7 28271.7 19846.4 21206.7 18771.9 19541.8 18461.3
threshold=1.0000000180025095e-35 0.013333333333333761 67.350000000000023 15.707592258017286 -0.97854064376158167 10.317225725082693 9.6492065925656121 320.64516365775438 0.96488888888888869 0.99702681066517462 79.859723976000012 75.738888888888908 1.0000000180025095e-35 167.50000000000003 26.042071671867902 95.575000000000017 -0.97854064376158167 73.211111111111137 1.6499999999999997 2.5000000000000004 -0.68355163169896438 2.1413333333333333 0.68355163169896505 201.92833333333334 23.983014032748681 90.37004077434527 72.00277777777778 -0.98279651670771917 127.83333333333336 83.812499821186051
decision_type=10 10 8 2 2 2 2 2 8 2 2 10 2 2 2 10 2 10 10 2 2 10 2 2 2 2 10 2 2 2
left_child=-1 5 3 -3 -5 -2 -4 8 -8 10 11 -10 19 14 -14 16 17 -12 -19 20 -13 -18 25 24 -24 29 -27 -17 -29 -23
right_child=1 2 6 4 -6 -7 7 -9 9 -11 15 12 13 -15 -16 27 21 18 -20 -21 -22 22 23 -25 -26 26 -28 28 -30 -31
leaf_value=-0.010259833964229345 0.047554709541247554 -0.041211533751331533 0.036100611945097859 0.71446667554872967 -0.39822619228775419 0.41353335907098066 -0.084359035933176646 -0.52288266343577783 0.031467501710182859 -0.94770988760516051 0.80513044569575998 0.9371343655849067 1.8624330843232344 0.051959399337118323 0.39392692777469307 -0.42775776828845258 -0.094903661996201649 -0.35567902587657052 -1.4896070662928724 -0.25112645818611207 -0.37081142700112918 0.0065115517688294254 -0.044926246238508445 0.68065093012526634 -1.0217078922561897 -0.74802615055051014 0.21753970355559163 -0.14030372295990465 0.37471369413318339 1.0777372303434083
leaf_weight=72659 14903 9024 25574 66 645 309 6226 196 942 50 57 127 97 99 66 113 2863 246 87 178 68 60 174 95 129 61 839 242 771 122
leaf_count=72659 14903 9024 25574 66 645 309 6226 196 942 50 57 127 97 99 66 113 2863 246 87 178 68 60 174 95 129 61 839 242 771 122
internal_value=4.10339e-05 0.0116577 -0.00173507 -0.0597426 -0.294938 0.0549888 0.0125677 -0.0307045 -0.0236693 0.0268055 0.0333582 0.184237 0.410865 0.808394 1.26782 -0.00725214 -0.0526314 -0.438975 -0.65193 0.131636 0.48103 -0.0179378 0.130949 -0.188331 -0.460784 0.248393 0.152096 0.183494 0.251679 0.724586
internal_weight=137088 64429 49217 9735 711 15212 39482 13908 13712 7486 7436 1577 635 262 163 5859 4733 390 333 373 195 4343 1480 398 303 1082 900 1126 1013 182
internal_count=137088 64429 49217 9735 711 15212 39482 13908 13712 7486 7436 1577 635 262 163 5859 4733 390 333 373 195 4343 1480 398 303 1082 900 1126 1013 182
is_linear=0
shrinkage=0.05


Tree=146
num_leaves=31
num_cat=0
split_feature=10 9 2 9 12 1 8 11 10 1 12 13 6 11 9 10 5 14 2 5 13 12 10 9 2 12 13 14 4 6
split_gain=6420.34 15068.8 21141.7 20884.2 32184.1 38920.1 25548.1 26668.5 32107.8 21480.4 21457.3 20161.6 30351 19791.2 37771.9 39199.7 24886 18973.2 32997.8 18891.1 26365.9 21449.8 48240.8 29775.9 24172.1 23522.7 51011.9 23632.9 47534.1 23478.3
threshold=84.069444444444471 12.500000000000002 0.046666666666667099 177.50000000000003 0.71473537162315171 2.6839999999999997 151.50000000000003 97.69312536773198 75.738888888888908 3.5906666666666678 0.6993099184844086 0.72236396205975539 23.359382248871373 73.482060432434039 57.500000000000007 81.308333333333351 168.10333333333335 3.5000000000000004 1.186666666666667 159.64833333333337 -0.97381903846659723 -0.98279651670771895 56.83611111111113 1112.5000000000002 0.49355555555555558 -0.79335334029123528 0.49049438445969418 5.5000000000000009 8.8398310691743305 12.486835445894299
decision_type=10 2 10 2 2 10 2 2 8 8 2 2 2 2 2 8 2 2 10 2 2 2 10 2 10 2 2 2 2 2
left_child=1 2 -1 4 5 6 7 8 -3 11 -11 19 -13 -8 -15 16 -16 18 -14 -5 -21 22 -22 25 -25 26 -23 -27 -29 -24
right_child=-2 3 -4 9 -6 -7 13 -9 -10 10 -12 12 17 14 15 -17 -18 -19 -20 20 21 23 29 24 -26 27 -28 28 -30 -31
leaf_value=0.22532902676911792 0.016099902008972638 -0.081921614885780258 -0.089860352794944837 0.010569828796636052 -0.2619247703771489 0.49904737998287951 0.085297756679941439 -0.12434651871734702 0.079860203968286983 -0.99354371192909419 0.23294658717457897 -0.039374324566444047 0.30471867508981587 0.085297756679941439 0.99274719917684573 2.0816632015525172 0.085297756679941439 -0.03531146953394125 1.8649144753813744 0.46772850175271996 0.96069089087347193 0.17759348182077694 -0.19046683127272399 -0.14069563207631627 -1.2895623862743379 0.0292280711510189 1.0369755767786628 0.16914207614420482 1.3134943336662319 -1.0446835629183513
leaf_weight=1554 42798 6715 809 38691 1682 336 307 8196 5645 105 54 22614 91 282 133 53 77 91 54 457 66 931 211 543 50 3525 212 568 108 130
leaf_count=1554 42798 6715 809 38691 1682 336 307 8196 5645 105 54 22614 91 282 133 53 77 91 54 457 66 931 211 543 50 3525 212 568 108 130
internal_value=3.89822e-05 -0.00725103 0.11742 -0.0104557 -0.0512085 -0.0349086 -0.0432891 -0.0544093 -0.0080334 0.00348092 -0.577 0.00483143 -0.0334875 0.225005 0.433576 0.866583 0.55992 0.530599 0.885757 0.0240785 0.10093 0.0745066 -0.276638 0.0985787 -0.237565 0.135879 0.336989 0.0811614 0.351968 -0.516121
internal_weight=137088 94290 2363 91927 23426 21744 21408 20556 12360 68501 159 68342 22850 852 545 263 210 236 145 45492 6801 6344 407 5937 593 5344 1143 4201 676 341
internal_count=137088 94290 2363 91927 23426 21744 21408 20556 12360 68501 159 68342 22850 852 545 263 210 236 145 45492 6801 6344 407 5937 593 5344 1143 4201 676 341
is_linear=0
shrinkage=0.05


Tree=147
num_leaves=31
num_cat=0
split_feature=1 2 4 1 12 5 9 14 5 3 10 6 5 9 8 11 9 14 6 2 11 2 10 8 10 3 6 5 1 10
split_gain=6294.92 22050.3 20996.9 22496.8 19424.1 39662.7 27832.6 21230.2 26921.3 33533.6 52241.5 23883.1 43258 28407.1 23031 25851.9 20697 19528.9 17644.7 18000.8 17381 17061.1 19756.3 16689.5 16453.3 15809.6 14929.3 15258.7 24557.1 14856.2
threshold=0.43999999999999989 0.24666666666666712 5.8593583266387803 0.80800000000000083 0.52803643325367289 131.98500000000004 17.500000000000004 5.5000000000000009 154.23500000000004 257.77666666666676 84.069444444444471 24.584547743377705 208.80166666666668 47.500000000000007 65.550000000000011 78.805445641279206 82.500000000000014 3.5000000000000004 9.8548711198055994 0.50933333333333375 71.096237003803211 2.8933333333333349 86.941666666666677 65.550000000000011 73.969444444444463 203.91666666666669 22.804472442252152 171.86833333333337 -0.38666666666666688 59.70000000000001
decision_type=10 10 2 10 2 2 2 2 2 2 8 2 2 2 2 2 2 2 2 10 2 10 8 2 10 2 2 2 10 8
left_child=1 -1 -2 -4 18 16 -7 11 -9 10 -10 14 17 -14 -8 -16 20 21 19 -5 -6 22 -13 -22 -18 -21 27 -3 -29 -20
right_child=2 26 3 4 5 6 7 8 9 -11 -12 12 13 -15 15 -17 24 -19 29 25 23 -23 -24 -25 -26 -27 -28 28 -30 -31
leaf_value=0.0025631220189771507 0.088276957800394518 -0.075299728221815659 -0.12087842459484655 -0.028326438846932894 -1.2837708765358637 0.93428698691950984 -0.10964065511767128 -0.29421817742047773 0.21835516860632051 -0.30837879603559326 2.1444218432311626 -1.1514147433730746 1.300828242123127 -0.059599866338751528 1.4450960521604501 0.23451678434763951 -0.30810444656185654 -1.2189012690944581 -0.56528233092616909 0.26168335181182917 -0.79487242048855911 0.31073217051369806 -0.18062260307763753 -0.21490556890155774 0.21519701132735564 -0.48723374840178313 -0.23184067544935957 0.67600355317333238 0.026488266301690846 0.020193770707391565
leaf_weight=99932 8203 9031 3560 931 66 86 547 93 73 55 68 97 50 165 51 326 396 103 110 2032 194 63 114 344 242 73 1265 162 1431 7225
leaf_count=99932 8203 9031 3560 931 66 86 547 93 73 55 68 97 50 165 51 326 396 103 110 2032 194 63 114 344 242 73 1265 162 1431 7225
internal_value=-2.16347e-06 -0.00509524 0.0225376 -0.00906454 0.0204125 -0.0886913 0.0554858 0.0136149 0.406358 0.738774 1.14724 -0.061255 -0.309192 0.256779 0.0975962 0.398282 -0.308207 -0.63196 0.0533719 0.154743 -0.517983 -0.411321 -0.626911 -0.424039 -0.109611 0.235711 -0.069467 -0.0501331 0.0925407 0.0114136
internal_weight=137088 111821 25267 17064 13504 3133 1891 1805 289 196 141 1516 592 215 924 377 1242 377 10371 3036 604 274 211 538 638 2105 11889 10624 1593 7335
internal_count=137088 111821 25267 17064 13504 3133 1891 1805 289 196 141 1516 592 215 924 377 1242 377 10371 3036 604 274 211 538 638 2105 11889 10624 1593 7335
is_linear=0
shrinkage=0.05


Tree=148
num_leaves=31
num_cat=0
split_feature=5 2 1 11 12 6 5 0 11 14 9 10 0 10 5 11 2 4 9 11 4 8 9 10 10 6 5 5 9 10
split_gain=6195.12 8291.29 10458.7 7642.84 6528.08 17553.7 13673.9 25369.9 17039.4 14678.4 47919.4 22935.4 32036.2 19488.2 20396.5 17153.6 14527.2 11347.1 10652.7 9132.88 10517.9 10358.8 15441.7 12657.5 10878.5 9062.74 8537.61 8481.42 7499.97 31873.3
threshold=102.10000000000001 1.8666666666666667 1.8133333333333332 73.758240056500014 -0.9970268106651744 30.012527826301667 198.1866666666667 195.74000000000004 100.20927138250002 4.5000000000000009 222.50000000000003 70.075000000000017 154.77333333333337 100.90000000000002 113.55166666666669 75.497950365000023 0.91866666666666708 2.1115365652230254 162.50000000000003 86.248798527000005 5.1762420218159422 0.15500000000000003 67.500000000000014 95.036666666666676 85.941666666666677 8.0191962867779587 118.55166666666669 164.70666666666671 7.5000000000000009 90.083333333333343
decision_type=2 8 8 2 2 2 2 2 2 2 2 10 2 8 2 2 10 2 2 2 2 2 2 10 10 2 2 2 2 10
left_child=1 -1 -3 -4 5 6 7 9 -8 11 27 12 15 14 -12 26 19 -16 -10 20 -13 -21 -23 24 -24 -19 -2 -11 29 -6
right_child=4 2 3 -5 28 -7 8 -9 18 10 13 16 -14 -15 17 -17 -18 25 -20 21 -22 22 23 -25 -26 -27 -28 -29 -30 -31
leaf_value=-0.03134373494898339 0.1426682938668099 0.88732121021232835 -0.36764545962214473 0.45842733806265257 0.20578304008419179 -0.82037007651830973 -0.94285656118424999 0.85290904957571156 -0.56662089981816033 -0.41103963580168074 -0.0035689832083880902 -0.27174665305506568 1.4109636709167095 -0.35570153275690974 0.4928434518330238 0.66136438500136141 -0.80525258441871783 1.5943752964468381 0.36621482355007229 -0.24216597474563475 -1.094554364323616 -0.09244305184674656 0.31647751877705255 -0.080423373142878229 1.2987928060632126 0.78682989999651909 -0.52351842078782029 0.24381823754701459 0.0040606184202197542 -0.21312211418590696
leaf_weight=17173 91 55 56 56 1712 76 93 81 55 261 75 174 51 50 85 80 94 76 69 639 50 338 63 75 51 64 102 61 114564 618
leaf_count=17173 91 55 56 56 1712 76 93 81 55 261 75 174 51 50 85 80 94 76 69 639 50 338 63 75 51 64 102 61 114564 618
internal_value=-2.05536e-06 -0.0279342 0.322673 0.0453909 0.00404264 -0.0706707 -0.0501605 -0.0178699 -0.431249 -0.0463107 0.153215 -0.120471 0.260655 0.558196 0.710512 0.0457622 -0.203681 0.948539 -0.047543 -0.162999 -0.455409 -0.106825 0.0572799 0.424046 0.755934 1.22521 -0.20941 -0.286983 0.00586678 0.0946743
internal_weight=137088 17340 167 112 119748 2854 2778 2561 217 2480 672 1808 324 350 300 273 1484 225 124 1390 224 1166 527 189 114 140 193 322 116894 2330
internal_count=137088 17340 167 112 119748 2854 2778 2561 217 2480 672 1808 324 350 300 273 1484 225 124 1390 224 1166 527 189 114 140 193 322 116894 2330
is_linear=0
shrinkage=0.05


Tree=149
num_leaves=31
num_cat=0
split_feature=1 4 13 10 1 5 13 11 9 10 1 2 11 4 12 11 6 12 9 12 4 14 13 13 2 12 0 5 9 4
split_gain=6131.61 12536.3 28365 21119.6 24123.5 22159.6 16377.5 20740.3 18717.4 16175.7 16135 24700.1 22833.3 15937.6 15431.6 16083.9 14439.4 14385.1 13996.2 13534.4 12686.5 11972.3 15786.3 15112 17236.9 15556.3 12950.7 11951 31720.6 11857.7
threshold=0.066666666666667151 7.8819174194405255 0.29026740676763269 71.601388888888906 -1.3999999999999992 228.3116666666667 -0.92794370089704259 72.455140113830623 342.50000000000006 103.31000000000002 -0.46666666666666617 1.0600000000000003 1.0000000180025095e-35 10.679585496439881 -0.55557023301960229 111.0185001492499 18.845341250897803 0.82531082829576852 247.50000000000003 0.88186879444286481 24.927789040243905 2.5000000000000004 -0.72236396205975562 -0.98279651670771917 -1.1933333333333327 -0.98279651670771895 127.38000000000001 144.58500000000004 72.500000000000014 4.2852460054595065
decision_type=10 2 2 10 8 2 2 2 2 10 10 8 2 2 2 2 2 2 2 2 2 2 2 2 10 2 2 2 2 2
left_child=1 10 3 21 6 16 7 -5 20 18 12 29 19 -4 15 -10 27 -14 -9 -1 -8 22 -3 24 -23 -25 -24 -6 -29 -12
right_child=-2 2 13 4 5 -7 8 9 14 -11 11 -13 17 -15 -16 -17 -18 -19 -20 -21 -22 23 26 25 -26 -27 -28 28 -30 -31
leaf_value=-0.46955583471638279 0.012956044685346181 0.18968733806249422 0.04696675404884379 -1.009624240140325 -0.045558879828035422 0.33323052013807303 -0.061053821505021401 -0.37985194587946836 -1.5656285831928254 0.35942724192887548 -0.014019743502214625 0.93398129077894354 -0.069514593251497239 0.23884134744453034 -0.094649775741437014 -0.40477925454442565 -0.14559665421260151 0.086499290827235037 0.2591994450893253 0.26001808955653072 0.36989539593302145 1.4239764669354549 0.019768683966690091 1.005659994482994 0.17737726743022603 0.13391238298335459 -0.63177062279457674 0.82288347873836765 0.069667153697268058 0.061817573072329761
leaf_weight=492 54765 453 2212 97 1445 516 1613 797 50 100 47893 70 12587 2119 131 74 1388 1674 96 73 191 57 169 55 54 736 139 160 1106 5776
leaf_count=492 54765 453 2212 97 1445 516 1613 797 50 100 47893 70 12587 2119 131 74 1388 1674 96 73 191 57 169 55 54 736 139 160 1106 5776
internal_value=-8.77752e-06 -0.00863357 0.0349244 -0.0137377 -0.0483738 0.0244289 -0.155069 -0.311789 -0.0721049 -0.243621 -0.0173737 -0.0046337 -0.0635519 0.140844 -0.473075 -0.872864 -0.0144444 -0.0512012 -0.311152 -0.375292 -0.0154267 0.147967 0.00190953 0.271193 0.817523 0.194527 -0.27427 0.052704 0.16486 -0.00585793
internal_weight=137088 82323 13758 9427 7764 4615 3149 1090 2059 993 68565 53739 14826 4331 255 124 4099 14261 893 565 1804 1663 761 902 111 791 308 2711 1266 53669
internal_count=137088 82323 13758 9427 7764 4615 3149 1090 2059 993 68565 53739 14826 4331 255 124 4099 14261 893 565 1804 1663 761 902 111 791 308 2711 1266 53669
is_linear=0
shrinkage=0.05


Tree=150
num_leaves=31
num_cat=0
split_feature=9 13 10 11 3 13 1 10 1 12 9 12 5 4 9 12 3 14 10 10 13 5 2 10 12 13 13 3 12 8
split_gain=5953.01 20307.3 29985 20338.4 19685.1 19202.5 20662.5 19858.5 18531.3 28678.8 19002.6 18497.7 17748.7 16960.3 16906.5 24704.3 22362 28261.5 25846.1 24574.3 23152.5 26291.4 19264 19261.6 29370.7 45313.1 35947.5 25825.4 24188 21451.7
threshold=202.50000000000003 0.93585024503435366 69.683333333333351 77.831459432840461 183.55000000000001 0.80644460426748255 -1.2884444444444456 93.53666666666669 0.80800000000000083 -0.03271713619994817 562.50000000000011 -0.24825246871434756 155.40833333333336 24.927789040243905 87.500000000000014 -0.22706275313213778 199.81666666666669 4.5000000000000009 98.616666666666688 87.777777777777786 -0.1413247892049839 232.36000000000004 0.98399999999999999 105.15000000000002 -0.81279832427823717 -0.92794370089704259 -0.20576496797711571 128.12333333333336 0.96863394805116498 56.20000000000001
decision_type=2 2 10 2 2 2 10 8 10 2 2 2 2 2 2 2 2 2 8 8 2 2 10 10 2 2 2 2 2 2
left_child=1 14 4 11 -3 8 -7 -8 -2 10 -10 12 -4 -11 23 16 19 -18 20 22 -19 -22 -16 29 26 27 -25 -26 -27 -1
right_child=5 2 3 -5 -6 6 7 -9 9 13 -12 -13 -14 -15 15 -17 17 18 -20 -21 21 -23 -24 24 25 28 -28 -29 -30 -31
leaf_value=-0.049737625172367177 0.01572617021512011 -0.00083237055128369374 0.32237843196006849 0.10773689145051356 -0.54601816233785394 0.2709146645543275 -0.0180319322706557 -0.147070230339577 0.17806710886707722 -0.0031495016996813566 0.56295219638137795 0.54659847492889957 -0.84358696556091317 -0.82981891301962052 -0.069481503103159578 -0.11529221993168354 0.25523131581174135 0.32513000484287125 -1.0967185702012932 0.045823220565780733 -0.0038117625548974758 -1.3722708345543255 -0.44491767690844936 1.7720701690305747 0.10395653942664124 -0.36880187313427282 0.37004152779906863 1.0631213845356422 0.58256386043150221 0.045375655600975978
leaf_weight=11511 57763 1445 94 1411 187 544 16484 3640 1763 1365 392 620 50 65 9103 9143 1439 194 69 5995 97 55 355 57 145 433 231 136 79 12223
leaf_count=11511 57763 1445 94 1411 187 544 16484 3640 1763 1365 392 620 50 65 9103 9143 1439 194 69 5995 97 55 355 57 145 433 231 136 79 12223
internal_value=-8.33881e-06 -0.0127235 0.0986929 0.220245 -0.0633016 0.00852964 -0.0331525 -0.0413722 0.0225723 0.132879 0.248079 0.42803 -0.0824707 -0.0407254 -0.0209974 -0.0488094 -0.0136876 0.150396 -0.213116 -0.0333738 -0.0369058 -0.498978 -0.0835733 0.00864695 0.215057 0.0579944 0.647526 0.568179 -0.222009 -0.000754326
internal_weight=137088 55072 3807 2175 1632 82016 20668 20124 61348 3585 2155 764 144 1430 51265 26450 17307 1854 415 15453 346 152 9458 24815 1081 793 288 281 512 23734
internal_count=137088 55072 3807 2175 1632 82016 20668 20124 61348 3585 2155 764 144 1430 51265 26450 17307 1854 415 15453 346 152 9458 24815 1081 793 288 281 512 23734
is_linear=0
shrinkage=0.05


Tree=151
num_leaves=31
num_cat=0
split_feature=5 6 9 10 11 13 1 12 6 13 12 5 13 9 9 3 0 11 11 9 3 13 6 14 0 13 13 13 5 5
split_gain=5817.47 15204.6 11403.1 14062.4 13985.3 12062.9 10188.4 8655.61 6009.49 28020.6 28119.6 24396.3 15642.5 20467.1 27968.8 25596 15583.8 14740.5 15694.9 32933.3 44201.7 16673.1 15546.8 19225.6 15529.5 19036.9 20609.4 23503.7 15101.6 24911.7
threshold=72.52166666666669 18.153278024367072 967.50000000000011 85.612500000000026 64.104761061000019 -0.92794370089704259 0.33333333333333387 -0.14132478920498429 2.7560687855741466 -0.60003553868615123 -0.24825246871434756 110.28000000000002 -0.11969653353600833 422.50000000000006 747.50000000000011 92.696666666666687 86.420000000000016 161.08231949749691 84.762284964322987 722.50000000000011 138.98333333333338 -0.99512551815703254 1.6380106188266101 4.5000000000000009 121.64666666666669 -0.74455857214455057 -0.90159026428466893 -0.81279832427823695 155.40833333333336 162.44500000000002
decision_type=2 2 2 10 2 2 10 2 2 2 2 2 2 2 2 2 2 2 2 2 2 2 2 2 2 2 2 2 2 2
left_child=1 2 3 5 6 -1 -4 -5 9 11 12 -2 -11 15 -15 16 -14 18 24 21 22 -20 -21 -24 25 26 -13 -28 -26 -30
right_child=8 -3 4 7 -6 -7 -8 -9 -10 10 -12 17 13 14 -16 -17 -18 -19 19 20 -22 -23 23 -25 28 -27 27 -29 29 -31
leaf_value=-0.85063335471293522 0.023185206356058564 -0.91909251072340548 -0.048137188960129446 0.48551739112726439 0.75970116413253197 -0.21290656656361262 0.68687962632553257 -0.31136036300659181 -0.0045767041776323325 -0.019864074915706513 -0.029298893373252855 0.1298152368426323 0.037519438505172732 0.6066927890392495 -0.03952749704159797 0.061720925137393239 1.1321020271188471 -0.00026423187729270357 1.0513860695064068 1.2906292377726027 2.2529759604930879 0.2136028888067954 0.74286393390227401 -0.46512934591840294 -0.17836997618316397 -0.084212030410938166 1.5988814817600048 0.37921855790021869 1.3133820934295655 -0.1163148966546242
leaf_weight=85 3005 54 624 107 68 581 51 50 104814 1752 19808 125 50 507 250 2520 93 548 64 57 50 824 93 51 419 152 79 79 50 78
leaf_count=85 3005 54 624 107 68 581 51 50 104814 1752 19808 125 50 507 250 2520 93 548 64 57 50 824 93 51 419 152 79 79 50 78
internal_value=-7.92168e-06 -0.0941965 -0.0657518 -0.193949 0.0762489 -0.294298 0.00739741 0.231735 0.00111844 0.0205916 -0.00219154 0.120895 0.101626 0.163862 0.393278 0.0986475 0.749381 0.230906 0.290633 0.416924 0.922627 0.273984 0.591695 0.315033 0.144151 0.367119 0.609529 0.98905 -0.0331636 0.44216
internal_weight=137088 1620 1566 823 743 666 675 157 135468 30654 24980 5674 5172 3420 757 2663 143 2669 2121 1139 251 888 201 144 982 435 283 158 547 128
internal_count=137088 1620 1566 823 743 666 675 157 135468 30654 24980 5674 5172 3420 757 2663 143 2669 2121 1139 251 888 201 144 982 435 283 158 547 128
is_linear=0
shrinkage=0.05


Tree=152
num_leaves=31
num_cat=0
split_feature=5 11 12 0 14 14 5 13 13 9 5 12 10 13 11 12 11 0 6 14 11 14 5 13 8 2 10 2 1 9
split_gain=5658.95 14498.1 17181.2 19541.8 32084.8 32117.6 20949.9 20100.1 16178.9 14256.4 20473 13526.4 13008.8 27714.2 26780.5 24506.7 24005.8 19288.9 19013.4 18648.3 33804.1 18600.1 17036.8 16884.9 54065.9 28095.6 24839.1 24742 24406.3 31655.9
threshold=121.77166666666668 1.0000000180025095e-35 1.0000000180025095e-35 183.18000000000004 1.5000000000000002 4.5000000000000009 163.20166666666671 0.59130964836358235 -0.10886687485196482 697.50000000000011 139.28500000000003 0.72982064943493996 105.88333333333334 0.77296446310593003 290.57915931616486 0.35222909080468517 74.524271016312653 170.02000000000004 37.345984246274824 1.5000000000000002 240.36863708500823 2.5000000000000004 147.45444444444448 -0.91959550581536675 92.500000000000014 2.1900000000000008 74.310000000000016 0.066666666666666916 -1.5333333333333325 432.50000000000006
decision_type=2 2 2 2 2 2 2 2 2 2 2 2 8 2 2 2 2 2 2 2 2 2 2 2 2 10 10 10 10 2
left_child=-1 2 -2 4 6 -6 8 -5 9 10 -4 -8 23 14 18 21 -15 -17 19 20 -14 -16 -18 24 25 26 27 -3 -28 -30
right_child=1 12 3 7 5 -7 11 -9 -10 -11 -12 -13 13 16 15 17 22 -19 -20 -21 -22 -23 -24 -25 -26 -27 28 -29 29 -31
leaf_value=-0.012547870880131699 -0.30043800244461338 0.17703479785841114 0.64439285376976274 -0.99708523173299113 -0.97458843881885215 0.011677482913349578 0.28775137511965559 0.24534485554870439 0.25555886572774716 0.27589235831983389 2.025012176204473 -0.72050269785675114 -0.070112308349003324 -0.18518398991760171 0.4699840367398041 -0.33535264035823142 -0.21162388069289073 -1.4487140282696369 -0.44186239286524354 0.24847333273591651 0.91101057641208172 -0.17017340948752596 0.76548113246274196 0.013586042962422388 0.45076566979677102 -0.75003372072618202 -0.38281114860808907 -0.25262469534578108 -0.044568464047928483 -0.45876197525344004
leaf_weight=54317 822 744 58 90 105 386 78 51 170 52 50 58 1027 1346 167 164 70 51 122 3434 96 354 123 65958 480 161 778 344 4923 509
leaf_count=54317 822 744 58 90 105 386 78 51 170 52 50 58 1027 1346 167 164 70 51 122 3434 96 354 123 65958 480 161 778 344 4923 509
internal_value=-7.52565e-06 0.00822185 -0.127571 0.00184234 0.0828088 -0.199235 0.379983 -0.547696 0.595202 0.956074 1.28357 -0.142239 0.0114466 0.0768261 0.13004 -0.150321 -0.110408 -0.599452 0.17414 0.190632 0.0137593 0.035021 0.411091 0.00529412 -0.063596 -0.0966961 -0.0822829 0.138095 -0.120893 -0.08338
internal_weight=137088 82771 1920 1098 957 491 466 141 330 160 108 136 80851 6954 5415 736 1539 215 4679 4557 1123 521 193 73897 7939 7459 7298 1088 6210 5432
internal_count=137088 82771 1920 1098 957 491 466 141 330 160 108 136 80851 6954 5415 736 1539 215 4679 4557 1123 521 193 73897 7939 7459 7298 1088 6210 5432
is_linear=0
shrinkage=0.05


Tree=153
num_leaves=31
num_cat=0
split_feature=2 1 4 13 10 9 2 13 6 10 5 0 11 0 1 14 12 9 13 13 10 11 14 14 10 14 6 0 1 2
split_gain=5561.63 21545.3 11618.6 31399.7 25794.3 15603.2 15762 14516.1 16557.8 16244.5 20287.6 16223.3 15039.6 26570.4 14472.2 14330 13981.9 13318.8 12840.7 12437.4 14024.1 11759 11713.4 11473.6 11299.3 12084.6 10477.1 10387.1 15043.7 10220.2
threshold=-0.77266666666666672 -0.7200000000000002 10.150756949203672 0.26932402956675644 71.601388888888906 192.50000000000003 -1.092666666666666 -0.91080963307804841 24.584547743377705 97.950000000000003 220.5916666666667 187.65333333333336 122.35730097168086 164.22000000000003 -1.9599999999999997 1.5000000000000002 0.032717136199948427 357.50000000000006 -0.95688340256707749 -0.60003553868615123 85.77500000000002 72.455140113830623 3.5000000000000004 5.5000000000000009 83.083333333333357 5.5000000000000009 12.486835445894299 176.78000000000003 -1.8186666666666655 -1.9599999999999997
decision_type=8 10 2 2 10 2 10 2 2 10 2 2 2 2 10 2 2 2 2 2 8 2 2 2 10 2 2 2 10 10
left_child=1 2 19 4 18 7 -7 9 24 11 16 21 13 -10 22 -16 -11 27 -4 20 26 -6 -13 -14 -9 -26 -1 29 -29 -5
right_child=-2 -3 3 17 5 6 -8 8 12 10 -12 14 23 -15 15 -17 -18 -19 -20 -21 -22 -23 -24 -25 25 -27 -28 28 -30 -31
leaf_value=-0.063744304693407486 -0.002998823130533769 0.15561229165396762 0.5436448963552849 0.64878548097082422 -1.105265060797626 -0.35715731361423525 0.083669446657101312 -0.25590390237735505 0.17221312078772827 0.05057867238564151 -0.58922163716771381 -0.89994784379905135 -0.019904555330857141 1.4754360630656735 0.9532371905675302 -0.0022858839143406261 1.0003651089775258 0.40679478727201412 0.095434712325553672 -0.21934247474358651 -0.16701699815104284 -0.31746435398221912 0.13265114014870244 0.77216412555087699 0.13534307451019095 -0.50482731499686473 0.43172260413216501 -0.85718337024251623 0.080765503028729813 0.12436779326462594
leaf_weight=180 125708 2742 221 103 51 843 267 393 96 77 55 53 271 66 65 99 78 561 577 1139 448 665 57 55 730 82 262 63 133 948
leaf_count=180 125708 2742 221 103 51 843 267 393 96 77 55 53 271 66 65 99 78 561 577 1139 448 665 57 55 730 82 262 63 133 948
internal_value=3.13063e-05 0.0335033 -0.00525829 0.0268719 -0.0400084 -0.0917541 -0.251121 -0.0306077 0.0636861 -0.16364 0.23579 -0.248368 0.309398 0.703156 0.0788248 0.376428 0.528536 0.204467 0.219563 -0.109915 0.0301278 -0.373579 -0.364874 0.113727 -0.0358221 0.0706953 0.229949 0.113444 -0.220718 0.175762
internal_weight=137088 11380 8638 6609 4801 4003 1110 2893 1693 1200 210 990 488 162 274 164 155 1808 798 2029 890 716 110 326 1205 812 442 1247 196 1051
internal_count=137088 11380 8638 6609 4801 4003 1110 2893 1693 1200 210 990 488 162 274 164 155 1808 798 2029 890 716 110 326 1205 812 442 1247 196 1051
is_linear=0
shrinkage=0.05


Tree=154
num_leaves=31
num_cat=0
split_feature=9 13 8 10 11 12 5 13 1 10 1 12 10 0 6 9 10 1 5 5 9 12 14 10 12 12 11 3 12 10
split_gain=5564.47 18367 27028.9 25203.1 20744.7 17288.9 18781 17220.9 17723 17063.2 16820.3 25863.2 18886.7 16361 15871.9 15674.3 20833.1 15123.1 22871.5 34908.1 22730.5 22700.1 19325.3 16313.5 16679 17315.7 16086.1 15231.3 15051.3 37140.2
threshold=202.50000000000003 0.93585024503435366 205.00000000000003 69.683333333333351 77.831459432840461 -0.24825246871434756 153.11833333333337 0.80644460426748255 -1.2884444444444456 93.53666666666669 0.80800000000000083 -0.03271713619994817 63.733333333333341 186.53333333333339 23.359382248871373 562.50000000000011 67.116666666666688 3.0226666666666655 189.04833333333335 154.86166666666671 37.500000000000007 0.74455857214455079 1.5000000000000002 73.044444444444466 -0.79989897227935913 0.22706275313213808 115.42819994850002 191.80666666666673 -0.60003553868615167 83.810000000000016
decision_type=2 2 2 10 2 2 2 2 10 8 10 2 8 2 2 2 8 10 2 2 2 2 2 10 2 2 2 2 2 10
left_child=1 17 3 13 5 6 -5 10 -9 -10 14 12 -12 -3 -2 16 -14 -1 19 21 -20 23 -21 -19 -25 26 -26 -24 -18 -30
right_child=7 2 -4 4 -6 -7 -8 8 9 -11 11 -13 15 -15 -16 -17 28 18 20 22 -22 -23 27 24 25 -27 -28 -29 29 -31
leaf_value=-0.023382553264303597 0.018764256044654645 -0.02674868516804195 0.86605969238687652 0.31428113027435284 0.066426981480888145 0.46838786087663398 -0.88962922745943074 0.25042094961964345 -0.017165882652515264 -0.13677803231751559 -0.56587244383990765 -0.03818838403345301 1.1835938628476401 -0.5704429744712376 -0.17040356934022416 0.55191249831016953 0.10218051481070728 1.3019851418036337 1.4999659528419125 0.24012842445537963 0.30297087445731991 -0.57452811246802071 -0.36313809553782145 -0.41513417425908544 0.43258540093231562 -0.034181636850039165 1.6177154049575329 -1.4676272746763732 -0.013784110380543602 1.1971989541059047
leaf_weight=50541 56632 1447 110 92 1339 616 50 544 16484 3640 71 1430 52 153 1131 384 1391 53 59 58 121 58 69 57 67 75 50 57 144 113
leaf_count=50541 56632 1447 110 92 1339 616 50 544 16484 3640 71 1430 52 153 1131 384 1391 53 59 58 121 58 69 57 67 75 50 57 144 113
internal_value=2.97408e-05 -0.0122635 0.0936968 0.070716 0.18475 0.393766 -0.109631 0.00828438 -0.0311886 -0.0388012 0.0215827 0.126674 0.236072 -0.0787395 0.0150603 0.263394 0.198223 -0.0201322 0.206766 0.045113 0.695319 0.331459 -0.51513 0.505457 0.335915 0.558882 0.939051 -0.862788 0.167131 0.518671
internal_weight=137088 55072 3807 3697 2097 758 142 82016 20668 20124 61348 3585 2155 1600 57763 2084 1700 51265 724 544 180 360 184 302 249 192 117 126 1648 257
internal_count=137088 55072 3807 3697 2097 758 142 82016 20668 20124 61348 3585 2155 1600 57763 2084 1700 51265 724 544 180 360 184 302 249 192 117 126 1648 257
is_linear=0
shrinkage=0.05


Tree=155
num_leaves=31
num_cat=0
split_feature=10 11 13 3 14 11 10 2 9 9 12 10 13 13 5 6 12 6 12 6 10 5 11 12 10 5 2 11 14 6
split_gain=5511.45 15129.6 23760.3 24703.9 24373.7 23664.4 23110 21485 16246.3 38136.9 28257.5 34633.3 37717.6 30400.6 24090.1 31373.7 24078.9 22589.6 78312 19434.1 23719.8 23205.2 20854.1 18257.9 15460 20842.5 25857.8 16416.6 16530.4 14810.4
threshold=84.069444444444471 112.43085139989846 -0.97854064376158167 327.43333333333339 5.5000000000000009 102.77339870200001 92.346666666666678 0.31866666666666749 97.500000000000014 42.500000000000007 -0.94331137514050689 87.616666666666688 -0.6835516316989646 0.63435554093529944 123.71000000000002 8.8821148156139671 0.35222909080468517 7.1679683100847855 0.098011308799811389 15.707592258017286 99.316666666666677 163.90333333333336 79.363079184500023 -0.40274668985873679 100.51666666666667 147.45444444444448 0.14800000000000021 78.805445641279206 1.5000000000000002 24.584547743377705
decision_type=10 2 2 2 2 2 10 10 2 2 2 10 2 2 2 2 2 2 2 2 10 2 2 2 10 2 10 2 2 2
left_child=-1 2 4 8 6 -6 7 -2 9 10 14 12 16 -14 -4 -16 -12 18 -11 20 -10 -22 29 -23 25 27 -27 -13 -29 -21
right_child=1 -3 3 -5 5 -7 -8 -9 19 17 11 24 13 -15 15 -17 -18 -19 -20 22 21 23 -24 -25 -26 26 -28 28 -30 -31
leaf_value=-0.0067167661611467954 -0.25448453446552788 -0.0033657820255373807 -0.14879238547477047 0.87056361846249519 -0.13161031359649566 1.1595110381803204 -0.70739244939840362 0.55171999955177309 0.032755421846926668 0.28897232386638949 0.24677322229809975 0.34536079277937443 -0.39805560055098455 0.79448423145905789 1.493346929312291 0.15604638231828089 1.4543155142239161 0.21657876576357948 1.8678281079037022 0.35609185796459109 -0.11409365246212611 -1.1820115523136876 0.091021184690296658 -0.034129915196521608 0.28240325518307235 -1.567615315616131 -0.26623157344452325 -0.87031946583786091 -0.17500746227834918 1.1123171594163235
leaf_weight=94290 476 31052 113 99 83 62 230 100 5548 380 89 87 237 69 83 93 77 1375 99 245 465 108 875 51 84 80 73 131 246 88
leaf_count=94290 476 31052 113 99 83 62 230 100 5548 380 89 87 237 69 83 93 77 1375 99 245 465 108 875 51 84 80 73 131 246 88
internal_value=3.756e-05 0.0149183 0.0632545 0.0843617 -0.176337 0.420455 -0.283701 -0.114518 0.0770847 0.169015 -0.0219341 -0.131044 0.200054 -0.12915 0.420922 0.786705 0.806898 0.31959 0.615291 0.0357785 -0.000117359 -0.29239 0.21918 -0.813823 -0.353979 -0.440618 -0.946694 -0.273744 -0.416615 0.555935
internal_weight=137088 42798 11746 10795 951 145 806 576 10696 3316 1462 1173 472 306 289 176 166 1854 479 7380 6172 624 1208 159 701 617 153 464 377 333
internal_count=137088 42798 11746 10795 951 145 806 576 10696 3316 1462 1173 472 306 289 176 166 1854 479 7380 6172 624 1208 159 701 617 153 464 377 333
is_linear=0
shrinkage=0.05


Tree=156
num_leaves=31
num_cat=0
split_feature=9 13 8 10 11 9 12 5 13 9 0 9 11 6 14 11 10 1 12 10 4 11 13 10 5 10 12 6 5 9
split_gain=5275.85 16667.9 24370.3 22639.7 18951.8 15659.3 15642.3 16933.4 15612.2 16434.3 22101.9 21538.8 23037.5 21466.6 19758.3 16787.6 15667.1 15026 23247.1 17008.5 14940.9 14774.3 16339.7 40474.9 25437.7 19250 37363 21606.8 18557.1 18023.1
threshold=202.50000000000003 0.93585024503435366 205.00000000000003 69.683333333333351 77.831459432840461 42.500000000000007 -0.24825246871434756 153.11833333333337 0.80644460426748255 637.50000000000011 265.42000000000002 512.50000000000011 77.831459432840461 24.584547743377705 1.0000000180025095e-35 129.22461916250003 80.21250000000002 0.80800000000000083 -0.03271713619994817 63.733333333333341 24.927789040243905 54.626749694347232 0.010907442517280267 80.21250000000002 132.6516666666667 84.608333333333363 -0.63435554093529889 9.8548711198055994 180.79166666666669 342.50000000000006
decision_type=2 2 2 10 2 2 2 2 2 2 2 2 2 2 2 2 10 10 2 8 2 2 2 8 2 10 2 2 2 2
left_child=1 -1 3 5 6 -3 7 -5 17 11 -11 13 -13 -10 -14 -16 -15 -2 19 -19 -20 -21 25 28 -25 27 29 -23 -24 -27
right_child=8 2 -4 4 -6 -7 -8 -9 9 10 -12 12 14 16 15 -17 -18 18 20 21 -22 22 23 24 -26 26 -28 -29 -30 -31
leaf_value=-0.01943042880850096 0.014570721372193653 0.44479195046027109 0.82239946591583168 0.29835022553882523 0.062169195757378962 -0.11123785741588055 0.44479195046027109 -0.84481192880868916 -0.033237701977421416 -0.1009710120898016 -1.100441659947059 0.023036439032819604 1.0229949018827558 1.207547268608459 0.41213673862140415 -0.24429414519259046 0.14182672145136868 -0.53724297576806923 -0.00097102070865204271 0.71773002443070988 -0.7768672701315239 0.24486190141457637 1.026700795775022 -0.20367407329949827 0.43860586823105718 -0.20501431782486101 1.1002123737175551 -0.40652564722778539 0.11889713051384443 0.54512251406358403
leaf_weight=51265 57763 78 110 92 1339 1522 616 50 14038 4511 56 1240 103 59 454 124 83 71 1365 156 65 217 246 301 316 233 112 308 73 122
leaf_count=51265 57763 78 110 92 1339 1522 616 50 14038 4511 56 1240 103 59 454 124 83 71 1365 156 65 217 246 301 316 233 112 308 73 122
internal_value=3.5682e-05 -0.0119345 0.0890057 0.0671844 0.175263 -0.0744666 0.375043 -0.104172 0.0080734 -0.0295107 -0.113226 -0.00576503 0.151354 -0.0270503 0.385002 0.271311 0.584626 0.0207354 0.120063 0.223781 -0.036239 0.249709 0.21184 0.36169 0.125273 0.0704491 0.303984 -0.137285 0.818959 0.0527792
internal_weight=137088 55072 3807 3697 2097 1600 758 142 82016 20668 4567 16101 1921 14180 681 578 142 61348 3585 2155 1430 2084 1928 936 617 992 467 525 319 355
internal_count=137088 55072 3807 3697 2097 1600 758 142 82016 20668 4567 16101 1921 14180 681 578 142 61348 3585 2155 1430 2084 1928 936 617 992 467 525 319 355
is_linear=0
shrinkage=0.05


Tree=157
num_leaves=31
num_cat=0
split_feature=2 1 4 13 4 10 9 12 5 1 0 13 10 10 11 11 4 11 6 10 12 10 14 0 3 10 14 13 12 12
split_gain=5310.43 19402.6 10485.9 12711 23332.8 22878.8 18032.3 23663.1 15212.8 12623.5 17000.3 12146.4 19489 16380.1 13913.2 12160.5 11054.3 10991.4 10433.4 18480.2 16582.8 38772 24760.9 25730.6 15534.3 23743.8 16419.3 29710.2 32911.8 20741.2
threshold=-0.77266666666666672 -0.7200000000000002 8.3339983734571579 0.26932402956675644 11.06355096659521 71.601388888888906 372.50000000000006 -0.70710678118654735 139.66722222222225 -1.1933333333333345 163.53333333333339 -0.93585024503435343 100.07222222222224 83.810000000000016 161.08231949749691 89.271000991500017 24.927789040243905 111.71120965450002 20.348372427306945 63.20277777777779 -0.9927505997980649 72.547916666666694 4.5000000000000009 191.58000000000001 298.72666666666674 80.870833333333351 5.5000000000000009 -0.92794370089704259 -0.10886687485196471 0.66746801135786471
decision_type=8 10 2 2 2 10 2 2 2 10 2 2 10 10 2 2 2 2 2 10 2 10 2 2 2 10 2 2 2 2
left_child=1 2 -1 5 8 -4 9 17 -5 11 -11 12 13 -7 -14 -15 -13 -8 -2 -20 21 -21 23 -23 26 -26 29 28 -28 -22
right_child=18 -3 3 4 -6 6 7 -9 -10 10 -12 16 14 15 -16 -17 -18 -19 19 20 24 22 -24 -25 25 -27 27 -29 -30 -31
leaf_value=-0.20248155646714833 0.00069188554935440674 0.14863411846187205 0.19379133773579574 0.28803582907822289 0.22398307331522599 -0.077919756145633054 -1.4163920649785107 -0.12850921791607611 -0.23244145689362511 -0.022770089141770519 0.37846220796183783 -0.065664765504996878 0.97578117578637369 -1.055438724852034 -0.06884033263825319 -0.39770020388889799 0.32161398360118776 -0.54020710516270698 -0.2761265502863598 0.79156938303600666 -0.02038241367332819 -0.82789583401848577 -1.4399018941698847 0.48430569251378386 0.97300789918446429 0.039254209539548168 1.3167309282294344 0.0094571473927069945 -0.044217501203348109 -0.29079020513184328
leaf_weight=618 118302 2742 960 183 1528 398 59 333 603 968 363 1677 51 84 85 430 207 91 876 55 4305 99 74 60 98 223 105 585 77 849
leaf_count=618 118302 2742 960 183 1528 398 59 333 603 968 363 1677 51 84 85 430 207 91 876 55 4305 99 74 60 98 223 105 585 77 849
internal_value=4.86866e-05 0.032756 -0.00402766 0.0112647 0.11011 -0.0288209 -0.0738499 -0.363395 -0.111262 -0.0410443 0.0866569 -0.0990151 -0.235464 -0.318728 0.322893 -0.505191 -0.0231134 -0.88484 -0.00291222 -0.0604835 -0.031555 -0.402499 -0.684361 -0.332725 -0.01444 0.324325 -0.0328057 0.183031 0.740945 -0.0649257
internal_weight=137088 11380 8638 8020 2314 5706 4746 483 786 4263 1331 2932 1048 912 136 514 1884 150 125708 7406 6530 288 233 159 6242 321 5921 767 182 5154
internal_count=137088 11380 8638 8020 2314 5706 4746 483 786 4263 1331 2932 1048 912 136 514 1884 150 125708 7406 6530 288 233 159 6242 321 5921 767 182 5154
is_linear=0
shrinkage=0.05


Tree=158
num_leaves=31
num_cat=0
split_feature=5 0 10 9 14 11 13 8 6 10 14 8 0 13 12 2 6 12 10 13 10 9 3 5 14 3 5 11 12 9
split_gain=5302.45 7224.91 6706.57 14112.5 11344 8094.07 7118.95 13503.8 19133.8 11310.8 13364.9 18035 16501.6 10719.4 10579.9 13621.6 13295.3 10159.8 10303.4 9973.16 9665.75 10990.2 14183.6 26546.6 10785.7 14328.2 20109.9 10882 10045.9 12400.7
threshold=102.10000000000001 140.22000000000003 108.45 507.50000000000006 1.5000000000000002 228.19590133428576 -0.58244304235731414 93.500000000000014 3.2185023808743685 92.605555555555569 2.5000000000000004 70.750000000000014 100.25333333333336 -0.94331137514050678 -0.61734245059638981 1.0946666666666678 3.5900113952749604 0.68355163169896505 64.012500000000003 -0.26932402956675622 52.633333333333347 187.50000000000003 64.737777777777794 84.654444444444451 1.5000000000000002 75.38666666666667 93.045000000000016 189.36787473807945 0.21643961393810304 407.50000000000006
decision_type=2 2 10 2 2 2 2 2 2 10 2 2 2 2 2 10 2 2 8 2 10 2 2 2 2 2 2 2 2 2
left_child=1 2 6 4 5 -4 7 17 -9 14 12 -12 -11 -10 15 16 -8 20 -19 -18 -1 22 -22 -24 25 -23 27 28 29 -27
right_child=-2 -3 3 -5 -6 -7 9 8 13 10 11 -13 -14 -15 -16 -17 19 18 -20 -21 21 24 23 -25 -26 26 -28 -29 -30 -31
leaf_value=-0.17705640932309652 0.0037882123568285693 0.5626854809430929 -1.2632900901869233 0.36234326256981381 -0.17261213835510539 -0.37248356085197604 0.13173351011633161 0.19082977459622583 1.3754853504044671 -0.21711236505575904 -0.14921972327586558 0.78322423441756162 -0.86269916214324815 0.45028938673121832 -0.078695299654621909 0.60236982548353724 -0.27036273032025404 -0.50246337165849075 0.19082977459622583 -0.0060680939065823466 -0.59340797258802691 0.19082977459622583 0.19082977459622583 -0.11024071835942462 0.14700991146735365 -0.4941179290816517 0.063961457961307977 0.19082977459622583 -0.083130363333091317 -1.3408024590590906
leaf_weight=811 119748 52 51 79 205 51 1446 118 56 371 317 62 135 71 5267 102 464 54 492 1547 121 129 346 2258 1866 170 499 53 89 58
leaf_count=811 119748 52 51 79 205 51 1446 118 56 371 317 62 135 71 5267 102 464 54 492 1547 121 129 346 2258 1866 170 499 53 89 58
internal_value=4.62523e-05 -0.0257953 -0.0275654 -0.233639 -0.387003 -0.817887 -0.0228591 0.01485 0.379678 -0.0507827 -0.221193 0.00331728 -0.389354 0.85825 -0.0336954 0.0329005 0.0160981 0.00198174 0.19083 -0.0670491 -0.015749 0.00765775 -0.0642225 -0.0396329 0.0760494 -0.0566282 -0.143155 -0.422483 -0.533644 -0.709503
internal_weight=137088 17340 17288 386 307 102 16902 7191 245 9711 885 379 506 127 8826 3559 3457 6946 546 2011 6400 5589 2725 2604 2864 998 869 370 317 228
internal_count=137088 17340 17288 386 307 102 16902 7191 245 9711 885 379 506 127 8826 3559 3457 6946 546 2011 6400 5589 2725 2604 2864 998 869 370 317 228
is_linear=0
shrinkage=0.05


Tree=159
num_leaves=31
num_cat=0
split_feature=10 11 13 8 5 5 2 6 11 0 10 1 8 13 10 11 13 10 0 5 9 3 9 14 5 12 5 11 12 5
split_gain=5188.61 13624.7 21334.7 24001.6 29234.2 75783.9 28269.3 18675.2 21522.6 25772.8 18877.6 18438.6 16693.6 20376.8 20961.7 15886.6 20469.3 25743.4 15481.8 14125.8 14062.5 16245 18743.7 19531.6 13811.7 14739.9 13114.8 21686.6 17930.7 12418.7
threshold=84.069444444444471 112.43085139989846 -0.92794370089704259 40.250000000000007 142.07166666666672 154.23500000000004 0.88666666666666683 16.715076119987419 79.859723976000012 198.81333333333336 114.51666666666667 0.85466666666666635 0.2950000000000001 0.6993099184844086 105.15000000000002 80.952669024467568 -0.70710678118654757 91.680555555555557 152.25333333333336 117.20111111111113 212.50000000000003 196.32000000000005 602.50000000000011 3.5000000000000004 104.26833333333335 0.81279832427823739 165.50166666666669 94.518400596000006 0.032717136199948427 98.178333333333356
decision_type=10 2 2 2 2 2 10 2 2 2 10 10 2 2 10 2 2 10 2 2 2 2 2 2 2 2 2 2 2 2
left_child=-1 2 3 6 -5 -6 26 10 9 -9 12 -7 20 14 15 16 17 -14 -15 -12 -4 29 23 -23 -10 -26 -2 28 -28 -22
right_child=1 -3 7 4 5 11 -8 8 24 -11 19 -13 13 18 -16 -17 -18 -19 -20 -21 21 22 -24 -25 25 -27 27 -29 -30 -31
leaf_value=-0.0064603440546548239 -0.058658175727726462 -0.0028193805630755669 -0.099099993216346077 -0.036758048810108093 2.2382649789253874 -0.036758048810108093 -1.1645822882456216 0.34122347452792162 -0.46799205489629925 1.3159194269876802 0.14999579464802978 0.98097904920578005 1.3861588498757733 0.7643585186582641 0.88011274362817926 0.095198240728995923 0.13222952920999101 0.10612968506620211 0.095198240728995923 -0.79714475141183749 -0.21047670888497461 0.095198240728995923 -1.1302327402666503 -0.62675576097000452 0.22570637694618345 -0.53585793176360097 -1.4687526279100866 -0.036758048810108093 -0.41309892513508939 0.095198240728995923
leaf_weight=94290 782 31052 1737 335 54 153 76 285 86 89 61 50 93 232 87 1757 268 68 107 111 339 213 51 118 1229 67 66 136 103 2993
leaf_count=94290 782 31052 1737 335 54 153 76 285 86 89 61 50 93 232 87 1757 268 68 107 111 339 213 51 118 1229 67 66 136 103 2993
internal_value=9.31795e-05 0.0145315 0.0604007 -0.10038 0.158788 0.573538 -0.232304 0.0886432 0.236679 0.57317 0.0570765 0.130704 0.0681333 0.172065 0.118132 0.0951982 0.399923 0.845525 0.533684 -0.46124 0.0183314 0.0732529 -0.237965 -0.100485 0.145617 0.186335 -0.167121 -0.445214 -0.825366 0.0951982
internal_weight=137088 42798 11746 1755 592 257 1163 9991 1756 374 8235 203 8063 2612 2273 2186 429 161 339 172 5451 3714 382 331 1382 1296 1087 305 169 3332
internal_count=137088 42798 11746 1755 592 257 1163 9991 1756 374 8235 203 8063 2612 2273 2186 429 161 339 172 5451 3714 382 331 1382 1296 1087 305 169 3332
is_linear=0
shrinkage=0.05


Tree=160
num_leaves=31
num_cat=0
split_feature=9 13 8 10 11 3 12 5 13 1 10 9 12 3 14 1 10 10 13 3 5 6 8 10 0 0 10 13 6 6
split_gain=5098.63 15100.2 21848.7 20202 17556.6 14836.2 14213.7 15357.9 14207.4 15036.4 14417.1 14142.4 21558.4 19705.7 25391.1 23687.2 22592.8 22531.2 20531.9 24421.8 19138.3 43377.9 24173.3 22560.4 24967.3 18396.9 18161.3 23884.7 27689.1 20425.3
threshold=202.50000000000003 0.93585024503435366 205.00000000000003 69.683333333333351 77.831459432840461 183.55000000000001 -0.24825246871434756 149.23166666666671 0.80644460426748255 -1.2884444444444456 93.53666666666669 87.500000000000014 -0.22706275313213778 199.81666666666669 4.5000000000000009 1.4013333333333338 98.616666666666688 87.777777777777786 -0.1413247892049839 235.05000000000004 160.95833333333337 11.130736859160267 72.500000000000014 99.316666666666677 306.10000000000008 175.82000000000002 79.841666666666683 0.3007057995042734 16.987517342286768 18.845341250897803
decision_type=2 2 2 10 2 2 2 2 2 10 8 2 2 2 2 10 8 8 2 2 2 2 2 8 2 2 10 2 2 2
left_child=1 11 3 5 6 -3 7 -5 -2 -10 -11 -1 13 15 26 17 18 -13 -16 -20 25 23 -23 24 -22 -14 29 -28 -29 -15
right_child=8 2 -4 4 -6 -7 -8 -9 9 10 -12 12 20 14 16 -17 -18 -19 19 -21 21 22 -24 -25 -26 -27 27 28 -30 -31
leaf_value=0.0082873345657908364 0.020056965645823262 -0.014695803749573438 0.77880173012156528 0.34496754545991015 0.056966464248586028 -0.48860993778263345 0.42126255799091328 -0.70771478426332279 0.2315134119382278 -0.015000059799335205 -0.12494721417493126 -0.067076057453372528 -0.059951029973255049 0.1711714836542455 0.30369852036045697 -0.36638440434432595 -1.0281040185603543 0.059105644219118875 -0.01534733444452286 -1.3512614841644581 -0.71643968164662741 -0.1203432835310958 0.67742187127922526 -0.040562387686475639 0.2185640424117446 0.8275205720658021 0.23327755823290097 0.44821333018870191 1.6422210847678251 -0.58218411684588156
leaf_weight=24815 61348 1413 110 82 1339 187 616 60 544 16484 3640 9198 5695 539 194 506 69 5749 100 52 664 2325 99 221 80 59 574 145 73 108
leaf_count=24815 61348 1413 110 82 1339 187 616 60 544 16484 3640 9198 5695 539 194 506 69 5749 100 52 664 2325 99 221 80 59 574 145 73 108
internal_value=7.65002e-05 -0.0116909 0.084385 0.0637234 0.165818 -0.0700845 0.358104 -0.0998278 0.00797807 -0.0278752 -0.0348871 -0.0188256 -0.0442626 -0.0114532 0.142577 -0.0299332 -0.201981 -0.0185433 -0.0372336 -0.472371 -0.106368 -0.200628 -0.0877613 -0.48414 -0.615902 -0.0508511 0.241946 0.402493 0.848042 0.0454182
internal_weight=137088 55072 3807 3697 2097 1600 758 142 82016 20668 20124 51265 26450 17307 1854 15453 415 14947 346 152 9143 3389 2424 965 744 5754 1439 792 218 647
internal_count=137088 55072 3807 3697 2097 1600 758 142 82016 20668 20124 51265 26450 17307 1854 15453 415 14947 346 152 9143 3389 2424 965 744 5754 1439 792 218 647
is_linear=0
shrinkage=0.05


Tree=161
num_leaves=31
num_cat=0
split_feature=5 14 11 11 14 10 13 9 11 1 13 9 12 2 11 3 6 9 1 1 10 13 9 11 9 9 10 13 13 9
split_gain=5168.81 34061.7 15623 17786.9 18736.5 13297.2 25257.1 30186.2 15130.1 30946.1 22241.8 14846.2 13392 23153.4 13156.7 14884.4 32774.1 16354.8 12970.4 12462.2 11697.9 16937.4 11361.3 17179 13881.7 13450 21233.1 16496.7 37035.7 33183.9
threshold=228.3116666666667 5.5000000000000009 62.122620647500007 62.576381797000018 4.5000000000000009 94.058333333333351 0.22706275313213803 467.50000000000006 178.95372528020729 0.19733333333333342 -0.69930991848440816 117.50000000000001 -0.95688340256707749 -0.43066666666666592 67.153079342667027 235.05000000000004 7.6966340536626054 107.50000000000001 0.6213333333333334 -1.6159999999999994 70.883333333333354 0.93585024503435366 122.50000000000001 86.96458448700001 72.500000000000014 982.50000000000011 90.683333333333351 -0.95032354012166609 -0.66746801135786449 407.50000000000006
decision_type=2 2 2 2 2 10 2 2 2 10 2 2 2 10 2 2 2 2 8 10 8 2 2 2 2 2 10 2 2 2
left_child=-1 2 18 4 -4 12 8 -8 9 11 -10 -7 13 -5 -14 16 -16 -18 20 -19 -2 -22 23 -3 -25 26 27 -24 -29 -30
right_child=1 22 3 5 -6 6 7 -9 10 -11 -12 -13 14 -15 15 -17 17 19 -20 -21 21 -23 25 24 -26 -27 -28 28 29 -31
leaf_value=-0.0018689956778721293 -0.85332575432459523 0.02091977012484041 0.26736674255920218 0.43330529650976496 1.3979938994955134 0.36949662642045455 0.83576269169140061 -0.58483474057800366 -0.97553604599768229 0.97074444202321863 -0.074566754720506875 -0.61508111440768798 -0.10638591982982547 -0.59956976499687253 1.4385222406437002 0.15343466630819622 0.8314063809541139 -0.42898277508748039 0.53397188084544955 0.28457499839327982 -0.3255967676128832 0.67490664772397169 -0.74613124281167986 -0.28401171439141037 -1.3460318613797426 -0.7549776270017996 -1.0014640674591064 0.87774191271800273 -1.2020798136369657 0.23659116486385467
leaf_weight=131766 75 73 114 86 54 55 127 53 137 63 137 126 367 147 72 2177 110 77 54 298 248 51 50 50 80 77 50 130 59 125
leaf_count=131766 75 73 114 86 54 55 127 53 137 63 137 126 367 147 72 2177 110 77 54 298 248 51 50 50 80 77 50 130 59 125
internal_value=8.22022e-05 0.0483914 0.0973748 0.126701 0.630783 0.105697 -0.09275 0.417476 -0.270048 0.0163074 -0.525051 -0.3159 0.147244 -0.218337 0.174713 0.212446 0.443088 0.295312 -0.190404 0.138058 -0.294992 -0.154942 -0.278258 -0.592887 -0.937563 -0.148178 -0.0353192 0.0973931 0.231712 -0.224722
internal_weight=137088 5322 4628 4200 168 4032 698 180 518 244 274 181 3334 233 3101 2734 557 485 428 375 374 299 694 203 130 491 414 364 314 184
internal_count=137088 5322 4628 4200 168 4032 698 180 518 244 274 181 3334 233 3101 2734 557 485 428 375 374 299 694 203 130 491 414 364 314 184
is_linear=0
shrinkage=0.05


Tree=162
num_leaves=31
num_cat=0
split_feature=2 0 12 10 10 11 12 13 14 11 9 2 0 9 10 12 13 9 10 9 9 9 14 13 3 5 3 12 12 6
split_gain=5173.07 14117.3 11288.8 7088.25 7376.6 6801.9 8102.64 6714.02 6567.33 5655.39 18545.2 17829.8 12949.3 12719.5 14627 10245.6 9606.01 10296.8 9061.34 21613.9 36873.9 35030.2 53149.2 24464.9 19493.3 18018 23052.6 16521.6 15348.8 13266.7
threshold=-2.3213333333333335 142.22000000000003 0.56457333468532445 100.07222222222224 73.211111111111137 95.128189086913906 -0.3007057995042734 -0.66746801135786449 2.5000000000000004 290.57915931616486 527.50000000000011 1.186666666666667 130.00666666666669 22.500000000000004 103.31000000000002 0.87137607974597331 0.65106671239330416 217.50000000000003 103.90000000000002 612.50000000000011 392.50000000000006 737.50000000000011 2.5000000000000004 0.50938662908026078 102.57000000000002 247.4316666666667 172.17000000000002 -0.94331137514050689 -0.35222909080468484 12.486835445894299
decision_type=8 2 2 10 10 2 2 2 2 2 2 10 2 2 10 2 2 2 10 2 2 2 2 2 2 2 2 2 2 2
left_child=1 3 5 4 -1 -3 -7 8 -6 18 11 13 -12 14 -11 -14 -15 -18 -2 20 24 22 -21 -23 28 26 29 -22 -20 -26
right_child=9 2 -4 -5 7 6 -8 -9 -10 10 12 -13 15 16 -16 -17 17 -19 19 21 27 23 -24 -25 25 -27 -28 -29 -30 -31
leaf_value=0.76637663430181047 -0.0013233527962866699 -0.79080379203546292 0.54093387302230389 0.92213366934313223 -0.52295701556848184 -0.62689383941538201 0.15584760122793787 0.5752902635661038 0.22079837765072435 0.13462648666372487 -0.1296824242749538 -0.87310392260551462 -1.1932583819417393 0.0028626819850578419 -0.99656207268914354 -0.40692701311957724 0.12391517896950247 0.92076418789724512 -0.4868026317381709 1.7650846880801181 -1.1586955050411432 0.37855774514715779 0.0056866963452930699 -0.65857032264272375 0.18423751038301103 -0.597936109726942 0.47428473267378668 -0.28621388028016476 0.12550545854691686 -0.097450604415328407
leaf_weight=58 130501 51 51 52 51 51 94 55 71 51 208 59 68 1691 65 106 125 60 239 94 69 176 79 84 1246 79 492 254 179 629
leaf_count=58 130501 51 51 52 51 51 94 55 71 51 208 59 68 1691 65 106 125 60 239 94 69 176 79 84 1246 79 492 254 179 629
internal_value=7.80921e-05 0.155398 -0.121722 0.393894 0.277007 -0.294147 -0.119461 0.116649 -0.0901158 -0.000529291 -0.0760779 -0.016503 -0.395942 0.0088682 -0.499229 -0.714229 0.0402857 0.382353 0.000841185 0.0788728 0.0338393 0.410331 0.96166 0.0434856 0.0909547 0.144879 0.169671 -0.472595 -0.224594 0.0897405
internal_weight=137088 534 247 287 235 196 145 177 122 136554 2433 2051 382 1992 116 174 1876 185 134121 3620 3187 433 173 260 2864 2446 2367 323 418 1875
internal_count=137088 534 247 287 235 196 145 177 122 136554 2433 2051 382 1992 116 174 1876 185 134121 3620 3187 433 173 260 2864 2446 2367 323 418 1875
is_linear=0
shrinkage=0.05


Tree=163
num_leaves=31
num_cat=0
split_feature=4 5 9 10 13 12 10 10 6 12 12 14 9 9 9 14 12 9 1 6 11 5 14 13 13 14 0 1 2 8
split_gain=5136.73 5484.43 21458.1 17996.4 20464.1 18290.7 24770.7 19231.4 21454.7 23482.9 24581.8 18169.9 25402.7 17043.1 16071.1 13429.8 13231.2 16230.1 11481.2 10887.3 7826.91 16705.2 9625.82 10045.1 9982.18 8346.75 7794.98 7555.81 7438.36 16643.4
threshold=1.0000000180025095e-35 254.43166666666667 1082.5000000000002 109.45 -0.89194178735545482 -0.71473537162315137 70.268055555555563 96.116666666666688 26.903303259931374 0.4126824757997184 0.74455857214455079 5.5000000000000009 127.50000000000001 482.50000000000006 152.50000000000003 1.5000000000000002 0.18436924984152928 157.50000000000003 0.066666666666666208 15.254400259331574 82.957348134000014 264.46333333333337 4.5000000000000009 -0.83743052905771542 -0.64278760968653914 2.5000000000000004 276.64000000000004 1.0266666666666682 1.9986666666666675 92.500000000000014
decision_type=2 2 2 8 2 2 10 10 2 2 2 2 2 2 2 2 2 2 10 2 2 2 2 2 2 2 2 10 10 2
left_child=-1 28 3 5 -5 6 -3 8 11 16 27 18 -13 14 -8 19 17 -10 20 -9 -7 -22 23 25 -25 -23 -20 -11 -2 -30
right_child=1 2 -4 4 -6 7 13 15 9 10 -12 12 -14 -15 -16 -17 -18 -19 26 -21 21 22 -24 24 -26 -27 -28 -29 29 -31
leaf_value=-0.32967627665059474 0.0002980196963257784 -0.57009673878258349 -0.66631213065825012 1.3859481885456122 0.26961081661092928 -0.044495558979476546 1.151428888131071 0.31674810367733686 -0.3660011176306468 1.2945352535436649 -0.15757209440072378 -1.1529440610164619 0.066404418342492805 1.4645992531180383 0.1275093204045499 -0.93398995201377311 -0.4659020548706414 0.77734642694039013 0.24778138356311108 -0.60653109462534793 -0.36967515570336373 0.25676337099332058 0.87069477133807682 1.1044705426286567 0.23379829722206769 -0.49197725235883683 -0.35925771833297265 0.60973015875736281 -0.16751489810635539 0.27347476758509875
leaf_weight=118 132584 51 95 52 195 396 54 67 52 101 60 83 88 50 132 85 93 77 67 61 87 111 84 55 82 56 251 67 1484 250
leaf_count=118 132584 51 95 52 195 396 54 67 52 101 60 83 88 50 132 85 93 77 67 61 87 111 84 55 82 56 251 67 1484 250
internal_value=7.41874e-05 0.000358268 0.0715621 0.0989763 0.504629 0.0556013 0.429141 0.0026078 0.0554923 0.354756 0.711165 -0.043529 -0.525443 0.645078 0.424776 -0.446786 -0.011285 0.316462 0.0257791 -0.123252 0.11966 0.256514 0.396922 0.266011 0.583338 0.00568867 -0.23136 1.02143 -0.00104759 -0.103935
internal_weight=137088 136970 2652 2557 247 2310 287 2023 1810 450 228 1360 171 236 186 213 222 129 1189 128 871 475 388 304 137 167 318 168 134318 1734
internal_count=137088 136970 2652 2557 247 2310 287 2023 1810 450 228 1360 171 236 186 213 222 129 1189 128 871 475 388 304 137 167 318 168 134318 1734
is_linear=0
shrinkage=0.05


Tree=164
num_leaves=31
num_cat=0
split_feature=2 6 11 10 11 9 8 0 13 0 9 11 4 3 10 8 12 9 12 9 10 12 9 1 10 8 10 11 14 5
split_gain=4962.21 15480.8 22982.5 20060 23706.7 18606.7 29506.8 17293.3 16935.9 28416.9 34192.1 54961.7 33879.2 20963.8 25599 21343.1 20600.5 17731.3 19376.2 25012.1 17431.7 21775.2 17084.2 17050.4 19538 33836.5 16995.4 16803.8 15954.8 15777.5
threshold=0.10844444444444436 8.9840663668876264 320.64516365775438 84.483333333333363 133.08750027418139 52.500000000000007 93.500000000000014 141.46000000000004 -0.75894212529897775 251.18000000000004 47.500000000000007 116.16393151879311 24.927789040243905 177.50333333333336 105.15000000000002 72.500000000000014 -0.63435554093529889 27.500000000000004 -0.19509032201612828 212.50000000000003 89.141666666666694 0.37256073532439576 72.500000000000014 0.6213333333333334 95.304166666666688 56.70000000000001 95.575000000000017 128.34214931990437 1.5000000000000002 143.74500000000003
decision_type=10 2 2 10 2 2 2 2 2 2 2 2 2 2 10 2 2 2 2 2 10 2 2 10 10 2 10 2 2 2
left_child=-1 -2 3 4 -3 -6 -7 -5 13 12 -11 16 -10 17 15 20 -12 -9 19 22 -15 -22 -19 -20 25 -25 -13 -26 -17 -27
right_child=1 2 -4 7 5 6 -8 8 9 10 11 26 -14 14 -16 28 -18 18 23 -21 21 -23 -24 24 27 29 -28 -29 -30 -31
leaf_value=0.0068646068730781207 0.011509699023574065 -0.05632829907232282 -0.5252800567683974 -0.10389579448533844 -0.56843890391565777 -0.2256314891449509 0.99767968471233659 1.1268311057414395 -0.010572739557466243 1.252044000384513 1.684171440099415 -0.68480653505743927 -0.71240142485597635 0.04738605696819103 0.86505126976347602 0.93316394312156214 0.42672347386220572 0.6624477917573367 -0.33768170965729016 1.5580843598246574 -0.82192684124104487 -0.02507567520624672 0.056656464495726172 -0.18866143629271936 -0.90772507047536333 0.62550680961045957 0.1883289999261345 0.15651603147168369 0.04738605696819103 1.7065724996780909
leaf_weight=90781 26714 10094 248 2057 392 947 52 64 3115 89 57 131 182 237 77 74 76 251 175 50 195 153 217 94 51 90 97 136 138 54
leaf_count=90781 26714 10094 248 2057 392 947 52 64 3115 89 57 131 182 237 77 74 76 251 175 50 195 153 217 94 51 90 97 136 138 54
internal_value=7.04778e-05 -0.0132488 -0.0470058 -0.0408744 -0.0829952 -0.276507 -0.161956 0.0206724 0.0648283 0.00155532 0.374264 0.157859 -0.0493149 0.180141 -0.00553081 -0.0896397 0.96563 0.317432 0.271098 0.495122 -0.245401 -0.471587 0.381557 0.0776904 0.248726 0.549228 -0.313341 -0.133732 0.340173 1.03091
internal_weight=137088 46307 19593 19345 11485 1391 999 7860 5803 3747 450 361 3297 2056 874 797 133 1182 1118 518 585 348 468 600 425 238 228 187 212 144
internal_count=137088 46307 19593 19345 11485 1391 999 7860 5803 3747 450 361 3297 2056 874 797 133 1182 1118 518 585 348 468 600 425 238 228 187 212 144
is_linear=0
shrinkage=0.05


Tree=165
num_leaves=31
num_cat=0
split_feature=4 6 13 12 3 12 10 10 6 9 14 11 2 10 13 9 9 4 3 3 5 9 5 14 11 10 14 5 13 9
split_gain=4936.67 6739.75 32548 22777.5 21373.7 19623.3 24978.6 24099.4 25780.6 26876.3 23423.2 25685.1 17291.6 17017.1 17407 23050.1 25526.6 15000 11327.3 28927 11046 20991.9 44920.1 32027.3 11293.9 10039.9 14613 14646.3 26297.2 22819.9
threshold=0.39533948058013263 2.7560687855741466 -0.61734245059638992 -0.20576496797711577 109.68166666666669 0.34202014332566882 81.741666666666688 92.136666666666684 1.875634841866036 727.50000000000011 5.5000000000000009 156.8718895316124 1.0000000180025095e-35 67.538888888888906 -0.1413247892049839 422.50000000000006 762.50000000000011 1.3589211407100019 94.183333333333351 86.103333333333353 150.66833333333335 582.50000000000011 114.08333333333336 1.5000000000000002 69.835720077500014 83.335416666666688 5.5000000000000009 157.10166666666669 -0.16288578192842348 17.500000000000004
decision_type=2 2 2 2 2 2 10 10 2 2 2 2 10 8 2 2 2 2 2 2 2 2 2 2 2 10 2 2 2 2
left_child=-1 2 4 13 -2 10 -7 8 9 -8 -6 -12 -9 -4 -15 18 20 -10 19 -16 21 23 -23 -17 -25 -5 27 29 -29 -27
right_child=1 -3 3 25 5 6 7 12 17 -11 11 -13 -14 14 15 16 -18 -19 -20 -21 -22 22 -24 24 -26 26 -28 28 -30 -31
leaf_value=-0.065425631647321111 0.040375826057096109 -0.0044516014383678103 -0.12554495997125067 -0.018562912257353539 0.020992311315730962 0.21586531403882728 0.86366924785801946 -0.57489400807429447 1.2903675567645294 2.3726493177413941 1.1034350017883949 -0.10700704097592582 0.69065779659826809 -0.0082982535392466632 -0.47681320484946754 -0.30174767484790399 0.00028689758961691577 0.30318440773801225 0.092835209959002643 0.94826686633592949 0.26975524315595134 0.59756950765668637 2.4946788241863249 0.48344890802514318 1.4954796089385249 -1.1691493924500216 0.33402717341239063 1.043701259160446 -0.20232297518849374 -0.24019006376712593
leaf_weight=2818 2825 105149 783 17318 1118 762 72 55 52 50 112 72 53 1552 51 76 204 148 2116 118 121 83 50 51 60 72 130 59 150 808
leaf_count=2818 2825 105149 783 17318 1118 762 72 55 52 50 112 72 53 1552 51 76 204 148 2116 118 121 83 50 51 60 72 130 59 150 808
internal_value=6.90862e-05 0.00144366 0.02273 -0.00225828 0.13455 0.241224 0.387804 0.692495 0.909277 1.4821 0.107027 0.629784 0.0461638 0.0895194 0.127091 0.198806 0.462764 0.559852 0.124296 0.518213 0.676699 0.830575 1.31077 0.489047 1.03049 -0.0283256 -0.167021 -0.226834 0.149425 -0.316196
internal_weight=137088 134270 29121 23802 5319 2494 1192 430 322 122 1302 184 108 5265 4482 2930 645 200 2285 169 441 320 133 187 111 18537 1219 1089 209 880
internal_count=137088 134270 29121 23802 5319 2494 1192 430 322 122 1302 184 108 5265 4482 2930 645 200 2285 169 441 320 133 187 111 18537 1219 1089 209 880
is_linear=0
shrinkage=0.05


Tree=166
num_leaves=31
num_cat=0
split_feature=2 1 4 13 10 9 12 9 13 0 6 0 10 12 6 1 9 12 10 13 9 9 2 6 13 12 11 0 1 2
split_gain=4880.8 17085.8 9427.11 19129.2 22691.4 14253.1 20610.9 12468.2 11981.8 12823.4 13806.7 11075 29249.6 37272.2 51697.3 16518.6 13715.5 12076.9 11555.5 15895.6 18906 14569.6 11426 29909.1 10872.4 10728.5 12606.2 10291 11943 9643.08
threshold=-0.77266666666666672 -0.7200000000000002 9.2386911049263123 0.26932402956675644 71.601388888888906 372.50000000000006 -0.70710678118654735 357.50000000000006 -0.97381903846659723 171.02000000000004 21.246575114586623 188.90000000000003 90.683333333333351 0.44228869021900152 19.918911365069857 -1.9599999999999997 132.50000000000003 -0.53729960834682411 100.07222222222224 -0.94331137514050678 252.50000000000003 142.50000000000003 -1.0466666666666664 14.049612525094837 -0.60003553868615123 0.076279435988900648 189.36787473807945 176.78000000000003 -1.8186666666666655 -1.9599999999999997
decision_type=8 10 2 2 10 2 2 2 2 2 2 2 10 2 2 10 2 2 10 2 2 2 10 2 2 2 2 2 10 10
left_child=1 2 24 4 8 11 -7 27 9 10 -4 18 13 15 -15 16 -13 -14 19 20 22 -21 -6 -24 -1 -19 -27 29 -29 -5
right_child=-2 -3 3 7 5 6 -8 -9 -10 -11 -12 12 17 14 -16 -17 -18 25 -20 21 -22 -23 23 -25 -26 26 -28 28 -30 -31
leaf_value=0.04062792793592343 -0.0027729753197295302 0.14016209917545813 -0.2138298331814654 0.58709318255191867 -0.46575423057237358 -0.84915554121735382 -0.11559739017078388 0.3258770913304902 0.1008173246329051 1.2346879988014701 0.7609118970331904 -0.94311263517278143 0.34876254763868125 -0.079691759086605432 1.7350667346309832 0.26959080480546593 0.034758572297534727 -1.0982075256192023 0.13354987051036704 0.077177094411123637 0.60491151660680775 -0.21567495210962209 -0.49096844986081128 0.90441146624290336 -0.25899360921328601 0.097930153181895296 -0.76806451780231377 -0.82404843843172471 -0.026978091255233094 0.080591523851903935
leaf_weight=529 125708 2742 68 103 644 140 303 662 693 50 78 61 54 69 91 323 87 54 473 995 53 741 110 59 708 94 76 63 185 1072
leaf_count=529 125708 2742 68 103 644 140 303 662 693 50 78 61 54 69 91 323 87 54 473 995 53 741 110 59 708 94 76 63 185 1072
internal_value=6.56319e-05 0.031422 -0.00309585 0.0182588 -0.0320835 -0.0783753 -0.347422 0.146614 0.198438 0.543597 0.306923 -0.0484588 0.10487 0.293129 0.952452 0.0691549 -0.368283 -0.322437 -0.0937842 -0.13511 -0.310083 -0.0478248 -0.369732 -0.00382398 -0.130861 -0.484244 -0.28922 0.0632176 -0.22946 0.124991
internal_weight=137088 11380 8638 7401 5316 4427 443 2085 889 196 146 3984 909 631 160 471 148 278 3075 2602 866 1736 813 169 1237 224 170 1423 248 1175
internal_count=137088 11380 8638 7401 5316 4427 443 2085 889 196 146 3984 909 631 160 471 148 278 3075 2602 866 1736 813 169 1237 224 170 1423 248 1175
is_linear=0
shrinkage=0.05


Tree=167
num_leaves=31
num_cat=0
split_feature=1 4 13 1 5 10 9 12 1 2 11 6 3 9 12 0 13 10 5 4 4 1 2 6 11 8 13 12 13 10
split_gain=4824.61 10880.4 18556.6 13994.1 19060.7 13650.8 15211.7 18680 13507.8 21822.4 19518.8 13309.1 13131.2 12662.4 16150.1 11720.9 10864.2 17992 22802.7 11751.2 10793.5 15871.4 25286.8 16436.5 14377.3 22432 15665.4 27992.3 13940.1 21889.1
threshold=0.066666666666667151 7.8819174194405255 0.29026740676763269 -1.0426666666666671 144.58500000000004 71.601388888888906 372.50000000000006 0.81279832427823739 -0.46666666666666617 1.0600000000000003 1.0000000180025095e-35 4.6864440223935135 154.3355555555556 687.50000000000011 0.076279435988900648 116.00666666666667 -0.99512551815703254 74.310000000000016 129.73500000000004 4.2852460054595065 3.2820887658198035 0.47466666666666751 -0.020000000000000163 13.67596143568209 177.20532494592166 293.00000000000006 -0.86046863722869238 -0.10886687485196471 -0.97381903846659723 99.683333333333351
decision_type=10 2 2 8 2 10 2 2 10 8 2 2 2 2 2 2 2 8 2 2 2 10 8 2 2 2 2 2 2 10
left_child=1 8 3 5 -5 -3 -7 -8 10 16 13 12 -12 14 -1 -4 17 18 -10 -18 28 22 -22 -24 -23 26 27 -26 29 -2
right_child=20 2 15 4 -6 6 7 -9 9 -11 11 -13 -14 -15 -16 -17 19 -19 -20 -21 21 24 23 -25 25 -27 -28 -29 -30 -31
leaf_value=-0.39734152113087479 0.24762221567737963 0.11318351651074417 0.25852462140615673 -0.054763368982406205 0.18133951790863401 -0.057638568306505815 -0.48527084707664392 0.33200701794454029 0.2786381569550892 0.87817170295332159 -0.0091952390263875337 -0.071825526870636522 0.24069978742078169 -0.54668519295367068 0.45074189631673306 0.070288278156112369 -0.017199296512126386 0.044960188079222162 1.4586294485330582 0.059794324899135991 0.093240433628100028 0.0300003344109478 -0.072087119428896118 -0.26648689061008762 0.35828216922046491 0.93739428435856442 -0.16798077489962615 -0.19942669463868173 0.027223698179463837 -0.39678424313307215
leaf_weight=144 1353 1028 1113 1569 1878 4451 417 84 226 70 2389 11198 674 329 92 3218 46640 1208 50 5545 1917 19781 5113 1381 447 53 2334 453 21787 146
leaf_count=144 1353 1028 1113 1569 1878 4451 417 84 226 70 2389 11198 674 329 92 3218 46640 1208 50 5545 1917 19781 5113 1381 447 53 2334 453 21787 146
internal_value=6.23502e-05 -0.00758819 0.0329911 -0.00636831 0.0738706 -0.0526197 -0.0870393 -0.348242 -0.0157307 -0.00407391 -0.0579824 -0.0465632 0.0457931 -0.346209 -0.0667327 0.118662 -0.00522462 0.128178 0.492405 -0.00901822 0.0115627 -0.00752866 -0.0663248 -0.113428 0.0139095 -0.0829247 -0.099646 0.0775687 0.0373712 0.184858
internal_weight=137088 82323 13758 9427 3447 5980 4952 501 68565 53739 14826 14261 3063 565 236 4331 53669 1484 276 52185 54765 31479 8411 6494 23068 3287 3234 900 23286 1499
internal_count=137088 82323 13758 9427 3447 5980 4952 501 68565 53739 14826 14261 3063 565 236 4331 53669 1484 276 52185 54765 31479 8411 6494 23068 3287 3234 900 23286 1499
is_linear=0
shrinkage=0.05


Tree=168
num_leaves=31
num_cat=0
split_feature=5 14 11 13 12 9 12 9 12 5 11 12 13 0 10 5 10 10 14 10 9 10 12 2 6 0 11 11 9 13
split_gain=4773.07 15920.9 35443.2 32389.1 26319.4 21545 29273.9 31851.9 31806.6 33955.3 29718.7 25979.4 21125.8 25151.2 24126.9 20898.7 39633.2 25257 20380.9 20379.5 20161.4 59648.8 40883.2 32722.7 33627.9 23924.2 38879.2 37041.6 22489.8 30069.2
threshold=151.59500000000003 3.5000000000000004 164.03665643519494 0.39271506111191351 -0.98658463173998423 597.50000000000011 0.49049438445969384 127.50000000000001 -0.63435554093529889 163.90333333333336 100.20927138250002 -0.60003553868615167 0.96863394805116487 237.02000000000004 70.479166666666686 189.04833333333335 87.27500000000002 79.109722222222231 4.5000000000000009 70.670833333333348 72.500000000000014 57.172222222222231 0.44228869021900152 2.8933333333333349 4.7836533520991171 237.02000000000004 127.50979970950002 97.009291887283155 207.50000000000003 -0.98279651670771917
decision_type=2 2 2 2 2 2 2 2 2 2 2 2 2 2 8 2 8 10 2 8 2 10 2 10 2 2 2 2 2 2
left_child=-1 -2 3 4 15 6 7 12 9 10 -9 -7 13 -5 -14 18 17 -17 -3 -8 21 -6 25 24 -24 26 -23 -27 -22 -30
right_child=1 2 -4 5 20 11 19 8 -10 -11 -12 -13 14 -15 -16 16 -18 -19 -20 -21 28 22 23 -25 -26 27 -28 -29 29 -31
leaf_value=-0.0056565981071802886 -0.01282313867919639 -0.44601792538916318 -0.13039981738062645 -0.20837156104540211 -1.0143644219314731 -0.70629409809220345 0.097862117383451505 1.8250180592235083 0.093651672541687769 0.3016531384858504 0.38924965008870882 -0.084031279131250608 -0.5143755548766682 -1.2793583723365285 0.68088428571354598 -0.41286738208674517 0.67086615303777297 -1.6353237038505251 0.26994582772700609 -0.49676663085151263 0.036686566588512125 0.56122423016733824 -0.068381285807117817 -0.0692992694510354 1.1798085862337504 0.41970392676885243 -0.44241825645008404 -1.2951000534743331 0.79737150610100094 0.19115777627149785
leaf_weight=99676 21467 143 2258 541 74 188 236 78 2231 551 67 1556 63 61 128 109 53 69 326 370 2690 435 64 90 344 64 124 62 221 2749
leaf_count=99676 21467 143 2258 541 74 188 236 78 2231 551 67 1556 63 61 128 109 53 69 326 370 2690 435 64 90 344 64 124 62 221 2749
internal_value=5.92327e-05 0.0152878 0.053134 0.0834123 0.152075 -0.00274919 0.0570616 0.109558 0.185712 0.480807 1.16159 -0.15111 -0.171529 -0.316893 0.286636 -0.140089 -0.529368 -0.886741 0.0516456 -0.265195 0.181641 0.362781 0.448925 0.793656 0.984014 0.198303 0.338592 -0.424089 0.141413 0.236267
internal_weight=137088 37412 15945 13687 7617 6070 4326 3720 2927 696 145 1744 793 602 191 700 231 178 469 606 6917 1257 1183 498 408 685 559 126 5660 2970
internal_count=137088 37412 15945 13687 7617 6070 4326 3720 2927 696 145 1744 793 602 191 700 231 178 469 606 6917 1257 1183 498 408 685 559 126 5660 2970
is_linear=0
shrinkage=0.05


Tree=169
num_leaves=31
num_cat=0
split_feature=9 13 8 10 11 9 1 5 5 9 12 14 10 12 12 11 3 13 1 12 10 4 9 0 9 11 6 5 14 0
split_gain=4753.76 13513.8 19527.4 17942.3 15673 14008.9 13589.5 19640 31782.6 20086.3 19509.7 17242.1 14978.8 13895.2 15261.2 14480 13069.6 12873.8 13769.9 20545.2 15397 13841.1 13711.6 20072.2 19480.7 20212.5 18325.3 18253.5 23749.1 17372
threshold=202.50000000000003 0.93585024503435366 205.00000000000003 69.683333333333351 77.831459432840461 42.500000000000007 3.0226666666666655 189.04833333333335 154.86166666666671 37.500000000000007 0.74455857214455079 1.5000000000000002 73.044444444444466 -0.79989897227935913 0.22706275313213808 115.42819994850002 191.80666666666673 0.80644460426748255 0.80800000000000083 -0.10886687485196471 63.733333333333341 24.927789040243905 637.50000000000011 265.42000000000002 512.50000000000011 77.831459432840461 25.301081297335561 113.00500000000001 1.0000000180025095e-35 241.50000000000003
decision_type=2 2 2 10 2 2 10 2 2 2 2 2 10 2 2 2 2 2 10 2 8 2 2 2 2 2 2 2 2 2
left_child=1 6 3 5 -5 -3 -1 8 10 -9 12 -10 -8 -14 15 -15 -13 18 -2 20 -20 -21 24 -24 26 -26 -19 -27 -29 -30
right_child=17 2 -4 4 -6 -7 7 9 11 -11 -12 16 13 14 -16 -17 -18 22 19 21 -22 -23 23 -25 25 27 -28 28 29 -31
leaf_value=-0.021136858732469125 0.013282542853196645 0.39806234533047308 0.73607475626197738 0.33794358865478347 0.053418509348881975 -0.10138969940819341 1.2450167440018565 1.4061537635528436 0.22604882994602465 0.28093342474423166 -0.51945296263258001 -0.35289063894230388 -0.36620565056800847 0.39920646174630126 -0.033951461990674336 1.5236158668398858 -1.3760053661308791 -0.030421211408024978 -0.50990999884588628 0.0038408009655582324 0.23906308068569643 -0.7370809833039389 -0.091231403072530887 -1.043703145374145 0.024477447619316198 -0.10359559844597244 0.57055871726479379 1.3054729360756996 0.47996367259207845 -0.48495943141433434
leaf_weight=50541 57763 78 110 758 1339 1522 53 59 58 121 58 69 57 67 75 50 57 14052 71 1402 2046 66 4511 56 1240 160 128 79 389 53
leaf_count=50541 57763 78 110 758 1339 1522 53 59 58 121 58 69 57 67 75 50 57 14052 71 1402 2046 66 4511 56 1240 160 128 79 389 53
internal_value=5.6271e-05 -0.0113062 0.0795831 0.0600499 0.156265 -0.0660525 -0.0180557 0.197031 0.047232 0.649756 0.320459 -0.487342 0.481766 0.319307 0.522819 0.879723 -0.815728 0.00768593 0.0191839 0.11427 0.213944 -0.0294704 -0.0264432 -0.10291 -0.00475345 0.144671 -0.0249963 0.363524 0.506978 0.36426
internal_weight=137088 55072 3807 3697 2097 1600 51265 724 544 180 360 184 302 249 192 117 126 82016 61348 3585 2117 1468 20668 4567 16101 1921 14180 681 521 442
internal_count=137088 55072 3807 3697 2097 1600 51265 724 544 180 360 184 302 249 192 117 126 82016 61348 3585 2117 1468 20668 4567 16101 1921 14180 681 521 442
is_linear=0
shrinkage=0.05


Tree=170
num_leaves=31
num_cat=0
split_feature=2 6 0 10 11 10 14 10 13 13 9 12 10 12 9 12 11 12 11 5 8 8 11 12 13 6 9 14 12 6
split_gain=4684.88 14060.2 23553.8 26499.5 29340 34235.3 19388.8 44486.5 21039.3 31083.3 29632.7 36304.9 22582.3 31647.4 37238.8 37977.9 34800.9 29895.6 28712.8 20420 18234.6 17674.1 18025.9 17027.2 16425.8 28994.2 23564.4 19168.6 15712.7 14513
threshold=0.10844444444444436 14.252405006820814 191.58000000000001 70.075000000000017 100.20927138250002 95.808333333333351 1.0000000180025095e-35 77.241666666666688 0.98658463173998445 0.48098876891938797 97.500000000000014 -0.60003553868615167 72.00277777777778 0.68355163169896505 152.50000000000003 -0.81279832427823717 84.762284964322987 0.49049438445969384 90.941501035000002 186.20166666666671 238.00000000000003 70.250000000000014 91.49468161850001 -0.69930991848440838 -0.81915204428899169 28.894027378859501 62.500000000000007 1.5000000000000002 0.99512551815703276 30.012527826301667
decision_type=10 2 2 10 2 10 2 10 2 2 2 2 10 2 2 2 2 2 2 2 2 2 2 2 2 2 2 2 2 2
left_child=-1 -2 20 21 6 -6 7 -5 9 12 19 -12 -8 14 17 16 -16 18 -14 -11 28 22 -4 -9 25 -7 27 -26 -3 -19
right_child=1 2 3 4 5 24 8 23 -10 10 11 -13 13 -15 15 -17 -18 29 -20 -21 -22 -23 -24 -25 26 -27 -28 -29 -30 -31
leaf_value=0.0066614089414118449 0.0026229063653675287 -0.12712440296315086 -0.2269152620857717 -0.56568200679925773 -0.14326355647776054 0.53979050402382489 1.2105669949875504 1.7097115468287816 1.1660153257732209 -0.30124343695009459 0.91699227283935292 -0.51535918869755493 0.67824112343605458 -0.41407166690002256 1.1088797276399354 -1.4456595533192158 -0.65413391187525638 1.9035966718898099 -0.19736393506396308 -1.7232059383392333 0.52044865326197065 0.26651052163309746 -0.93219409390030616 0.660591343883425 1.5709686958789826 -0.66850723602737372 0.19547999950791503 0.4277481915695327 -0.94690617120872111 0.78424188516922855
leaf_weight=90781 35169 6287 591 52 1745 95 61 69 52 51 74 110 261 162 55 50 57 51 146 50 108 148 107 88 70 104 291 77 59 67
leaf_count=90781 35169 6287 591 52 1745 95 61 69 52 51 74 110 261 162 55 50 57 51 146 50 108 148 107 88 70 104 291 77 59 67
internal_value=5.98703e-05 -0.0128819 -0.0618394 0.0235105 0.0793464 -0.0287365 0.256169 0.70185 0.181472 0.13863 -0.317038 0.0606952 0.281339 0.214574 0.362814 -0.299878 0.211632 0.567302 0.364142 -1.00519 -0.123782 -0.229797 -0.335031 1.12167 0.284999 -0.0916817 0.456139 0.972139 -0.134746 1.26803
internal_weight=137088 46307 11138 4684 3838 2382 1456 209 1247 1195 285 184 910 849 687 162 112 525 407 101 6454 846 698 157 637 199 438 147 6346 118
internal_count=137088 46307 11138 4684 3838 2382 1456 209 1247 1195 285 184 910 849 687 162 112 525 407 101 6454 846 698 157 637 199 438 147 6346 118
is_linear=0
shrinkage=0.05


Tree=171
num_leaves=31
num_cat=0
split_feature=4 6 13 5 11 10 9 14 8 1 3 13 0 12 11 9 13 9 5 10 11 9 2 10 3 1 8 3 9 3
split_gain=4633.64 10330.4 13067.7 21287.2 17048.1 19709 32142.6 29062.9 18223.3 16554.7 16136 20567.2 18883.9 15910.5 14476.9 11758.9 11435.5 24984.1 16327.9 22565.6 12783.4 24134.7 11321.5 10250.2 14485.5 10189.7 11320.8 9368.65 9236.64 9132.33
threshold=0.94375137969426259 2.7560687855741466 -0.65106671239330405 111.10166666666669 155.54379045963285 79.508333333333354 727.50000000000011 3.5000000000000004 39.500000000000007 -0.029333333333331758 118.74333333333335 -0.75894212529897775 113.98 -0.20576496797711577 105.45875114202489 902.50000000000011 -0.1413247892049839 427.50000000000006 106.96666666666668 93.805555555555586 80.262958692632836 592.50000000000011 0.16266666666666665 76.90555555555558 94.183333333333351 0.41333333333333405 132.50000000000003 84.703333333333347 507.50000000000006 146.49000000000004
decision_type=2 2 2 2 2 10 2 2 2 10 2 2 2 2 2 2 2 2 2 8 2 2 8 8 2 10 2 2 2 2
left_child=-1 2 3 22 5 10 8 -8 14 -10 11 12 -5 16 -7 -12 28 23 -19 20 -20 -22 -2 29 -25 26 -26 -24 -4 -18
right_child=1 -3 13 4 -6 6 7 -9 9 -11 15 -13 -14 -15 -16 -17 17 18 19 -21 21 -23 27 24 25 -27 -28 -29 -30 -31
leaf_value=-0.025430350609284204 -0.0404930133057834 -0.0030733931315841878 0.025484398010324479 0.29321855406595182 -0.030543991864710896 -0.33413064110279089 1.9592361866801724 0.37615368250384928 0.51135976769652125 1.3995683672123473 0.12961928447122487 -0.25497404851141525 1.4047769121020228 -0.011688610888346287 0.39299177440561461 -0.4840167206302286 -0.12128642438512549 0.11064895493953442 0.46567377208549288 -0.040640405244952028 0.69562810526625951 1.9552006848522876 0.88655196116218038 0.77357122852866145 0.060130240370985126 0.76905850724413483 0.82073979377746586 0.16319686703112288 -0.42719673495138849 0.48651397738824875
leaf_weight=15780 1672 101500 1235 79 394 100 69 50 61 73 356 61 74 12088 217 100 678 213 107 86 101 61 53 91 1200 58 51 288 124 68
leaf_count=15780 1672 101500 1235 79 394 100 69 50 61 73 356 61 74 12088 217 100 678 213 107 86 101 61 53 91 1200 58 51 288 124 68
internal_value=5.68769e-05 0.00337231 0.0364013 0.121891 0.255969 0.347007 0.563125 1.29408 0.370257 0.859104 0.163145 0.521329 0.830835 0.0171091 0.163616 -0.00495001 0.102576 0.161861 0.456736 0.664388 0.889787 1.16991 0.0130569 0.0838141 0.163582 0.121176 0.0911383 0.275624 -0.0158198 -0.0658837
internal_weight=137088 121308 19808 3647 1634 1240 570 119 451 134 670 214 153 16161 317 456 4073 2714 568 355 269 162 2013 2146 1400 1309 1251 341 1359 746
internal_count=137088 121308 19808 3647 1634 1240 570 119 451 134 670 214 153 16161 317 456 4073 2714 568 355 269 162 2013 2146 1400 1309 1251 341 1359 746
is_linear=0
shrinkage=0.05


Tree=172
num_leaves=31
num_cat=0
split_feature=4 2 10 1 14 12 12 10 11 14 11 5 14 11 11 14 9 9 13 13 10 9 13 6 4 0 2 12 2 13
split_gain=4557.65 4856.28 23226.6 14655.4 14655 18167.4 9379.93 7455.19 7335.73 13706 5984.98 5235 28120.3 14664.2 14561.2 16283.9 12597.8 31815.3 25043.8 20373.7 13029.5 16516.6 14542 13531.5 15601.2 12468.4 11266.7 10316.9 22372.1 11884.6
threshold=1.0000000180025095e-35 -2.3213333333333335 101.81666666666668 -1.1933333333333345 1.5000000000000002 0.21643961393810304 0.35222909080468517 78.97083333333336 142.06520128250133 3.5000000000000004 104.78408625731805 228.3116666666667 5.5000000000000009 62.122620647500007 62.576381797000018 4.5000000000000009 407.50000000000006 682.50000000000011 -0.15212338618991647 -0.70710678118654757 75.904166666666683 127.50000000000001 -0.91959550581536675 26.903303259931374 8.3339983734571579 265.42000000000002 -0.16799999999999946 -0.95688340256707749 0.026666666666666814 -0.91959550581536675
decision_type=2 10 8 10 2 2 2 10 2 2 2 2 2 2 2 2 2 2 2 2 10 2 2 2 2 2 10 2 10 2
left_child=-1 2 4 6 5 -2 -4 -6 9 -9 -11 -3 13 25 15 -15 18 -18 20 -19 -14 23 -23 24 -22 -13 -27 28 -16 -29
right_child=1 11 3 -5 7 -7 -8 8 -10 10 -12 12 16 14 27 -17 17 19 -20 -21 21 22 -24 -25 -26 26 -28 29 -30 -31
leaf_value=-0.31056051727826312 0.17606300301258526 -0.002324631442001538 0.77423124948273536 1.3263558858633042 0.48863350608944894 -0.94432358704945618 -0.010455380406449824 -0.72088122081756589 0.32957692762215934 0.43582214854106732 -0.26261952646352626 -0.43870942815645941 0.4029793240129948 0.23632990819074817 0.14315296970107544 1.294933706190851 1.1616467791646721 -1.0624644402482293 -1.2770994235788073 0.12941811989124827 -0.46894914109771157 -0.62356463106055005 0.39709660047251316 -0.1311985825583086 -1.711857319161296 -0.35121361487484598 0.43737040497362617 -0.036679129342633614 -0.77538421003563895 0.17683273560896218
leaf_weight=118 63 131090 69 50 100 85 85 75 105 71 54 227 64 111 186 54 50 55 70 103 51 57 90 59 50 77 110 854 103 2752
leaf_count=118 63 131090 69 50 100 85 85 75 105 71 54 227 64 111 186 54 50 55 70 103 51 57 90 59 50 77 110 854 103 2752
internal_value=4.73796e-05 0.000314969 0.126605 0.582603 -0.0416108 -0.467402 0.341125 0.113987 -0.00884786 -0.186521 0.134095 -0.000386886 0.0491971 0.0938133 0.122719 0.582782 -0.258373 0.0623888 -0.409662 -0.285478 -0.245994 -0.381285 0.00133 -0.732812 -1.08425 -0.189661 0.112659 0.10323 -0.184215 0.126267
internal_weight=137088 136970 757 204 553 148 154 405 305 200 125 136213 5123 4474 4060 165 649 208 441 158 371 307 147 160 101 414 187 3895 289 3606
internal_count=137088 136970 757 204 553 148 154 405 305 200 125 136213 5123 4474 4060 165 649 208 441 158 371 307 147 160 101 414 187 3895 289 3606
is_linear=0
shrinkage=0.05


Tree=173
num_leaves=31
num_cat=0
split_feature=5 9 13 5 10 11 10 13 13 14 5 6 13 9 10 9 9 10 13 13 0 12 9 12 13 5 10 9 5 2
split_gain=4514.51 13209.2 10605.6 19506.4 14518.9 11384.5 9125.9 9311.97 7691.81 5517.96 29527.8 31987.2 44994.3 23554.6 41949.1 38542.9 25610.6 17717.1 18829.9 19665.2 17695.7 33607.8 39574.2 32868.5 24142.3 18076.9 17372.1 16123.1 14460.4 17450.5
threshold=72.52166666666669 962.50000000000011 -0.63435554093529922 46.57694444444445 92.605555555555569 65.631049773647405 85.441666666666691 -0.42261826174069955 -0.91080963307804841 5.5000000000000009 217.49500000000003 35.076603748463448 -0.95032354012166609 402.50000000000006 83.335416666666688 257.50000000000006 792.50000000000011 90.083333333333343 -0.64278760968653914 -0.93585024503435343 192.86000000000004 -0.40274668985873679 67.500000000000014 0.04361938736533582 0.95032354012166631 208.80166666666668 84.483333333333363 117.50000000000001 228.3116666666667 1.9986666666666675
decision_type=2 2 2 2 8 2 10 2 2 2 2 2 2 2 10 2 2 8 2 2 2 2 2 2 2 2 10 2 2 8
left_child=1 6 3 -3 5 -5 7 -1 -8 28 11 20 -13 15 16 17 -15 18 19 -12 -11 25 -23 24 -24 -22 -25 -21 29 -2
right_child=9 2 -4 4 -6 -7 8 -9 -10 10 13 12 -14 14 -16 -17 -18 -19 -20 27 21 22 23 26 -26 -27 -28 -29 -30 -31
leaf_value=-0.54219025843533653 -0.0041965662499023199 -0.31977573761457134 -0.063326928241537725 -0.2911257740855217 1.1845538630655834 0.75132374676791114 0.48553431183099749 -0.15987740788709928 -0.19588583576810228 0.02175802874949426 -0.65390028393694344 1.9181931350309895 0.22042564248817192 0.32263828588328486 1.3717908219054893 -1.6993680378905052 -0.61873920640080338 -0.84120774490774175 -0.58899332622687017 -0.25323954253661923 -0.32786763133816155 1.4483777466822756 1.8415209115411226 0.23882541861047188 0.39610247868757981 0.5870500010340961 -0.62355412733806692 0.62620958437348584 0.083603189954831611 -0.16954878907123785
leaf_weight=249 110460 79 508 50 70 55 76 442 91 16632 70 53 148 145 54 54 144 121 165 82 278 88 52 329 65 67 71 143 4628 1619
leaf_count=249 110460 79 508 50 70 55 76 442 91 16632 70 53 148 145 54 54 144 121 165 82 278 88 52 329 65 67 71 143 4628 1619
internal_value=4.50107e-05 -0.0829279 0.0685734 0.332374 0.626773 0.254919 -0.217478 -0.297643 0.114222 0.00103725 0.026206 0.0409164 0.668096 -0.241274 0.0925971 -0.421617 -0.146422 -0.302858 -0.161249 0.0779977 0.0337464 0.243631 0.468205 0.301367 1.03851 -0.150188 0.085753 0.305699 -0.0030087 -0.00658511
internal_weight=137088 1620 762 254 175 105 858 691 167 135468 18761 17783 201 978 343 635 289 581 460 295 17582 950 605 517 117 345 400 225 116707 112079
internal_count=137088 1620 762 254 175 105 858 691 167 135468 18761 17783 201 978 343 635 289 581 460 295 17582 950 605 517 117 345 400 225 116707 112079
is_linear=0
shrinkage=0.05


Tree=174
num_leaves=31
num_cat=0
split_feature=1 2 4 12 14 11 11 6 1 5 9 9 4 6 12 4 9 5 4 1 9 8 10 8 13 10 13 11 9 10
split_gain=4562.93 14911.2 22446.9 13378.6 19690.4 14108.5 13696.9 11865.5 10382.4 19022.7 16278.5 11475.7 10773.1 8923.8 8850.47 7802.19 8209.37 7447.95 16045.5 11622.6 10070.1 10450.6 7886.66 7410.45 43374 18636.7 14741 19732.6 17783.7 21845.6
threshold=1.9022222222222231 1.3466666666666673 16.713138144313984 0.93585024503435366 3.5000000000000004 48.424749792000007 61.132361169500015 10.068635669340164 1.3502222222222222 157.70500000000004 277.50000000000006 142.50000000000003 10.679585496439881 31.448249601831254 0.054511258297739541 27.598463403158863 77.500000000000014 153.66833333333335 24.927789040243905 0.85466666666666635 47.500000000000007 92.500000000000014 76.083333333333357 92.500000000000014 -0.96863394805116465 99.316666666666677 -0.95032354012166609 137.90122026205077 57.500000000000007 78.681666666666686
decision_type=10 10 2 2 2 2 2 2 10 2 2 2 2 2 2 2 2 2 2 10 2 2 8 2 2 8 2 2 2 10
left_child=1 15 8 5 -5 -2 14 -8 9 -3 11 -10 -11 -14 -7 -1 -17 20 19 -19 -4 -22 -21 26 -25 -26 27 28 29 -9
right_child=3 2 17 4 -6 6 7 23 10 12 -12 -13 13 -15 -16 16 -18 18 -20 22 21 -23 -24 24 25 -27 -28 -29 -30 -31
leaf_value=0.00026501930426560194 -0.58787109853747566 -0.30020484247114437 -0.74415141098588888 -1.0693124703015202 0.1040936687110383 0.18893094595383716 0.53582563502363922 -0.20912378600665502 0.15181096980779751 0.80636624771135834 0.75974662330746656 -0.63903532483667702 0.27987056814488914 -0.19111662235308846 1.0900623012401842 0.72535445512405472 0.11380496672757967 -0.53650604106175404 -0.8939216865026034 -0.31317853902777038 -0.39639384818561618 0.34099475295658699 0.23383419426324648 1.3346871557115001 0.13436641461970408 1.0819010576959385 0.067002051398219339 0.13436641461970408 -0.074741446744236689 -1.5299048031929514
leaf_weight=130766 78 514 173 64 81 54 133 56 341 54 100 53 210 193 55 70 254 96 65 90 306 57 246 79 287 59 2280 95 108 71
leaf_count=130766 78 514 173 64 81 54 133 56 341 54 100 53 210 193 55 70 254 96 65 90 306 57 246 79 287 59 2280 95 108 71
internal_value=4.27602e-05 -0.00143377 -0.122446 0.056399 -0.413824 0.0767215 0.0925403 0.0735792 0.00341238 -0.0915285 0.190027 0.0454281 0.143175 0.0543109 0.64363 0.000872201 0.24593 -0.300939 -0.161514 -0.0513135 -0.43022 -0.280606 0.0873129 0.0533226 0.246938 0.134366 0.0217953 -0.290542 -0.54641 -0.947513
internal_weight=137088 133588 2498 3500 145 3355 3277 3168 1465 971 494 394 457 403 109 131090 324 1033 497 432 536 363 336 3035 425 346 2610 330 235 127
internal_count=137088 133588 2498 3500 145 3355 3277 3168 1465 971 494 394 457 403 109 131090 324 1033 497 432 536 363 336 3035 425 346 2610 330 235 127
is_linear=0
shrinkage=0.05


Tree=175
num_leaves=31
num_cat=0
split_feature=10 2 13 4 5 3 9 4 0 13 0 12 10 2 0 14 1 5 13 3 6 9 2 8 0 12 10 13 9 11
split_gain=4409.81 14539.7 13669.5 33158.9 33123.2 22973 17641.9 18870.3 15805.9 15956.8 34510.4 21953.4 26641.4 15237.3 19662.1 17968.9 15086.3 14678 23760.2 25320.6 14630.6 14417.9 22844.2 18519.6 15350 19771.9 15343.5 28460.1 15192.1 22458.1
threshold=84.069444444444471 inf -0.9927505997980649 3.4170812756574285 135.80083333333337 104.35500000000003 387.50000000000006 1.6492179963154683 306.10000000000008 -0.75894212529897775 141.90000000000006 0.45201865172701788 60.233333333333341 -0.61999999999999944 154.22000000000003 1.5000000000000002 -0.13333333333333378 90.458888888888893 -0.60003553868615123 153.27000000000004 7.5399827135884392 12.500000000000002 -0.068888888888888042 151.50000000000003 128.82000000000002 0.68355163169896505 75.387500000000017 -0.64278760968653914 57.500000000000007 73.149449222464
decision_type=8 8 2 2 2 2 2 2 2 2 2 2 10 8 2 2 10 2 2 2 2 2 10 2 2 2 10 2 2 2
left_child=1 2 3 4 -1 -5 21 17 9 10 11 12 -9 15 -15 -7 -12 -8 19 -19 -13 22 26 -23 -24 -26 27 -4 -25 -30
right_child=-2 -3 6 5 -6 13 7 8 -10 -11 16 20 -14 14 -16 -17 -18 18 -20 -21 -22 23 24 28 25 -27 -28 -29 29 -31
leaf_value=0.22866400173131707 0.010756380655420797 -0.55067970771796826 1.2715277829036422 -0.4743057339155719 1.223604904057888 -0.21529280862338107 -0.28829921488712706 0.68715518700151612 0.80845089660245284 0.056992240761964685 -0.28590312753165625 0.64608533192139417 -0.25040691344692567 0.1065729682049414 -0.486223468839029 0.45676574553755755 -0.93660799282060259 0.16334762731411612 -0.034965769600299498 1.2369546651335086 -0.019760965690720125 -0.041804712828838596 0.075686622515882124 0.090021431114275199 -0.56792892747019463 0.26837812758455376 0.12654306722580852 0.25973656190925565 0.090021431114275199 0.75150801999713801
leaf_weight=1036 56277 123 98 267 91 142 521 87 68 18802 248 195 587 357 230 332 139 794 12751 59 143 41192 730 323 247 99 557 239 112 242
leaf_count=1036 56277 123 98 267 91 142 521 87 68 18802 248 195 587 357 230 332 139 794 12751 59 143 41192 730 323 247 99 557 239 112 242
internal_value=1.03041e-05 -0.00747329 -0.00664523 0.109529 0.309001 -0.0597514 -0.0102909 0.0165154 0.0474323 0.0448706 -0.11804 0.0355281 -0.129386 0.044571 -0.125698 0.255432 -0.519619 -0.0278495 -0.0178749 0.237606 0.364381 -0.0313218 0.10087 -0.0375416 -0.0543288 -0.328639 0.287664 0.553967 0.221848 0.464886
internal_weight=137088 80811 80688 2455 1127 1328 78233 34394 20269 20201 1399 1012 674 1061 587 474 387 14125 13604 853 338 43839 1970 41869 1076 346 894 337 677 354
internal_count=137088 80811 80688 2455 1127 1328 78233 34394 20269 20201 1399 1012 674 1061 587 474 387 14125 13604 853 338 43839 1970 41869 1076 346 894 337 677 354
is_linear=0
shrinkage=0.05


Tree=176
num_leaves=31
num_cat=0
split_feature=1 2 11 13 12 14 2 12 4 1 4 1 2 4 1 9 6 13 2 14 12 12 5 12 3 14 10 0 10 6
split_gain=4452.34 17806.4 17509.4 14111.3 17245.4 21197.4 16322.5 14976.8 13887.2 21630.7 16749.9 22215.8 20863.3 18719.1 22340.2 18090.6 15761.1 15548.5 15486.5 14230.1 29024.2 23539.7 36951.9 18156.2 19404.1 18913.5 19877.1 18657.5 14722.2 14148.5
threshold=0.38399999999999995 0.24666666666666712 177.20532494592166 0.50938662908026078 -0.03271713619994817 3.5000000000000004 0.80000000000000038 0.97381903846659756 6.3015003479382594 0.96488888888888869 16.191534412894409 2.0146666666666664 0.62244444444444402 9.9848057851164498 1.3040000000000018 47.500000000000007 22.27295887039104 -0.96863394805116465 0.88666666666666683 5.5000000000000009 -0.36243803828370141 0.010907442517280623 167.19833333333338 0.83743052905771564 194.77333333333337 2.5000000000000004 96.116666666666688 159.41333333333338 100.07222222222224 30.012527826301667
decision_type=10 10 2 2 2 2 10 2 2 10 2 10 10 2 10 2 2 2 10 2 2 2 2 2 2 2 10 2 10 2
left_child=1 -1 8 4 5 -4 -5 -6 29 -10 12 15 16 -14 17 -12 -11 -15 -16 23 -21 -22 -23 25 -25 27 -27 -13 -29 -2
right_child=2 -3 3 6 7 -7 -8 -9 9 10 11 19 13 14 18 -17 -18 -19 -20 20 21 22 -24 24 -26 26 -28 28 -30 -31
leaf_value=0.0020516705668610614 0.074980147982887588 -0.066110245945810733 -0.082737311602131769 -0.13995065729716633 -0.23031553363725177 0.2448612731843833 -0.71207396408846213 0.36908471444458296 -0.090500690696477981 -0.089106230178440798 -0.60767951579544488 -0.24280069935384221 0.31422783943956428 -0.77917511627078062 -0.10368125889728839 -0.121455344339352 0.52538523699517725 -0.053029334779205919 0.22789550813100812 -0.31853388643178804 1.5704798499743144 -0.51025655086223898 1.1086828944938523 -0.84527939993364754 0.31751676476469232 -0.20537075249767855 0.7880305187569725 0.37873457167971963 -0.48760901364796566 0.91819509518379361
leaf_weight=98495 9865 10614 1194 453 1214 842 172 114 4363 1742 254 191 1221 80 428 775 111 939 1987 104 57 65 77 121 51 746 54 656 53 50
leaf_count=98495 9865 10614 1194 453 1214 842 172 114 4363 1742 254 191 1221 80 428 775 111 939 1987 104 57 65 77 121 51 746 54 656 53 50
internal_value=-1.6046e-05 -0.00457904 0.0177782 -0.0792221 -0.0386868 0.052743 -0.297399 -0.178861 0.0339071 0.0019782 0.0435232 -0.0500604 0.0895961 0.146079 0.0862913 -0.241476 -0.0522964 -0.110038 0.169132 0.0404989 0.358389 0.712157 0.367619 -0.0109544 -0.500497 0.0385757 -0.138316 0.195813 0.313973 0.0792324
internal_weight=137088 109109 27979 3989 3364 2036 625 1328 23990 14075 9712 3204 6508 4655 3434 1029 1853 1019 2415 2175 303 199 142 1872 172 1700 800 900 709 9915
internal_count=137088 109109 27979 3989 3364 2036 625 1328 23990 14075 9712 3204 6508 4655 3434 1029 1853 1019 2415 2175 303 199 142 1872 172 1700 800 900 709 9915
is_linear=0
shrinkage=0.05


Tree=177
num_leaves=31
num_cat=0
split_feature=1 2 12 9 11 10 3 11 14 12 13 11 9 10 9 5 9 14 11 6 5 14 10 12 5 6 14 0 4 5
split_gain=4262.11 12139.1 13367 28877.4 17759.8 35437.9 37092.6 32403.9 27130.4 21698 48988.8 17272.8 22634.8 20262.7 24714.8 18361.5 47583.6 33821.3 30322.6 28821.9 48758.6 28096.8 31466.1 26619.1 23760.9 20504.2 19311.1 18377.1 14951.1 25241.4
threshold=1.0000000180025095e-35 0.013333333333333761 0.51877325816052167 802.50000000000011 178.95372528020729 72.372222222222248 128.12333333333336 75.808374226093363 1.5000000000000002 0.94331137514050722 -0.54643492068321275 64.708682477474369 62.500000000000007 1.0000000180025095e-35 102.50000000000001 159.64833333333337 77.500000000000014 5.5000000000000009 79.363079184500023 24.584547743377705 217.49500000000003 3.5000000000000004 92.605555555555569 0.91080963307804874 183.40333333333336 26.042071671867902 2.5000000000000004 245.82000000000002 7.378261761550859 161.6816666666667
decision_type=10 10 2 2 2 10 2 2 2 2 2 2 2 10 2 2 2 2 2 2 2 2 10 2 2 2 2 2 2 2
left_child=-1 -2 -3 11 5 28 -7 -8 -9 10 -10 12 -4 14 -13 25 17 19 -18 21 26 22 -17 -20 -23 -15 27 -21 -5 -30
right_child=1 2 3 4 -6 6 7 8 9 -11 -12 13 -14 15 -16 16 18 -19 23 20 -22 24 -24 -25 -26 -27 -28 -29 29 -31
leaf_value=-0.0083171662255637629 0.048385025681914273 0.015587404961050766 0.58511906486449827 0.061566756710438431 -0.35217978990964455 0.019504583589835842 0.15836328587361748 0.20214281630516054 0.87108987386143488 0.55333147169739916 2.7148494862741042 -1.1851076602175528 -0.021259047878726331 -0.13142116459293182 -0.075893600972242736 -0.26577476496747932 0.18449747183058463 1.1012051297469181 -0.79407523359424881 -0.68483509191057901 0.58965702729299663 0.44146966998066217 0.97402940523109316 0.18164511632336222 1.9046148820356892 -0.71391597210880253 -0.99170591341236891 0.41114335993402884 -0.72724084878921702 0.34661377659511
leaf_weight=72659 15212 32953 159 2234 216 361 175 75 86 66 62 98 4795 5969 103 139 213 111 291 77 160 56 81 92 55 155 118 76 157 84
leaf_count=72659 15212 32953 159 2234 216 361 175 75 86 66 62 98 4795 5969 103 139 213 111 291 77 160 56 81 92 55 155 118 76 157 84
internal_value=-1.52438e-05 0.00934715 -0.00271869 -0.0398092 0.0870528 0.115803 0.3996 0.69532 1.02047 1.30726 1.64348 -0.0747988 -0.00179717 -0.1212 -0.616704 -0.108083 0.0506708 0.285798 -0.293736 0.167019 -0.102463 0.517915 0.190699 -0.559699 1.16645 -0.146164 -0.511095 -0.140427 0.0212036 -0.352951
internal_weight=137088 64429 49217 16264 3516 3300 825 464 289 214 148 12748 4954 7794 201 7593 1469 873 596 762 431 331 220 383 111 6124 271 153 2475 241
internal_count=137088 64429 49217 16264 3516 3300 825 464 289 214 148 12748 4954 7794 201 7593 1469 873 596 762 431 331 220 383 111 6124 271 153 2475 241
is_linear=0
shrinkage=0.05


Tree=178
num_leaves=31
num_cat=0
split_feature=5 11 11 0 12 10 5 0 13 1 9 1 6 3 9 11 9 14 14 8 5 9 14 13 14 11 1 12 11 11
split_gain=4141.46 12407.2 22026 31338.6 16492.4 20751.3 13905.4 13737.3 10715.6 22932.3 16389.5 14886.6 14830.5 17829.8 24300.4 32846.3 24595.7 20026.7 26955 14570.6 30418.5 22009.8 13650.5 13608.4 21642.1 20237.6 20551.9 13405.4 17125 12808.9
threshold=121.77166666666668 49.308840209500012 49.524075308504813 132.82000000000002 0.032717136199948427 59.97708333333334 208.80166666666668 135.82000000000002 -0.82531082829576841 -0.46666666666666617 1162.5000000000002 3.0226666666666655 8.9840663668876264 111.37666666666668 32.500000000000007 185.06357079700001 297.50000000000006 4.5000000000000009 2.5000000000000004 40.250000000000007 86.273333333333341 177.50000000000003 1.0000000180025095e-35 -0.46174861323503363 3.5000000000000004 42.245221053000009 0.65866666666666696 0.4126824757997184 168.70622998100001 76.917759348139825
decision_type=2 2 2 2 2 10 2 2 2 10 2 10 2 2 2 2 2 2 2 2 2 2 2 2 2 2 8 2 2 2
left_child=8 4 3 -3 -2 -6 -5 -7 9 -1 -10 12 13 19 15 17 -16 18 22 21 -21 -11 -15 24 25 26 -12 28 -18 -27
right_child=1 2 -4 6 5 7 -8 -9 10 11 23 -13 -14 14 16 -17 27 -19 -20 20 -22 -23 -24 -25 -26 29 -28 -29 -30 -31
leaf_value=-0.15404022424774225 -0.25838383561217632 1.1793169992271719 0.0075353413185687314 0.22177593800518772 0.089899096132423362 -0.082312409570377817 -0.44216495358395846 -0.76154728716080511 -0.032218648344976349 -0.15656448439779894 0.44497999499708546 0.71101632839025453 -0.053618858188009468 1.2685844219393201 -0.0022573462806400571 -0.57894493832307703 0.11425813337482899 0.19347464893993579 1.8593370914459229 0.78124378138276007 0.10122841934527878 0.073376777933457454 0.23972819902002815 0.024129897353645319 0.002168533327889115 1.2446187032772615 -0.66623131857783191 0.97390550929729069 0.90376558038923482 0.28080803549289701
leaf_weight=1481 1011 82 79179 843 1264 176 87 129 38508 1480 226 86 2589 54 1049 51 290 95 71 189 1040 3506 80 2691 437 111 51 92 90 50
leaf_count=1481 1011 82 79179 843 1264 176 87 129 38508 1480 226 86 2589 54 1049 51 290 95 71 189 1040 3506 80 2691 437 111 51 92 90 50
internal_value=-1.44816e-05 0.00702557 0.0104979 0.242285 -0.100899 0.000577357 0.159665 -0.369595 -0.0107425 0.0304268 -0.0227222 0.055812 0.050534 0.0838779 0.219153 0.594156 0.132613 0.793583 1.07168 0.0431322 0.197334 0.00512305 0.654342 0.0798267 0.251118 0.499499 0.240389 0.432358 0.301247 0.945299
internal_weight=137088 82771 80191 1012 2580 1569 930 305 54317 12243 42074 10762 10676 8087 1872 351 1521 300 205 6215 1229 4986 134 3566 875 438 277 472 380 161
internal_count=137088 82771 80191 1012 2580 1569 930 305 54317 12243 42074 10762 10676 8087 1872 351 1521 300 205 6215 1229 4986 134 3566 875 438 277 472 380 161
is_linear=0
shrinkage=0.05


Tree=179
num_leaves=31
num_cat=0
split_feature=5 6 9 11 10 13 12 1 10 14 5 6 13 9 10 9 9 10 13 13 11 9 0 12 9 12 11 5 10 13
split_gain=4234.83 12457.6 8822.75 11089 11047.8 9911.04 8694.3 8076.3 5356.27 4724.35 27766.4 27431.9 39945.1 21082 36141.4 34291.2 22920.8 16057.9 17655.8 17755 15610.3 19580.2 14989.5 29323.4 33389.4 29409.7 22602.2 16283.5 15689.9 13862.6
threshold=72.52166666666669 18.153278024367072 962.50000000000011 64.104761061000019 85.612500000000026 -0.90159026428466893 -0.14132478920498429 0.33333333333333387 94.058333333333351 5.5000000000000009 217.49500000000003 35.076603748463448 -0.94331137514050678 402.50000000000006 83.335416666666688 257.50000000000006 792.50000000000011 90.083333333333343 -0.64278760968653914 -0.93585024503435343 80.635891258716612 132.50000000000003 192.86000000000004 -0.40274668985873679 67.500000000000014 0.04361938736533582 73.758240056500014 208.80166666666668 85.612500000000026 0.75894212529897775
decision_type=2 2 2 2 10 2 2 10 10 2 2 2 2 2 10 2 2 8 2 2 2 2 2 2 2 2 2 2 10 2
left_child=1 2 4 7 5 -1 8 -4 -6 -2 11 22 -13 15 16 17 29 18 19 -12 -21 -22 -11 27 -25 26 -26 -24 -27 -15
right_child=9 -3 3 -5 6 -7 -8 -9 -10 10 13 12 -14 14 -16 -17 -18 -19 -20 20 21 -23 23 24 25 28 -28 -29 -30 -31
leaf_value=-0.71624834227561962 -0.002800255121021048 -0.82704864254704236 -0.040468263307506545 0.67826442700975087 0.84097814667224891 -0.17593084677004667 -0.33539200091361998 0.61374635430527669 0.13193789701582045 0.020823427006362024 -0.62270472482911188 1.739638519391679 0.17583802061336529 0.94671728411373113 1.2680609931548439 -1.6109798914442461 -0.58796872018008595 -0.80626708730932117 -0.57312388450810403 1.0393553147900778 -0.55600543730967755 0.52148681702662492 -0.31146962717778504 1.3351273331283169 0.24098398788408801 0.21299303471047201 1.633374784838769 0.55687875302869883 -0.64666252150422054 -0.068464650476918285
leaf_weight=100 116707 54 629 68 50 561 50 51 57 16632 70 57 144 53 54 54 144 121 165 53 74 98 278 88 55 337 62 67 63 92
leaf_count=100 116707 54 629 68 50 561 50 51 57 16632 70 57 144 53 54 54 144 121 165 53 74 98 278 88 55 337 62 67 63 92
internal_value=-1.75541e-05 -0.0803793 -0.054632 0.0694766 -0.16812 -0.257673 0.208916 0.00859783 0.463265 0.000943455 0.024232 0.0384969 0.619304 -0.235147 0.0807145 -0.405762 -0.141143 -0.293745 -0.15893 0.0727383 0.289098 0.0579146 0.0318571 0.225027 0.434799 0.281552 0.978832 -0.142834 0.0775973 0.302602
internal_weight=137088 1620 1566 748 818 661 157 680 107 135468 18761 17783 201 978 343 635 289 581 460 295 225 172 17582 950 605 517 117 345 400 145
internal_count=137088 1620 1566 748 818 661 157 680 107 135468 18761 17783 201 978 343 635 289 581 460 295 225 172 17582 950 605 517 117 345 400 145
is_linear=0
shrinkage=0.05


Tree=180
num_leaves=31
num_cat=0
split_feature=9 13 8 10 11 3 11 13 10 0 9 6 11 2 14 9 12 5 6 8 10 0 1 10 3 5 10 3 13 0
split_gain=4095.25 12369.3 18760.3 16994 15672.4 14788.1 14055.5 11514.4 14739.7 14416.8 12705.4 21607 15668.3 14659.5 16646.6 11426.2 18882.6 18137.5 38432.5 20234.2 19736.2 21158.6 17544.9 16569.9 18213.7 19192.3 17504.2 23732.6 26291.9 22343.5
threshold=202.50000000000003 0.94331137514050722 219.00000000000003 70.670833333333348 77.831459432840461 182.30000000000004 67.463221374017067 0.93585024503435366 93.070833333333354 202.30000000000004 497.50000000000006 14.4399515232636 85.259559940500012 0.85466666666666768 2.5000000000000004 87.500000000000014 -0.22706275313213778 160.3016666666667 11.130736859160267 72.500000000000014 99.683333333333351 306.10000000000008 1.4013333333333338 87.941666666666677 203.91666666666669 200.00166666666669 77.535000000000011 239.47000000000006 -0.1413247892049839 219.78000000000003
decision_type=2 2 2 10 2 2 2 2 8 2 2 2 2 10 2 2 2 2 2 2 8 2 10 8 2 2 10 2 2 2
left_child=1 15 3 5 -5 6 -3 -2 9 -9 13 12 -12 14 -11 -1 22 -18 20 -20 21 -19 23 24 -17 -26 27 -27 -29 -28
right_child=7 2 -4 4 -6 -7 -8 8 -10 10 11 -13 -14 -15 -16 16 17 18 19 -21 -22 -23 -24 -25 25 26 29 28 -30 -31
leaf_value=0.0075672883842490676 0.014782872629885747 -0.15836569740537942 0.83657589684007694 0.36145486176596914 0.058594200865999591 -0.45987081391643736 0.15860226409500439 -0.0307095248380116 -0.15604489942008301 -0.064081183644299655 0.0037986600741259455 -0.72679291442474903 0.93046243687193586 1.1668068829275595 0.58599574836716062 -0.059732987089124681 -0.04328110388315725 -0.66158459040705586 -0.11226851846133207 0.61392216283082968 -0.030697696190327407 0.19766845145262779 -0.27399970094548237 0.064098561667305945 0.99470059559895452 0.15086226885979798 -0.1638032689046367 0.09289127981201524 -1.1243796913547719 0.63400457637653462
leaf_weight=24882 70116 701 80 655 1228 200 698 8892 2176 194 246 85 56 51 200 9461 5752 686 2353 100 216 80 603 6367 65 376 133 84 94 258
leaf_count=24882 70116 701 80 655 1228 200 698 8892 2176 194 246 85 56 51 200 9461 5752 686 2353 100 216 80 603 6367 65 376 133 84 94 258
internal_value=-1.66763e-05 -0.0105628 0.0795476 0.0621546 0.163944 -0.0577137 -0.000221568 0.00706485 -0.0384105 -0.0120868 0.186944 -0.0225763 0.17563 0.369156 0.265907 -0.0167941 -0.0395582 -0.0975719 -0.188483 -0.0826643 -0.452815 -0.571845 -0.00899959 0.000490559 -0.0381869 0.163642 0.106479 -0.0743044 -0.549937 0.362627
internal_weight=137088 55072 3562 3482 1883 1599 1399 82016 11900 9724 832 387 302 445 394 51510 26628 9187 3435 2453 982 766 17441 16838 10471 1010 945 554 178 391
internal_count=137088 55072 3562 3482 1883 1599 1399 82016 11900 9724 832 387 302 445 394 51510 26628 9187 3435 2453 982 766 17441 16838 10471 1010 945 554 178 391
is_linear=0
shrinkage=0.05


Tree=181
num_leaves=31
num_cat=0
split_feature=2 1 10 2 4 9 3 6 10 12 10 14 0 2 8 13 11 0 6 3 12 9 11 3 9 9 12 10 9 14
split_gain=4239.07 17576.3 11568.3 21559.4 11307 9509.03 8991.1 8504 15215.2 14144.2 35822.6 21407.5 21421.2 13599.6 13380.8 15797.8 16843.4 17392.7 12001.3 11415.6 11481.3 21537.8 15869.9 16207.4 15315.2 15573.4 16818.8 16277.7 22610.6 30430.2
threshold=-0.77266666666666672 -0.7200000000000002 56.83611111111113 -1.2533333333333327 8.3339983734571579 947.50000000000011 134.30333333333337 20.348372427306945 63.20277777777779 -0.9927505997980649 72.547916666666694 4.5000000000000009 191.58000000000001 1.8666666666666667 105.50000000000001 -0.81915204428899169 55.338498950004656 112.81333333333335 25.301081297335561 327.43333333333339 0.13052619222005182 27.500000000000004 66.655650735736614 161.90333333333336 907.50000000000011 37.500000000000007 -0.92794370089704248 81.170833333333348 212.50000000000003 5.5000000000000009
decision_type=10 10 10 10 2 2 2 2 10 2 10 2 2 10 2 2 2 2 2 2 2 2 2 2 2 2 2 10 2 2
left_child=1 4 3 -3 -1 -4 -7 13 14 10 -10 12 -12 -2 15 -9 -17 -18 -19 20 24 -22 23 -23 25 26 -11 28 29 -27
right_child=7 2 5 -5 -6 6 -8 8 9 19 11 -13 -14 -15 -16 16 17 18 -20 -21 21 22 -24 -25 -26 27 -28 -29 -30 -31
leaf_value=-0.18988538854170339 2.3136025789067276e-05 1.1635905672808489 0.12844094816995585 0.18892598121303092 0.01139621106913429 0.011578818281373846 -0.73042062536355057 0.10527487896821078 0.7767212782122872 -1.102797798243436 -0.76681070415058528 -1.3444811610454643 0.43047463377316797 0.53257616994009982 0.54360776286572221 -0.038742948321634857 0.12240758783812407 -0.42891924733711034 -0.98651550939895327 0.39269505639797486 0.76272706415342251 -0.17456326330009897 -0.16884115690720347 0.82021463606506595 -0.67002827819240718 -0.30444955212151403 -0.11657052757402903 0.16969102622062945 0.29648132037306046 0.39094807807279314
leaf_weight=764 117917 75 2357 233 8042 116 63 187 55 55 99 74 60 120 50 201 50 193 193 169 69 79 2199 85 76 832 202 1937 342 194
leaf_count=764 117917 75 2357 233 8042 116 63 187 55 55 99 74 60 120 50 201 50 193 193 169 69 79 2199 85 76 832 202 1937 342 194
internal_value=-1.58426e-05 0.0288349 0.136903 0.426263 -0.00606678 0.101759 -0.249572 -0.00269535 -0.0546867 -0.0284528 -0.371034 -0.641963 -0.315005 0.000564546 -0.2506 -0.298793 -0.417412 -0.591982 -0.707717 -0.0126388 -0.0239241 -0.108029 -0.133455 0.341023 0.0322998 0.0472849 -0.327631 0.0764387 -0.0556005 -0.172961
internal_weight=137088 11650 2844 308 8806 2536 179 125438 7401 6527 288 233 159 118037 874 824 637 436 386 6239 6070 2432 2363 164 3638 3562 257 3305 1368 1026
internal_count=137088 11650 2844 308 8806 2536 179 125438 7401 6527 288 233 159 118037 874 824 637 436 386 6239 6070 2432 2363 164 3638 3562 257 3305 1368 1026
is_linear=0
shrinkage=0.05


Tree=182
num_leaves=31
num_cat=0
split_feature=5 2 1 12 11 12 14 8 14 11 5 1 11 3 5 11 12 9 9 0 0 5 10 14 9 8 4 11 12 13
split_gain=4072.03 6071.51 6372.65 8084.65 10904.4 22404.9 17477.1 29549.1 27832.3 34626.7 16267.6 15040.6 14213.1 12795.3 11319.2 9257.1 12078.4 15582.3 8539.41 11632.5 9194.8 9015.05 8243.69 11982.4 20266.4 16556 11591.9 10482.1 10067.6 9755.47
threshold=101.66833333333335 -1.9599999999999997 -0.10666666666666651 0.032717136199948427 73.758240056500014 -0.97381903846659723 2.5000000000000004 53.500000000000007 3.5000000000000004 113.95802581310269 89.50277777777778 0.39200000000000118 74.845978902000027 78.896666666666675 84.654444444444451 56.995561657668084 -0.31107263240371763 77.500000000000014 67.500000000000014 96.820000000000007 120.78000000000002 89.50277777777778 79.841666666666683 1.0000000180025095e-35 282.50000000000006 91.500000000000014 16.191534412894409 116.88900124550294 -0.89194178735545504 0.79989897227935869
decision_type=2 10 10 2 2 2 2 2 2 2 2 10 2 2 2 2 2 2 2 2 2 2 8 2 2 2 2 2 2 2
left_child=1 -1 -3 4 5 11 12 10 9 -9 13 -4 -6 -8 -10 -7 -17 -18 19 -5 21 -20 23 -14 25 -25 28 -26 -24 -30
right_child=-2 2 3 18 6 15 7 8 14 -11 -12 -13 22 -15 -16 16 17 -19 20 -21 -22 -23 26 24 27 -27 -28 -29 29 -31
leaf_value=0.39353778756212915 0.0032082484489681326 -0.075888447665277567 0.15760390963639878 0.12549627568986682 0.74958023449830846 -0.035136926276324205 -0.12305595206908691 1.9172980447313681 0.88597955838418929 0.32148166951062024 -0.0087599653042320039 1.1614969819199805 -0.23084454253225381 0.28330070044028061 0.28330070044028061 -0.13116230881152055 -1.3435003233213838 -0.3590008071581649 -0.10758484007715041 -0.43058472620022875 -0.70783830323815344 0.03023581604513877 -0.27922626056213012 -0.12838707980176145 0.40185437651911404 0.82384758288708504 -0.76201839442505992 1.248612353950739 0.045263455179356149 -0.46590632263467041
leaf_weight=87 120292 4528 139 135 57 784 195 67 78 69 1608 51 216 377 302 420 52 177 2013 310 50 2890 470 329 123 53 66 52 995 103
leaf_count=87 120292 4528 139 135 57 784 195 67 78 69 1608 51 216 377 302 420 52 177 2013 310 50 2890 470 329 123 53 66 52 995 103
internal_value=-1.17845e-05 -0.0230735 -0.0252427 -0.00641631 0.029922 -0.0831161 0.0654764 0.153448 0.493688 1.10766 0.0729138 0.42707 -0.0307778 0.283301 0.283301 -0.150761 -0.290437 -0.582555 -0.0520782 -0.261886 -0.0332281 -0.0263485 -0.0492575 0.0852757 0.207864 0.00372925 -0.112901 0.653462 -0.0855788 -0.00268781
internal_weight=137088 16796 16709 12181 6783 1623 5160 2696 516 136 2180 190 2464 572 380 1433 649 229 5398 445 4953 4903 2407 773 557 382 1634 175 1568 1098
internal_count=137088 16796 16709 12181 6783 1623 5160 2696 516 136 2180 190 2464 572 380 1433 649 229 5398 445 4953 4903 2407 773 557 382 1634 175 1568 1098
is_linear=0
shrinkage=0.05


Tree=183
num_leaves=31
num_cat=0
split_feature=2 1 11 10 10 12 4 13 5 1 12 10 11 9 12 12 5 6 1 12 9 14 9 13 5 9 12 12 4 13
split_gain=4027.69 12929.5 14620.5 24963.5 19560.8 21066.8 20461.7 18932.6 18639.5 24827 17237.3 16819.1 15984 23182.3 52667.4 43597.5 35086.2 29565.4 21534.4 17675.1 32035.1 30625.5 44075.9 61551 32628.3 27395.2 29392.2 27174.6 51547 24795.6
threshold=0.10844444444444436 0.30666666666666659 159.63465119039344 83.470833333333346 75.387500000000017 -0.96863394805116465 10.317225725082693 0.54643492068321298 187.57833333333338 1.4613333333333332 -0.98990318592078552 70.479166666666686 78.313761562500019 162.50000000000003 1.0000000180025095e-35 -0.97381903846659723 120.40000000000002 26.042071671867902 0.96488888888888869 -0.043619387365335778 777.50000000000011 5.5000000000000009 67.500000000000014 -0.77296446310592981 149.23166666666671 572.50000000000011 -0.49049438445969368 -0.98990318592078552 12.142347933034126 0.032717136199948357
decision_type=10 10 2 8 10 2 2 2 2 10 2 10 2 2 2 2 2 2 10 2 2 2 2 2 2 2 2 2 2 2
left_child=-1 -2 4 -4 5 8 -7 -5 9 11 -11 -3 13 14 -6 -15 -16 18 -18 20 25 -21 23 -23 -25 27 -27 28 -14 -30
right_child=1 2 3 7 12 6 -8 -9 -10 10 -12 -13 19 15 16 -17 17 -19 -20 21 -22 22 -24 24 -26 26 -28 -29 29 -31
leaf_value=0.0061242944784813437 -0.043089405102720107 0.34256791188917335 -0.31685097382116878 0.022712777370070117 0.11036408577942186 -0.00017229458540833807 -0.17210273281935665 -0.29608873925416879 -0.56453920751810072 1.3840607301491064 0.23360289814019644 -0.3340016088315419 0.0091368375232175024 1.3172019601441347 -0.15278154426607593 -0.014380760745033493 0.93024967356639765 0.38214149727589558 2.1063925630586979 -0.1156227376561358 -0.73397055458405935 -0.27656888778393091 -0.12635310392582003 0.71183201426073262 2.2494817093230677 1.0356661722688905 -0.14932283671879318 0.1186310888555884 -1.593883675068146 -0.19663705131411555
leaf_weight=90781 19416 339 829 3737 540 6636 2341 532 64 82 54 126 507 65 58 1132 68 72 91 2750 116 78 253 69 69 155 79 5912 87 50
leaf_count=90781 19416 339 829 3737 540 6636 2341 532 64 82 54 126 507 65 58 1132 68 72 91 2750 116 78 253 69 69 155 79 5912 87 50
internal_value=3.27282e-06 -0.0119965 0.0104534 -0.0657731 0.028285 -0.0248924 -0.0450079 -0.0170161 0.246652 0.333035 0.927261 0.159239 0.070482 0.198681 0.401916 0.0579274 0.946684 1.22274 1.60339 0.0448296 0.0899321 -0.0519328 0.321516 0.846103 1.48066 0.104008 0.635606 0.0850335 -0.223397 -1.08394
internal_weight=137088 46307 26891 5098 21793 9642 8977 4269 665 601 136 465 12151 2026 829 1197 289 231 159 10125 6906 3219 469 216 138 6790 234 6556 644 137
internal_count=137088 46307 26891 5098 21793 9642 8977 4269 665 601 136 465 12151 2026 829 1197 289 231 159 10125 6906 3219 469 216 138 6790 234 6556 644 137
is_linear=0
shrinkage=0.05


Tree=184
num_leaves=31
num_cat=0
split_feature=4 6 13 3 11 11 14 10 9 9 12 12 8 13 9 5 10 0 2 9 5 12 9 10 1 10 3 9 11 8
split_gain=3874.8 9046.31 10694.9 19068.5 27566.3 14788 14687.4 22730.3 16111.3 23606 15813.9 14429.2 10585.5 10194.9 22521.3 14594.3 20307.2 11644.9 14673.3 9819.1 9785.82 11791.3 10227.8 10792.3 9729.08 8980.62 12886 9241.95 19663.1 8928.29
threshold=0.94375137969426259 2.7560687855741466 -0.65106671239330405 150.77000000000004 125.72013909050001 134.06891977787004 3.5000000000000004 82.941666666666677 937.50000000000011 802.50000000000011 0.31107263240371752 -0.20576496797711577 0.7350000000000001 -0.1413247892049839 427.50000000000006 106.96666666666668 93.805555555555586 158.82000000000002 -0.020000000000000163 337.50000000000006 131.67833333333337 0.18436924984152928 187.50000000000003 79.741666666666688 0.30666666666666659 76.90555555555558 94.183333333333351 97.500000000000014 93.262063682079287 40.250000000000007
decision_type=2 2 2 2 2 2 2 8 2 2 2 2 2 2 2 2 8 2 10 2 2 2 2 10 10 8 2 2 2 2
left_child=-1 2 3 5 12 6 7 8 9 -2 19 13 -5 -4 25 -16 17 18 -17 29 21 22 -7 -24 -8 -15 -27 28 -28 -9
right_child=1 -3 11 4 -6 20 24 10 -10 -11 -12 -13 -14 14 15 16 -18 -19 -20 -21 -22 -23 23 -25 -26 26 27 -29 -30 -31
leaf_value=-0.023303866158726823 0.087039499373676207 -0.002996890190059177 -0.013907748372914206 -0.078910048799013199 1.560906626312238 -0.15427228267087156 -0.047569476293198243 0.044551868895801268 -0.5399275646960161 0.98262731322929975 0.99315933627741682 -0.010934322963447717 0.77963355748276975 -0.060363500052938196 0.10662289393610461 0.70065438744791775 -0.038675404045470929 0.33831721714697782 1.6011513324578606 0.97465789203460407 0.42828981522286291 -0.32734185011178574 0.67540195856368945 0.060162777233447401 0.45858704646428428 0.72974878772274476 0.96717372384336253 0.028667526585110403 0.12287800899249013 0.7838374883077055
leaf_weight=15780 593 101500 1359 97 53 454 785 178 83 84 147 12088 57 746 213 114 86 80 75 52 101 355 89 358 108 91 90 924 295 53
leaf_count=15780 593 101500 1359 97 53 454 785 178 83 84 147 12088 57 746 213 114 86 80 75 52 101 355 89 358 108 91 90 924 295 53
internal_value=3.10911e-06 0.00303493 0.0339431 0.111283 0.577357 0.0832375 0.166912 0.281926 0.117554 0.198161 0.572442 0.01649 0.238863 0.0978811 0.153858 0.433822 0.630142 0.843964 1.05799 0.353908 -0.0452024 -0.0832778 0.0128851 0.18266 0.0136454 0.0797574 0.154422 0.114426 0.320246 0.214172
internal_weight=137088 121308 19808 3647 207 3440 2083 1190 760 677 430 16161 154 4073 2714 568 355 269 189 283 1357 1256 901 447 893 2146 1400 1309 385 231
internal_count=137088 121308 19808 3647 207 3440 2083 1190 760 677 430 16161 154 4073 2714 568 355 269 189 283 1357 1256 901 447 893 2146 1400 1309 385 231
is_linear=0
shrinkage=0.05


Tree=185
num_leaves=31
num_cat=0
split_feature=9 1 5 14 5 3 9 9 1 14 11 13 1 12 13 9 9 9 10 11 4 13 10 9 9 0 5 2 0 4
split_gain=3887.48 11495.9 18151.6 26603.4 18630.8 29223.8 16087.2 11363.1 11078.6 18602.8 13006.8 14595.8 11198.6 13610.2 20170.7 37112.4 33098.4 17661.8 36136.3 13528.1 13062.1 12954.4 31763 35086.1 36129.8 25977.5 24066.9 14458.4 11763.6 29206.1
threshold=177.50000000000003 3.0226666666666655 115.89722222222224 1.0000000180025095e-35 189.04833333333335 179.87000000000003 37.500000000000007 42.500000000000007 3.0226666666666655 4.5000000000000009 89.826647907495598 -0.64278760968653914 0.73911111111111161 -0.79335334029123528 0.010907442517280267 487.50000000000006 342.50000000000006 212.50000000000003 82.408333333333346 123.97882544994347 13.823875948348144 -0.98658463173998423 68.516666666666694 407.50000000000006 322.50000000000006 143.90000000000006 145.37500000000003 0.2760000000000003 169.05333333333337 5.8593583266387803
decision_type=2 10 2 2 2 2 2 2 8 2 2 2 10 2 2 2 2 2 10 2 2 2 8 2 2 2 2 10 2 2
left_child=1 -1 -3 -4 5 6 -5 -6 12 10 11 -10 21 14 15 20 17 -16 -19 -17 -14 22 26 24 27 -26 -2 -24 29 -25
right_child=8 2 3 4 7 -7 -8 -9 9 -11 -12 -13 13 -15 16 19 -18 18 -20 -21 -22 -23 23 28 25 -27 -28 -29 -30 -31
leaf_value=-0.014222146346639165 0.38664894430001956 0.92849230313220543 0.88980762988895834 -0.26424138845875861 0.94356895716144484 -0.86388032050693742 0.49110830144749751 0.071869555606760768 -0.72404223366450238 0.3690585287809372 -1.243190001973919 0.25703320577740668 -0.01397880588238146 0.027459656128899525 0.16970330814012524 1.2577349849045278 0.16437660372424601 1.988916569803324 0.52883906420501114 0.1871616238579154 -0.55921350137505221 -0.0015256319034785753 0.13431983483158336 -0.11302575085329841 0.445513923570653 1.8260295374989512 1.582638322710991 -0.38850578548203057 0.51304725852667121 -0.84970955524528236
leaf_weight=48401 265 74 92 160 65 119 126 88 93 75 51 64 510 4113 66 72 552 72 103 50 140 78612 1923 631 107 50 50 142 51 171
leaf_count=48401 265 74 92 160 65 119 126 88 93 75 51 64 510 4113 66 72 552 72 103 50 140 78612 1923 631 107 50 50 142 51 171
internal_value=2.95375e-06 -0.0112639 0.186501 0.102028 -0.027857 -0.205434 0.068535 0.442199 0.0062952 -0.306039 -0.549464 -0.324113 0.0073033 0.0752107 0.200706 0.0187771 0.377817 0.866692 1.12956 0.818975 -0.131414 0.00260125 0.098301 0.0493159 0.153961 0.885169 0.576489 0.0983677 -0.223276 -0.270099
internal_weight=137088 49125 724 650 558 405 286 153 87963 283 208 157 87680 5678 1565 772 793 241 175 122 650 82002 3390 3075 2222 157 315 2065 853 802
internal_count=137088 49125 724 650 558 405 286 153 87963 283 208 157 87680 5678 1565 772 793 241 175 122 650 82002 3390 3075 2222 157 315 2065 853 802
is_linear=0
shrinkage=0.05


Tree=186
num_leaves=31
num_cat=0
split_feature=2 6 11 10 11 0 11 13 12 8 10 14 12 8 4 10 5 13 8 6 10 10 12 5 8 12 12 10 1 9
split_gain=3790.78 11552 19409.3 16874.2 29405.6 21409.4 30241.8 34145.2 26045.6 23288.6 19853 19543.8 21953 22816.6 17770 17767.9 21474.2 16994.1 28601.7 36143.6 19331.2 18330 39679 31980.4 23264.9 21563.9 19129.5 22893 17887.9 17258.8
threshold=0.10844444444444436 8.9840663668876264 320.64516365775438 95.575000000000017 151.66560000350003 190.22000000000003 136.92973273925978 -0.78661891169205833 0.6993099184844086 0.83500000000000019 84.483333333333363 3.5000000000000004 -0.92794370089704248 93.500000000000014 9.8213712382974219 91.072222222222237 152.10833333333335 0.032717136199948357 42.500000000000007 20.348372427306945 66.008333333333354 79.508333333333354 0.4126824757997184 131.33500000000004 92.500000000000014 -0.29026740676763269 0.66746801135786471 75.904166666666683 1.5768888888888892 752.50000000000011
decision_type=10 2 2 10 2 2 2 2 2 2 10 2 2 2 2 8 2 2 2 2 8 8 2 2 2 2 2 10 10 2
left_child=-1 -2 3 4 10 8 7 -7 -5 -9 17 15 14 -14 -13 16 -6 18 19 -3 -19 22 24 -24 -20 -26 27 -25 -22 -30
right_child=1 2 -4 5 11 6 -8 9 -10 -11 -12 12 13 -15 -16 -17 -18 20 21 -21 28 -23 23 26 25 -27 -28 -29 29 -31
leaf_value=0.005941084263117285 0.0097485884041802855 -0.10995847397903624 -0.48032402356771098 0.042417839689809306 -0.30696349764397757 -1.013802214119679 0.49996174873512073 -0.2863358177622794 -0.60664063582294869 0.65657825806690751 0.076927559401001017 -0.0013226219476797643 -0.049242909622498963 0.74991039074957377 -1.0060131211682122 -0.055824418324453444 -0.83174799365606766 -0.18138438155903586 -0.10254674621458953 -0.48050713432175834 0.0019244848177807743 -0.10254674621458953 -0.10254674621458953 0.6694940065551136 0.1032818511030118 1.0025230964429157 0.44290335324170782 1.9746164272701929 0.20423945122165993 1.1634136397838593
leaf_weight=90781 26714 2222 248 1608 658 78 572 133 171 129 3499 78 836 100 101 377 277 1125 511 935 3423 989 74 72 283 86 139 63 756 50
leaf_count=90781 26714 2222 248 1608 658 78 572 133 171 129 3499 78 836 100 101 377 277 1125 511 935 3423 989 74 72 283 86 139 63 756 50
internal_value=2.8061e-06 -0.0116387 -0.0407991 -0.0351645 -0.0539358 0.081007 0.27798 -0.0954725 -0.0199706 0.177923 -0.0264945 -0.214795 -0.0608848 0.0361367 -0.568215 -0.345596 -0.462434 -0.0602262 -0.123039 -0.219703 0.0028214 0.0146094 0.146645 0.598608 -0.0320858 0.30911 0.854628 1.27855 0.0518239 0.263742
internal_weight=137088 46307 19593 19345 16654 2691 912 340 1779 262 14227 2427 1115 936 179 1312 935 10728 5374 3157 5354 2217 1228 348 880 369 274 135 4229 806
internal_count=137088 46307 19593 19345 16654 2691 912 340 1779 262 14227 2427 1115 936 179 1312 935 10728 5374 3157 5354 2217 1228 348 880 369 274 135 4229 806
is_linear=0
shrinkage=0.05


Tree=187
num_leaves=31
num_cat=0
split_feature=5 12 5 11 9 9 0 2 10 6 9 14 9 8 11 5 4 14 14 6 14 4 1 10 10 1 12 14 9 13
split_gain=3752.72 5995.38 12690.4 18093.9 15692.2 12941.3 12841.1 13738.3 17571.8 14319.2 15842.4 11879 31506.3 19185.3 12259.7 11945.8 10964.1 11826.4 15197.9 7884.97 7610.1 10847 7888.93 6766.32 6586.64 5976.85 11898.7 13892 14266.5 14656.3
threshold=101.66833333333335 -0.9970268106651744 198.1866666666667 109.65531015560161 147.50000000000003 162.50000000000003 191.58000000000001 0.3453333333333336 69.683333333333351 19.571437287982651 22.500000000000004 2.5000000000000004 237.50000000000003 0.2950000000000001 55.731569353178706 109.38777777777779 2.1115365652230254 4.5000000000000009 3.5000000000000004 4.4173926212965995 2.5000000000000004 9.106106373957827 0.67999999999999983 86.608333333333363 101.81666666666668 1.3040000000000018 -0.065403129230142812 1.0000000180025095e-35 267.50000000000006 -0.20576496797711571
decision_type=2 2 2 2 2 2 2 10 10 2 2 2 2 2 2 2 2 2 2 2 2 2 10 8 8 10 2 2 2 2
left_child=25 2 6 4 -4 -5 7 11 -9 10 -10 13 24 19 -14 -16 -17 18 -18 -2 21 -12 -22 -8 -13 -1 27 -27 -29 -30
right_child=1 -3 3 5 -6 -7 23 8 9 -11 20 12 14 -15 15 16 17 -19 -20 -21 22 -23 -24 -25 -26 26 -28 28 29 -31
leaf_value=-0.028744405180888756 -0.091345709784511939 0.0047827870128387562 -0.21505000981688502 -0.60279270036575894 -1.4013538865816026 0.43235533196065162 0.14843246000153679 0.40509133346286819 -1.0513070868233505 -1.1204146513746955 -0.15132496117223657 -0.20739685446403705 -0.33198475200958827 0.19728370376066728 -0.10897740086951813 0.19523165084873184 0.91434817467875118 1.09866279801426 -0.10530576461323482 -0.47739896702861034 -0.31369927878556558 -1.0059230908048604 0.32553701067512686 0.88249781480375322 0.3420740838910713 -0.26097406227768305 -0.17352082229189092 0.18643002677328735 1.4762836986897039 0.37765395442644756
leaf_weight=16023 228 117420 50 52 63 72 77 81 59 59 124 515 54 275 77 132 79 129 68 315 86 53 110 53 61 107 246 294 51 75
leaf_count=16023 228 117420 50 52 63 72 77 81 59 59 124 515 54 275 77 132 79 129 68 315 86 53 110 53 61 107 246 294 51 75
internal_value=-5.41649e-05 0.00303704 -0.0683368 -0.418791 -0.876441 -0.001739 -0.0368159 -0.0619607 -0.277214 -0.389774 -0.289987 0.00173565 0.107901 -0.142976 0.382657 0.462226 0.570026 0.749276 0.442672 -0.315299 -0.169564 -0.407222 0.0450558 0.447705 -0.149206 -0.0221932 0.113602 0.247629 0.377202 0.822337
internal_weight=137088 120292 2872 237 113 124 2635 2505 572 491 432 1933 1115 818 539 485 408 276 147 543 373 177 196 130 576 16796 773 527 420 126
internal_count=137088 120292 2872 237 113 124 2635 2505 572 491 432 1933 1115 818 539 485 408 276 147 543 373 177 196 130 576 16796 773 527 420 126
is_linear=0
shrinkage=0.05


Tree=188
num_leaves=31
num_cat=0
split_feature=2 1 10 2 4 9 13 4 10 9 12 5 1 0 4 14 6 10 6 3 9 11 10 9 11 12 10 13 9 1
split_gain=3693.38 15726.7 10430.1 19130.3 10073.1 8535.91 8522.97 19569.6 16526.5 12418 19229.2 10963.4 10467.7 15662.9 10462.2 11027.7 11329.1 10422.1 10128.9 9643.15 13346.1 10363.8 9672.45 10400.9 9173.01 9125.88 8382.71 13862 8262.23 8185.2
threshold=-0.77266666666666672 -0.7200000000000002 56.83611111111113 -1.2533333333333327 8.3339983734571579 947.50000000000011 0.26932402956675644 10.679585496439881 71.601388888888906 372.50000000000006 -0.70710678118654735 141.22833333333338 -1.2884444444444456 165.02000000000004 24.927789040243905 4.5000000000000009 33.096442698950163 87.108333333333348 31.448249601831254 194.77333333333337 507.50000000000006 101.51177031018705 72.872222222222248 322.50000000000006 111.71120965450002 -0.043619387365335778 83.335416666666688 -0.90159026428466893 272.50000000000006 -2.3999999999999986
decision_type=10 10 10 10 2 2 2 2 10 2 2 2 10 2 2 2 2 10 2 2 2 2 8 2 2 2 10 2 2 10
left_child=1 4 3 -3 -1 -4 8 11 -6 12 24 -8 14 28 29 16 -16 -15 -17 20 -9 22 23 -21 -11 -19 27 -12 -14 -10
right_child=-2 2 5 -5 6 -7 7 19 9 10 26 -13 13 17 15 18 -18 25 -20 21 -22 -23 -24 -25 -26 -27 -28 -29 -30 -31
leaf_value=-0.17963478350534556 -0.0025525559279229865 1.0984079182346662 0.12101163332033263 0.18029116576241708 0.16526360193600217 -0.23713697656812199 0.23109313819059141 0.17304206795028965 -0.36092666379575222 -1.2563024951239763 -0.78372729066540225 -0.2457569180234104 -0.064732697170568884 0.55365510069191715 0.29187854758717796 0.065637431615123573 -0.42540484073728618 -0.27144548973990873 1.03161281147201 -0.73046244756741963 0.59634271637267533 -0.53187837810200811 0.37766840625816672 0.26080586471978356 -0.4558699126181367 0.373922222160185 0.2038549228756299 0.058325606730523644 0.46459678996212878 -0.093876964462229054
leaf_weight=764 125438 75 2357 233 974 179 157 1080 336 59 85 519 1103 229 121 51 101 103 58 55 225 85 142 51 91 117 141 115 79 1965
leaf_count=764 125438 75 2357 233 974 179 157 1080 336 59 85 519 1103 229 121 51 101 103 58 55 225 85 142 51 91 117 141 115 79 1965
internal_value=-5.14568e-05 0.0268784 0.129102 0.403859 -0.00613581 0.0957322 0.0103468 0.0913316 -0.0223694 -0.0608117 -0.298924 -0.135009 -0.0333866 0.0661435 -0.0950635 0.167772 -0.0344531 0.317544 0.579643 0.184742 0.246025 -0.0554207 0.107881 -0.253531 -0.770707 0.0717728 -0.0913954 -0.299547 -0.0293545 -0.132872
internal_weight=137088 11650 2844 308 8806 2536 8042 2314 5728 4754 491 676 4263 1631 2632 331 222 449 109 1638 1305 333 248 106 150 220 341 200 1182 2301
internal_count=137088 11650 2844 308 8806 2536 8042 2314 5728 4754 491 676 4263 1631 2632 331 222 449 109 1638 1305 333 248 106 150 220 341 200 1182 2301
is_linear=0
shrinkage=0.05


Tree=189
num_leaves=31
num_cat=0
split_feature=10 2 13 4 5 10 5 10 9 4 8 5 0 13 0 10 4 12 10 11 9 2 12 8 9 5 10 12 10 11
split_gain=3568.12 11629.4 11257.7 28680.8 21698.5 36065.7 19257.3 16302.7 15126.9 16950.5 14263.3 14141.5 13489.6 13330 30336.4 18766.6 19454.4 14868.3 16543 14031.4 12794.1 20380 15807.4 21264.6 40339.6 23789.5 42250 20644.3 29034 25101.7
threshold=84.069444444444471 inf -0.9927505997980649 3.868619046881038 134.75166666666669 75.738888888888908 241.53 78.681666666666686 387.50000000000006 1.6492179963154683 70.250000000000014 106.01833333333335 306.10000000000008 -0.75894212529897775 128.41333333333338 75.738888888888908 7.010913395080995 0.45201865172701788 66.916666666666686 117.62408013250001 12.500000000000002 -0.068888888888888042 0.52803643325367289 65.550000000000011 62.500000000000007 136.19500000000002 79.378333333333345 0.71473537162315171 77.410000000000011 95.810359776000013
decision_type=8 8 2 2 2 10 2 10 2 2 2 2 2 2 2 10 2 2 10 2 2 8 2 2 2 2 10 2 10 2
left_child=1 2 3 4 10 -6 7 -5 20 -10 -1 -12 13 14 15 17 -17 -11 -19 -15 21 -4 -22 24 -24 -25 27 28 -27 -29
right_child=-2 -3 8 6 5 -7 -8 -9 9 12 11 -13 -14 19 -16 16 -18 18 -20 -21 22 -23 23 25 -26 26 -28 29 -30 -31
leaf_value=0.14333318134766027 0.0096174062599939467 -0.49258854913192129 0.27213434889012533 0.031906937266373121 1.9149072843147259 0.0921406654962178 0.64298306056721655 -0.3509312687433781 -0.026573899809136436 0.10551911989899261 0.43304899078056275 1.3249422843257586 0.74782479059170281 0.041152093190480583 -0.39838526344460928 0.058344524181691039 -0.7233316153797329 0.15778091854375342 1.2375614758836082 0.20472423639606585 -0.022604735242384814 -0.050886446612949401 -0.57020591277008259 -0.042331951882636588 -0.10691154683483661 0.64040591349756282 -0.042331951882636588 -0.042331951882636588 2.0879272244140217 1.1932806987772908
leaf_weight=988 56277 123 894 681 51 58 88 470 14125 347 62 57 68 17384 544 249 117 69 73 1418 36265 1076 534 466 3911 108 353 124 51 57
leaf_count=988 56277 123 894 681 51 58 88 470 14125 347 62 57 68 17384 544 249 117 69 73 1418 36265 1076 534 466 3911 108 353 124 51 57
internal_value=-4.8884e-05 -0.00678051 -0.00603995 0.099389 0.271897 0.944995 -0.0699165 -0.124421 -0.00934838 0.0154737 0.205621 0.722765 0.0447757 0.0424092 -0.10649 0.0792304 -0.191536 0.28189 0.712879 0.0534883 -0.0288226 0.0957027 -0.0346817 -0.112835 -0.162569 0.0779055 0.28933 0.689014 1.10471 0.323848
internal_weight=137088 80811 80688 2455 1216 109 1239 1151 78233 34394 1107 119 20269 20201 1399 855 366 489 142 18802 43839 1970 41869 5604 4445 1159 693 340 159 181
internal_count=137088 80811 80688 2455 1216 109 1239 1151 78233 34394 1107 119 20269 20201 1399 855 366 489 142 18802 43839 1970 41869 5604 4445 1159 693 340 159 181
is_linear=0
shrinkage=0.05


Tree=190
num_leaves=31
num_cat=0
split_feature=1 2 11 6 12 9 14 13 0 4 13 13 10 9 5 5 1 11 11 10 4 1 9 9 4 9 5 11 14 4
split_gain=3637.45 19806 17117.8 18359.8 13093.4 18907.5 15725.2 20310.5 28482.7 13478.8 12725.8 12358.9 15712.8 17015.6 22432.2 17406.5 17695.2 15436.8 17423.4 12027.2 11835.2 11014.7 11759 11026 10746.1 10659.5 10222.7 10006.3 18118.2 14550.3
threshold=-0.30666666666666581 -0.51999999999999924 1.0000000180025095e-35 17.840692335091131 0.87137607974597331 367.50000000000006 5.5000000000000009 -0.23768589232617329 132.12666666666669 7.8819174194405255 -0.50938662908026078 0.26932402956675644 56.20416666666668 112.50000000000001 131.01833333333337 294.63333333333338 -1.3999999999999992 83.812499821186051 137.90122026205077 57.172222222222231 10.150756949203672 -1.6159999999999994 32.500000000000007 72.500000000000014 21.565028257719671 822.50000000000011 154.23500000000004 63.829710926000011 2.5000000000000004 17.942623320917772
decision_type=10 10 2 2 2 2 2 2 2 2 2 2 10 2 2 2 8 2 2 10 2 10 2 2 2 2 2 2 2 2
left_child=2 19 3 10 9 -6 -7 8 -8 -4 -1 12 27 14 -14 16 26 -17 -19 25 -13 22 -16 24 -24 -2 -15 28 -11 -29
right_child=1 -3 4 -5 5 6 7 -9 -10 11 -12 20 13 15 21 17 -18 18 -20 -21 -22 -23 23 -25 -26 -27 -28 29 -30 -31
leaf_value=-0.46754001730659134 0.25503094090029188 0.0011532470577380642 -0.040774584899744871 0.30970881755463781 -0.16740730604053372 0.096561118554829017 0.2520037657901889 0.19442015491809037 1.8210775976289402 0.096869797655876652 -0.12608976708561706 -0.0026870821395426144 -0.20719187227975239 -0.057541320619168904 -0.55198215752146973 -0.39302012254634211 -0.024110492557723337 0.83719098838113204 -0.096517775169549846 0.10093420722546392 0.1753902790059175 0.23838979492376966 0.14435017411829906 -0.076010026840610839 0.92899038091301911 0.92677272422078216 -0.30441415583635628 -0.23202009859975356 0.93657445706805942 0.69472874705358567
leaf_weight=454 218 97036 20846 160 594 2338 61 248 55 141 684 1618 550 629 86 62 2806 139 78 2428 2204 1326 160 435 60 81 1258 157 118 58
leaf_count=454 218 97036 20846 160 594 2338 61 248 55 141 684 1618 550 629 86 62 2806 139 78 2428 2204 1326 160 435 60 81 1258 157 118 58
internal_value=-9.37871e-05 0.00488799 -0.0134092 -0.191799 -0.00698204 0.088006 0.144155 0.449856 0.995961 -0.0165473 -0.26231 0.0259468 -0.00915728 -0.0266012 0.0765953 -0.0809185 -0.103729 0.302774 0.501572 0.137783 0.100003 0.152107 -0.00229336 0.0698795 0.358343 0.437008 -0.222123 0.27013 0.479438 0.0179866
internal_weight=137088 99763 37325 1298 36027 3296 2702 364 116 32731 1138 11885 8063 7589 2617 4972 4693 279 217 2727 3822 2067 741 655 220 299 1887 474 259 215
internal_count=137088 99763 37325 1298 36027 3296 2702 364 116 32731 1138 11885 8063 7589 2617 4972 4693 279 217 2727 3822 2067 741 655 220 299 1887 474 259 215
is_linear=0
shrinkage=0.05


Tree=191
num_leaves=31
num_cat=0
split_feature=6 13 14 3 9 13 14 1 3 4 5 12 14 9 5 5 12 11 10 3 5 14 9 11 12 9 3 5 11 13
split_gain=3501.02 15442 14263.1 17297 12015.4 25165.4 29350 23048.3 19142 17231.2 19847.3 21996.5 23076.1 17535.2 16840.7 45233.8 16703.4 16132.4 16812.2 36818.2 14686.2 12505.1 33926.2 12055.5 11754.6 28557.8 19321.3 11373.8 29946.4 40780.5
threshold=3.5539376362200139 -0.98990318592078541 5.5000000000000009 102.57000000000002 707.50000000000011 -0.58244304235731414 3.5000000000000004 -0.58355555555555527 78.896666666666675 1.781692078368794 150.19166666666669 0.15212338618991691 2.5000000000000004 842.50000000000011 115.89722222222224 108.80166666666669 0.74455857214455079 73.758240056500014 96.436666666666682 146.04333333333335 140.83500000000004 5.5000000000000009 1402.5000000000002 162.48812430800004 0.68355163169896505 832.50000000000011 125.43666666666668 156.48500000000004 66.536591028981107 -0.043619387365336
decision_type=2 2 2 2 2 2 2 10 2 2 2 2 2 2 2 2 2 2 10 2 2 2 2 2 2 2 2 2 2 2
left_child=1 2 -1 -4 16 6 7 -6 -8 10 11 -9 -13 -14 15 -10 -3 -18 -19 -20 -16 22 -17 24 26 -26 -11 -7 -29 -30
right_child=-2 4 3 -5 5 27 8 9 14 23 -12 12 13 -15 20 21 17 18 19 -21 -22 -23 -24 -25 25 -27 -28 28 29 -31
leaf_value=0.12016128154599824 -0.0055230903131411819 0.017875072004242022 0.047889188043217165 1.1368996993452309 -0.55025298785967913 -0.013306547110401565 -0.6483676144359064 1.518980974972248 -0.076438263590846753 0.40037740308504843 1.4606423821901122 0.22946919413615566 0.29752681126781538 1.5025044966791128 -0.28814955541006027 2.2344946783930064 -0.022233491601350817 -0.19239959989429864 -0.087945736142975559 1.4545150928497315 0.38765548422223045 0.41567735546268525 0.4016388572898566 -0.52416074505219101 0.025716714836333112 1.3769933362217512 -0.74499531220971493 -0.010119160984772868 0.93865890522755269 -0.034642251749522984
leaf_weight=1263 93736 20532 67 80 61 6698 98 50 287 104 62 387 51 74 343 50 8294 2727 171 50 105 64 51 52 92 68 57 981 233 200
leaf_count=1263 93736 20532 67 80 61 6698 98 50 287 104 62 387 51 74 343 50 8294 2727 171 50 105 64 51 52 92 68 57 981 233 200
internal_value=-8.90978e-05 0.0116603 0.174414 0.640548 0.00618888 0.0534967 0.209742 0.39322 0.0152329 0.450945 0.611655 0.517994 0.420242 1.01087 0.0874916 0.302818 -0.00895009 -0.0579426 -0.158408 0.261027 -0.129758 0.962495 1.30899 0.18209 0.296498 0.600009 -0.00512722 0.0138961 0.142753 0.489097
internal_weight=137088 43352 1410 147 41942 10168 2056 1058 998 997 624 562 512 125 900 452 31774 11242 2948 221 448 165 101 373 321 160 161 8112 1414 433
internal_count=137088 43352 1410 147 41942 10168 2056 1058 998 997 624 562 512 125 900 452 31774 11242 2948 221 448 165 101 373 321 160 161 8112 1414 433
is_linear=0
shrinkage=0.05


Tree=192
num_leaves=31
num_cat=0
split_feature=5 6 9 11 10 13 12 1 13 14 5 6 13 9 10 9 9 1 10 13 5 6 13 0 14 9 0 10 9 10
split_gain=3542.52 10985 7692.28 10304.4 9631.12 8729.92 7986.47 6600.63 4960.09 3875.31 25259.4 24474.1 24122 19269 31051.3 29155.3 19925.9 15981.8 14774.1 12397.6 11611.7 15102.1 29838.3 23248.5 31489.3 28402.6 15302.1 18912.7 14885.6 14047.6
threshold=72.52166666666669 18.153278024367072 957.50000000000011 64.104761061000019 85.612500000000026 -0.92794370089704259 -0.14132478920498429 0.33333333333333387 -0.60003553868615123 5.5000000000000009 217.49500000000003 37.345984246274824 -0.90159026428466893 402.50000000000006 83.335416666666688 257.50000000000006 792.50000000000011 3.5906666666666678 93.53666666666669 0.75894212529897775 228.3116666666667 33.096442698950163 0.96863394805116487 225.62000000000003 4.5000000000000009 42.500000000000007 241.50000000000003 80.346666666666678 52.500000000000007 72.205000000000027
decision_type=2 2 2 2 10 2 2 10 2 2 2 2 2 2 10 2 2 8 8 2 2 2 2 2 2 2 2 10 2 8
left_child=1 2 4 7 5 -1 8 -4 -6 20 11 17 -13 15 16 18 19 -11 -12 -15 21 26 23 -23 25 -25 -2 -28 -29 -27
right_child=9 -3 3 -5 6 -7 -8 -9 -10 10 13 12 -14 14 -16 -17 -18 -19 -20 -21 -22 22 -24 24 -26 29 27 28 -30 -31
leaf_value=-0.72622125478530375 -0.0045062132166969046 -0.77473661822301376 -0.036558079454248736 0.65278936935698295 0.80297155579924595 -0.17178614753290364 -0.32596040904521945 0.55470179396078867 0.12065739791121399 0.027384595684822041 -0.18457801435997864 1.4618313910597462 0.1427281484362625 0.89369786177181965 1.1770301688876417 -1.49992308638714 -0.54578638791313605 0.83156089734646577 -0.91629788343794649 -0.066345831022962279 0.075016752579722845 -0.058422335122016535 1.0166264225359796 0.54679991421692165 -1.4283334344625473 0.26399716738950124 -0.15487538310241139 1.2566739462430663 0.34106676176589518 -0.59557782031648931
leaf_weight=81 110004 54 634 68 50 575 50 51 57 17578 501 59 84 53 54 54 144 62 80 92 4628 1137 53 81 72 55 122 65 140 350
leaf_count=81 110004 54 634 68 50 575 50 51 57 17578 501 59 84 53 54 54 144 62 80 92 4628 1137 53 81 72 55 122 65 140 350
internal_value=-8.4643e-05 -0.0735846 -0.0494069 0.0657392 -0.156055 -0.240245 0.19572 0.00746273 0.439496 0.000794309 0.0218867 0.0354923 0.686974 -0.225506 0.0764681 -0.388619 -0.129173 0.0302111 -0.285331 0.284567 -0.00259635 -0.00580117 -0.151617 -0.188146 -0.452476 -0.307905 -0.00349098 0.338038 0.631381 -0.478845
internal_weight=137088 1620 1566 753 813 656 157 685 107 135468 18761 17783 143 978 343 635 289 17640 581 145 116707 112079 1748 1695 558 486 110331 327 205 405
internal_count=137088 1620 1566 753 813 656 157 685 107 135468 18761 17783 143 978 343 635 289 17640 581 145 116707 112079 1748 1695 558 486 110331 327 205 405
is_linear=0
shrinkage=0.05


Tree=193
num_leaves=31
num_cat=0
split_feature=11 9 2 0 9 10 0 14 8 12 10 9 9 9 14 13 9 13 12 13 0 12 13 5 3 6 10 12 12 6
split_gain=3476.2 17030.4 13624.2 11590.2 11155 13502.8 10043.4 14486 23331.6 21296.6 8140.92 18419.1 32981.2 31026.3 47869.7 21471.4 17586.7 24395.8 49057.1 26434.4 19913.9 19087.2 18134.2 17784.9 21292.2 17014.5 15103.6 13861.9 13614.3 10181.1
threshold=290.57915931616486 527.50000000000011 1.0600000000000003 121.37333333333335 22.500000000000004 103.31000000000002 158.82000000000002 3.5000000000000004 0.7250000000000002 -0.63435554093529889 103.90000000000002 612.50000000000011 392.50000000000006 732.50000000000011 2.5000000000000004 0.50938662908026078 82.500000000000014 -0.93585024503435343 -0.7729644631059297 0.14132478920498384 185.40666666666669 0.96863394805116498 -0.98279651670771917 247.4316666666667 153.27000000000004 27.86885607764982 106.61666666666669 -0.98658463173998423 -0.94331137514050689 5.8557731160648885
decision_type=2 2 10 2 2 10 2 2 2 2 10 2 2 2 2 2 2 2 2 2 2 2 2 2 2 2 10 2 2 2
left_child=10 2 4 -3 5 -2 -6 9 -9 -8 -1 12 16 14 -13 -15 17 22 19 26 21 -20 -12 24 -18 29 -19 -28 -14 -26
right_child=1 3 -4 -5 6 -7 7 8 -10 -11 11 13 28 15 -16 -17 23 18 20 -21 -22 -23 -24 -25 25 -27 27 -29 -30 -31
leaf_value=-0.0010600004667258279 0.16267971721291544 -0.082110556637380219 -0.65485098434721012 -0.63100971152836627 0.0011223271852959778 -0.93024189782257261 1.3600200863555074 -0.49028094072986134 0.7233714797280052 0.1293783148511862 0.21827209909431269 1.679753817488318 -1.0686356156632522 0.35267480942054413 -0.0040202255241381822 -0.61328359731637383 -0.082890928031758349 0.41719646910205488 -0.53334574734407247 0.12534679395198092 0.4211723774057074 0.46797293759882452 1.0494563778639365 -0.75065330228248206 0.97534531568413352 -0.52491867433894768 0.83185199510376406 1.9924371111392976 -0.27663255357440181 0.30578203710016383
leaf_weight=130975 50 187 77 198 1571 65 64 99 66 78 122 92 69 178 78 85 1267 64 317 163 97 56 142 77 67 55 53 50 254 372
leaf_count=130975 50 187 77 198 1571 65 64 99 66 78 122 92 69 178 78 85 1267 64 317 163 97 56 142 77 67 55 53 50 254 372
internal_value=-8.04108e-05 -0.0590424 -0.00224859 -0.364402 0.0229648 -0.455059 0.0522368 0.313803 -0.00481997 0.684034 0.000994747 0.0745652 0.0334538 0.380764 0.907199 0.0404829 0.0867985 0.248575 0.11104 0.578309 -0.217043 -0.383014 0.665348 -0.00685233 0.0256705 0.304106 1.02042 1.39524 -0.445822 0.407971
internal_weight=137088 2455 2070 385 1993 115 1878 307 165 142 134633 3658 3225 433 170 263 2902 1064 800 330 470 373 264 1838 1761 494 167 103 323 439
internal_count=137088 2455 2070 385 1993 115 1878 307 165 142 134633 3658 3225 433 170 263 2902 1064 800 330 470 373 264 1838 1761 494 167 103 323 439
is_linear=0
shrinkage=0.05


Tree=194
num_leaves=31
num_cat=0
split_feature=2 1 4 2 1 4 1 2 6 0 1 4 12 9 6 6 0 11 5 13 1 10 4 5 12 3 11 2 9 0
split_gain=3461.22 11170.2 13521.9 24707.9 22076.8 22653.6 16022.2 14457.1 13252.9 13090.9 12941.9 13724.3 13289.5 16208.3 11978.5 12059.4 16474.7 11974.3 11784 13283 12741.9 11259.1 13277.1 12808.5 11131.4 11012.7 10815.3 10264 10078.8 11342
threshold=0.10844444444444436 0.30666666666666659 9.6733393059633013 0.74999999999999989 1.2613333333333341 14.897367100510582 2.0146666666666664 1.186666666666667 10.640778907335401 162.09333333333333 0.9333333333333339 5.8593583266387803 0.29026740676763302 17.500000000000004 20.348372427306945 37.345984246274824 219.78000000000003 82.109582069500007 172.88166666666669 -0.96863394805116465 -0.57066666666666621 66.705555555555563 20.426772610008978 208.80166666666668 0.44228869021900152 186.17000000000002 224.41683005950003 1.0946666666666678 97.500000000000014 143.02000000000004
decision_type=10 10 2 10 10 2 10 10 2 2 10 2 2 2 2 2 2 2 2 2 10 8 2 2 2 2 2 10 2 2
left_child=-1 14 10 25 -5 7 21 8 9 -6 11 28 13 -12 18 -16 -17 -14 -2 -20 -21 -7 -23 -24 -18 -4 -22 -13 29 -3
right_child=1 2 3 4 5 6 -8 -9 -10 -11 12 27 17 -15 15 16 24 -19 19 20 26 22 23 -25 -26 -27 -28 -29 -30 -31
leaf_value=0.0055978888011974648 -0.042587975225447383 0.070748601811881764 -0.23409900661085695 -0.13394545609805955 0.0965777303638687 -0.66841429642682793 0.03683227106336405 0.34251327666081988 -0.070632420317180547 0.55693007581889353 -0.37535458323856197 -0.076990616995936595 0.19057627547671324 0.22151356623070348 -0.23471908256015001 0.75471198543325657 -0.6453104656189681 -0.19435713149841385 -0.53287409166010413 0.588816098020153 0.053154833249970827 -0.043396435030178385 -0.58140370636189143 0.27710739958961056 0.21528618800771104 -0.77785469867767543 0.67548536333217202 0.34719883973483706 0.018442484291051001 0.31320859205273049
leaf_weight=90781 16010 1822 639 2705 576 106 2656 746 782 211 120 3913 335 2181 1287 77 64 509 82 133 1599 977 241 53 91 109 73 148 7406 656
leaf_count=90781 16010 1822 639 2705 576 106 2656 746 782 211 120 3913 335 2181 1287 77 64 509 82 133 1599 977 241 53 91 109 73 148 7406 656
internal_value=-7.63902e-05 -0.0112003 0.00966632 -0.0371525 -0.014333 0.0366361 -0.0349257 0.161305 0.0751475 0.220001 0.0365166 0.0158534 0.128138 0.190386 -0.0401005 -0.174904 0.156914 -0.0415696 -0.0286591 0.0895187 0.117794 -0.173335 -0.132046 -0.426638 -0.140057 -0.313336 0.080326 -0.0615314 0.0476481 0.134935
internal_weight=137088 46307 26891 9801 9053 6348 4033 2315 1569 787 17090 13945 3145 2301 19416 1519 232 844 17897 1887 1805 1377 1271 294 155 748 1672 4061 9884 2478
internal_count=137088 46307 26891 9801 9053 6348 4033 2315 1569 787 17090 13945 3145 2301 19416 1519 232 844 17897 1887 1805 1377 1271 294 155 748 1672 4061 9884 2478
is_linear=0
shrinkage=0.05


Tree=195
num_leaves=31
num_cat=0
split_feature=9 2 10 11 10 3 11 10 9 13 5 11 0 13 10 14 12 0 14 12 8 12 10 5 14 8 9 1 10 10
split_gain=3422.45 10080.6 9833.59 10862.4 21287.5 23798.1 30302.4 49778.5 35696 29877.5 23509.9 24568.9 22690 23522.4 22977.7 41621.8 52304.5 22232.6 22404.6 21542.1 21297.8 38070.8 41823.2 28899.1 35007.3 45612.4 36272.3 40330.4 21088.5 20411
threshold=177.50000000000003 2.8933333333333349 54.233333333333341 97.69312536773198 67.350000000000023 160.49000000000004 56.242379844188527 55.083333333333343 87.500000000000014 0.054511258297739194 277.32833333333338 71.096237003803211 198.81333333333336 -0.32143946530316164 80.346666666666678 3.5000000000000004 -0.78661891169205822 232.82000000000002 4.5000000000000009 0.82531082829576852 60.375000000000007 -0.15212338618991697 91.90000000000002 164.70666666666671 3.5000000000000004 91.500000000000014 52.500000000000007 -0.14888888888888893 97.316666666666691 85.136666666666699
decision_type=2 10 8 2 10 2 2 10 2 2 2 2 2 2 10 2 2 2 2 2 2 2 10 2 2 2 2 10 10 8
left_child=2 -2 -1 4 5 6 7 8 9 -4 11 19 13 20 15 -14 -17 18 -18 -7 -6 -22 23 24 26 -26 -23 -28 -16 -5
right_child=1 -3 3 29 12 10 -8 -9 -10 -11 -12 -13 14 -15 28 16 17 -19 -20 -21 21 22 -24 -25 25 -27 27 -29 -30 -31
leaf_value=-0.42760221084698719 0.0062547204464353566 -0.670868468284607 0.71365356881227071 -0.078825101796125757 -0.12530828296954374 -0.3429665294305006 -0.062679679634323957 -0.08332430669139107 0.16190718345231181 1.9882000987870354 0.7188028117555838 0.0083400630535052159 -0.22415132210857736 0.10108846558493281 0.45431444365932916 -0.41816694124299253 1.8073229478030908 0.26582373604549109 0.68676977035440845 -1.4056229891777039 -0.02427742878710993 0.56887392347004828 -0.02427742878710993 -0.02427742878710993 -0.02427742878710993 1.3768745903951536 0.4057386755347252 2.1699545378918237 -0.44145022768159992 0.0050926520095244867
leaf_weight=141 87908 55 134 11933 3341 1033 3091 429 165 70 65 593 626 5330 881 157 61 201 166 50 1010 282 161 192 283 69 50 92 71 18448
leaf_count=141 87908 55 134 11933 3341 1033 3091 429 165 70 65 593 626 5330 881 157 61 201 166 50 1010 282 161 192 283 69 50 92 71 18448
internal_value=-7.25708e-05 0.00583134 -0.0106441 -0.00944388 0.0206457 -0.060545 0.00823586 0.282922 0.708722 1.151 -0.214186 -0.25037 0.0558807 0.0263018 0.203707 0.0592156 0.362442 0.648788 0.987888 -0.392027 -0.0464378 0.0767534 0.297655 0.45415 0.591051 0.222472 0.897041 1.54875 0.387508 -0.0278684
internal_weight=137088 87963 49125 48984 18603 5630 3889 798 369 204 1741 1676 12973 10810 2163 1211 585 428 227 1083 5480 2139 1129 968 776 352 424 142 952 30381
internal_count=137088 87963 49125 48984 18603 5630 3889 798 369 204 1741 1676 12973 10810 2163 1211 585 428 227 1083 5480 2139 1129 968 776 352 424 142 952 30381
is_linear=0
shrinkage=0.05


Tree=196
num_leaves=31
num_cat=0
split_feature=11 9 12 3 10 2 14 9 3 8 10 11 9 11 11 12 10 5 12 10 0 2 1 1 12 13 1 12 14 9
split_gain=3446.8 29481.2 35816.8 26771.3 24767.4 17202.1 14199 12570.3 13965.7 28110.1 26898.6 12311.4 9880.34 8847.59 12030.7 17341.2 49009.2 27000.4 16037.2 11627.5 19021.8 17078.6 16273.5 12485.1 15037.6 11171.8 12084.2 10680.4 21243 10164.1
threshold=58.129801629486948 47.500000000000007 -0.58244304235731426 149.80333333333337 56.546666666666674 -0.2333333333333332 2.5000000000000004 147.50000000000003 164.94333333333338 56.70000000000001 56.546666666666674 42.245221053000009 102.50000000000001 54.626749694347232 49.308840209500012 -0.56457333468532422 70.883333333333354 137.72611111111112 -0.90159026428466904 60.233333333333341 125.65333333333335 -2.3213333333333335 -1.3413333333333328 -0.24533333333333329 0.45201865172701788 -0.96863394805116465 -0.68799999999999806 -0.97381903846659723 2.5000000000000004 797.50000000000011
decision_type=2 2 2 2 10 10 2 2 2 2 10 2 2 2 2 2 8 2 2 10 2 10 10 10 2 2 10 2 2 2
left_child=1 2 3 4 -1 -4 -7 8 10 -10 11 -3 -12 14 19 16 18 -18 -16 21 -21 22 -9 24 29 -17 -27 28 -15 -23
right_child=-2 7 5 -5 -6 6 -8 13 9 -11 12 -13 -14 27 15 25 17 -19 -20 20 -22 23 -24 -25 -26 26 -28 -29 -30 -31
leaf_value=2.0433510358216331 0.003345780692186997 1.0867915046435817 -0.66730255139717731 -0.050994356930255891 0.65568127360414064 0.59218823427591871 -0.24817923133864125 0.092575072986739032 -0.66607911666589126 0.085206649316649133 -0.42449715749366962 0.21570096509716832 -0.02447321410280151 -1.023661237702306 -0.98810334099190578 -0.66180900583664581 1.8269097334040063 0.55229722728825503 0.14354954222438557 -0.05695076556590517 -0.50401299800693056 -0.025710570783180703 1.2602960116588153 0.026278238546593849 0.063740622137122269 0.43872429510180039 0.038260707620065663 -0.047819990708580645 0.016673315278554368 -0.38475744152513747
leaf_weight=61 114583 54 68 50 68 123 85 70 322 203 294 163 325 84 56 54 56 161 71 1108 303 295 52 5880 568 201 3000 8018 118 594
leaf_count=61 114583 54 68 50 68 123 85 70 322 203 294 163 325 84 56 54 56 161 71 1108 303 295 52 5880 568 201 3000 8018 118 594
internal_value=-0.000167862 -0.0180574 0.380326 0.931179 1.31187 0.0230701 0.248769 -0.026278 -0.173468 -0.375582 -0.046543 0.43247 -0.214468 -0.0165953 0.0099528 0.0870556 0.424666 0.881229 -0.355447 -0.0213316 -0.152953 0.00356694 0.590292 -0.00618915 -0.137217 0.0513757 0.063407 -0.0568663 -0.415941 -0.265614
internal_weight=137088 22505 455 179 129 276 208 22050 1361 525 836 217 619 20689 12469 3599 344 217 127 8870 1411 7459 122 7337 1457 3255 3201 8220 202 889
internal_count=137088 22505 455 179 129 276 208 22050 1361 525 836 217 619 20689 12469 3599 344 217 127 8870 1411 7459 122 7337 1457 3255 3201 8220 202 889
is_linear=0
shrinkage=0.05


Tree=197
num_leaves=31
num_cat=0
split_feature=5 0 10 13 11 9 12 13 5 6 12 9 9 5 5 12 10 0 9 12 0 11 11 2 10 10 13 9 5 13
split_gain=3413.58 6160.23 5551.89 12692 13594.4 5415.89 50038.1 34626.2 32775.4 28261.4 24755.5 22093.8 60252.6 24416 51254.4 48342.1 42691.6 40883.9 37953.8 31622 48367.2 22662.1 20595.4 21288.9 19084.3 18815.1 23214.7 18619.7 18323.6 17967.7
threshold=102.10000000000001 140.22000000000003 108.45 0.33172980431441496 231.67598128318795 807.50000000000011 0.45201865172701788 -0.27982901403099208 123.71000000000002 14.826284739953705 -0.043619387365335778 1322.5000000000002 1202.5000000000002 154.23500000000004 144.18500000000003 0.87137607974597331 90.466666666666683 131.09333333333333 1142.5000000000002 0.9195955058153672 198.81333333333336 56.383576869964777 117.62408013250001 -0.93333333333333302 62.166666666666679 72.372222222222248 -0.97381903846659723 912.50000000000011 118.55166666666669 -0.91080963307804841
decision_type=2 2 10 2 2 2 2 2 2 2 2 2 2 2 2 2 10 2 2 2 2 2 2 10 10 8 2 2 2 2
left_child=1 2 -1 4 -4 -2 8 9 10 11 29 12 13 14 15 -8 17 24 19 20 27 -14 23 -11 -17 26 -10 -15 -26 -7
right_child=5 -3 3 -5 -6 6 7 -9 25 22 -12 -13 21 18 -16 16 -18 -19 -20 -21 -22 -23 -24 -25 28 -27 -28 -29 -30 -31
leaf_value=-0.018246042157745862 -0.00080429565442624378 0.52250015386022053 -0.82828534343879268 0.36902392726195488 -0.12181112517437867 0.59983873614960392 0.097784421716498426 0.024349379339707652 1.0453963710711551 0.21546407167814552 -0.14647736152573468 0.073714290219881726 0.6744273988263948 0.93743311556958675 -0.58297311674264041 1.4265202245064852 -0.26976642322291933 1.9394822076610898 -0.68379222106933601 0.15887768055325835 -0.15191645837220991 1.848986538029699 0.5155695196049116 -0.59373985653332395 1.0181514333491608 -0.28995900957000437 -0.064528337446205924 1.8798843999409625 -0.14028237198054055 0.10564007766401265
leaf_weight=16902 107143 52 101 76 209 230 790 4820 52 126 892 793 77 97 183 58 75 92 50 138 61 88 97 229 59 1984 501 114 81 918
leaf_count=16902 107143 52 101 76 209 230 790 4820 52 126 892 793 77 97 183 58 75 92 50 138 61 88 97 229 59 1984 501 114 81 918
internal_value=-0.000159468 -0.0208935 -0.022528 -0.210025 -0.351985 0.00284291 0.0338443 0.109065 -0.0980913 0.236349 0.051119 0.29645 0.386429 0.302513 0.194478 0.317659 0.793551 1.06855 0.616753 0.775356 1.08813 1.30086 -0.130106 -0.306529 0.66387 -0.218071 0.0398407 1.44662 0.347915 0.204652
internal_weight=137088 17340 17288 386 310 119748 12605 8028 4577 3208 2040 2756 1963 1798 1338 1155 365 290 460 410 272 165 452 355 198 2537 553 211 140 1148
internal_count=137088 17340 17288 386 310 119748 12605 8028 4577 3208 2040 2756 1963 1798 1338 1155 365 290 460 410 272 165 452 355 198 2537 553 211 140 1148
is_linear=0
shrinkage=0.05


Tree=198
num_leaves=31
num_cat=0
split_feature=4 13 12 11 11 5 6 12 0 12 6 12 9 13 5 11 13 11 9 14 10 13 5 8 9 11 5 11 10 3
split_gain=3417.76 7931.48 10539.2 9441.99 13393.9 18447.1 21496.1 24000 9843.45 9968.49 7407.16 7880.72 11347.1 15489.5 14146.1 29750.8 26934.3 14373 12704.6 10175 16178.6 9398.81 10489.1 20858.5 26571 16980.1 8166.5 8234.01 8045.23 7680
threshold=1.0013590765082685 -0.60003553868615123 -0.29026740676763269 81.671068439500019 119.25775998549425 90.458888888888893 1.9769397836871867 0.34202014332566882 85.206666666666692 0.71473537162315171 2.7916512135657912 0.78661891169205866 692.50000000000011 -0.10886687485196482 157.10166666666669 74.962799121731521 -0.076279435988900565 130.15404149515322 927.50000000000011 3.5000000000000004 79.508333333333354 0.68355163169896505 141.63500000000005 47.500000000000007 712.50000000000011 63.444751175549726 136.9366666666667 262.32740992389273 84.216666666666683 119.30333333333336
decision_type=2 2 2 2 2 2 2 2 2 2 2 2 2 2 2 2 2 2 2 2 10 2 2 2 2 2 2 2 10 2
left_child=1 2 -1 -4 5 -5 7 -7 -6 -10 11 21 13 -13 17 -16 18 19 -17 -14 -21 22 26 24 -24 -26 27 -2 -19 -23
right_child=10 -3 3 4 8 6 -8 -9 9 -11 -12 12 14 -15 15 16 -18 28 -20 20 -22 29 23 -25 25 -27 -28 -29 -30 -31
leaf_value=-0.083454079490968974 0.090453637686896557 -0.036971372595499659 -0.010915327535486616 -0.44394196136295794 0.76334339727002842 0.37610250015150415 0.28474107363125373 1.8164191599263522 -0.0023615210030699576 0.55923778751695696 -0.0025847982364076844 -0.21468701457074835 -0.039376117775307501 -0.0034089170917382724 0.052692397756825743 1.8648330528085884 -0.060136285256229195 0.097866270249640508 0.76359969854354859 0.11567054988423314 0.86616542733545543 -0.074696279764248363 0.020495918411915462 1.0315293689317342 -0.23757984072256547 0.6049987115197718 -0.29147644968409286 -0.23114977075166784 -0.63157985151287122 0.053311512835244518
leaf_weight=1016 5879 14171 924 50 52 55 209 61 774 88 100450 1181 1236 3268 351 55 51 54 50 789 79 1931 605 79 65 101 152 206 126 2980
leaf_count=1016 5879 14171 924 50 52 55 209 61 774 88 100450 1181 1236 3268 351 55 51 54 50 789 79 1931 605 79 65 101 152 206 126 2980
internal_value=-0.000151495 -0.0208573 0.0498621 0.111068 0.19851 0.450136 0.587686 1.13351 0.0952724 0.0549711 0.00285867 0.0312814 -0.0099149 -0.0594933 0.0691157 0.308035 0.882557 0.0160805 1.34044 0.0527672 0.183976 0.0561406 0.0929794 0.257753 0.178468 0.604999 0.0705236 0.0795662 -0.412746 0.00297898
internal_weight=137088 17400 3229 2213 1289 375 325 116 914 862 119688 19238 7240 4449 2791 507 156 2284 105 2104 868 11998 7087 850 771 166 6237 6085 180 4911
internal_count=137088 17400 3229 2213 1289 375 325 116 914 862 119688 19238 7240 4449 2791 507 156 2284 105 2104 868 11998 7087 850 771 166 6237 6085 180 4911
is_linear=0
shrinkage=0.05


Tree=199
num_leaves=31
num_cat=0
split_feature=2 1 4 2 1 4 1 11 2 4 1 4 9 2 1 4 9 6 6 0 5 10 13 1 8 13 3 10 4 12
split_gain=3270.64 9879.39 12249.9 22212.7 19582 20325.2 14506.3 13381.8 12654.8 13014 11610.4 12134.4 12015.3 14882 10979.8 10885.9 10861.6 10499.1 10723.4 15088.6 10487 12839.7 12706.9 10458.2 10276 10172.8 10035.2 10018.4 10429.2 10129.5
threshold=0.10844444444444436 0.30666666666666659 9.6733393059633013 0.74999999999999989 1.2613333333333341 14.897367100510582 2.0146666666666664 224.41683005950003 1.186666666666667 12.142347933034126 0.9333333333333339 5.8593583266387803 27.500000000000004 0.39333333333333353 1.5768888888888892 6.2209302626955454 47.500000000000007 20.348372427306945 37.345984246274824 219.78000000000003 172.88166666666669 101.81666666666668 -0.96863394805116465 -0.58355555555555527 0.7350000000000001 -0.90159026428466893 186.17000000000002 69.870833333333351 24.927789040243905 -0.7729644631059297
decision_type=10 10 2 10 10 2 10 2 10 2 10 2 2 10 10 2 2 2 2 2 2 10 2 10 2 2 2 10 2 2
left_child=-1 17 10 26 -5 7 16 8 9 14 11 -3 15 -14 -6 -12 -7 20 -19 -20 -2 22 -22 -24 -16 -11 -4 29 -29 -18
right_child=1 2 3 4 5 6 -8 -9 -10 25 12 -13 13 -15 24 -17 27 18 19 -21 21 -23 23 -25 -26 -27 -28 28 -30 -31
leaf_value=0.0054009405215625361 -0.040535776524656453 0.044577059682054838 -0.22209466571405134 -0.12688144904714554 0.081200311369508338 -0.40905423110654193 0.034267301067109616 -0.31148481771145781 0.35635944916610574 0.38598841435266928 0.47944480491356112 -0.058084154696421864 -0.049285324371039191 0.23129636022932099 0.098480829127132907 -0.18603063914884102 0.17487361708591725 -0.22071722551540596 0.72068494746050282 -0.13561837693375928 -0.57414113225100871 0.65371257447181863 0.52470558991114946 0.047972411686617734 0.67473694410432006 -0.15623814895887067 -0.741158758336251 0.040899492625612766 -0.6974683686798695 -0.59904558447500067
leaf_weight=90781 16010 9884 639 2705 489 344 2656 146 709 103 71 4061 619 1998 125 457 58 1287 77 155 77 94 124 1592 203 540 109 768 51 156
leaf_count=90781 16010 9884 639 2705 489 344 2656 146 709 103 71 4061 619 1998 125 457 58 1287 77 155 77 94 124 1592 203 540 109 768 51 156
internal_value=-0.000114911 -0.0109283 0.00869576 -0.0358667 -0.01423 0.0337728 -0.0340117 0.151861 0.18305 0.0988883 0.034252 0.0146805 0.121032 0.16493 0.23132 -0.0965444 -0.16571 -0.0381074 -0.164313 0.148586 -0.0273958 0.0840889 0.0542257 0.0824217 0.455127 -0.0693807 -0.297734 -0.0846743 -0.00507946 -0.389292
internal_weight=137088 46307 26891 9801 9053 6348 4033 2315 2169 1460 17090 13945 3145 2617 817 528 1377 19416 1519 232 17897 1887 1793 1716 328 643 748 1033 819 214
internal_count=137088 46307 26891 9801 9053 6348 4033 2315 2169 1460 17090 13945 3145 2617 817 528 1377 19416 1519 232 17897 1887 1793 1716 328 643 748 1033 819 214
is_linear=0
shrinkage=0.05


Tree=200
num_leaves=31
num_cat=0
split_feature=10 9 13 8 10 11 3 11 12 9 13 9 10 9 10 5 4 2 5 3 9 14 6 0 6 0 4 2 0 1
split_gain=3249.82 3640.04 12097.6 16764.9 12614.8 13240.4 12887.1 10852.3 11326 10738.3 9974.54 45576.6 34691.1 31244.2 24119.8 20071.5 26931.1 19858.4 18924.4 18650.9 17699.8 14294.7 13881.2 19195.2 16026.4 17537.5 13024.9 12178.1 11858 10740.1
threshold=51.350000000000016 202.50000000000003 0.94331137514050722 219.00000000000003 70.670833333333348 77.831459432840461 194.77333333333337 59.831161703000006 -0.24825246871434756 42.500000000000007 -0.97854064376158167 422.50000000000006 67.538888888888906 332.50000000000006 71.416666666666686 203.91166666666666 6.1441657963656722 -0.41200000000000031 120.66833333333336 146.49000000000004 932.50000000000011 2.5000000000000004 3.2564766855806737 137.82000000000002 28.894027378859501 197.26000000000002 31.953101023535659 -0.06266666666666626 139.82000000000002 0.83199999999999996
decision_type=8 2 2 2 10 2 2 2 2 2 2 2 10 2 8 2 2 10 2 2 2 2 2 2 2 2 2 10 2 10
left_child=-1 2 -2 4 6 7 9 -6 -9 -4 11 12 17 22 18 16 20 -3 -13 -15 -16 -18 -14 -24 25 27 29 -25 -22 -12
right_child=1 10 3 -5 5 -7 -8 8 -10 -11 26 14 13 19 15 -17 21 -19 -20 -21 28 -23 23 24 -26 -27 -28 -29 -30 -31
leaf_value=-0.073649126421321751 -0.015344294705972006 1.6411560086597341 0.42997884959293292 0.79607731789350522 -0.1282038323729186 0.054007582235413965 -0.51825159863783765 -0.15798298344896289 0.42997884959293292 -0.032904029505417702 -0.00028382311309376444 0.064283895350637887 0.29322633763873268 0.46207658193924062 -0.78137949440552268 0.64047905658992632 -1.1300195101017674 0.54173018022824382 1.1479226000185283 1.5517266988754272 -0.00036891298906737118 -0.38376495851049747 -0.10762617099858139 0.9382290593236684 -0.50117673525270434 -0.13722908794095642 -0.62628169244200727 0.1862888717425189 -0.76625695228576662 0.082066468339268422
leaf_weight=1486 51492 51 80 80 107 1228 130 82 466 1340 72505 168 570 183 98 60 124 211 53 50 623 133 1061 150 53 95 82 84 55 4188
leaf_count=1486 51492 51 80 80 107 1228 130 82 466 1340 72505 168 570 183 98 60 124 211 53 50 623 133 1061 150 53 95 82 84 55 4188
internal_value=-0.000109166 0.000696725 -0.00921954 0.0805544 0.0638804 0.150839 -0.0417605 0.33238 0.422311 0.00186195 0.00746428 0.0862997 0.211277 0.147764 -0.15224 -0.248567 -0.300206 0.755741 0.324161 0.695907 -0.153285 -0.743826 0.0843175 0.00179635 0.305716 0.435702 0.0035397 0.668302 -0.0624985 0.00421311
internal_weight=137088 135602 55005 3513 3433 1883 1550 655 548 1420 80597 3822 2508 2246 1314 1093 1033 262 221 233 776 257 2013 1443 382 329 76775 234 678 76693
internal_count=137088 135602 55005 3513 3433 1883 1550 655 548 1420 80597 3822 2508 2246 1314 1093 1033 262 221 233 776 257 2013 1443 382 329 76775 234 678 76693
is_linear=0
shrinkage=0.05


Tree=201
num_leaves=31
num_cat=0
split_feature=2 1 8 13 0 10 2 14 9 12 12 4 10 10 11 5 12 0 9 4 5 11 12 6 10 5 13 12 10 13
split_gain=3245.01 11349.9 7466.71 8753.33 9251.54 11482.4 10911.3 9199.3 13317.8 11856.1 11210.8 8993.9 8018.25 7989.39 6811.47 7244.9 6716.71 6677.27 6131.68 6037.91 5839.45 12512.9 7056.63 5800.21 12320.1 8788.08 27166.3 8325.9 6924.1 8043.39
threshold=-0.77266666666666672 -0.7200000000000002 0.32000000000000006 0.24825246871434672 198.81333333333336 70.075000000000017 -1.092666666666666 5.5000000000000009 417.50000000000006 0.39271506111191362 -0.19509032201612828 9.106106373957827 101.81666666666668 90.683333333333351 255.37899020314217 165.50166666666669 -0.79335334029123528 157.62000000000003 257.50000000000006 12.91234825587456 155.94500000000005 89.271000991500017 0.34202014332566882 16.715076119987419 88.950000000000003 214.30833333333334 -0.92794370089704259 0.032717136199948427 75.208333333333357 -0.69930991848440816
decision_type=8 10 2 2 2 10 10 2 2 2 2 2 10 10 2 2 2 2 2 2 2 2 2 2 10 2 2 2 8 2
left_child=1 2 3 4 5 -1 7 8 10 -10 13 -5 -6 -7 23 -16 17 18 -8 -3 22 -22 -12 -4 25 28 27 -27 29 -25
right_child=-2 19 14 11 12 6 16 -9 9 -11 20 -13 -14 -15 15 -17 -18 -19 -20 -21 21 -23 -24 24 -26 26 -28 -29 -30 -31
leaf_value=0.017631036565936512 -0.0023977127202038954 0.087429553056630582 0.017631036565936512 -0.25340703482025878 0.017631036565936512 -0.27735182386178242 -0.35003150018642276 0.017631036565936512 -1.0500506472143838 -0.17331726608737824 -0.3774685325174682 0.017631036565936512 -0.55841705746327841 0.017631036565936512 0.062827401811426334 0.8901457284595452 0.017631036565936512 -0.6376137608136887 0.017631036565936512 0.32043057002696645 -1.1027577296121798 -0.36391192426096008 0.017631036565936512 0.89198888372334229 0.017631036565936512 0.62927721206630982 1.1155490424913856 0.017631036565936512 0.074487653447747992 0.099181894339047949
leaf_weight=558 125708 2428 1201 351 712 260 139 240 102 62 177 1668 72 236 55 51 744 78 96 314 67 396 88 63 476 56 104 52 469 65
leaf_count=558 125708 2428 1201 351 712 260 139 240 102 62 177 1668 72 236 55 51 744 78 96 314 67 396 88 63 476 56 104 52 469 65
internal_value=-8.31555e-05 0.0254844 -0.002649 -0.0330867 -0.0787852 -0.119027 -0.164709 -0.245925 -0.295486 -0.718603 -0.238794 0.017631 0.017631 -0.0554685 0.0683488 0.460877 -0.0396178 -0.236762 -0.103713 0.114112 -0.363696 -0.470829 -0.176517 0.0516118 0.1339 0.261648 0.538191 0.017631 0.163445 0.489392
internal_weight=137088 11380 8638 6046 4027 3243 2685 1628 1388 164 1224 2019 784 496 2592 106 1057 313 235 2742 728 463 265 2486 1285 809 212 108 597 128
internal_count=137088 11380 8638 6046 4027 3243 2685 1628 1388 164 1224 2019 784 496 2592 106 1057 313 235 2742 728 463 265 2486 1285 809 212 108 597 128
is_linear=0
shrinkage=0.05


Tree=202
num_leaves=31
num_cat=0
split_feature=4 10 2 10 0 14 12 12 9 13 0 1 1 0 4 9 3 14 0 9 12 0 11 14 11 3 12 10 13 1
split_gain=3240.49 3559.19 3541.69 16180.4 11913.9 11284.9 13233.6 7859.01 13999.8 12284.2 5860.06 6839.74 4681.91 4414.91 3802.26 16623.8 20133.4 20778.1 30015.5 17178 23628 29462.8 25015.6 16820.1 16699.9 15690.7 28341.6 8542.65 8068.17 7433.24
threshold=1.0000000180025095e-35 79.508333333333354 -2.3213333333333335 100.07222222222224 141.46000000000004 1.5000000000000002 0.21643961393810304 -0.24825246871434756 97.500000000000014 0.11969653353600802 101.52666666666669 -2.1462222222222223 -2.8533333333333331 180.98000000000002 24.927789040243905 237.50000000000003 143.54333333333338 1.0000000180025095e-35 228.90000000000003 27.500000000000004 0.6993099184844086 288.90000000000003 95.810359776000013 4.5000000000000009 85.259559940500012 190.37000000000003 0.39271506111191362 83.083333333333357 -0.78661891169205833 1.9022222222222231
decision_type=2 8 10 8 2 2 2 2 2 2 2 10 10 2 2 2 2 2 2 2 2 2 2 2 2 2 2 10 2 10
left_child=1 -1 3 5 12 6 -2 9 -9 -7 -10 13 -5 -12 29 16 28 18 -18 -19 22 -22 24 27 -21 -24 -27 -17 -16 -4
right_child=2 -3 14 4 -6 7 -8 8 10 -11 11 -13 -14 -15 15 23 17 19 -20 20 21 -23 25 -25 -26 26 -28 -29 -30 -31
leaf_value=-0.56083522205482483 0.13627455288512727 -0.0096475874132011096 -0.00117079736891869 0.41706382588906721 0.023356980399952997 -0.78421383998356764 -0.85343828052282333 0.97755910215469521 0.54195538142732547 0.249673397914838 -0.1220377023777236 -0.52364187465448475 1.0210703784769233 0.48157987144810188 0.92491657853954379 -0.48697770058854739 -0.37535854847926015 0.59375228583812711 1.2118822161765661 0.035162438703055431 -1.105405494164337 0.21470843752225244 0.023319805139982247 0.13056815679411632 1.0776332451090698 -1.3200871529169831 0.011770802695159016 -1.272704539709447 0.15956899252804846 0.085718804434042284
leaf_weight=54 59 64 132479 55 90 56 79 52 51 59 69 56 77 54 72 88 53 64 68 101 143 60 158 74 62 83 77 57 66 2508
leaf_count=54 59 64 132479 55 90 56 79 52 51 59 69 56 77 54 72 88 53 64 68 101 143 60 158 74 62 83 77 57 66 2508
internal_value=2.11942e-05 -0.261886 0.000246828 0.108098 0.466951 -0.0408095 -0.4303 0.0945802 0.236644 -0.253785 0.0691326 -0.0655823 0.769401 0.142965 -0.00035255 -0.0880087 -0.00214745 -0.0912405 0.516645 -0.189575 -0.262869 -0.715224 -0.0719578 -0.482813 0.431685 -0.330114 -0.679131 -0.79585 0.558881 0.000443574
internal_weight=137088 118 136970 757 222 535 138 397 282 115 230 179 132 123 136213 1226 1007 869 121 748 684 203 481 219 163 318 160 145 138 134987
internal_count=137088 118 136970 757 222 535 138 397 282 115 230 179 132 123 136213 1226 1007 869 121 748 684 203 481 219 163 318 160 145 138 134987
is_linear=0
shrinkage=0.05


Tree=203
num_leaves=31
num_cat=0
split_feature=5 11 12 0 9 13 10 5 5 2 13 10 11 3 13 11 11 9 9 6 13 9 12 14 12 5 12 12 12 11
split_gain=3228.07 9813.9 13147.2 15724.9 28339.3 16418.6 15910.7 15285.7 28712.5 14991.9 13536.5 10433.5 20647.4 29638.5 48768.9 23821.4 42980.7 23079.8 55193.2 25377.9 21340 41222.9 19406.8 14364.6 26554.2 23301.2 17463 18465.8 19350.1 18359
threshold=121.77166666666668 1.0000000180025095e-35 0.032717136199948427 183.18000000000004 902.50000000000011 0.59130964836358235 58.20000000000001 163.90333333333336 144.18500000000003 0.09866666666666718 -0.27982901403099208 105.88333333333334 50.677069756500011 143.54333333333338 -0.39271506111191329 62.262162506580204 62.576381797000018 1122.5000000000002 1037.5000000000002 13.867321727975432 0.13052619222005152 277.50000000000006 0.45201865172701788 1.0000000180025095e-35 0.66746801135786471 126.53666666666668 0.39271506111191362 0.15212338618991691 -0.17364817766693016 66.653520950736606
decision_type=2 2 2 2 2 2 10 2 2 8 2 8 2 2 2 2 2 2 2 2 2 2 2 2 2 2 2 2 2 2
left_child=-1 2 -2 4 6 -5 7 8 10 -6 -4 -3 13 14 -13 22 20 18 23 -19 21 -17 -14 24 25 -18 27 28 29 -25
right_child=1 11 3 5 9 -7 -8 -9 -10 -11 -12 12 15 -15 -16 16 17 19 -20 -21 -22 -23 -24 26 -26 -27 -28 -29 -30 -31
leaf_value=-0.0094512384108718234 -0.25321840061999251 0.0033787588567160752 1.1398145619998961 -0.88798012480967581 -0.0068779312392736568 0.23492123452471755 -0.19134990494741605 -0.15965758676460962 1.7006908157467842 -0.63436331087496223 0.1855759878187393 1.5767743714010487 -0.23486966203374854 0.11742729468290275 0.16973453925996526 0.31301953559353329 0.55376877382111089 -0.07880317253891278 1.6432926120236517 -1.2457186821190751 0.0023056691926386622 1.8297214046475432 0.12592949314969937 0.9313630843162537 0.81938130621816596 -0.60641835047755133 -0.073555336854385464 0.53485014770037054 -0.20181704838796485 0.15414054582262582
leaf_weight=54317 844 73897 51 90 421 51 86 57 60 123 137 104 1203 730 151 96 52 148 56 68 72 84 540 80 51 258 1060 304 385 1512
leaf_count=54317 844 73897 51 90 421 51 86 57 60 123 137 104 1203 730 151 96 52 148 56 68 72 84 540 80 51 258 1060 304 385 1512
internal_value=2.01344e-05 0.00623555 -0.105488 0.0103902 0.0846171 -0.481824 0.409308 0.578674 0.748371 -0.148754 0.444439 0.00888869 0.0674402 0.279529 0.743586 0.0324415 0.09659 0.0564361 0.0853243 -0.446165 0.729811 1.02081 -0.12309 0.061757 -0.237871 -0.411806 0.0941322 0.172058 0.116272 0.193197
internal_weight=137088 82771 1920 1076 935 141 391 305 248 544 188 80851 6954 985 255 5969 4226 3974 3758 216 252 180 1743 3702 361 310 3341 2281 1977 1592
internal_count=137088 82771 1920 1076 935 141 391 305 248 544 188 80851 6954 985 255 5969 4226 3974 3758 216 252 180 1743 3702 361 310 3341 2281 1977 1592
is_linear=0
shrinkage=0.05


Tree=204
num_leaves=31
num_cat=0
split_feature=11 9 2 0 9 6 5 13 9 12 10 0 10 9 9 9 14 13 9 13 12 13 0 12 13 5 3 14 10 1
split_gain=3191.48 15021.3 11960.5 10566 9906.21 8249.45 8244.48 11042.2 9930.79 9895.55 8501.83 8366.28 7252.17 16814.1 29582.7 27097.5 43242.7 19075.8 15427.1 21718.4 43760.2 23940.1 17417 17319.6 15787 15467.5 21139.3 16093.2 13412 12860.8
threshold=290.57915931616486 527.50000000000011 1.186666666666667 130.00666666666669 17.500000000000004 8.350420622746844 149.23166666666671 0.63435554093529944 362.50000000000006 0.6993099184844086 94.533333333333346 186.53333333333339 103.90000000000002 612.50000000000011 392.50000000000006 727.50000000000011 2.5000000000000004 -0.564573334685324 82.500000000000014 -0.93585024503435343 -0.7729644631059297 0.14132478920498384 185.40666666666669 0.95688340256707793 -0.98279651670771917 241.53 170.21000000000004 4.5000000000000009 106.61666666666669 0.25599999999999984
decision_type=2 2 10 2 2 2 2 2 2 2 10 2 10 2 2 2 2 2 2 2 2 2 2 2 2 2 2 2 10 10
left_child=12 2 4 -3 -2 -5 8 10 9 -6 -8 -12 -1 14 18 16 -15 -17 19 24 21 28 23 -22 -14 26 27 -20 -21 -28
right_child=1 3 -4 5 6 -7 7 -9 -10 -11 11 -13 13 15 -16 17 -18 -19 25 20 22 -23 -24 -25 -26 -27 29 -29 -30 -31
leaf_value=-0.0008900332692077875 -0.47285194600723229 -0.10414613566228322 -0.70481841402538759 -0.40392779718901289 -0.083669629899810194 -1.1510363091837685 0.74913814395666123 0.88255216977813034 0.49025380946277236 0.62024182958814966 0.18741478962011826 -0.33421093402978252 0.20934589936962872 1.6064449256674078 -0.42270331831343316 0.89846726369183016 -0.0076092214456626355 -0.16157699776419873 -0.14957003522824514 0.39709783144644462 -0.5166606317167276 0.11373992301752232 0.39047952500200767 0.38703824616968635 0.98487531758425106 -0.64150751265850703 0.59075015131062991 0.25518730595320088 1.3187489271742627 -0.069772886719416699
leaf_weight=130975 98 210 59 122 1253 53 50 55 89 52 312 102 122 90 323 53 77 213 1090 64 309 163 97 64 142 91 232 317 103 108
leaf_count=130975 98 210 59 122 1253 53 50 55 89 52 312 102 122 90 323 53 77 213 1090 64 309 163 97 64 142 91 232 317 103 108
internal_value=1.91277e-05 -0.0564767 -0.00313791 -0.343259 0.0174484 -0.630195 0.0425658 0.21268 -0.0207696 -0.0556211 0.133278 0.0588983 0.00104932 0.0704879 0.0312086 0.363042 0.86224 0.0496348 0.0817301 0.233248 0.10348 0.544803 -0.206385 -0.361602 0.626487 -0.00598236 0.0271217 -0.0583774 0.965541 0.380937
internal_weight=137088 2455 2070 385 2011 175 1913 519 1394 1305 464 414 134633 3658 3225 433 167 266 2902 1064 800 330 470 373 264 1838 1747 1407 167 340
internal_count=137088 2455 2070 385 2011 175 1913 519 1394 1305 464 414 134633 3658 3225 433 167 266 2902 1064 800 330 470 373 264 1838 1747 1407 167 340
is_linear=0
shrinkage=0.05


Tree=205
num_leaves=31
num_cat=0
split_feature=9 10 13 8 9 13 1 11 13 9 5 6 10 5 5 5 10 5 6 10 0 5 5 11 9 10 11 11 11 13
split_gain=3260.64 8706.13 9739.26 13507.2 9720.95 16847.9 16685.6 15365.8 19118.4 16310.4 16307 14696 14324.2 14834 14302.4 23802.4 28825.2 27959.5 25336.7 18967.5 20076.5 14275.8 14200 13541.1 12751.9 57223 31047.5 29916.3 29141.8 35640.9
threshold=177.50000000000003 54.233333333333341 0.93585024503435366 205.00000000000003 87.500000000000014 -0.96863394805116465 1.4013333333333338 84.292559318500011 0.098011308799811445 112.50000000000001 152.59833333333336 6.8800277483374188 90.466666666666683 178.41166666666669 163.20166666666671 214.30833333333334 100.07222222222224 232.36000000000004 12.192185771125517 89.516666666666694 123.05333333333334 163.90333333333336 178.41166666666669 143.23594968850003 57.500000000000007 77.868333333333354 119.25775998549425 62.262162506580204 56.383576869964777 -0.84915165824291594
decision_type=2 8 2 2 2 2 10 2 2 2 2 2 10 2 2 2 8 2 2 10 2 2 2 2 2 10 2 2 2 2
left_child=1 -1 4 -4 24 14 11 21 10 -10 -9 12 -7 -14 19 16 18 -17 22 20 -6 -8 -16 -15 28 -26 27 -27 29 -3
right_child=-2 2 3 -5 5 6 7 8 9 -11 -12 -13 13 23 15 17 -18 -19 -20 -21 -22 -23 -24 -25 25 26 -28 -29 -30 -31
leaf_value=-0.40262800770537627 0.0057808324300606707 -0.34780130170086643 0.058060074769106053 0.62284158890897579 -0.12490375825646981 -0.11261900923853965 -0.20397771768497699 -0.30433419617219715 -0.59922529298525595 0.5176993399181149 -0.95808201705718921 0.021629849753978133 0.00076895271242494309 0.12184432401179762 -0.63911186237819495 0.85266259146684953 0.23950697300162649 -0.25906594565286883 -0.37950400896936998 -0.29144470317978327 0.33896739904683237 0.65987006502225998 -1.5215266961534069 0.967660662795924 -0.14934234026564047 -0.82860224714566921 0.050055749596664159 0.32217896387464007 -0.029310410907059201 0.61359624786276934
leaf_weight=141 87963 131 2815 110 576 5217 132 228 52 88 164 11107 1572 118 80 77 101 213 263 619 392 75 106 79 2319 58 3326 2149 16452 365
leaf_count=141 87963 131 2815 110 576 5217 132 228 52 88 164 11107 1572 118 80 77 101 213 263 619 392 75 106 79 2319 58 3326 2149 16452 365
internal_value=1.81713e-05 -0.0103004 -0.00917111 0.0792997 -0.0147895 -0.0395992 -0.0236199 -0.256496 -0.398714 0.102842 -0.577841 -0.0141082 -0.0709278 0.0520247 -0.163589 -0.330424 -0.523691 0.0361171 -0.695368 -0.0752827 0.0629449 0.109011 -1.14199 0.46103 0.00647782 0.0591523 0.146537 0.291936 -0.0179263 0.359679
internal_weight=137088 49125 48984 2925 46059 21259 18832 739 532 140 392 18093 6986 1769 2427 840 550 290 449 1587 968 207 186 197 24800 7852 5533 2207 16948 496
internal_count=137088 49125 48984 2925 46059 21259 18832 739 532 140 392 18093 6986 1769 2427 840 550 290 449 1587 968 207 186 197 24800 7852 5533 2207 16948 496
is_linear=0
shrinkage=0.05


Tree=206
num_leaves=31
num_cat=0
split_feature=4 3 6 13 12 12 14 10 10 3 9 2 12 5 5 3 1 10 13 9 9 5 9 0 14 9 13 9 11 3
split_gain=3151.4 4636.94 4238.4 19512.8 17185.8 15713.3 23936.9 17072.5 28540.7 43227.3 12790 26030.9 12646.9 18728.4 19105.1 17364.9 12167.3 11572.6 14051 17039.2 20216.9 10960.3 16304.7 34140.8 27887.8 10176.2 13332.2 11997.8 14793.1 13848.5
threshold=0.39533948058013263 155.49000000000004 2.7916512135657912 -0.61734245059638992 -0.24825246871434756 0.49049438445969384 3.5000000000000004 92.346666666666678 84.608333333333363 132.89444444444447 847.50000000000011 -0.03333333333333309 0.6993099184844086 101.26833333333335 113.55166666666669 128.4366666666667 -0.066666666666666888 67.538888888888906 -0.1413247892049839 422.50000000000006 762.50000000000011 150.66833333333335 587.50000000000011 113.38000000000001 1.5000000000000002 17.500000000000004 -0.94331137514050678 57.500000000000007 119.25775998549425 102.17000000000003
decision_type=2 2 2 2 2 2 2 10 10 2 2 8 2 2 2 2 10 8 2 2 2 2 2 2 2 2 2 2 2 2
left_child=1 -1 3 5 17 16 7 8 10 -10 -7 -12 13 -8 -15 -16 -2 -5 -19 -20 21 22 24 -24 -21 26 -18 28 29 -27
right_child=2 -3 -4 4 -6 6 12 -9 9 -11 11 -13 -14 14 15 -17 25 18 19 20 -22 -23 23 -25 -26 27 -28 -29 -30 -31
leaf_value=-0.070229070981163363 -0.069909738971102017 0.17727835941603226 -0.0036138760615308861 -0.10014040799852393 -0.023609903156511708 0.20894889952056969 -0.35147994534188026 -0.31721125143447093 0.42444255465552927 2.2178509020911799 1.6627064929288977 0.2769376092618055 -0.25134982366373759 1.074941832472311 -0.29716549128004649 0.62782253995537762 0.18117656130211887 -0.010701420026915995 0.11025089051345116 -0.2788243868908325 -0.0067598596787670764 0.18455142940757641 0.52397249516231026 2.1876502892842482 0.96184491874142131 -0.29268736532505824 0.92870082052267466 0.12251402231962545 -0.53196096491633049 0.76396931205925189
leaf_weight=2614 1349 204 104618 774 18952 434 111 70 84 56 51 101 259 79 103 100 212 1584 2276 77 205 118 78 51 110 68 83 2045 165 57
leaf_count=2614 1349 204 104618 774 18952 434 111 70 84 56 51 101 259 79 103 100 212 1584 2276 77 205 118 78 51 110 68 83 2045 165 57
internal_value=1.72628e-05 -0.0523116 0.00111552 0.0178017 -0.00139603 0.103497 0.244531 0.428518 0.500421 1.14181 0.347189 0.7419 0.0199091 0.198678 0.415229 0.158494 0.0521725 0.0784442 0.109168 0.174304 0.402449 0.595739 0.749283 1.18171 0.450981 0.114792 0.391497 0.0798335 -0.221138 0.189148
internal_weight=137088 2818 134270 29652 24225 5427 1448 796 726 140 586 152 652 393 282 203 3979 5273 4499 2915 639 434 316 129 187 2630 295 2335 290 125
internal_count=137088 2818 134270 29652 24225 5427 1448 796 726 140 586 152 652 393 282 203 3979 5273 4499 2915 639 434 316 129 187 2630 295 2335 290 125
is_linear=0
shrinkage=0.05


Tree=207
num_leaves=31
num_cat=0
split_feature=2 4 1 1 11 9 12 4 13 12 10 10 6 3 9 10 0 14 13 11 3 13 2 3 14 2 10 10 1 9
split_gain=3113.16 9143.77 22042.6 18351.3 16934.5 14337 18003.5 12629.5 15269.2 24556.3 22041.7 20405.1 23885.5 25275.9 14179.7 18827.2 15022.1 13168.8 19176.4 13627.5 12708.7 12312.4 11242 11077.1 21831.4 14435.8 10948.8 10760.5 10523.2 10401.9
threshold=0.10844444444444436 8.3339983734571579 -0.92000000000000015 -0.40799999999999975 1.0000000180025095e-35 777.50000000000011 0.032717136199948427 2.3653047724656466 -0.61734245059638992 0.39271506111191362 82.683333333333351 90.683333333333351 2.3182891636922003 136.18333333333337 797.50000000000011 73.969444444444463 163.53333333333339 4.5000000000000009 -0.99512551815703254 196.23981478586006 188.83000000000004 0.34202014332566844 -0.46000000000000019 125.43666666666668 3.5000000000000004 -0.03333333333333309 65.308333333333351 97.016666666666666 -0.60799999999999998 517.50000000000011
decision_type=10 2 8 10 2 2 2 2 2 2 10 10 2 2 2 8 2 2 2 2 2 2 10 2 2 8 10 10 10 2
left_child=1 3 21 4 5 6 -1 8 9 17 14 12 13 -12 16 26 -11 20 19 -19 -5 -3 -6 24 25 -17 -16 -20 -8 -24
right_child=-2 2 -4 7 22 -7 28 -9 -10 10 11 -13 -14 -15 15 23 -18 18 27 -21 -22 -23 29 -25 -26 -27 -28 -29 -30 -31
leaf_value=-0.3305036153080208 -0.010533428344792026 -0.033839455932805816 0.15226742311304312 -0.024641551234442664 -0.084535175434627283 -0.47715472583363694 0.03937271509319544 0.044624354567811435 -0.019308710657310955 0.011043175699393582 0.69536047363744202 0.12771564411149333 0.36672419729780115 2.0655021250844001 0.26122267321732484 1.1903047147771004 -0.84904637844474229 0.66445457411554243 0.0001196739681654586 -0.19805206690441099 -0.51027784413999799 0.097823252167990149 -0.030026669201187968 -0.51403651088476188 -0.11724278492412131 0.14152603237355341 1.0608866608416549 0.48225368023704507 1.0215264590159059 0.09116767547987209
leaf_weight=175 46307 6284 3470 4371 6977 410 60 20036 32584 848 103 351 281 50 76 71 54 233 1207 57 139 2475 7548 64 207 61 98 128 50 2313
leaf_count=175 46307 6284 3470 4371 6977 410 60 20036 32584 848 103 351 281 50 76 71 54 233 1207 57 139 2475 7548 64 207 61 98 128 50 2313
internal_value=1.63995e-05 0.00539782 0.0456156 -0.000863297 -0.0459479 -0.287817 -0.0154367 0.0120912 -0.00381383 0.0562987 0.197035 0.411178 0.64043 1.14312 0.083376 0.276944 -0.0404478 0.00436268 0.126401 0.494927 -0.0396091 0.00336402 -0.0359646 0.0892733 0.203172 0.705642 0.711608 0.0463468 0.485806 -0.00159928
internal_weight=137088 90781 12229 78552 17533 695 285 61019 40983 8399 2264 785 434 153 1479 577 902 6135 1625 290 4510 8759 16838 403 339 132 174 1335 110 9861
internal_count=137088 90781 12229 78552 17533 695 285 61019 40983 8399 2264 785 434 153 1479 577 902 6135 1625 290 4510 8759 16838 403 339 132 174 1335 110 9861
is_linear=0
shrinkage=0.05


Tree=208
num_leaves=31
num_cat=0
split_feature=5 6 9 11 3 12 1 11 13 3 6 6 14 5 6 12 9 13 10 11 9 10 1 13 12 9 12 2 5 10
split_gain=3017.06 9663.77 6762.9 9384.46 8707.02 12823 5719.26 5583.11 5121.98 5753.35 5284.87 4120.32 3472.91 22870.5 22717.5 21338.5 18459.6 29383.9 26666.1 23547.7 23047.5 13571.8 12407.9 12060.4 11264.8 16017.2 15522.3 36426.7 30047 21910.3
threshold=72.52166666666669 18.153278024367072 957.50000000000011 64.104761061000019 70.963333333333352 -0.10886687485196471 0.33333333333333387 113.20953613432755 -0.87137607974597309 64.737777777777794 3.5156360689887305 5.1876091688181853 5.5000000000000009 220.5916666666667 37.345984246274824 0.021814885034561173 402.50000000000006 -0.15212338618991647 83.335416666666688 77.349602580070311 932.50000000000011 90.083333333333343 3.5906666666666678 0.72236396205975539 0.92794370089704281 47.500000000000007 0.4126824757997184 1.292 154.23500000000004 92.605555555555569
decision_type=2 2 2 2 2 2 10 2 2 2 2 2 2 2 2 2 2 2 10 2 2 10 8 2 2 2 2 8 2 10
left_child=1 2 4 6 7 -6 -4 8 11 -10 -11 -1 -2 14 22 -16 17 21 20 -19 23 -15 24 -18 26 -26 -14 29 -29 -28
right_child=12 -3 3 -5 5 -7 -8 -9 9 10 -12 -13 13 16 15 -17 18 19 -20 -21 -22 -23 -24 -25 25 -27 27 28 -30 -31
leaf_value=-0.31215518422160921 -0.0023830700903543726 -0.72544931948736868 -0.033761979173575103 0.62306081374340205 0.69891951832482047 -0.35587162226438523 0.51660903382535073 0.18036502145230771 -0.076890210125266645 -0.67075498380387832 -0.048731677543442209 -0.89466753789022868 0.040899248535422539 -0.060508556458206013 1.2342213685575285 0.045437522788842527 0.80693541934283886 -0.44651839382286318 1.1223696502928551 -1.7483175244062179 -0.9398216363042593 -0.77235875269625254 0.72281016358174388 -0.095036470866942599 0.76925715160496688 0.10234522229197258 -0.060396174950830363 0.023151042251313321 1.6197994161331863 -0.46581114314069022
leaf_weight=75 116707 54 634 68 68 50 51 80 340 96 53 51 11225 365 76 75 52 79 52 62 64 82 64 129 94 2132 3726 61 57 366
leaf_count=75 116707 54 634 68 68 50 51 80 340 96 53 51 11225 365 76 75 52 79 52 62 64 82 64 129 94 2132 3726 61 57 366
internal_value=1.55798e-05 -0.0678146 -0.0451375 0.0628288 -0.145136 0.251974 0.00721455 -0.212559 -0.263671 -0.190425 -0.449498 -0.547934 0.00082673 0.020794 0.0330773 0.643766 -0.227315 -0.389608 0.0939918 -1.01894 -0.124276 -0.191094 0.0278749 0.164094 0.0253565 0.130508 0.0101919 -0.0716822 0.794413 -0.0966576
internal_weight=137088 1620 1566 753 813 118 685 695 615 489 149 126 135468 18761 17876 151 885 588 297 141 245 447 17725 181 17661 2226 15435 4210 118 4092
internal_count=137088 1620 1566 753 813 118 685 695 615 489 149 126 135468 18761 17876 151 885 588 297 141 245 447 17725 181 17661 2226 15435 4210 118 4092
is_linear=0
shrinkage=0.05


Tree=209
num_leaves=31
num_cat=0
split_feature=9 1 5 14 5 3 9 9 2 6 11 10 0 12 5 11 11 9 5 11 9 10 5 12 8 2 13 3 10 0
split_gain=3000.21 8609.32 16144.3 22456.3 16225.4 24174.6 14329.2 10097.5 8391.66 8179.76 8643.96 24693.7 24358.6 19980.1 26150.1 19967.4 31465.8 42004.9 19789.7 23111.1 47620.4 22537.9 18571.7 18543.8 47969 39690.5 20089.4 33196.2 22657.7 21328.7
threshold=177.50000000000003 3.0226666666666655 115.89722222222224 1.0000000180025095e-35 189.04833333333335 179.87000000000003 37.500000000000007 42.500000000000007 2.8933333333333349 0.67330032921645366 92.693095237016749 67.350000000000023 69.940000000000012 -0.56457333468532422 277.32833333333338 72.455140113830623 64.910134803829152 72.500000000000014 158.98666666666671 57.641281458500011 67.500000000000014 56.546666666666674 155.40833333333336 0.4126824757997184 65.550000000000011 -0.72933333333333261 0.11969653353600802 81.343333333333348 89.516666666666694 194.22000000000003
decision_type=2 10 2 2 2 2 2 2 10 2 2 10 2 2 2 2 2 2 2 2 2 10 2 2 2 10 2 2 10 2
left_child=1 9 -3 -4 5 6 -5 -6 -2 -1 11 13 -13 18 15 16 -15 22 19 20 21 -11 -18 26 -25 -26 27 -14 29 -29
right_child=8 2 3 4 7 -7 -8 -9 -10 10 -12 12 23 14 -16 -17 17 -19 -20 -21 -22 -23 -24 24 25 -27 -28 28 -30 -31
leaf_value=0.48349605276283009 0.0059288210883557844 0.86102460207971365 0.80537421716296154 -0.26834344227332624 0.8735500191037473 -0.80232439825640012 0.44454098767240624 0.051830313693393359 -0.61187175011092965 1.6950584278024476 -0.028441678841465291 -0.77327223437056802 1.2047827261465569 -0.103515907821219 0.90924614309493834 0.028889455539530751 -0.76963674200765553 -0.23772797839158877 -0.18338831992879992 0.034470460002691057 0.025116306551555709 0.48500327105917362 -1.7606072793404264 -0.078018873735196392 1.4828954823811848 0.36823592817434475 0.11918453166921852 -0.05419595914133795 -0.34015979494330462 0.23697911065418475
leaf_weight=83 87908 74 92 160 65 119 126 88 55 87 31936 87 54 1547 58 980 223 585 620 1066 227 69 60 678 90 709 4337 3579 563 763
leaf_count=83 87908 74 92 160 65 119 126 88 55 87 31936 87 54 1547 58 980 223 585 620 1066 227 69 60 678 90 709 4337 3579 563 763
internal_value=1.48005e-05 -0.00988313 0.161261 0.0815952 -0.0377376 -0.203455 0.0457245 0.400927 0.00554253 -0.0124432 -0.0132951 0.0162326 0.0600062 -0.0698562 -0.143477 -0.161462 -0.238706 -0.47965 0.0530118 0.154163 0.487302 1.15984 -0.979737 0.0667356 0.231309 0.493792 0.0405873 -0.0281516 -0.0417252 -0.00302908
internal_weight=137088 49125 724 650 558 405 286 153 87963 48401 48318 16382 10860 5522 3453 3395 2415 868 2069 1449 383 156 283 10773 1477 799 9296 4959 4905 4342
internal_count=137088 49125 724 650 558 405 286 153 87963 48401 48318 16382 10860 5522 3453 3395 2415 868 2069 1449 383 156 283 10773 1477 799 9296 4959 4905 4342
is_linear=0
shrinkage=0.05


Tree=210
num_leaves=31
num_cat=0
split_feature=2 6 11 10 11 0 11 13 12 8 14 12 8 10 4 10 5 12 9 12 12 13 0 0 13 8 6 12 3 13
split_gain=2948.74 9341.77 15057.2 13592.2 25012.8 17885.4 25686.9 29486.1 22328.7 19754.8 17221.9 20056.3 20688.3 16731.8 15840 15660.2 18842.5 15343.9 15157.9 14773.8 28168.7 22886.8 18544.1 15745.7 14616 24116.7 24058.1 16269.1 14606.1 18812.2
threshold=0.10844444444444436 8.9840663668876264 320.64516365775438 95.575000000000017 151.66560000350003 190.22000000000003 136.92973273925978 -0.78661891169205833 0.6993099184844086 0.83500000000000019 3.5000000000000004 -0.92794370089704248 93.500000000000014 84.483333333333363 9.8213712382974219 91.072222222222237 147.04833333333337 -0.40274668985873679 42.500000000000007 0.77296446310593014 -0.18436924984152911 0.37256073532439549 146.02000000000004 195.74000000000004 -0.27982901403099208 42.500000000000007 19.918911365069857 0.51877325816052167 138.20333333333338 0.50938662908026078
decision_type=10 2 2 10 2 2 2 2 2 2 2 2 2 10 2 8 2 2 2 2 2 2 2 2 2 2 2 2 2 2
left_child=-1 -2 3 4 13 8 7 -7 -5 -9 15 14 19 24 -12 16 -6 -14 -8 20 21 -13 -23 -22 25 26 -3 -28 -15 -30
right_child=1 2 -4 5 10 6 18 9 -10 -11 11 12 17 28 -16 -17 -18 -19 -20 -21 23 22 -24 -25 -26 -27 27 -29 29 -31
leaf_value=0.0052514483947779071 0.0089793848128986772 -0.11406587219637419 -0.42360006235239489 0.038222198474376731 -0.26264496070655624 -0.94477815566918799 1.1410913445160424 -0.26492457663766422 -0.56274243781441136 0.60350757382174791 -0.001936881435223115 0.33967986537566031 0.33967986537566031 -0.072794462228353896 -0.95049879533229498 -0.047462118181847139 -0.73169351528477244 1.3676549545526506 0.36047165365034561 0.33967986537566031 -0.27954221169176674 0.33967986537566031 -0.67526417472441724 -1.1065588775767039 -0.003512229388517476 0.010524646564374518 -0.28091119174497287 -0.73764824341414348 0.2175363290437729 -0.12995384330239132
leaf_weight=90781 26714 1750 248 1608 603 78 71 133 171 129 78 199 50 1164 101 377 332 50 501 114 272 67 111 73 6134 1974 575 295 1841 494
leaf_count=90781 26714 1750 248 1608 603 78 71 133 171 129 78 199 50 1164 101 377 332 50 501 114 272 67 111 73 6134 1974 575 295 1841 494
internal_value=1.40606e-05 -0.0102534 -0.0364763 -0.0315134 -0.0483606 0.0727503 0.252784 -0.0913976 -0.0195434 0.162662 -0.196719 -0.0522402 0.0404953 -0.0230519 -0.537159 -0.319505 -0.429195 0.720165 0.457367 -0.0408048 -0.128062 0.170699 -0.278319 -0.454534 -0.0540188 -0.121456 -0.220895 -0.435782 0.0718932 0.14402
internal_weight=137088 46307 19593 19345 16654 2691 912 340 1779 262 2427 1115 936 14227 179 1312 935 100 572 836 722 377 178 345 10728 4594 2620 870 3499 2335
internal_count=137088 46307 19593 19345 16654 2691 912 340 1779 262 2427 1115 936 14227 179 1312 935 100 572 836 722 377 178 345 10728 4594 2620 870 3499 2335
is_linear=0
shrinkage=0.05


Tree=211
num_leaves=31
num_cat=0
split_feature=4 11 12 12 11 9 11 9 0 10 9 5 11 10 3 13 3 13 3 10 6 4 6 12 10 11 5 14 9 5
split_gain=2997.53 6637.15 8234.05 14371.6 13105.1 24744.9 14988 12326.3 9629.18 9526.01 10243.6 9088.92 19138.5 12864.3 10529.3 9773.54 9617.22 9346.71 7171.86 7125.63 6467.87 6285.04 5997.18 7272.71 25609.6 27303.3 26051.1 19207.2 65854.9 18878.7
threshold=1.0013590765082685 86.248798527000005 0.79989897227935891 -0.46174861323503386 119.25775998549425 12.500000000000002 107.47991512450001 312.50000000000006 85.206666666666692 74.141666666666694 457.50000000000006 115.36055555555559 201.40593045750003 80.346666666666678 109.68166666666669 -0.44228869021900119 134.30333333333337 -0.44228869021900119 136.18333333333337 96.726666666666688 1.5709560879280813 0.80663911798343668 2.7916512135657912 -0.98990318592078552 114.51666666666667 249.57287906750003 198.1866666666667 4.5000000000000009 212.50000000000003 172.88166666666669
decision_type=2 2 2 2 2 2 2 2 2 10 2 2 2 10 2 2 2 2 2 8 2 2 2 2 10 2 2 2 2 2
left_child=1 -1 3 19 5 -5 -7 -8 -6 -10 18 14 13 17 -4 -15 -17 -13 -11 21 -12 -3 -2 24 25 26 27 29 -29 -24
right_child=22 2 11 4 8 6 7 -9 9 10 20 12 -14 15 -16 16 -18 -19 -20 -21 -22 -23 23 -25 -26 -27 -28 28 -30 -31
leaf_value=-0.037222089662702268 0.028427409068047367 0.085579706055277066 -0.12222550385846542 1.4091309069418441 0.70052950607057207 0.10655387291824558 0.35550144696401231 1.3346386791318656 0.44988748368608661 -0.051022327854706534 0.7613054399773227 0.43641922272741795 0.35638382548931991 -1.2956444958757078 0.63838956243225509 -0.96231503340433244 -0.018498961546204309 -0.38243679971798605 -0.63304630643443061 -0.26095464296018084 0.10359066033681089 -0.11096150725856201 -0.14414371272273646 0.00105857929573368 -0.95936243457671933 0.4618934316464155 -0.4636133209194 -0.22091473075055396 0.52262598438923002 0.25653852672066269
leaf_weight=13037 19238 1045 130 51 57 413 90 50 122 741 59 50 96 56 70 53 55 115 57 285 102 666 2834 95373 78 251 392 626 568 328
leaf_count=13037 19238 1045 130 51 57 413 90 50 122 741 59 50 96 56 70 53 55 115 57 285 102 666 2834 95373 78 251 392 626 568 328
internal_value=3.35006e-05 -0.0193576 0.0340228 0.0621098 0.167054 0.355297 0.258108 0.705193 0.0671428 0.033745 -0.0191949 -0.13396 -0.264759 -0.446005 0.14399 -0.759611 -0.481668 -0.134299 -0.0925955 -0.0294798 0.344617 0.00907681 0.00285254 -0.00204551 -0.0603567 -0.0463294 -0.0731963 -0.0380624 0.132796 -0.10258
internal_weight=137088 17400 4363 3738 1742 604 553 140 1138 1081 959 625 425 329 200 164 108 165 798 1996 161 1711 119688 100450 5077 4999 4748 4356 1194 3162
internal_count=137088 17400 4363 3738 1742 604 553 140 1138 1081 959 625 425 329 200 164 108 165 798 1996 161 1711 119688 100450 5077 4999 4748 4356 1194 3162
is_linear=0
shrinkage=0.05


Tree=212
num_leaves=31
num_cat=0
split_feature=5 2 14 0 3 10 13 11 9 12 5 14 5 12 13 10 9 5 14 11 11 9 9 9 0 11 5 14 0 12
split_gain=2932.91 5364.38 9023.37 4696.05 5630.81 4813.62 10786.3 11843.2 5481.98 11295.5 12849.4 17584.3 12766.7 19922.9 10044.9 13077.6 9731.89 9811.04 9080.23 11005.7 19958.6 12551.5 10592.3 8980.05 9165.77 8569.89 7852.42 28977.1 24620 20950
threshold=102.10000000000001 1.8666666666666667 1.5000000000000002 128.02000000000004 108.52000000000002 108.45 0.33172980431441496 231.67598128318795 597.50000000000011 0.35222909080468517 66.465000000000018 1.0000000180025095e-35 46.57694444444445 -0.17364817766693016 -0.17364817766693072 62.166666666666679 807.50000000000011 84.654444444444451 4.5000000000000009 66.536591028981107 159.63465119039344 842.50000000000011 1332.5000000000002 1437.5000000000002 80.180000000000021 62.262162506580204 87.401666666666685 1.0000000180025095e-35 69.940000000000012 0.04361938736533582
decision_type=2 8 2 2 2 10 2 2 2 2 2 2 2 2 2 10 2 2 2 2 2 2 2 2 2 2 2 2 2 2
left_child=1 3 -3 4 5 8 7 -7 26 10 12 -12 -10 -14 18 25 17 -13 19 22 21 -21 -11 24 -18 -16 27 -1 -29 -30
right_child=-2 2 -4 -5 -6 6 -8 -9 9 14 11 16 13 -15 15 -17 23 -19 -20 20 -22 -23 -24 -25 -26 -27 -28 28 29 -31
leaf_value=-0.30192719131559853 0.0028148076760237967 -0.19183152049610563 0.55992991492004673 0.29791416128149678 -0.26608249792192556 -0.77883824666543888 0.36609604989272965 -0.11111893673400278 -0.11106611785155461 -0.12781827543457011 -0.61533382274852755 0.64828135511454421 1.1309017079151595 -0.065075063417355222 -0.052574257802729764 -0.38477105584936577 -0.70677103558303545 -0.053048695807150985 -0.14998601236853096 0.30989254024149715 0.00655560180494169 1.2084112736281385 0.25426743935350199 -0.099826243387300465 -0.22147540200344276 0.39190968593929787 -0.01847535158946953 -0.16128090626271463 0.37976347791306309 -0.037006251136107109
leaf_weight=402 119748 66 101 114 237 98 69 206 239 354 232 68 65 75 1339 289 148 187 274 69 147 89 372 726 284 118 9037 446 1069 420
leaf_count=402 119748 66 101 114 237 98 69 206 239 354 232 68 65 75 1339 289 148 187 274 69 147 89 372 726 284 118 9037 446 1069 420
internal_value=3.18256e-05 -0.0191871 0.262827 -0.0219296 -0.024067 -0.0206573 -0.198274 -0.326371 -0.0166297 -0.059842 -0.151426 -0.211896 0.111037 0.4902 0.000913828 -0.0775203 -0.145656 0.133973 0.105853 0.173845 0.425885 0.81602 0.0679612 -0.207232 -0.387734 -0.0165762 0.00265138 0.0843468 0.164596 0.262206
internal_weight=137088 17340 167 17173 17059 16822 373 304 16449 5075 2024 1645 379 140 3051 1746 1413 255 1305 1031 305 158 726 1158 432 1457 11374 2337 1935 1489
internal_count=137088 17340 167 17173 17059 16822 373 304 16449 5075 2024 1645 379 140 3051 1746 1413 255 1305 1031 305 158 726 1158 432 1457 11374 2337 1935 1489
is_linear=0
shrinkage=0.05


Tree=213
num_leaves=31
num_cat=0
split_feature=4 10 2 1 4 6 13 10 11 2 0 14 9 9 9 8 1 10 10 2 10 5 4 11 10 5 8 9 5 10
split_gain=2877.9 3059.13 3038.13 14531.4 12832.2 7448.46 6910.27 15348.3 14281.1 13054.5 21156.4 12972.9 22997.2 9779.4 29772 12476.1 10903.2 8981.19 16219.6 8544.46 9325.21 8407.78 11695.6 11066.1 20564.7 14342.6 13809.2 11865.9 9272.7 9141.38
threshold=1.0000000180025095e-35 79.508333333333354 -0.72933333333333261 -0.7200000000000002 8.3339983734571579 3.1091175790962491 -0.88186879444286459 68.716666666666683 58.129801629486948 -1.3999999999999995 140.22000000000003 5.5000000000000009 27.500000000000004 252.50000000000003 987.50000000000011 75.500000000000014 -1.5333333333333325 93.53666666666669 86.270833333333343 -2.3213333333333335 87.616666666666688 142.90833333333336 14.519474731935199 95.128189086913906 77.868333333333354 173.92000000000002 65.550000000000011 237.50000000000003 201.92833333333334 92.605555555555569
decision_type=2 8 10 10 2 2 2 8 2 10 2 2 2 2 2 2 10 10 10 10 8 2 2 2 8 2 2 2 2 10
left_child=1 -1 3 4 -2 -5 7 -6 -9 11 -11 12 -10 15 -15 16 -12 18 -18 20 -14 -8 -23 24 -24 -26 -27 28 -25 -30
right_child=2 -3 -4 5 6 -7 21 8 9 10 13 -13 19 14 -16 -17 17 -19 -20 -21 -22 22 23 27 25 26 -28 -29 29 -31
leaf_value=-0.52394363119253995 -0.18148794960475978 -0.012940699799219147 -0.0021350026249396734 0.70595333369878632 0.41337816224518148 0.10289783823428976 0.13988081738186883 -0.60537818035483371 -1.1607741041108965 -0.15850828742215828 -0.25874992245218803 0.28357462714651999 -0.22704645618168492 1.519669788541659 -0.17259368024236871 0.88636431630562851 0.32791415162929677 0.48715715046642061 -0.50779245646647464 -0.25407098224312563 0.50090270592220898 -0.064102530542786293 -0.047065548061155808 0.23758876735721773 0.10272139672722136 0.57180093787854014 1.5289338512420656 -0.32652373877916363 0.14654384245035015 -0.40323088175263905
leaf_weight=54 964 64 124296 52 165 3339 1600 125 64 631 158 132 89 53 51 54 205 77 81 755 87 2438 255 474 112 153 50 207 158 145
leaf_count=54 964 64 124296 52 165 3339 1600 125 64 631 158 132 89 53 51 54 205 77 81 755 87 2438 255 474 112 153 50 207 158 145
internal_value=3.02342e-05 -0.246789 0.00024287 0.0235631 -0.00879535 0.112146 0.0112161 -0.0540402 -0.0841433 -0.0574078 0.0499291 -0.182174 -0.243962 0.243632 0.68981 0.162932 0.08795 0.238855 0.091228 -0.180937 0.132792 0.0430391 0.00422481 0.11142 0.286729 0.556943 0.807548 0.00987003 0.0994884 -0.11655
internal_weight=137088 118 136970 12674 9283 3391 8319 2727 2562 2437 1310 1127 995 679 104 575 521 363 286 931 176 5592 3992 1554 570 315 203 984 777 303
internal_count=137088 118 136970 12674 9283 3391 8319 2727 2562 2437 1310 1127 995 679 104 575 521 363 286 931 176 5592 3992 1554 570 315 203 984 777 303
is_linear=0
shrinkage=0.05


Tree=214
num_leaves=31
num_cat=0
split_feature=1 4 13 1 5 10 9 12 9 9 10 0 3 6 2 4 12 9 11 11 10 3 14 14 13 12 13 13 10 11
split_gain=2771.85 9584.95 11383.3 10491.4 12434.1 9662.13 10150.6 13060.6 9622.84 9333.49 18010.2 17019.1 16394.1 14075.6 9316.83 11711.8 10513.9 21536.4 15745.3 25004.5 25886.7 35856.6 27114.4 32564.8 30324.3 28879.9 21186.9 17638.2 21505.6 14648.5
threshold=1.0000000180025095e-35 7.8819174194405255 0.29026740676763269 -1.0426666666666671 144.58500000000004 71.601388888888906 367.50000000000006 0.81279832427823739 362.50000000000006 557.50000000000011 102.78333333333335 214.66000000000005 197.95000000000005 18.845341250897803 0.013333333333333761 10.317225725082693 0.51877325816052167 802.50000000000011 62.262162506580204 165.68066578733058 72.372222222222248 128.12333333333336 1.5000000000000002 4.5000000000000009 -0.40274668985873718 0.82531082829576852 -0.66746801135786449 -0.26932402956675622 64.012500000000003 64.708682477474369
decision_type=10 2 2 8 2 10 2 2 2 2 8 2 2 2 8 2 2 2 2 2 10 2 2 2 2 2 2 2 8 2
left_child=1 -1 3 5 -5 -3 -7 -8 -4 10 11 -10 13 -11 15 -2 -16 29 -19 20 26 -22 -23 25 -25 -24 -20 28 -28 -18
right_child=14 2 8 4 -6 6 7 -9 9 12 -12 -13 -14 -15 16 -17 17 18 19 -21 21 22 23 24 -26 -27 27 -29 -30 -31
leaf_value=-0.015368500913374951 0.035664621982453154 0.1000821389575955 0.046199137701556203 -0.035424482120491839 0.15835068044429848 -0.044084875142209962 -0.39151924409548072 0.29051870962693577 0.34253826549575322 0.10431871704055876 -0.31699943559223348 1.1606600848575161 -0.2658772157618533 0.73475081529962816 0.01328868742238256 0.35329218053233791 0.0010637537534964479 -0.036500664785788915 -0.87244539327091641 -0.29223659623818227 0.031064242621782437 0.12054803046584128 0.97237516630440946 1.2312589618776526 -0.36783690057761437 2.4100850199259098 -0.009091980864362019 0.041087650561106179 1.0857727576385845 -0.10889471616372204
leaf_weight=59069 14862 1028 2859 1505 1840 4441 427 84 492 409 89 73 230 113 32961 296 4954 1710 54 249 239 100 80 63 56 62 82 768 99 7794
leaf_count=59069 14862 1028 2859 1505 1840 4441 427 84 492 409 89 73 230 113 32961 296 4954 1710 54 249 239 100 80 63 56 62 82 768 99 7794
internal_value=3.71486e-05 -0.00665786 0.031203 0.000255203 0.0711663 -0.03941 -0.0683675 -0.279403 0.0988673 0.205964 0.344104 0.448243 0.0858264 0.240792 0.00758736 0.0418671 -0.00295866 -0.035793 0.0729004 0.173913 0.246322 0.506108 0.820611 1.08883 0.478743 1.60011 0.0909165 0.145734 0.589757 -0.0661638
internal_weight=137088 72659 13590 9325 3345 5980 4952 511 4265 1406 654 565 752 522 64429 15158 49271 16310 3562 1852 1603 600 361 261 119 142 1003 949 181 12748
internal_count=137088 72659 13590 9325 3345 5980 4952 511 4265 1406 654 565 752 522 64429 15158 49271 16310 3562 1852 1603 600 361 261 119 142 1003 949 181 12748
is_linear=0
shrinkage=0.05


Tree=215
num_leaves=31
num_cat=0
split_feature=13 10 12 5 6 11 11 12 5 3 6 6 9 14 12 5 9 9 9 14 11 11 6 5 9 14 12 0 9 14
split_gain=2740.74 13620.7 14299.5 14256.1 18802.2 28408 16425.4 16182.4 19043.3 21008.8 14878.2 12913.2 11449.2 11311.5 12247.5 11084.9 12215.8 16613.2 18867.1 21019.4 23108.5 9660.33 9999.08 9176.13 14703.6 9172.81 14693.4 9046.4 16511.8 12664
threshold=0.80644460426748255 69.270833333333357 0.26932402956675655 208.80166666666668 4.6412557077343344 66.655650735736614 123.97882544994347 0.23768589232617301 247.4316666666667 239.47000000000006 14.826284739953705 23.359382248871373 237.50000000000003 3.5000000000000004 -0.39271506111191307 102.83666666666669 417.50000000000006 642.50000000000011 567.50000000000011 1.5000000000000002 76.167910878156235 201.40593045750003 8.0191962867779587 247.4316666666667 427.50000000000006 1.5000000000000002 -0.065403129230142812 102.72666666666669 32.500000000000007 3.5000000000000004
decision_type=2 10 2 2 2 2 2 2 2 2 2 2 2 2 2 2 2 2 2 2 2 2 2 2 2 2 2 2 2 2
left_child=-1 2 23 11 5 -5 7 8 9 13 -8 12 27 14 -6 -14 -17 18 21 20 -20 22 -18 -2 -25 -13 -27 -3 29 -29
right_child=1 3 -4 4 6 -7 10 -9 -10 -11 -12 25 15 -15 -16 16 17 -19 19 -21 -22 -23 -24 24 -26 26 -28 28 -30 -31
leaf_value=0.0035846206407332557 -0.097180779422779473 0.38235343412791445 0.017014035881804734 -0.40890857945533771 0.21842823028564454 0.93634685816673136 -0.26074768566248713 -0.56731800875474858 0.26643126874331402 -1.1037199563923337 -1.4424667498469352 -0.071067847564284289 -0.2424265369427977 0.22510027341633934 -0.60232656580740462 -0.052440699963646864 0.054664820079117264 -0.058155838176722797 0.23330748311623381 0.23997326979981204 1.6057198458993938 -0.44228325005790314 0.40720872262319335 0.79229874154062652 -0.12264489899747646 0.2999576727005322 1.2414784047603609 -0.50166380315983916 0.098752456999745233 0.10595505165660546
leaf_weight=109491 8302 246 5010 69 66 91 57 190 287 63 50 112 486 146 146 4110 1083 1299 54 297 71 81 247 76 104 242 50 212 4206 144
leaf_count=109491 8302 246 5010 69 66 91 57 190 287 63 50 112 486 146 146 4110 1083 1299 54 297 71 81 247 76 104 242 50 212 4206 144
internal_value=3.52912e-05 -0.0140467 -0.0499626 0.0203083 -0.14722 0.356205 -0.227367 -0.157592 -0.0476375 -0.261741 -0.812953 0.035391 0.0264244 -0.113572 -0.346809 -0.0112656 0.00424726 0.0786366 0.175578 0.468902 1.01284 0.0878509 0.120137 -0.0895231 0.263665 0.313624 0.461177 0.0870043 0.071078 -0.255885
internal_weight=137088 27597 13492 14105 1165 160 1005 898 708 421 107 12940 12536 358 212 7728 7242 3132 1833 422 125 1411 1330 8482 180 404 292 4808 4562 356
internal_count=137088 27597 13492 14105 1165 160 1005 898 708 421 107 12940 12536 358 212 7728 7242 3132 1833 422 125 1411 1330 8482 180 404 292 4808 4562 356
is_linear=0
shrinkage=0.05


Tree=216
num_leaves=31
num_cat=0
split_feature=9 13 8 11 13 9 10 9 10 14 14 2 5 4 3 9 14 6 0 6 0 2 0 3 4 1 12 13 9 9
split_gain=2772.79 9372.11 13915.9 11176.3 9271.65 39929.8 30162.5 28228.8 21269.4 18289 17671.3 17337 17274.3 22870.5 16878.6 15563.7 12468.5 12158.8 17339.9 13372.8 15616.7 10746.6 10682 10496.7 10473.6 9293.37 14239.5 17264 30590.5 29606.3
threshold=202.50000000000003 0.94331137514050722 219.00000000000003 56.585518416500015 -0.97854064376158167 422.50000000000006 67.538888888888906 332.50000000000006 71.416666666666686 1.5000000000000002 3.5000000000000004 -0.41200000000000031 203.91166666666666 6.1441657963656722 146.49000000000004 937.50000000000011 2.5000000000000004 3.2564766855806737 137.82000000000002 28.894027378859501 197.26000000000002 -0.06266666666666626 139.82000000000002 170.21000000000004 31.953101023535659 0.73911111111111161 -0.81279832427823717 0.010907442517280267 487.50000000000006 342.50000000000006
decision_type=2 2 2 2 2 2 10 2 8 2 2 10 2 2 2 2 2 2 2 2 2 10 2 2 2 10 2 2 2 2
left_child=1 -1 3 -3 5 6 11 17 9 -7 -11 -2 13 15 -9 -10 -15 -8 -19 20 21 23 -17 -20 25 -6 27 28 -27 -29
right_child=4 2 -4 -5 24 8 7 14 12 10 -12 -13 -14 16 -16 22 -18 18 19 -21 -22 -23 -24 -25 -26 26 -28 29 -30 -31
leaf_value=-0.01406838964362388 1.5338622060476566 -0.26118594513105725 0.72179329533595604 0.080206619024548648 -0.0017772606014720797 -0.2978641349030659 0.27486870478030928 0.43823411354662778 -0.7232210108918129 1.2453017401424322 0.1235137077967326 0.50660091942149743 0.59294393917545685 -1.0492292167678956 1.4748197957873346 0.0015160551144471092 -0.35227052796267927 -0.10188245597632531 1.4742872594594956 -0.44609411520496861 -0.13093171803770881 0.17641134477176129 -0.72554434797980571 0.58701632480393162 -0.56264056054557243 -0.12400134645711265 0.015901901862894498 0.94407295161622695 0.74716893070545354 0.19291157067166276
leaf_weight=51510 51 259 80 3223 73104 80 570 183 101 66 75 211 60 124 50 620 133 1061 50 53 95 84 55 100 82 579 3600 174 122 533
leaf_count=51510 51 259 80 3223 73104 80 570 183 101 66 75 211 60 124 50 620 133 1061 50 53 95 84 55 100 82 579 3600 174 122 533
internal_value=3.35266e-05 -0.00864433 0.0697929 0.054813 0.00586052 0.0819003 0.198879 0.139657 -0.141374 0.305992 0.648606 0.706564 -0.23183 -0.279735 0.660677 -0.144343 -0.688546 0.0793497 0.00211764 0.290977 0.409714 0.629207 -0.0577259 0.882773 0.00214382 0.00273672 0.0686292 0.203443 0.0276146 0.37778
internal_weight=137088 55072 3562 3482 82016 3822 2508 2246 1314 221 141 262 1093 1033 233 776 257 2013 1443 382 329 234 675 150 78194 78112 5008 1408 701 707
internal_count=137088 55072 3562 3482 82016 3822 2508 2246 1314 221 141 262 1093 1033 233 776 257 2013 1443 382 329 234 675 150 78194 78112 5008 1408 701 707
is_linear=0
shrinkage=0.05


Tree=217
num_leaves=31
num_cat=0
split_feature=2 6 11 0 10 11 9 8 13 8 0 9 14 9 9 14 2 9 13 9 3 10 9 9 1 14 11 9 9 12
split_gain=2729.03 8601.98 13452.4 13361.2 12393.5 16230.9 16533.5 25518.3 13689.6 29313.4 25111.5 43701.4 26144 81990.9 21247 28312.3 17695.9 16993.9 15267.7 19234.4 17326.2 14281.3 14151.1 20499.5 21119.7 19151.8 13369.8 12219.3 12379.7 12006.4
threshold=0.10844444444444436 8.9840663668876264 320.64516365775438 170.02000000000004 84.483333333333363 133.08750027418139 52.500000000000007 93.500000000000014 -0.11969653353600833 176.50000000000003 190.22000000000003 632.50000000000011 4.5000000000000009 357.50000000000006 232.50000000000003 1.0000000180025095e-35 1.7533333333333336 332.50000000000006 0.33172980431441496 72.500000000000014 208.67000000000002 93.304166666666688 272.50000000000006 322.50000000000006 2.1413333333333333 4.5000000000000009 104.78408625731805 612.50000000000011 382.50000000000006 0.18436924984152928
decision_type=8 2 2 2 10 2 2 2 2 2 2 2 2 2 2 2 10 2 2 2 2 10 2 2 8 2 2 2 2 2
left_child=-1 -2 4 -4 5 -3 -7 -8 9 22 16 12 14 21 15 -12 26 -16 20 -20 -17 -14 -6 -24 25 29 27 28 -10 -25
right_child=1 2 3 -5 8 6 7 -9 10 -11 11 -13 13 -15 17 18 -18 -19 19 -21 -22 -23 23 24 -26 -27 -28 -29 -30 -31
leaf_value=0.0050925407719323648 0.0085315275426261737 -0.041344502738060139 -0.15463097707657092 -0.94781601816028749 0.021827590317761932 -0.49868883414868725 -0.17473643795890026 0.96289686718239231 0.076657930738998181 1.2702714980840684 1.5412648489622223 -1.0362738705847574 -1.6871249881982804 1.2735278356232143 -0.79240744443237787 0.47830539218393037 -0.88135888065610613 0.31029159316215021 0.0069339504965615492 1.1626698809986313 -0.67066874656022768 -0.54295811260739968 0.66200881262353883 -0.099937847760421306 0.66200881262353883 -0.54933680984353239 -0.23256331725061183 0.65378689948717761 -0.60084500797092921 0.49950021191400557
leaf_weight=90511 26954 10119 171 77 4475 392 947 52 429 50 73 69 50 57 50 92 84 116 54 108 51 60 123 176 83 121 1230 75 80 159
leaf_count=90511 26954 10119 171 77 4475 392 947 52 429 50 73 69 50 57 50 92 84 116 54 108 51 60 123 176 83 121 1230 75 80 159
internal_value=3.18503e-05 -0.00980236 -0.0349857 -0.400902 -0.0303019 -0.0633585 -0.223502 -0.11552 0.0180745 0.0654728 -0.0737309 0.165106 0.281696 -0.265525 0.449685 0.65676 -0.171883 -0.0218467 0.445058 0.777425 0.0685314 -1.06303 0.0537461 0.26951 0.128818 -0.0101717 -0.13903 0.0579669 -0.0298258 0.184572
internal_weight=137088 46577 19623 248 19375 11510 1391 999 7865 5187 2678 780 711 167 544 378 1898 166 305 162 143 110 5137 662 539 456 1814 584 509 335
internal_count=137088 46577 19623 248 19375 11510 1391 999 7865 5187 2678 780 711 167 544 378 1898 166 305 162 143 110 5137 662 539 456 1814 584 509 335
is_linear=0
shrinkage=0.05


Tree=218
num_leaves=31
num_cat=0
split_feature=1 12 10 12 11 6 11 2 4 12 10 10 9 1 11 14 5 9 9 2 4 11 2 6 0 5 12 3 12 10
split_gain=2725.78 11089.9 19681.2 15942.7 10873.8 9986.25 10772.6 8482.45 15253.6 8283.52 7690.28 7303.17 10835.4 11695.5 7419.81 7259.12 13594.6 7330.17 9071.53 6841.34 14383.4 13156.1 12668.6 10093 9122.33 8077.78 25564.1 14187.2 12662.6 19183.9
threshold=1.9022222222222231 0.92794370089704281 91.466666666666683 0.96298784033749862 48.424749792000007 10.068635669340164 61.132361169500015 1.3466666666666673 16.713138144313984 0.054511258297739541 83.208333333333357 63.20277777777779 267.50000000000006 1.2613333333333341 56.242379844188527 2.5000000000000004 187.57833333333338 317.50000000000006 137.50000000000003 1.0200000000000002 16.191534412894409 87.340591907501036 1.3466666666666673 17.557040889456403 161.45333333333335 201.92833333333334 0.44228869021900152 222.79333333333335 0.82531082829576852 84.608333333333363
decision_type=10 2 8 2 2 2 2 10 2 2 10 10 2 10 2 2 2 2 2 10 2 2 10 2 2 2 2 2 2 10
left_child=7 4 3 -3 -2 10 9 -1 11 -7 -6 14 -13 -14 -9 16 -10 18 -17 -8 21 -21 -22 24 -24 27 -27 28 -25 -30
right_child=1 2 -4 -5 5 6 19 8 15 -11 -12 12 13 -15 -16 17 -18 -19 -20 20 22 -23 23 25 -26 26 -28 -29 29 -31
leaf_value=0.00064530779012576204 -0.52027041673278196 -0.59533118165352128 -1.1853929705619812 0.60316512659524701 0.15237253573093867 0.10892740347806146 -0.20144656590948051 0.13386945889121102 -0.23205447348938973 1.0057555274894605 0.90728883414018535 -0.014724325489223295 0.072567406044583088 0.80840690548221272 -0.55594785956621529 -0.35918640191141604 0.42825082461824837 -0.74792847848764743 0.3313331145241305 0.87981254353441973 -0.45118006167604641 0.19018978531654038 0.0013052074881324991 0.027926791491256955 0.48720273422832427 -0.41522181716404466 0.60054624234692433 -0.73831300602202687 -1.1699139247860824 0.1217098440589576
leaf_weight=131090 78 55 50 56 74 51 264 62 381 52 62 1073 135 90 105 399 98 101 54 88 136 323 171 1359 222 95 178 71 57 58
leaf_count=131090 78 55 50 56 74 51 264 62 381 52 62 1073 135 90 105 399 98 101 54 88 136 323 171 1359 222 95 178 71 57 58
internal_value=4.72832e-05 0.043605 -0.361712 0.0093156 0.0631486 0.0771034 0.0588502 -0.00109393 -0.0923655 0.561695 0.496526 0.0113853 0.0514284 0.366903 -0.299848 -0.239505 -0.0969607 -0.362751 -0.276873 0.0417115 0.064987 0.337846 0.0172046 0.0460153 0.275782 -0.00365373 0.247074 -0.047957 -0.0147038 -0.518486
internal_weight=137088 3500 161 111 3339 3261 3125 133588 2498 103 136 1465 1298 225 167 1033 479 554 453 3022 2758 411 2347 2211 393 1818 273 1545 1474 115
internal_count=137088 3500 161 111 3339 3261 3125 133588 2498 103 136 1465 1298 225 167 1033 479 554 453 3022 2758 411 2347 2211 393 1818 273 1545 1474 115
is_linear=0
shrinkage=0.05


Tree=219
num_leaves=31
num_cat=0
split_feature=10 5 5 12 5 5 10 10 11 9 9 6 9 10 11 5 10 5 3 9 9 1 14 14 9 9 5 10 5 1
split_gain=2708.63 3122.03 2918.97 4899.93 9901.19 15146 14176.5 11848.5 11773 13003.8 9293.67 9200.02 9992.71 11240.7 7592.9 11906.1 9260.87 9734.43 9521.79 6701.6 6756.25 5821.62 5702.15 5480.39 6445.62 6352.08 5273.12 7742.63 5678.14 4825.5
threshold=51.350000000000016 167.19833333333338 101.66833333333335 -0.99845357241023047 189.04833333333335 161.6816666666667 70.883333333333354 86.108333333333363 110.31822510900001 172.50000000000003 152.50000000000003 5.5723576423642482 392.50000000000006 84.754166666666677 85.716398574500019 134.75166666666669 73.802777777777791 145.37500000000003 137.00333333333336 332.50000000000006 27.500000000000004 -0.16533333333333167 2.5000000000000004 4.5000000000000009 162.50000000000003 37.500000000000007 105.31722222222224 89.516666666666694 116.41833333333336 1.3040000000000018
decision_type=8 2 2 2 2 2 10 10 2 2 2 2 2 8 2 2 10 2 2 2 2 10 2 2 2 2 2 10 2 10
left_child=1 -1 29 4 5 11 -7 -8 10 -10 -6 12 19 -14 15 -13 -16 18 23 20 -4 -9 -19 24 25 -18 -22 28 -28 -2
right_child=2 -3 3 -5 8 6 7 21 9 -11 -12 14 13 -15 16 -17 17 22 -20 -21 26 -23 -24 -25 -26 -27 27 -29 -30 -31
leaf_value=-0.080755903453055347 -0.024757240198420013 0.3173390048976038 -0.29158965893218231 0.0048709944330804188 -0.2682457140684128 1.0225746557116508 -0.24339216085818582 0.13001189136505129 -0.6635114781856537 0.38913800193810127 -1.2022162225947046 -0.16630582126878923 0.97798034103055087 -0.042916672963362476 0.51480137940566495 -0.95788849356112549 -0.37810834990693376 -0.10529788999933086 -0.72109736806338598 -0.41669906159651648 -0.30211652169850739 0.88925769375819785 0.53859048504095808 0.22957406396597202 -0.48728238569262133 0.23588786305439091 0.41351187489601937 0.69521925140550178 -0.099285375707108409 0.10317162829107891
leaf_weight=1435 15886 51 116 116890 50 56 106 50 50 71 57 124 56 52 53 77 77 73 97 97 55 51 65 71 156 93 86 69 145 773
leaf_count=1435 15886 51 116 116890 50 56 106 50 50 71 57 124 56 52 53 77 77 73 97 97 55 51 65 71 156 93 86 69 145 773
internal_value=4.49191e-05 -0.0670932 0.000780654 0.00352606 -0.0730494 -0.0342384 0.316796 0.125861 -0.383708 -0.0458411 -0.765781 -0.0933434 0.0455775 0.486437 -0.199337 -0.469549 -0.120049 -0.173288 -0.277003 -0.038248 0.0396921 0.513393 0.197983 -0.168496 -0.255193 -0.0422163 0.147942 0.230453 0.0916262 -0.0188212
internal_weight=137088 1486 135602 118943 2053 1825 263 207 228 121 107 1562 676 108 886 201 685 632 494 568 471 101 138 397 326 170 355 300 231 16659
internal_count=137088 1486 135602 118943 2053 1825 263 207 228 121 107 1562 676 108 886 201 685 632 494 568 471 101 138 397 326 170 355 300 231 16659
is_linear=0
shrinkage=0.05


Tree=220
num_leaves=31
num_cat=0
split_feature=2 0 14 10 10 11 10 14 4 9 3 14 0 9 12 5 12 3 11 3 13 10 0 5 13 1 5 11 13 13
split_gain=2682.3 10253.6 8158.27 11181.3 4679.28 4214.32 4130.08 4417.34 3410.22 14512.4 18816.9 17679.3 25442.4 15864.6 18548.1 25999.5 16709.7 25852.5 21869.4 13031.4 11396.6 8237.27 7969.26 7599.3 7340.19 6420.39 17902.5 16572 17339.9 18348
threshold=-2.3213333333333335 142.22000000000003 1.5000000000000002 85.26944444444446 100.07222222222224 137.90122026205077 73.211111111111137 2.5000000000000004 24.927789040243905 312.50000000000006 143.54333333333338 1.0000000180025095e-35 228.90000000000003 27.500000000000004 0.68355163169896505 208.80166666666668 -0.22706275313213778 193.28333333333336 113.20953613432755 191.80666666666673 -0.89194178735545482 81.606250000000017 232.82000000000002 158.98666666666671 -0.77296446310592981 2.0146666666666664 139.28500000000003 170.30572372350005 0.74455857214455101 0.20576496797711544
decision_type=8 2 2 8 10 2 10 2 2 2 2 2 2 2 2 2 2 2 2 2 2 10 2 2 2 10 2 2 2 2
left_child=1 4 -3 -4 6 -5 -1 -8 25 10 24 12 -12 -13 16 22 17 21 20 -20 -18 -15 -16 -11 -10 -2 -27 28 29 -28
right_child=8 2 3 5 -6 -7 7 -9 9 23 11 13 -14 14 15 -17 18 -19 19 -21 -22 -23 -24 -25 -26 26 27 -29 -30 -31
leaf_value=0.58634586735018368 -0.0010044304297675011 -0.63723585757158574 0.47987787804485837 -0.60392006955363531 0.74433235825540933 0.023910861139973771 -0.19795719319826938 0.30945272447469718 0.83900325189344582 -0.78863855070537991 -0.35476430207490922 0.57064436678774655 1.1065693793681397 0.39107619959210593 -0.66741287662432747 0.16284245477206466 0.11788858726843079 -1.2158955780492313 0.1824895047346751 -0.76963015483233388 1.0070020389098386 -0.38684546063477931 -1.4050892736600793 -0.15382103285855719 0.12367387358958906 -0.043279446972527648 0.31845311729593068 -0.20102450469710742 -0.24268042855316177 0.99419717929896823
leaf_weight=58 133237 59 81 55 52 52 73 104 80 99 53 64 68 63 78 69 67 69 75 69 78 74 69 90 65 1162 529 166 106 124
leaf_count=58 133237 59 81 55 52 52 73 104 80 99 53 64 68 63 78 69 67 69 75 69 78 74 69 90 65 1162 529 166 106 124
internal_value=4.26732e-05 0.111885 -0.124288 0.0366908 0.315141 -0.298806 0.220171 0.100182 -0.00039469 -0.0832735 -0.0100935 -0.0956098 0.466481 -0.183369 -0.25124 -0.637839 -0.0825427 -0.426629 0.162723 -0.273734 0.59617 -0.0291151 -1.01367 -0.486344 0.518338 0.00035862 0.0873777 0.251511 0.350485 0.446772
internal_weight=137088 534 247 188 287 107 235 177 136554 1230 1041 896 121 775 711 216 495 206 289 144 145 137 147 189 145 135324 2087 925 759 653
internal_count=137088 534 247 188 287 107 235 177 136554 1230 1041 896 121 775 711 216 495 206 289 144 145 137 147 189 145 135324 2087 925 759 653
is_linear=0
shrinkage=0.05


Tree=221
num_leaves=31
num_cat=0
split_feature=4 10 13 9 0 9 0 11 14 3 12 10 12 5 0 10 5 5 10 10 11 11 5 0 3 5 1 5 0 0
split_gain=2591.01 2761.59 2642.13 12514.3 15562.9 13660.5 15365.3 21240.1 19461.4 15355.5 11931.3 11487.5 10690.8 8951.29 12338.2 8877.46 9276.17 24050.4 20285.6 14722.5 10462.4 16553.8 14124.2 13194.4 9804.45 9791.04 13147.5 10560.2 8728.15 11545.5
threshold=1.0000000180025095e-35 79.508333333333354 0.80644460426748255 632.50000000000011 265.42000000000002 527.50000000000011 265.42000000000002 83.812499821186051 1.0000000180025095e-35 191.80666666666673 0.24825246871434695 80.604166666666686 -0.1196965335360084 129.12500000000003 105.12666666666669 87.27500000000002 163.20166666666671 203.91166666666666 91.680555555555557 102.78333333333335 95.810359776000013 61.132361169500015 144.18500000000003 115.78000000000002 115.20833333333336 241.53 0.026666666666667522 214.30833333333334 257.78000000000003 241.50000000000003
decision_type=2 8 2 2 2 2 2 2 2 2 2 8 2 2 2 10 2 2 10 10 2 2 2 2 2 2 10 2 2 2
left_child=1 -1 -2 5 10 15 7 11 -9 12 -5 -7 13 14 -10 28 18 19 20 -18 21 -17 23 -22 -20 27 -27 -19 29 -4
right_child=2 -3 3 4 -6 6 -8 8 9 -11 -12 -13 -14 -15 -16 16 17 25 24 -21 22 -23 -24 -25 -26 26 -28 -29 -30 -31
leaf_value=-0.49748461493463259 0.0037296214015166496 -0.011968510993756355 -0.021596099332627534 -0.14129250506977684 -0.90246866237500623 0.1369642859464674 -0.56574611299964672 1.2879312305621082 0.71543035435676572 1.0283416603099216 0.02526336042684554 -0.27478890855801053 -0.21428707613161319 0.7681347857512858 -0.30992417602052152 -0.18013138871639967 0.3399778660696855 0.039043850847519934 0.13523263375285624 1.1859210377653777 -0.14258014191434068 0.80348037939843719 -0.5484606175372998 0.44278078224160711 -0.22348846493773938 0.70505867888361728 -0.37465369017035877 -0.83007737351702415 0.26454533722304369 -0.56850944652999802
leaf_weight=54 109385 64 18625 2841 58 859 73 62 50 66 1730 211 108 92 71 60 401 64 259 59 159 149 72 244 720 59 54 77 265 97
leaf_count=54 109385 64 18625 2841 58 859 73 62 50 66 1730 211 108 92 71 60 401 64 259 59 159 149 72 244 720 59 54 77 265 97
internal_value=4.05394e-05 -0.234154 0.000242298 -0.0135863 -0.0885828 0.00153653 0.142831 0.176884 0.465511 0.333754 -0.0782556 0.0557681 0.190942 0.39641 0.113776 -0.00899244 0.0821009 0.232844 0.0173802 0.448479 0.226301 0.521104 0.0965876 0.211832 -0.128587 -0.157677 0.18909 -0.435583 -0.0203965 -0.0244297
internal_weight=137088 118 136970 27585 4629 22956 1592 1519 449 387 4571 1070 321 213 121 21364 2377 714 1663 460 684 209 475 403 979 254 113 141 18987 18722
internal_count=137088 118 136970 27585 4629 22956 1592 1519 449 387 4571 1070 321 213 121 21364 2377 714 1663 460 684 209 475 403 979 254 113 141 18987 18722
is_linear=0
shrinkage=0.05


Tree=222
num_leaves=31
num_cat=0
split_feature=9 6 14 9 13 12 13 9 10 9 10 14 14 5 6 2 12 14 9 14 6 5 6 3 2 9 12 11 10 6
split_gain=2494.05 9184.07 12632.3 16172.2 17123.1 12791.7 8363.31 35939 27305.6 25698 19267.2 16467.2 15922.9 15610.8 20846.9 15597.4 15440 14554.6 13071.3 11795 19787 17149.1 19692.7 19628.9 13966.6 17593.7 12800 10558 10283.4 9643.01
threshold=202.50000000000003 1.875634841866036 4.5000000000000009 37.500000000000007 0.043619387365335889 -0.10886687485196471 -0.97854064376158167 422.50000000000006 67.538888888888906 332.50000000000006 71.416666666666686 1.5000000000000002 3.5000000000000004 203.91166666666666 8.5193053451924943 -0.41200000000000031 -0.03271713619994817 2.5000000000000004 937.50000000000011 5.5000000000000009 20.348372427306945 147.04833333333337 3.8995096816848034 206.30333333333334 -0.023999999999999719 227.50000000000003 -0.076279435988900135 134.96176945872546 91.680555555555557 46.763647405331788
decision_type=2 2 2 2 2 2 2 2 10 2 8 2 2 2 2 10 2 2 2 2 2 2 2 2 10 2 2 2 10 2
left_child=1 2 -1 4 5 -4 7 8 15 19 11 -9 -13 14 18 -2 -11 -16 -12 20 21 22 26 -23 25 -21 27 -10 -18 -8
right_child=6 -3 3 -5 -6 -7 29 10 9 16 13 12 -14 -15 17 -17 28 -19 -20 24 -22 23 -24 -25 -26 -27 -28 -29 -30 -31
leaf_value=0.020114172515052878 1.4565023733120339 -0.012283154310118942 -0.1445959668616221 0.091992793305878187 1.3420939594507217 0.78999326958870286 0.0025007577166302735 -0.28124105259776117 -0.059219781778476858 1.2202950485299031 -0.65551074908839335 1.183261333710768 0.11841371315779786 0.56392301439618076 -0.98604244754141102 0.48214107293865127 0.69973052153984705 -0.29029619536414647 -0.037618713215571135 0.058356141001318723 -0.54741648247424701 0.7675520845879773 -0.15702674325897639 -0.36657362115383152 -0.019660405658862807 1.2138790843635798 0.066603448884955771 0.753992545244351 -0.11495576481033556 -0.65978859608823603
leaf_weight=1558 51 52946 69 359 62 78 78139 80 54 75 99 66 75 60 141 211 90 161 632 56 137 161 763 50 110 80 449 153 68 55
leaf_count=1558 51 52946 69 359 62 78 78139 80 54 75 99 66 75 60 141 211 90 161 632 56 137 161 763 50 110 80 449 153 68 55
internal_value=3.85125e-05 -0.00819161 0.0937044 0.295559 0.645226 0.351309 0.00556487 0.0777838 0.188763 0.132415 -0.134039 0.291751 0.616853 -0.220133 -0.265673 0.671807 0.629532 -0.615131 -0.1213 0.074875 0.0297157 0.0782232 0.0156847 0.498802 0.399251 0.738076 0.216567 0.54185 0.349106 0.00203492
internal_weight=137088 55072 2126 568 209 147 82016 3822 2508 2246 1314 221 141 1093 1033 262 233 302 731 2013 1767 1630 1419 211 246 136 656 207 158 78194
internal_count=137088 55072 2126 568 209 147 82016 3822 2508 2246 1314 221 141 1093 1033 262 233 302 731 2013 1767 1630 1419 211 246 136 656 207 158 78194
is_linear=0
shrinkage=0.05


Tree=223
num_leaves=31
num_cat=0
split_feature=4 11 1 12 11 12 11 11 3 12 0 0 4 12 9 9 11 13 0 6 9 10 0 13 6 3 5 12 3 13
split_gain=2631.78 5421.7 7559.14 8537.75 12442 11110.6 14481.8 21355.3 9376.32 9101.56 8798.27 7268.46 6048.81 6549.84 6190.33 8290.25 6239.83 6042.2 6017.49 6519.22 5619.97 9799.97 6350.77 6465.17 7287.1 6265.2 5913.44 9462.15 9125.15 6134.47
threshold=1.0013590765082685 86.248798527000005 -0.077333333333332616 0.79989897227935891 235.86755562091503 -0.46174861323503386 119.25775998549425 107.47991512450001 116.02666666666669 0.71473537162315171 127.01333333333335 133.52666666666673 0.86178110136832575 -0.98990318592078552 12.500000000000002 77.500000000000014 156.8718895316124 -0.83146961230254512 92.02000000000001 1.8061578171948816 1332.5000000000002 56.83611111111113 89.420000000000016 -0.52803643325367244 1.1493107286442299 110.52000000000002 90.458888888888893 -0.89194178735545504 64.737777777777794 -0.043619387365336
decision_type=2 2 10 2 2 2 2 2 2 2 2 2 2 2 2 2 2 2 2 2 2 10 2 2 2 2 2 2 2 2
left_child=1 20 -3 5 8 12 7 -7 18 11 -10 -8 13 -4 -15 -16 -17 -9 -5 -20 26 22 -22 24 25 -24 27 -1 -29 -28
right_child=-2 2 3 4 -6 6 9 17 10 -11 -12 -13 -14 14 15 16 -18 -19 19 -21 21 -23 23 -25 -26 -27 29 28 -30 -31
leaf_value=0.43690641962812615 0.0026780468583731212 -0.10942010465706685 0.36495242148858353 -0.33117592584873951 0.5097907334213343 0.20911051186450413 0.078609658144137451 0.69199874954319551 -0.89965246684515654 0.6238922283263274 -0.24272037221582285 -0.44238615133990983 -0.16638654788715632 -0.43024312317473434 0.45618806748227647 -0.092836503975426088 0.19346413542921453 1.3817355064749719 0.71989297910779726 -0.087524171710014351 -0.022549976202185257 -0.29167234746795717 0.36793884245248942 0.10604282653980937 0.17737300851071874 1.151821153640747 -0.10362779936579312 0.050633776481557008 -0.32905468930458204 -0.014738178391568947
leaf_weight=59 119688 794 152 56 66 356 807 87 67 71 213 73 399 73 110 613 276 50 50 50 444 165 52 407 120 50 2520 222 551 8447
leaf_count=59 119688 794 152 56 66 356 807 87 67 71 213 73 399 73 110 613 276 50 50 50 444 165 52 407 120 50 2520 222 551 8447
internal_value=3.65869e-05 -0.018133 0.0301128 0.0611548 -0.129995 0.0924418 0.193334 0.413254 -0.226843 0.0793272 -0.399915 0.0353907 0.00267702 0.0577884 0.0142353 0.0467147 -0.00395127 0.943727 0.0837986 0.316184 -0.0342791 0.0670678 0.122233 0.224433 0.44148 0.752195 -0.0449128 -0.173427 -0.220011 -0.0351633
internal_weight=137088 17400 4363 3569 502 3067 1444 493 436 951 280 880 1623 1224 1072 999 889 137 156 100 13037 1238 1073 629 222 102 11799 832 773 10967
internal_count=137088 17400 4363 3569 502 3067 1444 493 436 951 280 880 1623 1224 1072 999 889 137 156 100 13037 1238 1073 629 222 102 11799 832 773 10967
is_linear=0
shrinkage=0.05


Tree=224
num_leaves=31
num_cat=0
split_feature=1 4 1 5 12 5 9 9 11 9 12 9 5 14 11 10 8 10 4 5 1 11 13 10 5 14 5 4 6 9
split_gain=2534.16 13925.9 12923.3 11348.3 10499.4 24258.3 21217 15092.9 14670.9 14044.7 25461.8 19818.8 23252.6 24836.6 17344.4 15291.9 13707.8 13393 13363 32660.8 12595.6 20799.8 17539.4 15037.3 17074.3 12604.6 12401.4 15685.6 14584.5 14665.9
threshold=0.43999999999999989 5.8593583266387803 0.80800000000000083 220.5916666666667 0.52803643325367289 131.98500000000004 17.500000000000004 82.500000000000014 71.096237003803211 947.50000000000011 0.74455857214455079 47.500000000000007 200.00166666666669 1.0000000180025095e-35 76.917759348139825 85.612500000000026 65.550000000000011 73.969444444444463 27.598463403158863 217.49500000000003 1.5768888888888892 90.941501035000002 -0.74455857214455057 76.570833333333354 232.36000000000004 3.5000000000000004 189.04833333333335 27.598463403158863 14.4399515232636 102.50000000000001
decision_type=10 2 10 2 2 2 2 2 2 2 2 2 2 2 2 10 2 10 2 2 10 2 2 10 2 2 2 2 2 2
left_child=-1 -2 3 -3 26 7 -7 8 -6 11 -11 12 13 -8 -12 -14 -10 -9 20 -20 21 -13 -23 -22 25 -25 -4 28 29 -28
right_child=1 2 4 -5 5 6 9 17 16 10 14 18 15 -15 -16 -17 -18 -19 19 -21 23 22 -24 24 -26 -27 27 -29 -30 -31
leaf_value=-0.0031967284337155936 0.067873579795002734 -0.11786944024969488 0.054111328244472803 0.27072851499495798 -1.123641146854921 0.81076457206766284 0.80844591412693267 -0.25044132048885026 -0.66985487783154873 -0.46708051033739778 1.5581470376253128 0.027150738039769036 0.20317221522331239 -0.088006484832601026 0.32355979134639107 1.4061982336853234 -0.14424245990704485 0.22169149188971349 -1.5572202773232546 0.17444741500998445 -0.50574234241948413 -1.2947875824592572 -0.34221349165825077 0.26078756501917372 -0.3945364342969761 1.1780905838994706 -0.93393905488411333 -0.81113525500351735 0.071730688327299688 -0.16117144933326952
leaf_weight=111821 8203 3361 9260 199 66 86 90 396 194 53 50 267 50 546 66 56 344 242 56 53 68 68 167 97 57 61 77 77 654 303
leaf_count=111821 8203 3361 9260 199 66 86 90 396 194 53 50 267 50 546 66 56 344 242 56 53 68 68 167 97 57 61 77 77 654 303
internal_value=3.47577e-05 0.0143359 -0.0114007 -0.0961473 0.0109407 -0.0692734 0.0434814 -0.240948 -0.420085 0.00692389 0.44087 -0.0379031 0.153119 0.03885 0.855709 0.838733 -0.333776 -0.0713565 -0.196447 -0.715217 -0.124414 -0.274793 -0.617852 0.142335 0.347309 0.614936 0.0351728 -0.122677 -0.0714085 -0.317759
internal_weight=137088 25267 17064 3560 13504 3133 1891 1242 604 1805 169 1636 742 636 116 106 538 638 894 109 785 502 235 283 215 158 10371 1111 1034 380
internal_count=137088 25267 17064 3560 13504 3133 1891 1242 604 1805 169 1636 742 636 116 106 538 638 894 109 785 502 235 283 215 158 10371 1111 1034 380
is_linear=0
shrinkage=0.05


Tree=225
num_leaves=31
num_cat=0
split_feature=2 1 4 2 1 4 2 4 1 2 1 8 13 11 1 4 12 9 9 10 5 12 9 13 12 10 11 10 9 12
split_gain=2581.7 7928.61 10776.2 20016.3 15954.1 17622.1 11487 11837.9 11535 11398.1 11371.7 10803.7 10773.1 10317.4 9772.98 13093.5 11135.7 11168.1 9349.89 11392.9 13577.3 11472.5 15414.8 9859.23 9735.79 9380.65 9223.71 9136.57 8997.8 9940.47
threshold=0.10844444444444436 0.30666666666666659 9.6733393059633013 0.74999999999999989 1.2613333333333341 14.897367100510582 1.186666666666667 12.142347933034126 1.5768888888888892 1.186666666666667 2.0146666666666664 0.7350000000000001 -0.90159026428466893 151.66560000350003 0.73911111111111161 5.8593583266387803 -0.1196965335360084 7.5000000000000009 97.500000000000014 77.868333333333354 147.04833333333337 -0.98990318592078552 32.500000000000007 -0.61734245059638992 0.83743052905771564 78.004166666666691 82.540250612500017 69.870833333333351 47.500000000000007 0.51877325816052167
decision_type=8 10 2 8 10 2 10 2 10 10 10 2 2 2 8 2 2 2 2 8 2 2 2 2 2 10 2 8 2 2
left_child=-1 -2 9 -4 -5 6 7 8 13 14 27 -10 -9 -6 15 18 17 -16 19 23 21 22 -21 -3 25 -23 -18 -7 29 -29
right_child=1 2 3 4 5 10 -8 12 11 -11 -12 -13 -14 -15 16 -17 26 -19 -20 20 -22 24 -24 -25 -26 -27 -28 28 -30 -31
leaf_value=0.004955204886854277 -0.033678709816783614 -0.35819812661562211 -0.28227242362143268 -0.11482432772345497 0.16626743337398844 -0.49512525974506777 0.30154332157683839 0.36531285253276519 0.062716399632272837 0.56163796093868157 0.027369050061109835 0.63062719352228547 -0.17610032673574921 -0.34146212068066673 -0.4757462168188944 -0.1009726005981661 0.11000873152261499 0.1491182465997612 0.0014455529692323169 -0.78782301490774032 0.53715394111775261 0.8851164937019349 0.3419542686027639 0.083890764055257083 -0.35531661741435533 0.18398736576142258 -0.097098516406272706 -0.55814290273346401 -0.023075364585473546 0.037407284854231657
leaf_weight=90511 19652 195 748 2707 395 168 746 109 138 101 2662 213 585 134 73 2430 952 3496 6736 74 241 50 51 357 80 1040 1235 190 908 111
leaf_count=90511 19652 195 748 2707 395 168 746 109 138 101 2662 213 585 134 73 2430 952 3496 6736 74 241 50 51 357 80 1040 1235 190 908 111
internal_value=3.30198e-05 -0.00953204 0.00809211 -0.0336755 -0.0131647 0.0301113 0.139935 0.0633409 0.185112 0.0320479 -0.0329715 0.407346 -0.0910657 0.0376554 0.0289033 0.00179904 0.0818971 0.136337 0.0301008 0.122544 0.19256 0.128431 -0.326874 -0.0722819 0.177075 0.216149 -0.00694484 -0.149621 -0.101611 -0.338521
internal_weight=137088 46577 26925 9814 9066 6359 2320 1574 880 17111 4039 351 694 529 17010 11254 5756 3569 8824 2088 1536 1295 125 552 1170 1090 2187 1377 1209 301
internal_count=137088 46577 26925 9814 9066 6359 2320 1574 880 17111 4039 351 694 529 17010 11254 5756 3569 8824 2088 1536 1295 125 552 1170 1090 2187 1377 1209 301
is_linear=0
shrinkage=0.05


Tree=226
num_leaves=31
num_cat=0
split_feature=5 10 9 9 14 0 0 9 9 13 14 12 11 6 12 14 0 10 6 14 10 11 0 1 13 12 6 5 10 2
split_gain=2533.32 8925.52 14828.5 7639.67 8669.08 7324.33 6883.47 6687.7 18015.6 53747.8 45628.4 8747.47 14759.3 13945.3 16146.6 22312.1 15541 9536.03 11845 15000.2 9171.46 23343.1 13801.8 9923.22 12079.8 7971.7 7900.72 7435.38 8205.64 11257.3
threshold=114.31833333333336 110.78333333333335 507.50000000000006 37.500000000000007 1.5000000000000002 156.38000000000002 151.82000000000002 1322.5000000000002 1232.5000000000002 -0.5 4.5000000000000009 0.43245347597985045 152.88870972450005 10.887489344246186 0.076279435988900648 3.5000000000000004 154.77333333333337 71.416666666666686 18.509449020026207 4.5000000000000009 100.51666666666667 1.0000000180025095e-35 152.25333333333336 0.90666666666666784 -0.47136869107721074 -0.63435554093529889 16.438465605111247 117.73500000000003 72.205000000000027 0.31866666666666749
decision_type=2 10 2 2 2 2 2 2 2 2 2 2 2 2 2 2 2 10 2 2 8 2 2 8 2 2 2 2 8 10
left_child=1 5 3 -3 -5 6 -1 8 -2 10 -10 13 20 27 17 16 -16 18 19 -15 22 -22 -13 24 -23 -21 -19 -9 -29 -30
right_child=7 2 -4 4 -6 -7 -8 11 9 -11 -12 12 -14 14 15 -17 -18 26 -20 25 21 23 -24 -25 -26 -27 -28 28 29 -31
leaf_value=-0.0080165701836825264 0.0054769349796501918 -0.89984760928154006 0.40149701553232531 -0.55438857287168497 -0.084211202729295942 0.48912787652901701 -0.58928545608240013 0.093516201950264291 1.9833216265246678 -0.12623096995643296 0.10110251230367445 -0.018928051112183875 0.63840378837093059 1.3034879478914985 -0.29842012450098993 -0.79864722702100321 0.72603426286807426 -0.53655760727430646 -0.11651055751598045 0.69885282071514265 -0.12370889779457168 1.0229650807956403 -0.5271240661206984 -0.020020918598148363 0.19674307200050839 -0.074603657256211015 0.31571283157055197 -0.017467176413629205 -0.28651962001360953 -0.85128332926332961
leaf_weight=38383 94298 50 85 150 283 74 51 151 74 210 57 624 92 58 86 108 65 57 73 72 370 110 170 67 74 62 52 232 750 100
leaf_count=38383 94298 50 85 150 283 74 51 151 74 210 57 624 92 58 86 108 65 57 73 72 370 110 170 67 74 62 52 232 750 100
internal_value=3.13686e-05 -0.0107333 -0.207492 -0.314663 -0.24709 -0.00783105 -0.00878788 0.00432308 0.00678879 0.369561 1.16434 -0.0648594 0.0247395 -0.13722 0.053549 -0.249907 0.14257 0.263696 0.425619 0.631741 -0.0151595 0.128779 -0.127736 0.500971 0.69068 0.340985 -0.12997 -0.235158 -0.281026 -0.352962
internal_weight=137088 39076 568 483 433 38508 38434 98012 94639 341 131 3373 1507 1866 633 259 151 374 265 192 1415 621 794 251 184 134 109 1233 1082 850
internal_count=137088 39076 568 483 433 38508 38434 98012 94639 341 131 3373 1507 1866 633 259 151 374 265 192 1415 621 794 251 184 134 109 1233 1082 850
is_linear=0
shrinkage=0.05


Tree=227
num_leaves=31
num_cat=0
split_feature=9 4 12 8 14 13 9 10 9 6 12 10 5 11 11 4 14 9 10 4 0 1 9 1 9 12 13 12 9 5
split_gain=2459.47 11972.6 9938.21 34611.5 25821.4 31160.9 26764.5 41512.6 36974.6 35218.2 23007.2 20975.7 18780.9 16211 16143.6 15702.7 20181.3 15542.6 14688.1 14669.7 14665.2 13747.7 18957.2 12755.9 12657.9 12279.2 11569.4 50812.5 40755.4 60169
threshold=322.50000000000006 23.001537915455398 -0.86046863722869249 0.15500000000000003 4.5000000000000009 -0.11969653353600833 467.50000000000006 97.616666666666688 752.50000000000011 10.300897641934098 -0.93585024503435332 70.670833333333348 162.44500000000002 89.271000991500017 279.81633400917059 3.7885652515027983 5.5000000000000009 467.50000000000006 107.57500000000002 6.4558362914690521 127.38000000000001 -1.1933333333333345 942.50000000000011 -1.1933333333333345 567.50000000000011 -0.97854064376158167 -0.23768589232617329 -0.42261826174069955 392.50000000000006 160.3016666666667
decision_type=2 2 2 2 2 2 2 8 2 2 2 8 2 2 2 2 2 2 8 2 2 8 2 10 2 2 2 2 2 2
left_child=-1 2 3 4 6 15 10 9 12 -8 -2 -7 -9 -12 21 25 -17 -5 -10 -11 -20 22 -4 -13 -21 -6 27 -23 29 -29
right_child=1 -3 14 17 5 11 7 8 18 19 13 23 -14 -15 -16 16 -18 -19 20 24 -22 26 -24 -25 -26 -27 -28 28 -30 -31
leaf_value=-0.0059219263022231468 -0.0010433947086186902 -0.29603372964627422 0.30597910221494479 0.42774564078742039 0.15351447771454968 -0.11202330812811852 -0.21767075498068902 0.42774564078742039 -1.036000908239215 -0.50467037732871078 -0.059126258338545706 -0.37146712172031404 -0.52739829222361256 0.42774564078742039 -0.2781451959715236 -0.4421386621984435 0.42774564078742039 1.318241622308632 -0.31194929185539788 -1.8878392514192832 0.42774564078742039 -0.21280267711991507 -0.11244771067526869 0.42774564078742039 -0.83933241566022243 -0.55110554674978962 -0.012736770441369075 0.32782027703404093 0.05662489837983712 2.1250681013453243
leaf_weight=76595 1819 323 833 79 86 221 796 278 51 106 182 50 54 398 508 81 135 77 198 53 54 1723 401 1064 63 220 38793 536 11260 51
leaf_count=76595 1819 323 833 79 86 221 796 278 51 106 182 50 54 398 508 81 135 77 198 53 54 1723 401 1064 63 220 38793 536 11260 51
internal_value=2.98003e-05 0.00756575 0.00919551 0.0698884 0.0504808 0.204875 -0.020277 -0.175085 0.142172 -0.372981 0.0863914 0.33295 0.427746 0.360605 0.00239204 -0.122672 0.203732 0.80501 -0.262169 -0.929858 -0.10556 0.00505101 0.170007 0.421226 -1.31839 -0.353075 0.00116361 0.0409011 0.0777991 0.48397
internal_weight=137088 60493 60170 6065 5909 1857 4052 1653 635 1018 2399 1335 332 580 54105 522 216 156 303 222 252 53597 1234 1114 116 306 52363 13570 11847 587
internal_count=137088 60493 60170 6065 5909 1857 4052 1653 635 1018 2399 1335 332 580 54105 522 216 156 303 222 252 53597 1234 1114 116 306 52363 13570 11847 587
is_linear=0
shrinkage=0.05


Tree=228
num_leaves=31
num_cat=0
split_feature=2 0 12 11 12 10 10 13 14 4 9 12 10 13 1 5 14 14 10 12 13 13 9 5 6 5 6 12 11 6
split_gain=2537.52 9212.3 7465.92 4557.35 6441.08 4300.85 3771.1 4348.01 4521.87 3115.72 9152.07 10983.4 23653.6 17456.2 13703.1 13923.4 19164.6 11511 12757.1 12069.3 12108.4 10973.7 12030 9968.61 9065.71 8124.77 20895.1 14416.2 9391.66 10153
threshold=-2.3213333333333335 142.22000000000003 0.54643492068321309 95.128189086913906 -0.3007057995042734 100.07222222222224 73.211111111111137 -0.66746801135786449 2.5000000000000004 20.426772610008978 502.50000000000006 -0.9629878403374984 78.336666666666687 0.010907442517280267 3.0226666666666655 117.47333333333334 1.0000000180025095e-35 5.5000000000000009 84.341666666666683 0.66746801135786471 -0.86046863722869238 -0.91080963307804841 37.500000000000007 170.81833333333338 17.840692335091131 232.36000000000004 46.763647405331788 0.44228869021900152 101.51177031018705 37.345984246274824
decision_type=8 2 2 2 2 10 10 2 2 2 2 2 10 2 10 2 2 2 10 2 2 2 2 2 2 2 2 2 2 2
left_child=1 5 3 -3 -5 6 -1 8 -8 -2 11 12 -11 -14 24 -16 -17 18 19 20 -18 -20 -23 -12 -13 26 28 -27 29 -26
right_child=9 2 -4 4 -6 -7 7 -9 -10 10 23 14 13 -15 15 16 17 -19 21 -21 -22 22 -24 -25 25 27 -28 -29 -30 -31
leaf_value=0.56038825613414422 0.0007468834762359741 -0.66848732729752858 0.39269341517771994 -0.56443548576504587 0.14031162244382869 0.71300799786471414 -0.4297227348639247 0.46491854685951362 0.18743289230575025 0.43954774336568242 -0.53207296643485413 -0.61910533849405103 -1.3777943864945443 -0.19602228843030478 0.7908294635397547 0.80098506108272916 -0.64592939764261248 0.57082271591822309 -0.38296728545605246 -0.80368444059164301 0.34162580750205301 0.86284853950556784 0.0097610849541487146 0.11024961965053939 -0.30614089103380465 -0.25924698244063904 -0.90867494332629295 0.63109146931439364 0.073160411677473072 0.30797945083817468
leaf_weight=58 133837 51 56 51 89 52 51 55 71 58 188 73 62 63 85 86 52 75 67 93 77 72 97 89 424 78 74 109 715 80
leaf_count=58 133837 51 56 51 89 52 51 55 71 58 188 73 62 63 85 86 52 75 67 93 77 72 97 89 424 78 74 109 715 80
internal_value=9.6177e-05 0.108878 -0.114982 -0.263829 -0.116418 0.301538 0.210489 0.0958327 -0.0705584 -0.000329219 -0.0533371 -0.0224177 -0.394967 -0.782181 0.00778893 0.190773 0.108374 -0.00337895 -0.0974076 -0.369486 -0.0564585 0.15853 0.373207 -0.325695 -0.0751607 -0.048331 -0.0928829 0.25972 -0.0433599 -0.208661
internal_weight=137088 534 247 191 140 287 235 177 122 136554 2717 2440 183 125 2257 704 619 533 458 222 129 236 169 277 1553 1480 1293 187 1219 504
internal_count=137088 534 247 191 140 287 235 177 122 136554 2717 2440 183 125 2257 704 619 533 458 222 129 236 169 277 1553 1480 1293 187 1219 504
is_linear=0
shrinkage=0.05


Tree=229
num_leaves=31
num_cat=0
split_feature=1 2 4 1 11 12 9 12 10 9 9 14 4 2 5 2 3 9 9 13 13 14 9 10 10 13 6 9 9 14
split_gain=2436.66 14386.5 12650.9 13964.5 13829.2 11625.9 11247.9 13009 9390.99 8361.02 8028.77 7948.09 8699.91 7872.79 7588.5 9628.12 9214.09 7454.1 7409.05 8330.89 7304.99 12682.4 14492.3 14008.9 15050.2 18012.4 14462.9 13757.6 23612.5 17880.9
threshold=-0.30666666666666581 -0.51999999999999924 8.2132397180480208 -0.83999999999999864 1.0000000180025095e-35 0.94331137514050722 777.50000000000011 0.032717136199948427 57.172222222222231 597.50000000000011 822.50000000000011 2.5000000000000004 3.9891452700375925 -0.51999999999999924 154.86166666666671 -0.79466666666666541 173.15666666666669 262.50000000000006 427.50000000000006 -0.61734245059638992 -0.89194178735545482 1.5000000000000002 172.50000000000003 80.070833333333354 96.726666666666688 -0.93585024503435343 37.345984246274824 1052.5000000000002 247.50000000000003 3.5000000000000004
decision_type=10 10 2 8 2 2 2 2 10 2 2 2 2 8 2 8 2 2 2 2 2 2 2 10 10 2 2 2 2 2
left_child=2 8 4 20 6 -6 7 -1 10 -7 -2 12 -8 18 17 -16 -17 -5 -10 -20 21 -4 23 -23 25 26 -25 28 -24 -30
right_child=1 -3 3 14 5 9 11 -9 13 -11 -12 -13 -14 -15 15 16 -18 -19 19 -21 -22 22 27 24 -26 -27 -28 -29 29 -31
leaf_value=-0.2333289580027913 0.22390447656342061 0.00098574953086929444 -0.22020512886996105 -0.022520951433500774 -0.032969908343981308 -0.037455238010609779 -0.2238755793856477 0.34880597254802148 0.057379279766311936 0.18719317392383839 0.80689225344010351 -0.21122612685373698 -0.86037110043322951 -0.51210069093439314 0.15445579368725559 1.007761580770945 0.33046669909963389 0.23846510397686296 -0.15392518054036533 0.39999535599563174 0.033320305023481031 0.18636433833278718 0.11188376280538835 -0.36492163161756763 0.19089501265522824 0.14508258064355081 -1.258059294253588 -0.27627496545328134 0.22857742882333698 1.3562211936483017
leaf_weight=252 218 97036 876 852 22602 673 93 155 1952 1077 81 367 127 54 749 68 192 403 85 337 6878 320 468 485 194 168 50 134 64 78
leaf_count=252 218 97036 876 852 22602 673 93 155 1952 1077 81 367 127 54 749 68 192 403 85 337 6878 320 468 485 194 168 50 134 64 78
internal_value=9.13681e-05 0.00416876 -0.0108068 0.0315356 -0.0308186 -0.0233569 -0.213623 -0.0116314 0.117431 0.1008 0.381838 -0.353676 -0.591307 0.0848706 0.143365 0.245456 0.507605 0.0612857 0.0984495 0.288424 0.00547467 -0.062034 0.00862269 -0.0976548 -0.198977 -0.306566 -0.448392 0.182466 0.283239 0.847987
internal_weight=137088 99763 37325 11979 25346 24352 994 407 2727 1750 299 587 220 2428 2264 1009 260 1255 2374 422 9715 2837 1961 1217 897 703 535 744 610 142
internal_count=137088 99763 37325 11979 25346 24352 994 407 2727 1750 299 587 220 2428 2264 1009 260 1255 2374 422 9715 2837 1961 1217 897 703 535 744 610 142
is_linear=0
shrinkage=0.05


Tree=230
num_leaves=31
num_cat=0
split_feature=10 5 6 12 9 11 10 0 12 9 13 10 13 10 5 5 13 14 13 11 5 4 11 11 3 12 12 9 10 9
split_gain=2382.91 2816.75 2708.67 11214.4 17645.9 11258 31006.8 20697 12645.7 12261 16124 19317.4 9789 8652.05 25156.8 37988.1 20850.9 20637.9 15012.1 8393.51 9849.43 10000.4 8370.74 23668.4 25209.9 39792.6 12805 16421.8 10555.7 8966.3
threshold=51.350000000000016 167.19833333333338 3.5539376362200139 0.81279832427823739 997.50000000000011 62.262162506580204 59.136111111111113 165.02000000000004 0.98658463173998445 1222.5000000000002 -0.10886687485196482 82.14166666666668 0.98658463173998445 83.083333333333357 113.00500000000001 159.64833333333337 -0.16288578192842348 4.5000000000000009 0.098011308799811445 121.52027564747299 112.76166666666668 1.6492179963154683 49.308840209500012 49.524075308504813 156.03666666666669 -0.54643492068321342 0.58244304235731448 157.50000000000003 72.710000000000022 352.50000000000006
decision_type=8 2 2 2 2 2 10 2 2 2 2 10 2 10 2 2 2 2 2 2 2 2 2 2 2 2 2 2 10 2
left_child=1 -1 3 12 13 7 8 -6 -7 10 11 -8 -2 19 17 18 -17 -15 -16 -5 -21 -22 28 24 25 -24 27 -26 -4 -25
right_child=2 -3 22 4 5 6 9 -9 -10 -11 -12 -13 -14 14 15 16 -18 -19 -20 20 21 -23 23 29 26 -27 -28 -29 -30 -31
leaf_value=-0.075862789063228506 0.038306828708274454 0.30226811865965525 -0.050652673411783582 -0.039069854094549328 0.061278583142025105 1.2696307062771586 0.16722116638720036 -0.94778179225494275 0.38731192752618243 -0.17863725740730826 -0.02440375567994256 1.2208454347663114 -0.076538981077238 -0.021534082036126747 -0.5667908689042308 1.068128675395164 -0.23695320432836359 0.94867065540731765 0.031189247500151396 -0.20816993340849876 0.029370519518852237 0.8939637588549264 1.6431175560983893 -0.013040542758394419 -0.32287618274299001 0.3125263734552704 0.74807646061275523 0.48169587159465099 -0.36657555111624462 0.022195870319678845
leaf_weight=1435 25671 51 4237 11281 1234 90 100 53 74 243 207 77 2000 220 583 69 55 73 128 68 58 79 73 62672 234 244 51 87 282 25359
leaf_count=1435 25671 51 4237 11281 1234 90 100 53 74 243 207 77 2000 220 583 69 55 73 128 68 58 79 73 62672 234 244 51 87 282 25359
internal_value=8.67998e-05 -0.0628852 0.000776881 0.0112607 -0.0240443 0.110962 0.259412 0.0197244 0.871511 0.0993091 0.275197 0.625577 0.030006 -0.046285 -0.178425 -0.318297 0.489262 0.220189 -0.459138 -0.033308 0.283761 0.527932 -0.00398643 -0.000605291 0.291307 0.61894 0.012114 -0.104815 -0.0703673 -0.00289003
internal_weight=137088 1486 135602 42363 14692 2078 791 1287 164 627 384 177 27671 12614 1128 835 124 293 711 11486 205 137 93239 88720 689 317 372 321 4519 88031
internal_count=137088 1486 135602 42363 14692 2078 791 1287 164 627 384 177 27671 12614 1128 835 124 293 711 11486 205 137 93239 88720 689 317 372 321 4519 88031
is_linear=0
shrinkage=0.05


Tree=231
num_leaves=31
num_cat=0
split_feature=4 6 11 12 13 10 13 5 14 8 14 12 13 11 2 6 11 6 5 5 9 9 11 14 5 9 14 11 5 13
split_gain=2425.15 5200.62 6665.76 7455.74 11947 15941.8 9490.86 17172.3 12540.8 27181.1 15306.7 15853.8 14112 12119.9 10751 10588.1 9380 8963.79 8366.22 14923.3 21239.5 19022 7220.49 12897.1 10675.6 6954.45 23496.8 9532.3 7701.62 11441.5
threshold=0.94375137969426259 2.7560687855741466 262.32740992389273 -0.84915165824291616 -0.098011308799811417 105.15000000000002 -0.65106671239330405 111.10166666666669 3.5000000000000004 65.550000000000011 2.5000000000000004 0.54643492068321309 -0.99512551815703254 85.259559940500012 0.16266666666666665 2.2174992740089565 173.72042959681445 2.3182891636922003 106.33500000000001 117.47333333333334 387.50000000000006 307.50000000000006 116.16393151879311 3.5000000000000004 99.115000000000023 22.500000000000004 4.5000000000000009 134.96176945872546 173.92000000000002 0.087155742747658027
decision_type=2 2 2 2 2 8 2 2 2 2 2 2 2 2 8 2 2 2 2 2 2 2 2 2 2 2 2 2 2 2
left_child=-1 2 3 4 16 18 7 14 9 10 11 -9 -10 -13 22 -11 -2 -12 -6 20 21 -20 23 -5 -24 26 27 -8 -27 -30
right_child=1 -3 -4 6 5 -7 25 8 12 15 17 13 -14 -15 -16 -17 -18 -19 19 -21 -22 -23 24 -25 -26 28 -28 -29 29 -31
leaf_value=-0.018356253074559122 -0.074774095560004888 -0.0020924056220946586 -0.21120954218083035 0.23422747722426518 -0.033588865918126008 0.81886265474254083 -0.63353004080684572 -0.061103027510335264 0.801176791406911 1.4940922054033432 0.63929219919664382 -0.0025509617414819189 -0.013476931431522269 0.63929219919664382 0.25357666744668855 0.63929219919664382 0.3058853440701661 -0.0050250318315294062 0.70550319364228131 0.092835255892676938 1.4908708493709566 -0.26483494348824027 0.060241149957581952 -0.17694462274829315 -0.30022387018058971 -0.0042741859146141429 0.56146296842457499 0.076181753476460778 0.51608673431107721 0.053058097303854759
leaf_weight=15780 886 101500 292 428 349 103 190 414 58 63 118 83 637 103 328 54 198 54 137 465 50 80 337 344 526 12629 73 63 174 572
leaf_count=15780 886 101500 292 428 349 103 190 414 58 63 118 83 637 103 328 54 198 54 137 465 50 80 337 344 526 12629 73 63 174 572
internal_value=8.24598e-05 0.00248101 0.025916 0.0294639 0.114689 0.224493 0.0182574 0.0911526 0.213624 0.338018 0.230387 0.11117 0.0545086 0.494616 -0.00767342 1.0482 -0.00524405 0.639292 0.16786 0.263906 0.561838 0.347775 -0.0600832 0.0510109 -0.159463 -0.000614176 -0.228787 -0.456803 0.00494726 0.161057
internal_weight=137088 121308 19808 19516 2268 1184 17248 3547 1584 889 772 600 695 186 1963 117 1084 172 1081 732 267 217 1635 772 863 13701 326 253 13375 746
internal_count=137088 121308 19808 19516 2268 1184 17248 3547 1584 889 772 600 695 186 1963 117 1084 172 1081 732 267 217 1635 772 863 13701 326 253 13375 746
is_linear=0
shrinkage=0.05


Tree=232
num_leaves=31
num_cat=0
split_feature=2 0 14 10 12 10 11 10 4 13 10 11 13 8 13 5 14 9 13 5 14 11 12 11 1 5 11 13 11 10
split_gain=2383.03 8216.55 7310.95 10252.7 3918.2 6249.97 3692.98 3282.74 2743.96 12952.6 18772.2 28354.5 17743.7 15475.2 22055.7 18223.9 18163.9 15056 14912.7 12675 19586.9 8601.37 7855.1 7177.22 5613.97 15428.2 14928.1 12172 14896 19996.2
threshold=-2.3213333333333335 142.22000000000003 1.5000000000000002 85.26944444444446 0.39271506111191362 96.116666666666688 137.90122026205077 84.216666666666683 24.927789040243905 -0.75894212529897775 93.805555555555586 150.37038892473115 0.032717136199948357 92.500000000000014 -0.91080963307804841 126.25166666666668 3.5000000000000004 77.500000000000014 -0.3725607353243956 208.80166666666668 4.5000000000000009 128.34214931990437 -0.91080963307804841 86.67175470335421 2.0146666666666664 139.28500000000003 187.02226984500888 0.74455857214455101 78.313761562500019 83.941666666666677
decision_type=8 2 2 8 2 8 2 10 2 2 10 2 2 2 2 2 2 2 2 2 2 2 2 2 10 2 2 2 2 10
left_child=1 4 -3 -4 5 7 -5 -1 24 13 12 -12 18 14 15 -10 -17 -16 19 20 21 -11 -14 -24 -2 -26 27 28 -27 -30
right_child=8 2 3 6 -6 -7 -8 -9 9 10 11 -13 22 -15 17 16 -18 -19 -20 -21 -22 -23 23 -25 25 26 -28 -29 29 -31
leaf_value=0.50499937989935284 -0.00091220614366273518 -0.59147874117371135 0.47087670700785555 -0.56039034496654172 -0.014944066178913301 0.75107592619672614 0.027325110137462617 -0.011452834606170656 0.38900791923286487 -0.071098441033323939 -0.35999511699927483 1.0684002010151745 0.59018522690121944 0.87672556207097818 0.44528447600680032 -1.1573859726941145 -0.11103782520465116 -0.20999322494073791 -1.1702675223350525 0.2141139328260632 -1.3960835863042762 -0.82056753172406138 0.23609727518125015 -0.58734783214681296 -0.039559402346223106 0.87487625591456897 -0.2836675057110708 -0.1547345563456291 -0.047632022667308101 0.5549648442404308
leaf_weight=50 133237 59 81 55 78 79 52 80 61 121 76 64 52 58 174 81 85 98 76 68 54 56 55 51 1162 130 121 119 253 302
leaf_count=50 133237 59 81 55 78 79 52 80 61 121 76 64 52 58 174 81 85 98 76 68 54 56 55 51 1162 130 121 119 253 302
internal_value=9.88873e-05 0.105517 -0.105898 0.0464918 0.287467 0.400329 -0.274772 0.187183 -0.000313356 -0.0746566 -0.222267 0.292986 -0.357605 0.103695 0.0138434 -0.350031 -0.621605 0.317518 -0.544863 -0.385898 -0.562525 -0.308219 0.086837 -0.160089 0.000362372 0.0817332 0.234103 0.312026 0.393113 0.280268
internal_weight=137088 534 247 188 287 209 107 130 136554 1230 673 140 533 557 499 227 166 272 375 299 231 177 158 106 135324 2087 925 804 685 555
internal_count=137088 534 247 188 287 209 107 130 136554 1230 673 140 533 557 499 227 166 272 375 299 231 177 158 106 135324 2087 925 804 685 555
is_linear=0
shrinkage=0.05


Tree=233
num_leaves=31
num_cat=0
split_feature=4 12 2 1 11 10 12 10 5 2 10 11 9 12 12 11 12 12 4 4 13 10 11 13 0 9 9 12 14 9
split_gain=2369.09 2603.79 2440.28 7351.52 10193 14022.9 17637 14825.2 20441.5 19574.2 17282.8 14245.1 19457 46853.2 40212.6 26807.9 27160.3 15749.8 46588.9 13899.7 13528 12511.8 34115.9 33017.6 30038.7 21242.4 18230.1 15645.8 20892.5 29119.6
threshold=1.0000000180025095e-35 0.71473537162315171 0.10844444444444436 0.30666666666666659 177.20532494592166 75.208333333333357 -0.97381903846659723 69.870833333333351 184.77166666666668 0.46666666666666695 65.308333333333351 78.313761562500019 167.50000000000003 0.032717136199948427 -0.96863394805116465 59.449920643000013 0.66746801135786471 -0.9927505997980649 16.191534412894409 10.317225725082693 0.61734245059638992 95.575000000000017 136.92973273925978 -0.95032354012166609 251.18000000000004 57.500000000000007 22.500000000000004 0.010907442517280623 5.5000000000000009 67.500000000000014
decision_type=2 2 10 10 2 10 2 10 2 10 10 2 2 2 2 2 2 2 2 2 2 10 2 2 2 2 2 2 2 2
left_child=1 -1 -2 -4 5 6 7 8 9 -5 -11 12 13 20 -14 -15 -17 18 -13 -8 -7 27 23 25 26 -23 -24 -19 -29 -30
right_child=2 -3 3 4 -6 11 19 -9 -10 10 -12 17 14 15 -16 16 -18 21 -20 -21 -22 22 24 -25 -26 -27 -28 28 29 -31
leaf_value=-0.46272366758564432 0.0050672503500246626 0.0070889855424563098 -0.032486166737356666 0.0283769832436855 -0.067477200574342103 -0.078001526358032924 -0.0063366884443253049 -0.13266185192849625 -0.55197415965795515 0.46178782955299025 1.3289909386440464 -0.069194992171169437 1.1977469186967526 -0.10380210653600985 -0.029321338414447385 1.3825121813383634 0.069854609012603763 0.069695054963440708 -1.4979298059902495 -0.14766561635473927 0.44341672738285171 -1.5277753476329425 1.2586802807508732 0.10150219401046733 1.5830538658662276 -0.17633363500473992 0.26659132633589683 -0.12238849696201802 0.70022123781255052 -0.14128860803104418
leaf_weight=58 90663 60 19416 130 3845 384 6651 191 50 153 92 605 71 57 1120 186 50 6220 63 2356 184 54 51 769 55 63 503 2576 197 215
leaf_count=58 90663 60 19416 130 3845 384 6651 191 50 153 92 605 71 57 1120 186 50 6220 63 2356 184 54 51 769 55 63 503 2576 197 215
internal_value=0.000104689 -0.223836 0.000297615 -0.0090407 0.00788753 0.0204614 -0.0256025 0.233235 0.397673 0.524293 0.787431 0.0534848 0.174737 0.355818 0.0438288 0.869363 1.10441 0.0316038 -0.203941 -0.0433047 0.0909086 0.0463047 0.18047 -0.017555 0.468565 -0.800076 0.357921 0.0245218 -0.0695135 0.261084
internal_weight=137088 118 136970 46307 26891 23046 9623 616 425 375 245 13423 2052 861 1191 293 236 11371 668 9007 568 10703 1495 886 609 117 554 9208 2988 412
internal_count=137088 118 136970 46307 26891 23046 9623 616 425 375 245 13423 2052 861 1191 293 236 11371 668 9007 568 10703 1495 886 609 117 554 9208 2988 412
is_linear=0
shrinkage=0.05


Tree=234
num_leaves=31
num_cat=0
split_feature=4 3 9 3 13 12 13 9 10 10 10 11 11 13 9 6 13 3 12 12 14 11 10 14 2 14 11 12 9 10
split_gain=2296.97 3943.39 3581.85 5343.5 10450.2 10718.4 3525.45 4531.16 4344.22 3383.27 3918.7 3287.12 3232.32 3107.75 3087.44 2975.58 13085.2 13096.4 12891.8 11745.9 18464.3 20457.2 17058.9 20496.3 21734.9 21814 17913.3 24309.1 27147.1 11043.2
threshold=0.39533948058013263 155.49000000000004 842.50000000000011 89.216666666666669 -0.22706275313213795 0.71473537162315171 -0.47136869107721074 237.50000000000003 69.483333333333363 83.208333333333357 79.841666666666683 65.297298437028857 49.524075308504813 -0.66746801135786449 697.50000000000011 2.7560687855741466 -0.61734245059638992 109.68166666666669 -0.20576496797711577 0.34202014332566882 5.5000000000000009 156.8718895316124 79.508333333333354 5.5000000000000009 -0.0959999999999996 4.5000000000000009 162.48812430800004 0.60003553868615167 32.500000000000007 65.308333333333351
decision_type=2 2 2 2 2 2 2 2 8 10 8 2 2 2 2 2 2 2 2 2 2 2 10 2 10 2 2 2 2 8
left_child=1 2 6 13 5 -5 -1 8 -8 10 -3 -9 -6 -4 -13 16 17 -2 29 20 -19 -22 -21 24 -24 26 27 -26 -29 -18
right_child=15 9 3 4 12 -7 7 11 -10 -11 -12 14 -14 -15 -16 -17 18 19 -20 22 21 -23 23 -25 25 -27 -28 28 -30 -31
leaf_value=-0.24719926094351052 0.012363903888876229 0.22860411466506211 -0.37320939821119492 -0.035758656472490546 0.091758186529738883 0.84435665616236466 -0.075797959018884031 -0.042781371510819732 0.53356858913676219 0.52450338065624236 -0.30731301108996073 -0.1550189472161167 -0.32343024704350187 -0.026877222846491335 -0.54439723378668237 -0.0028800422023853543 -0.1329644583230514 -0.010628330037964106 -0.020274132612895984 0.11431684192965728 0.95260071565696447 -0.12765416886088335 0.087149425591919988 -0.31513850376359187 1.665957057996402 1.6817786227310858 -0.19199419534550266 -0.43969196361653951 0.99039118656986647 0.094426096123513117
leaf_weight=333 2825 103 78 57 131 88 58 959 59 50 51 336 73 382 60 105149 603 1118 18537 664 112 72 137 68 63 62 52 51 95 4662
leaf_count=333 2825 103 78 57 131 88 58 959 59 50 51 336 73 382 60 105149 603 1118 18537 664 112 72 137 68 63 62 52 51 95 4662
internal_value=9.9455e-05 -0.0445758 -0.0610991 0.0263259 0.173854 0.49838 -0.100283 -0.0670471 0.231489 0.167149 0.0511251 -0.0928247 -0.0568141 -0.0856031 -0.214016 0.00103708 0.0151809 0.0860814 -0.000663167 0.169583 0.0657586 0.529892 0.282988 0.495104 0.614879 0.838714 0.638446 0.845063 0.490842 0.0683831
internal_weight=137088 2818 2614 809 349 145 1805 1472 117 204 154 1355 204 460 396 134270 29121 5319 23802 2494 1302 184 1192 528 460 323 261 209 146 5265
internal_count=137088 2818 2614 809 349 145 1805 1472 117 204 154 1355 204 460 396 134270 29121 5319 23802 2494 1302 184 1192 528 460 323 261 209 146 5265
is_linear=0
shrinkage=0.05


Tree=235
num_leaves=31
num_cat=0
split_feature=9 11 10 0 0 8 3 12 13 11 5 5 9 5 12 11 9 8 3 10 4 13 10 10 2 14 13 3 6 8
split_gain=2276.96 7250.61 23079.9 25033.2 20342.6 35214.3 27521 18107.4 27826.2 19697.9 22938.4 18653.2 15713.5 24216.7 16621.2 15882.8 15711.3 16992.7 15669.2 25463 19070.3 22635.5 47529.8 15493.3 14901.8 15515.4 14824.1 31038.6 23836.6 18131.3
threshold=177.50000000000003 92.693095237016749 76.40833333333336 182.07333333333335 156.38000000000002 222.00000000000003 281.31666666666678 0.52803643325367289 0.17364817766693066 76.917759348139825 122.33333333333336 177.22000000000006 17.500000000000004 148.35166666666669 0.54643492068321309 62.262162506580204 22.500000000000004 65.550000000000011 250.77333333333337 82.14166666666668 4.465380904295329 -0.70710678118654757 91.680555555555557 85.136666666666699 -0.29155555555555585 3.5000000000000004 0.45201865172701733 107.61000000000003 2.4200813909514509 93.500000000000014
decision_type=2 2 10 2 2 2 2 2 2 2 2 2 2 2 2 2 2 2 2 10 2 2 10 8 10 2 2 2 2 2
left_child=1 2 4 7 12 6 -6 8 11 10 -9 -4 13 -1 -14 -16 -11 -18 20 -20 -5 22 24 26 -22 -26 29 28 -28 -3
right_child=-2 23 3 18 5 -7 -8 9 -10 16 -12 -13 14 -15 15 -17 17 -19 19 -21 21 -23 -24 -25 25 -27 27 -29 -30 -31
leaf_value=0.14539392827278369 0.0049100647702209135 -0.11089379575158964 -0.065924892693134576 0.01746640887308715 -0.1835892127859412 0.91524173549458954 0.38127231482545371 0.21377281644996607 0.15438048803754539 -0.41823615715882489 1.2992121061020427 -0.65240450512643877 0.021965233593420709 1.1157565962260878 0.30171720598003654 -0.39125888776442591 -0.17707973197958937 0.76990056589532363 -0.37822763156574996 0.42017585508424687 0.56682232105614327 0.24408640381770105 -0.52627682056157821 0.0066000630020778888 0.90702317517716446 1.8016325658712633 1.4475135087817907 -0.033644039493844806 0.28958099154196681 0.12847500577041762
leaf_weight=681 87963 9619 2612 321 3228 79 143 106 1849 107 90 143 5134 71 101 456 87 104 217 185 133 508 62 19128 128 78 50 2443 400 862
leaf_count=681 87963 9619 2612 321 3228 79 143 106 1849 107 90 143 5134 71 101 456 87 104 217 185 133 508 62 19128 128 78 50 2443 400 862
internal_value=9.44821e-05 -0.00852828 0.0183317 0.0897631 -0.0302615 -0.128243 -0.152697 0.0352023 0.00433533 0.322877 0.712189 -0.0963665 0.0222041 0.237011 -0.00618013 -0.265603 0.0668203 0.338554 0.260199 -0.0108031 0.34877 0.465765 0.746595 -0.0222657 0.979391 1.24576 -0.0635506 0.0366456 0.41824 -0.0912071
internal_weight=137088 49125 16623 6730 9893 3450 3371 5098 4604 494 196 2755 6443 752 5691 557 298 191 1632 402 1230 909 401 32502 339 206 13374 2893 450 10481
internal_count=137088 49125 16623 6730 9893 3450 3371 5098 4604 494 196 2755 6443 752 5691 557 298 191 1632 402 1230 909 401 32502 339 206 13374 2893 450 10481
is_linear=0
shrinkage=0.05


Tree=236
num_leaves=31
num_cat=0
split_feature=5 10 9 9 14 14 1 9 9 12 9 10 3 10 10 12 5 11 10 12 9 9 8 10 13 8 5 12 3 9
split_gain=2297.77 8024.85 13444 6846.46 7773.65 6428.84 14102.3 14058.7 20788.4 15501.6 13874.5 15373.8 13750.9 21763.9 15959.1 14464.3 12385.7 13674.4 10941 13049.9 21154 20937.4 10765.4 19048.8 18099.2 15566.8 12666.5 18561 10694.1 11438.8
threshold=114.31833333333336 110.78333333333335 507.50000000000006 37.500000000000007 1.5000000000000002 1.5000000000000002 3.0226666666666655 267.50000000000006 507.50000000000006 0.54643492068321309 1252.5000000000002 72.872222222222248 70.963333333333352 82.941666666666677 70.670833333333348 -0.98990318592078552 76.78166666666668 97.69312536773198 48.983333333333341 -0.57357643635104605 157.50000000000003 42.500000000000007 42.500000000000007 89.716666666666697 0.032717136199948357 93.500000000000014 86.273333333333341 1.0000000180025095e-35 70.963333333333352 87.500000000000014
decision_type=2 10 2 2 2 2 10 2 2 2 2 8 2 8 10 2 2 2 10 2 2 2 2 10 2 2 2 2 2 2
left_child=1 5 3 -3 -5 7 10 16 -9 12 18 -12 13 -10 15 -14 17 -1 19 20 -7 -21 28 26 25 -25 27 -24 -20 -30
right_child=-2 2 -4 4 -6 6 -8 8 9 -11 11 -13 14 -15 -16 -17 -18 -19 22 21 -22 -23 23 24 -26 -27 -28 -29 29 -31
leaf_value=-0.71313320592137208 0.0041856051359572552 -0.85273940907418722 0.38314008116722109 -0.52579286038875583 -0.080559630436385088 0.89337314045647309 0.74116886909191426 0.12039210186497269 1.0637409118264916 0.031390260321039483 0.52415205894038086 0.077812889901575005 0.69889630101761735 -0.061171111857658104 -0.44824199131011044 -0.15943802923398198 -0.083974874418610762 0.081712116172284258 -0.28119303597434836 -0.91678681229906422 -0.051117856494177175 -0.11322136490496953 0.72887321583101317 0.29321213902055637 0.036166597973402971 0.90179600107475988 0.036166597973402971 0.036166597973402971 -0.10682751440292754 0.0095959735092582422
leaf_weight=163 98012 50 85 150 283 82 65 2545 50 1876 210 2373 53 307 583 664 4736 81 360 84 214 2318 167 721 198 123 2278 66 2436 15755
leaf_count=163 98012 50 85 150 283 82 65 2545 50 1876 210 2373 53 307 583 664 4736 81 360 84 214 2318 167 721 198 123 2278 66 2436 15755
internal_value=9.8279e-05 -0.0101537 -0.196721 -0.298767 -0.234797 -0.00740182 0.00556483 -0.0395898 0.0114418 -0.0670407 0.00381883 0.114101 -0.178481 0.0963796 -0.253962 -0.0959907 -0.101873 -0.449271 -0.00766645 -0.10272 0.210532 -0.141323 0.00393578 0.0836683 0.267243 0.381904 0.0361666 0.416652 -0.0113351 -0.00599457
internal_weight=137088 39076 568 483 433 38508 27450 11058 6078 3533 27385 2583 1657 357 1300 717 4980 244 24802 2698 296 2402 22104 3553 1042 844 2511 233 18551 18191
internal_count=137088 39076 568 483 433 38508 27450 11058 6078 3533 27385 2583 1657 357 1300 717 4980 244 24802 2698 296 2402 22104 3553 1042 844 2511 233 18551 18191
is_linear=0
shrinkage=0.05


Tree=237
num_leaves=31
num_cat=0
split_feature=4 1 13 12 10 11 6 10 10 6 12 10 11 5 14 9 11 5 5 10 11 11 5 8 9 10 8 5 3 9
split_gain=2216.07 5924.97 7049.9 8769.57 16294.2 16682.9 28433.5 9471.61 9750.63 5787.15 6600.61 21240.3 23113.1 21755.1 14956.1 53252.4 17226.9 25766.9 16199.3 59653.6 21081.3 15314.1 21810 13399.3 23264.1 20416.7 16163.5 12529.9 12267.1 19287.6
threshold=1.2115359091274138 -0.13333333333333283 -0.61734245059638992 0.37256073532439576 81.606250000000017 119.25775998549425 2.3182891636922003 90.083333333333343 85.612500000000026 2.7560687855741466 -0.98990318592078552 114.51666666666667 255.37899020314217 198.1866666666667 4.5000000000000009 212.50000000000003 85.716398574500019 114.08333333333336 172.88166666666669 86.444444444444471 134.06891977787004 116.88900124550294 164.70666666666671 0.15500000000000003 282.50000000000006 72.00277777777778 63.500000000000007 121.77166666666668 219.55000000000007 247.50000000000003
decision_type=2 10 2 2 10 2 2 10 10 2 2 10 2 2 2 2 2 2 2 8 2 2 2 2 2 8 2 2 2 2
left_child=1 -1 3 -3 -5 6 -6 8 -7 -2 11 12 13 14 18 21 27 -18 23 -20 -21 22 -16 -11 25 26 -25 -17 29 -15
right_child=9 2 -4 4 5 7 -8 -9 -10 10 -12 -13 -14 28 15 16 17 -19 19 20 -22 -23 -24 24 -26 -27 -28 -29 -30 -31
leaf_value=-0.10015158019632904 0.031127982045130339 0.0056806218709685831 -0.020415268451889745 0.041213561481664544 1.7941405167557158 0.046310655757784841 0.26820551757991778 -0.080826391626826755 1.0069498673081398 -0.22738095750486773 0.0013540067750879921 -0.88166931991453312 0.45142818569147497 -0.2604512953540174 -0.16535998353113732 0.5857630593272356 0.03576471719213508 0.95295343939510602 -0.31074806757762952 1.5971778014457072 0.30859656035900118 -0.44731738447812913 0.88660224498279627 0.065080306954579822 0.89916742515208115 -0.11676479977164488 1.218612567278055 -0.22960879344399238 -0.2031339738983661 -1.3948504597542513
leaf_weight=1844 15616 2712 17110 771 53 50 72 132 56 1593 93683 77 224 82 240 78 110 252 197 77 54 316 62 73 67 1008 52 119 239 69
leaf_count=1844 15616 2712 17110 771 53 50 72 132 56 1593 93683 77 224 82 240 78 110 252 197 77 54 316 62 73 67 1008 52 119 239 69
internal_value=6.30027e-06 -0.0142266 -0.00666577 0.0545027 0.171262 0.447482 0.915202 0.20183 0.553818 0.00284571 -0.00163029 -0.0576691 -0.0447521 -0.0684604 -0.0360148 0.115867 0.469489 0.67425 -0.0932928 0.239114 1.06601 -0.203996 0.0506058 -0.132329 -0.00614864 -0.0596845 0.54495 0.0932288 -0.426027 -0.778819
internal_weight=137088 22800 20956 3846 1134 363 125 238 106 114288 98672 4989 4912 4688 4298 1177 559 362 3121 328 131 618 302 2793 1200 1133 125 197 390 151
internal_count=137088 22800 20956 3846 1134 363 125 238 106 114288 98672 4989 4912 4688 4298 1177 559 362 3121 328 131 618 302 2793 1200 1133 125 197 390 151
is_linear=0
shrinkage=0.05


Tree=238
num_leaves=31
num_cat=0
split_feature=2 6 0 10 11 10 14 10 10 13 11 12 0 12 9 9 11 11 6 8 11 12 9 9 6 0 9 9 12 12
split_gain=2225.83 7315.04 12805.8 15973.9 19565 20800.2 16784.1 26676 56051.3 48018.7 22965.8 26313.5 22855.6 30285.4 24705.2 16780.1 14819.4 13973.9 13903.7 13620.4 12945.5 17999.8 11501.2 16809.8 17728.2 11885.6 11074.3 55721.5 27226.4 20003.3
threshold=0.10844444444444436 14.252405006820814 191.58000000000001 70.075000000000017 100.20927138250002 95.808333333333351 2.5000000000000004 90.466666666666683 80.21250000000002 -0.11969653353600833 86.248798527000005 -0.63435554093529889 228.90000000000003 -0.32143946530316164 277.50000000000006 167.50000000000003 72.455140113830623 98.379749567500014 37.345984246274824 238.00000000000003 94.518400596000006 0.68355163169896505 762.50000000000011 92.500000000000014 22.27295887039104 228.90000000000003 377.50000000000006 607.50000000000011 0.4126824757997184 -0.95032354012166598
decision_type=8 2 2 10 2 10 2 10 10 2 2 2 2 2 2 2 2 2 2 2 2 2 2 2 2 2 2 2 2 2
left_child=-1 -2 18 17 6 26 7 8 10 -10 11 -5 15 14 -14 -8 -15 -4 19 -3 21 -18 23 -7 -25 -26 29 -28 -29 -6
right_child=1 2 3 4 5 22 12 -9 9 -11 -12 -13 13 16 -16 -17 20 -19 -20 -21 -22 -23 -24 24 25 -27 27 28 -30 -31
leaf_value=0.0045697764843816296 0.0022317534985988436 -0.10776595784936427 -0.10690216286011936 0.51007922537186567 -0.80442803396311191 0.35784315711859133 0.56056880027640099 -0.33892799668224916 0.46179364847484977 1.784926636113475 0.66680073649622507 -0.71381674556722574 -1.3847512524574996 0.86778176498413095 0.007144317818137836 -0.1485287146222207 0.13004654432817173 -0.75949343988752893 0.56105659508256289 0.45855569382784545 0.52339271685433775 -0.94029156850541351 0.90935796737670904 0.32461336504506028 -0.16211352624754977 -1.1577436603324593 1.1297084686897134 -1.3951305120452309 0.20344907706766799 -0.11059735621672073
leaf_weight=90511 35431 6266 757 68 112 368 255 106 160 120 96 124 80 50 53 124 93 92 81 108 63 68 55 92 69 53 93 50 57 1433
leaf_count=90511 35431 6266 757 68 112 368 255 106 160 120 96 124 80 50 53 124 93 92 81 108 63 68 55 92 69 53 93 50 57 1433
internal_value=-5.95318e-07 -0.00888199 -0.0442105 0.0186574 0.0620303 -0.0263056 0.206151 0.389224 0.525111 1.02885 0.0353645 -0.280354 0.0491646 -0.211017 -0.830086 0.328569 0.0894793 -0.177619 -0.089898 -0.0981703 -0.0842489 -0.322022 0.21824 0.152929 -0.199448 -0.594641 -0.115575 0.234515 -0.543551 -0.160894
internal_weight=137088 46577 11146 4691 3842 2382 1460 674 568 280 288 192 786 407 133 379 274 849 6455 6374 224 161 637 582 214 122 1745 200 107 1545
internal_count=137088 46577 11146 4691 3842 2382 1460 674 568 280 288 192 786 407 133 379 274 849 6455 6374 224 161 637 582 214 122 1745 200 107 1545
is_linear=0
shrinkage=0.05


Tree=239
num_leaves=31
num_cat=0
split_feature=2 0 14 10 12 10 11 6 14 12 12 3 13 1 12 10 13 0 13 8 12 0 0 2 14 9 11 10 10 11
split_gain=2161.1 7438.72 6556.07 9210.09 3525.21 5484.13 3331.01 2850.76 12862.1 28997.3 42143 22569.9 15636.5 14335.3 12456.7 16972.3 24269.9 21612.7 19742.2 16713.9 31089.3 26246.9 12780.6 12376.4 24122.4 19219.7 14576.8 12358.2 11781.4 11290.5
threshold=-2.3213333333333335 142.22000000000003 1.5000000000000002 85.26944444444446 0.4126824757997184 96.116666666666688 137.90122026205077 33.096442698950163 5.5000000000000009 -0.43245347597985068 1.0000000180025095e-35 298.72666666666674 0.95032354012166631 1.6426666666666663 -0.46174861323503386 81.170833333333348 -0.75894212529897775 208.02000000000004 0.010907442517280267 92.500000000000014 0.021814885034561173 222.62000000000003 257.78000000000003 0.80000000000000038 4.5000000000000009 47.500000000000007 75.497950365000023 88.108333333333363 80.737500000000011 167.25433606200002
decision_type=8 2 2 8 2 8 2 2 2 2 2 2 2 10 2 10 2 2 2 2 2 2 2 8 2 2 2 10 8 2
left_child=1 4 -3 -4 5 -1 -5 -2 11 -10 -11 12 14 -12 15 22 -17 -18 -19 20 21 -16 -9 -22 25 -25 -27 -28 -13 -29
right_child=7 2 3 6 -6 -7 -8 8 9 10 13 28 -14 -15 19 16 17 18 -20 -21 23 -23 -24 24 -26 26 27 29 -30 -31
leaf_value=0.17713977728728897 0.00056655563980187223 -0.5605993523436078 0.44576568745168643 -0.53221308170394466 -0.035020766436521494 0.69555776958785409 0.025957031175494194 -0.10774626203831411 -0.48308144788656915 1.5011873306433361 -0.23168255411276295 1.0512792853875594 0.70811345834358075 0.68710334138436757 -0.49439606100675609 1.023600642363492 -0.34871307055891299 -0.12278537786006927 1.2753790909168767 0.44182617840094446 0.047196519185705221 -1.6648414544649979 -1.0181817846229444 0.063835409288920467 -1.0380584622272337 0.063835409288920467 -0.93851579802022089 0.063835409288920467 0.15769494511187077 -0.76621638929302049
leaf_weight=135 134186 59 81 55 70 82 52 149 105 75 119 55 51 66 168 76 162 50 51 78 356 67 52 145 99 52 126 88 112 66
leaf_count=135 134186 59 81 55 70 82 52 149 105 75 119 55 51 66 168 76 162 50 51 78 356 67 52 145 99 52 126 88 112 66
internal_value=-5.65651e-07 0.100389 -0.10077 0.0435376 0.273513 0.37304 -0.260953 -0.000393144 -0.0547759 0.218203 0.501414 -0.10452 -0.155139 0.0961005 -0.179804 0.0207547 0.236599 0.00917699 0.583218 -0.266793 -0.314155 -0.828098 -0.343282 -0.184567 -0.32781 -0.1804 -0.416195 -0.571281 0.451989 -0.270817
internal_weight=137088 534 247 188 287 217 107 136554 2368 365 260 2003 1836 185 1785 540 339 263 101 1245 1167 235 201 932 576 477 332 280 167 154
internal_count=137088 534 247 188 287 217 107 136554 2368 365 260 2003 1836 185 1785 540 339 263 101 1245 1167 235 201 932 576 477 332 280 167 154
is_linear=0
shrinkage=0.05


Tree=240
num_leaves=31
num_cat=0
split_feature=5 13 9 11 4 13 10 8 10 11 12 10 10 2 1 14 13 12 11 0 3 11 10 8 0 9 0 6 3 9
split_gain=2172.39 7478.09 15036.3 33260.8 25773.8 26061.4 21427.1 36823.5 20509.5 25704.9 18924.6 18792.9 18551.3 15962 14360 13196.4 34136.3 25711.6 18395.3 13445.2 14154.8 12200.3 17340.1 11879 16266.3 11558.6 11124 14176.9 14756.4 18875
threshold=121.77166666666668 -0.82531082829576841 47.500000000000007 56.070489384742999 2.6348029647423679 0.37256073532439549 71.263333333333335 34.500000000000007 99.316666666666677 193.89688390340925 -0.49049438445969368 91.072222222222237 92.836666666666687 1.0200000000000002 -0.46666666666666617 4.5000000000000009 0.65106671239330416 -0.78661891169205822 78.313761562500019 112.12666666666669 102.17000000000003 111.0185001492499 86.444444444444471 42.500000000000007 143.02000000000004 1162.5000000000002 141.46000000000004 8.7914711883312542 111.37666666666668 27.500000000000004
decision_type=2 2 2 2 2 2 8 2 10 2 2 8 10 10 10 2 2 2 2 2 2 2 10 2 2 2 2 2 2 2
left_child=1 14 3 10 12 6 -6 13 -9 -10 -3 21 15 -8 -1 17 18 -5 -17 20 -20 -7 -23 25 -25 -4 27 28 -16 -30
right_child=-2 2 23 4 5 11 7 8 9 -11 -12 -13 -14 -15 26 16 -18 -19 19 -21 -22 22 -24 24 -26 -27 -28 -29 29 -31
leaf_value=-0.11932768259667351 0.0051218128406505421 1.0535721276778924 -0.023183035183878861 0.26717086256459266 0.2148046839921201 -0.021695440175655618 -0.54224599486380909 -0.26398979775065362 -0.2538773606279317 1.0161051924427351 0.0025858202423804846 -0.44933773967053964 -0.34989204484120762 -1.2339253822962444 0.032274063929217216 1.0276526420162273 1.5565191844334969 -0.24842395591054189 0.20051021239161493 0.63561304591355794 -0.65885673170180425 0.64156294804565694 -0.34376488238059244 0.081379973861543817 0.72859764363146529 0.052608302447190947 0.32358439993909283 -0.068911289145679247 0.55499270320530758 0.1227068487687295
leaf_weight=1481 82771 95 31909 498 183 439 636 1113 85 75 78 170 259 96 6158 52 52 470 100 62 92 194 58 1689 103 3566 351 2410 302 1541
leaf_count=1481 82771 95 31909 498 183 439 636 1113 85 75 78 170 259 96 6158 52 52 470 100 62 92 194 58 1689 103 3566 351 2410 302 1541
internal_value=2.30167e-05 -0.00774679 -0.0177545 -0.10098 -0.126393 -0.211412 -0.303112 -0.350383 -0.187897 0.341427 0.579717 0.021618 0.0371552 -0.632958 0.0266455 0.112755 0.372126 0.0168304 0.170857 -0.00455035 -0.21127 0.137483 0.414781 -0.00701933 0.118581 -0.0133639 0.0467334 0.0373995 0.0694217 0.193543
internal_weight=137088 54317 42074 4807 4634 3049 2188 2005 1273 160 173 861 1585 732 12243 1326 358 968 306 254 192 691 252 37267 1792 35475 10762 10411 8001 1843
internal_count=137088 54317 42074 4807 4634 3049 2188 2005 1273 160 173 861 1585 732 12243 1326 358 968 306 254 192 691 252 37267 1792 35475 10762 10411 8001 1843
is_linear=0
shrinkage=0.05


Tree=241
num_leaves=31
num_cat=0
split_feature=4 13 14 13 11 14 6 0 5 11 6 12 9 9 4 0 11 6 0 12 3 3 0 11 12 6 9 9 9 10
split_gain=2185.98 8432.9 8069.35 13850.8 14207.9 12917.7 18387.7 17799.6 10459 10408.3 11144.1 9502.65 9210.86 17076 16446.8 21307.9 13547 11771.8 9145.39 10000.7 7741.11 8547.98 9619.98 11754.8 10862.9 7678.38 7613 7347.94 7047.5 12059.9
threshold=1.5241522233889551 -0.61734245059638992 4.5000000000000009 -0.99845357241023047 120.76154976300002 3.5000000000000004 3.8995096816848034 113.98 93.766666666666694 201.40593045750003 5.3979092471740264 1.0000000180025095e-35 727.50000000000011 97.500000000000014 1.2520809341307266 137.02000000000004 125.72013909050001 1.6727531289141619 77.620000000000019 -0.043619387365335778 89.216666666666669 105.00333333333334 102.72666666666669 113.20953613432755 0.60003553868615167 2.7916512135657912 57.500000000000007 27.500000000000004 7.5000000000000009 83.083333333333357
decision_type=2 2 2 2 2 2 2 2 2 2 2 2 2 2 2 2 2 2 2 2 2 2 2 2 2 2 2 2 2 8
left_child=1 2 5 4 -4 6 7 18 27 10 26 -11 13 16 15 17 -9 -14 19 -1 -20 22 24 -24 -22 28 -7 -5 29 -2
right_child=25 -3 3 8 -6 9 -8 12 -10 11 -12 -13 14 -15 -16 -17 -18 -19 20 -21 21 -23 23 -25 -26 -27 -28 -29 -30 -31
leaf_value=0.97445489545809283 -0.031786945157022364 -0.024403135190825452 1.2672595051099671 0.38575194407911861 0.14379278053840003 -0.69097361116547074 -0.13359234434020853 1.0194585437095294 0.16338897490932625 0.77542925212391711 0.23868564575709203 -0.18063264488443442 0.9283075757040864 0.023293137969449165 1.1994043746377743 -0.52359837825809208 0.094795105509136043 0.072127333718996781 -0.37759095074338767 0.0024404918199235747 -0.01352402363833277 -0.14002809028209348 0.99322203727582326 0.065720115850369132 0.68492543736442191 -0.0012724454635208767 -0.22951701583438799 -0.27105417153906336 0.035057494904808431 0.57182834128538773
leaf_weight=51 166 24955 53 51 60 106 974 93 1206 53 111 51 105 430 70 56 69 65 131 55 637 492 65 72 61 94499 570 258 11358 165
leaf_count=51 166 24955 53 51 60 106 974 93 1206 53 111 51 105 430 70 56 69 65 131 55 637 492 65 72 61 94499 570 258 11358 165
internal_value=5.0337e-05 -0.0116541 0.0418617 0.13672 0.670729 0.00608913 0.0501971 0.123203 0.0968901 -0.163511 -0.225634 0.306591 0.301986 0.188119 0.529721 0.322297 0.62562 0.600945 0.0216945 0.470108 -0.0109062 0.0252925 0.122703 0.505776 0.0475153 0.00345626 -0.301876 -0.162649 0.0416852 0.269109
internal_weight=137088 30900 5945 1628 113 4317 3426 2452 1515 891 787 104 888 592 296 226 162 170 1564 106 1458 1327 835 137 698 106188 676 309 11689 331
internal_count=137088 30900 5945 1628 113 4317 3426 2452 1515 891 787 104 888 592 296 226 162 170 1564 106 1458 1327 835 137 698 106188 676 309 11689 331
is_linear=0
shrinkage=0.05


Tree=242
num_leaves=31
num_cat=0
split_feature=1 2 5 4 2 13 10 11 6 12 5 9 5 12 14 14 9 12 3 10 10 10 11 10 1 9 13 14 1 6
split_gain=2155.54 11914.2 14628.6 9875.66 9160.26 10396.6 12036.4 11782.9 10239.5 8784.84 19787 18590.9 22813.1 19998 33609.9 18699.2 17887 24615.6 14661.8 14812.7 14380.7 14119.8 13386.6 13359.7 13111.8 12793.1 23567.7 22793.1 11756.6 10593.3
threshold=0.73911111111111161 0.60533333333333306 217.49500000000003 6.3015003479382594 0.31866666666666749 -0.47136869107721074 84.069444444444471 191.47040009213023 4.8365972253332954 0.52803643325367289 131.98500000000004 37.500000000000007 184.77166666666668 0.86046863722869271 2.5000000000000004 2.5000000000000004 947.50000000000011 0.76604444311897824 90.170000000000016 51.350000000000016 86.941666666666677 85.26944444444446 86.67175470335421 81.606250000000017 1.5151111111111117 22.500000000000004 -0.50938662908026078 1.5000000000000002 1.6426666666666663 9.8548711198055994
decision_type=10 10 2 2 8 2 8 2 2 2 2 2 2 2 2 2 2 2 2 10 10 10 2 10 10 2 2 2 10 2
left_child=1 -1 -3 4 -2 6 -6 8 -8 25 18 12 13 14 -12 -15 -13 -18 -11 24 23 -14 -19 -16 -20 26 28 -28 -5 -27
right_child=3 2 -4 9 5 -7 7 -9 -10 10 11 16 21 15 20 -17 17 22 19 -21 -22 -23 -24 -25 -26 29 27 -29 -30 -31
leaf_value=0.00098680346495116054 0.014732372733258252 -0.10732609854838888 0.18335978666786104 -0.098409378481182197 0.11603131855167255 0.093907702983824087 1.3239496667531956 0.020474044743337132 0.54963963570272811 0.3080385758059806 0.87910091813268343 -0.13974304804270352 0.28938045567936371 -0.97610879526945993 0.063610975563526156 0.21046094950288535 -0.42721032251057961 1.4396613383994383 -0.3901356910081471 -0.20875113720968985 0.49093119457082929 1.3833480580036457 0.34201147969140383 -1.0757563729331179 -1.3369455257528706 0.12065593865876725 0.24195709244890529 -0.67053515843277722 0.69255878122114556 0.0049958306969437758
leaf_weight=116269 1117 4402 480 110 193 662 69 57 112 116 145 1179 54 69 50 64 58 51 102 966 53 65 61 53 57 2715 91 276 82 7310
leaf_count=116269 1117 4402 480 110 193 662 69 57 112 116 145 1179 54 69 50 64 58 51 102 966 53 65 61 53 57 2715 91 276 82 7310
internal_value=4.78201e-05 -0.00222617 -0.0787458 0.0173344 0.115428 0.218335 0.409451 0.647392 0.844819 0.0015416 -0.0718594 0.0294778 0.273629 0.105466 0.331078 -0.405128 -0.0706077 0.408866 -0.227172 -0.282359 -0.178302 0.886926 0.841834 -0.522665 -0.729558 0.0233386 -0.209454 -0.444277 0.2394 0.0363192
internal_weight=137088 121151 4882 15937 2210 1093 431 238 181 13727 3143 1902 553 434 301 133 1349 170 1241 1125 156 119 112 103 159 10584 559 367 192 10025
internal_count=137088 121151 4882 15937 2210 1093 431 238 181 13727 3143 1902 553 434 301 133 1349 170 1241 1125 156 119 112 103 159 10584 559 367 192 10025
is_linear=0
shrinkage=0.05


Tree=243
num_leaves=31
num_cat=0
split_feature=1 12 4 2 9 11 11 10 10 13 9 6 11 14 11 5 3 12 5 11 5 6 9 1 9 11 5 12 3 11
split_gain=2119.54 11786.4 12614 11773.7 11642.9 17177.9 18979.2 23236.8 19329.9 18007.5 18739.6 21755.3 16093.5 15553.4 15585 13786.3 11858.2 15624.3 14977.8 12260.7 11503.6 11405.6 11064.1 10383.6 8453.03 10654.7 9684.94 9176.88 8738.41 11298.4
threshold=-0.06666666666666618 0.86046863722869271 7.8819174194405255 -0.037333333333333239 687.50000000000011 62.262162506580204 262.32740992389273 73.044444444444466 62.666666666666679 0.087155742747658027 1407.5000000000002 9.4646042349099506 231.67598128318795 1.0000000180025095e-35 69.835720077500014 217.49500000000003 137.81666666666672 0.9195955058153672 119.29833333333336 99.549508844903343 133.68833333333336 3.3644469128651711 752.50000000000011 -0.83999999999999864 1.0000000180025095e-35 64.708682477474369 178.41166666666669 0.9195955058153672 161.17000000000004 61.60833102464688
decision_type=10 2 2 8 2 2 2 8 10 2 2 2 2 2 2 2 2 2 2 2 2 2 2 8 2 2 2 2 2 2
left_child=1 2 -1 -2 12 -6 7 8 -7 10 11 13 15 -9 -15 24 18 -18 22 -19 -14 -20 -16 -4 -3 28 -27 -28 -26 -30
right_child=3 4 23 -5 5 6 -8 9 -10 -11 -12 -13 20 14 16 -17 17 19 21 -21 -22 -23 -24 -25 25 26 27 -29 29 -31
leaf_value=-0.029097349456421506 0.044946401805468675 0.46264368445465442 0.0026304690232160609 -0.0043149648491673191 -0.032953673770840644 0.34004328610358064 -0.46866138351752479 1.0670047516198387 -0.09775752381618269 0.036828923378235255 -0.2669236630615261 1.5641642700164367 0.135929474738928 0.97552696778853931 1.0811850225696198 -0.74878726029206844 1.3349942374623047 -0.16199389147891929 -0.71108734323219824 0.77165554898816191 1.1336775988340377 0.10969035798107606 0.14200478733010308 0.10860173971625275 0.097693940287737133 -0.10131697790383086 -0.11503691560909397 0.71847589939004841 -0.53046748981855463 0.2940061846327397
leaf_weight=40843 15233 95 9688 59533 1239 400 102 105 682 273 72 52 65 101 52 63 53 67 66 74 52 118 79 3036 2038 2586 61 72 126 62
leaf_count=40843 15233 95 9688 59533 1239 400 102 105 682 273 72 52 65 101 52 63 53 67 66 74 52 118 79 3036 2038 2586 61 72 126 62
internal_value=4.54291e-05 -0.00676419 -0.0155548 0.00572166 0.0470207 0.117088 0.198055 0.229051 0.0640912 0.389561 0.504335 0.576735 -0.000428881 0.504922 0.40817 -0.0137224 0.29559 0.603111 0.106196 0.328007 0.579373 -0.184719 0.514809 0.0279157 -0.00453409 -0.0135092 -0.0799164 0.336188 0.0676054 -0.258567
internal_weight=137088 62322 53567 74766 8755 3535 2296 2194 1082 1112 839 767 5220 715 610 5103 509 194 315 141 117 184 131 12724 5040 4945 2719 133 2226 188
internal_count=137088 62322 53567 74766 8755 3535 2296 2194 1082 1112 839 767 5220 715 610 5103 509 194 315 141 117 184 131 12724 5040 4945 2719 133 2226 188
is_linear=0
shrinkage=0.05


Tree=244
num_leaves=31
num_cat=0
split_feature=1 4 1 11 8 4 2 6 1 10 9 6 8 11 4 2 10 12 11 9 11 4 2 2 3 12 4 10 9 12
split_gain=2070.43 10956.6 11047.9 9391.4 24324.1 12338.2 15158.2 15060.5 12545.8 12199.1 13199.4 11669.3 10069.7 10583.7 9771.12 9594.61 10077 10872.3 10419.9 16439.8 8542.46 8447.57 8249.58 8236.32 8213.14 11919.9 11096.6 16062.2 14113.6 12923
threshold=0.43999999999999989 5.8593583266387803 0.96488888888888869 177.20532494592166 39.500000000000007 14.173523340770695 0.62244444444444402 7.0212193536539065 2.0146666666666664 96.726666666666688 82.500000000000014 24.584547743377705 70.250000000000014 224.41683005950003 8.3339983734571579 1.186666666666667 73.044444444444466 -0.74455857214455057 78.313761562500019 82.500000000000014 123.17551571639116 13.823875948348144 0.24666666666666712 0.31866666666666749 125.14333333333335 0.78661891169205866 27.598463403158863 70.883333333333354 722.50000000000011 -0.7729644631059297
decision_type=10 2 10 2 2 2 10 2 10 8 2 2 2 2 2 10 10 2 2 2 2 2 10 10 2 2 2 8 2 2
left_child=22 23 -3 5 21 6 11 -8 -7 -6 12 14 -11 -14 -4 -9 17 -17 -18 20 -20 -5 -1 -2 25 -10 27 29 -29 -26
right_child=1 2 3 4 9 8 7 15 24 10 -12 -13 13 -15 -16 16 18 -19 19 -21 -22 -23 -24 -25 26 -27 -28 28 -30 -31
leaf_value=0.0018065650974001561 0.020224302396084311 -0.067729168370526907 0.035934394937720819 -0.17015410953153792 -0.075701161902397882 -0.13281944930259448 0.522664419984331 0.073923954712981091 -0.05685096987336874 0.21690915053285942 -0.076566627957190325 0.5613234091113195 1.2606058675741012 0.51334673112863694 -0.19633425856099049 0.54994978936738337 0.89529952759092513 -0.220455422858644 0.32746046626319492 -0.059465464522369983 0.93828645759507234 -0.50940685834268196 -0.042251230384855253 0.12284745384479255 0.37029700566221169 -0.86157050627919574 -0.094861874153383652 0.1847120658753898 0.90602294853371057 -0.55310785038851384
leaf_weight=99932 4987 5560 1206 607 380 1717 245 2734 400 158 55 81 68 63 725 64 88 161 144 183 95 263 11889 3216 54 52 595 1167 72 127
leaf_count=99932 4987 5560 1206 607 380 1717 245 2734 400 158 55 81 68 63 725 64 88 161 144 183 95 263 11889 3216 54 52 595 1167 72 127
internal_value=4.31576e-05 0.0129698 -0.00985867 0.0181107 -0.0945321 0.0362291 0.0839193 0.143796 -0.0290373 0.119577 0.33529 -0.0266095 0.485652 0.809784 -0.0512716 0.117039 0.277414 -0.00131794 0.400384 0.297179 0.570257 -0.27271 -0.00287774 0.0604579 0.0431938 -0.149429 0.0864026 0.162355 0.226628 -0.277617
internal_weight=137088 25267 17064 11504 1594 9910 5726 3714 4184 724 344 2012 289 131 1931 3469 735 225 510 422 239 870 111821 8203 2467 452 2015 1420 1239 181
internal_count=137088 25267 17064 11504 1594 9910 5726 3714 4184 724 344 2012 289 131 1931 3469 735 225 510 422 239 870 111821 8203 2467 452 2015 1420 1239 181
is_linear=0
shrinkage=0.05


Tree=245
num_leaves=31
num_cat=0
split_feature=4 13 1 0 6 12 10 10 5 11 3 13 10 9 3 0 10 3 6 9 8 0 2 0 9 10 2 11 11 3
split_gain=2049 7673.52 7709.09 7252.01 6921.79 6762.56 21373.6 16067 11969.6 8076.63 7536.17 6477.02 14952 17519.7 28321 12548.2 8814.16 6494.71 6369.01 10245.2 9353.03 6922.4 8603.76 8132.63 6289.6 10946.8 8904.75 6167.98 22477 21710.5
threshold=1.5241522233889551 -0.61734245059638992 -0.12533333333333205 152.25333333333336 2.7916512135657912 0.35222909080468517 82.683333333333351 90.083333333333343 130.7116666666667 114.68268051800001 136.18333333333337 -0.40274668985873718 104.51666666666668 22.500000000000004 119.82333333333335 115.78000000000002 70.883333333333354 173.15666666666669 1.9769397836871867 942.50000000000011 23.450000000000003 88.526666666666685 -0.01111111111111107 130.82000000000002 7.5000000000000009 83.083333333333357 -0.10800000000000005 49.308840209500012 49.524075308504813 156.03666666666669
decision_type=2 2 10 2 2 2 10 10 2 2 2 2 8 2 2 2 10 2 2 2 2 2 10 2 2 8 10 2 2 2
left_child=1 2 3 -1 24 -4 18 8 9 -8 -9 12 13 14 -3 -14 -15 -13 20 -20 21 -7 -23 -24 25 -2 -27 -6 29 -29
right_child=4 11 5 -5 27 6 7 10 -10 -11 -12 17 15 16 -16 -17 -18 -19 19 -21 -22 22 23 -25 -26 26 -28 28 -30 -31
leaf_value=-0.043295867200851518 -0.03220279218561678 -0.052537335840503824 0.026411137174438538 -0.48993207815231066 -0.058343446275540251 -0.39804251941282359 0.94164493902210611 0.29741937615937253 1.2183848854936201 0.19313018838970031 -0.38892233508797186 -0.022185328121577322 -0.0065958037703059431 -0.28108555152464693 -1.3762920125110731 0.63350029304690125 -0.039556217658838787 0.089148361349937366 -0.21270245489027656 0.40186382255562381 0.76766700579060454 0.41213384503191652 0.11113925080004886 -0.55736842299329825 0.033362008551519551 0.0014082420330781204 0.79205420009000649 0.57459630451887955 -0.00051837685520967106 0.016438090926441606
leaf_weight=834 166 89 3511 102 4492 67 57 163 81 98 53 21245 242 540 74 112 1257 1396 392 82 54 182 211 58 11358 52 113 335 89309 363
leaf_count=834 166 89 3511 102 4492 67 57 163 81 98 53 21245 242 540 74 112 1257 1396 392 82 54 182 211 58 11358 52 113 335 89309 363
internal_value=2.90428e-05 -0.0113028 0.0397467 -0.0919678 0.00332653 0.0643593 0.153302 0.440611 0.725804 0.46839 0.129011 -0.0234642 -0.103143 -0.157158 -0.653506 0.19592 -0.112136 -0.0153207 0.0291492 -0.106385 0.141462 0.0761825 0.146633 -0.033 0.0396232 0.25447 0.542881 -0.00116316 0.00169055 0.284322
internal_weight=137088 30900 5945 936 106188 5009 1498 452 236 155 216 24955 2314 1960 163 354 1797 22641 1046 474 572 518 451 269 11689 331 165 94499 90007 698
internal_count=137088 30900 5945 936 106188 5009 1498 452 236 155 216 24955 2314 1960 163 354 1797 22641 1046 474 572 518 451 269 11689 331 165 94499 90007 698
is_linear=0
shrinkage=0.05


Tree=246
num_leaves=31
num_cat=0
split_feature=11 10 9 9 9 6 13 5 12 12 14 12 10 9 9 14 9 13 14 5 0 12 10 13 12 9 1 3 12 6
split_gain=2038.52 13139.6 14329.3 10817.2 9281.07 14215.7 9143.34 9518.85 9107.29 7692.09 7304.62 6177.33 6099.96 13996.8 25941.7 23367.4 39422.8 19956.9 14751.2 21427.7 19482.4 12554.7 12533.8 11472.3 11141 19474.4 18160.8 13586.9 14872.1 12952.2
threshold=290.57915931616486 94.533333333333346 507.50000000000006 22.500000000000004 1182.5000000000002 8.350420622746844 0.66746801135786471 147.45444444444448 -0.96863394805116465 0.065403129230143103 3.5000000000000004 -0.59130964836358257 103.90000000000002 612.50000000000011 392.50000000000006 2.5000000000000004 727.50000000000011 0.50938662908026078 1.0000000180025095e-35 241.53 142.60666666666668 -0.55557023301960229 110.78333333333335 0.15212338618991639 0.63435554093529933 72.500000000000014 0.45333333333333276 172.17000000000002 -0.043619387365335778 22.27295887039104
decision_type=2 10 2 2 2 2 2 2 2 2 2 2 10 2 2 2 2 2 2 2 2 2 10 2 2 2 10 2 2 2
left_child=12 8 3 9 5 -4 -5 -8 -2 -3 11 -10 -1 14 18 16 -15 -18 21 20 22 -14 -20 -16 25 26 -22 -27 29 -29
right_child=1 2 4 6 -6 -7 7 -9 10 -11 -12 -13 13 15 23 -17 17 -19 19 -21 24 -23 -24 -25 -26 27 -28 28 -30 -31
leaf_value=-0.00092769989279900859 0.8731619332845395 -0.90628330800040013 -0.34648577801373631 -0.035168052990427509 0.043720689404410186 -1.2690276098939091 0.092198466531281331 0.92745301540867953 0.052053366437917803 -0.064488091611979062 -0.24552474614232778 0.69404216788817141 -0.47101891395150192 1.487632285654545 -0.61943281932153571 -0.080062323319725695 0.65195832779123031 -0.5137596462868036 0.1318564340265361 -0.80135877557465296 0.12666846338440391 0.060591019844311637 -0.18416574884685141 0.0016961588933742768 -0.020737931365658949 -0.041907464433871701 1.1077369204782821 0.49935070713155372 1.1689256187833725 -0.40303551955864986
leaf_weight=130975 52 58 212 1548 97 52 103 51 82 51 80 69 209 90 207 192 88 63 1031 61 68 237 451 116 182 227 154 169 61 52
leaf_count=130975 52 58 212 1548 97 52 103 51 82 51 80 69 209 90 207 192 88 63 1031 61 68 237 451 116 182 227 154 169 61 52
internal_value=2.75908e-05 -0.0451245 -0.0868787 -0.02954 -0.374525 -0.528199 0.00138449 0.368809 0.275335 -0.512416 0.140759 0.345412 0.000850929 0.0645349 0.0286971 0.331456 0.659304 0.165599 0.0760076 0.124046 0.147616 -0.188527 0.035685 -0.396365 0.329304 0.416455 0.807229 0.246019 0.47779 0.287025
internal_weight=137088 2455 2172 1811 361 264 1702 154 283 109 231 151 134633 3658 3225 433 241 151 2902 2456 2395 446 1482 323 913 731 222 509 282 221
internal_count=137088 2455 2172 1811 361 264 1702 154 283 109 231 151 134633 3658 3225 433 241 151 2902 2456 2395 446 1482 323 913 731 222 509 282 221
is_linear=0
shrinkage=0.05


Tree=247
num_leaves=31
num_cat=0
split_feature=9 9 13 5 10 5 4 5 1 12 6 0 10 6 11 13 12 12 10 13 8 5 13 11 14 12 10 12 12 11
split_gain=2046.1 7133.09 20900.2 13930.9 24803.9 23101 16493.7 13548.9 13232.7 13067.1 12985.2 12769.2 11703.1 11009.4 10864.9 16808.8 16260.7 13541.5 9797.63 19874.9 20128.8 18748.3 24565.8 21059.2 28529.7 11995.9 18198.2 10898.6 10322.3 15031.8
threshold=172.50000000000003 97.500000000000014 -0.97854064376158167 163.20166666666671 88.783333333333346 208.80166666666668 17.942623320917772 236.86833333333337 1.4013333333333338 0.44228869021900152 8.9840663668876264 121.02000000000002 89.516666666666694 6.8800277483374188 79.363079184500023 0.098011308799811445 -0.71473537162315137 0.054511258297739541 100.51666666666667 -0.91080963307804841 293.00000000000006 170.81833333333338 -0.97854064376158167 193.89688390340925 2.5000000000000004 -0.78661891169205822 105.88333333333334 0.45201865172701788 -0.79335334029123528 92.693095237016749
decision_type=2 2 2 2 10 2 2 2 10 2 2 2 8 2 2 2 2 2 10 2 2 2 2 2 2 2 10 2 2 2
left_child=1 18 3 4 11 10 7 -7 9 13 -5 -3 -12 -4 17 -16 -17 -10 28 21 25 22 -20 24 -24 26 -21 -27 29 -1
right_child=-2 2 8 5 -6 6 -8 -9 14 -11 12 -13 -14 -15 15 16 -18 -19 19 20 -22 -23 23 -25 -26 27 -28 -29 -30 -31
leaf_value=0.047765419418780278 0.0045010824993834053 -0.090583649925965404 -0.041080409754137626 -1.09938153535058 -0.38131487202740355 0.76730867675128023 -0.76794902789592756 -0.16057838733624002 -0.24571768025658569 -0.11085302391187873 -0.73888563467252177 0.35185826497109818 -0.067486965423044956 0.047240415348455335 -0.59922910850210531 0.46606627279456625 -0.52858732121243868 0.71305043679677838 -0.095991367018058008 -0.095883630233108072 0.9475892324532782 1.1987304224022504 0.36036110345987565 0.12900252350932592 1.6728424087783473 -0.31635932443601095 0.4579404986094141 0.013666824856100317 0.019168079091392461 -0.10018498140662635
leaf_weight=2600 89212 383 5990 107 454 74 50 84 98 2594 149 284 115 8586 288 94 73 59 269 318 56 58 94 154 74 418 278 623 18398 5054
leaf_count=2600 89212 383 5990 107 454 74 50 84 98 2594 149 284 115 8586 288 94 73 59 269 318 56 58 94 154 74 418 278 623 18398 5054
internal_value=2.62112e-05 -0.00831225 -0.0316117 -0.199104 -0.096238 -0.398262 0.0235327 0.274002 -0.0155991 -0.00745592 -0.634741 0.0978024 -0.44642 0.010945 -0.24406 -0.367812 0.0312776 0.114584 0.00767425 0.105633 0.0154505 0.340887 0.256699 0.551337 0.938478 -0.016437 0.162444 -0.118851 -0.00113199 -0.0499275
internal_weight=137088 47876 19482 1700 1121 579 208 158 17782 17170 371 667 264 14576 612 455 167 157 28394 2342 1693 649 591 322 168 1637 596 1041 26052 7654
internal_count=137088 47876 19482 1700 1121 579 208 158 17782 17170 371 667 264 14576 612 455 167 157 28394 2342 1693 649 591 322 168 1637 596 1041 26052 7654
is_linear=0
shrinkage=0.05


Tree=248
num_leaves=31
num_cat=0
split_feature=2 0 12 13 14 13 14 6 4 9 9 1 2 13 14 5 13 5 14 9 10 12 11 5 1 5 0 12 10 11
split_gain=2045.95 6546.99 6248.9 4463.05 5073.58 3245.52 5778.77 3148.45 2549.04 8534.29 12370 9408.31 13219.5 11699.4 13287.3 8939.33 11902 18037.6 12272.2 9797.09 9162.95 23245.9 13106.2 8075.04 7664.28 11507 12812.1 16746.7 11562.5 21193
threshold=-2.3213333333333335 142.22000000000003 0.54643492068321309 -0.96863394805116465 3.5000000000000004 0.14132478920498384 4.5000000000000009 33.096442698950163 20.426772610008978 597.50000000000011 852.50000000000011 3.0226666666666655 1.7533333333333336 -0.97854064376158167 1.0000000180025095e-35 115.89722222222224 -0.043619387365336 189.04833333333335 4.5000000000000009 42.500000000000007 84.341666666666683 0.30070579950427329 99.549508844903343 172.88166666666669 1.5768888888888892 220.5916666666667 163.53333333333339 0.81279832427823739 70.268055555555563 82.540250612500017
decision_type=8 2 2 2 2 2 2 2 2 2 2 10 10 2 2 2 2 2 2 2 8 2 2 2 10 2 2 2 8 2
left_child=1 5 3 -3 -5 6 7 -1 24 11 -11 -10 -13 -14 -15 -16 17 18 20 -19 22 -22 -17 -12 -2 26 27 -26 -28 -30
right_child=8 2 -4 4 -6 -7 -8 -9 9 10 23 12 13 14 15 16 -18 19 -20 -21 21 -23 -24 -25 25 -27 28 -29 29 -31
leaf_value=0.23915529294730456 -0.0013184289709026564 0.087027409462861624 0.37344340825719491 -0.77864371043331226 -0.12394308474526478 0.61341695993576417 0.52484143217559909 -0.21361173166904923 -0.085523338696183782 -0.88210949690805551 -0.36026260105606456 0.91161170059442531 0.77764761149883277 0.58335802373899659 0.54099921932760275 -0.058973560333251955 0.47486023035119562 0.71012587742727318 -1.0118234987999943 -0.13341092454104483 -0.82691228506611836 0.54244330262270157 -1.2037960932254792 0.37204505164744495 0.057866835188803992 -0.31910423729992049 -0.18255499384984999 -0.45414574520167827 0.67024018344957215 0.15738546855857161
leaf_weight=73 130427 71 56 53 67 53 80 81 1725 72 104 50 54 88 53 50 68 61 74 79 51 79 50 59 1634 176 167 177 252 1004
leaf_count=73 130427 71 56 53 67 53 80 81 1725 72 104 50 54 88 53 50 68 61 74 79 51 79 50 59 1634 176 167 177 252 1004
internal_value=2.49005e-05 0.0977035 -0.0910143 -0.22719 -0.413103 0.260119 0.180099 0.0010116 -0.000357076 -0.0483027 -0.336292 -0.0210354 0.125915 0.0703497 0.0118595 -0.0771527 -0.141141 -0.235484 -0.451753 0.23413 -0.271556 0.00523457 -0.631385 -0.0951942 0.00061626 0.074615 0.0960419 0.00782474 0.208313 0.260283
internal_weight=137088 534 247 191 120 287 234 154 136554 2717 235 2482 757 707 653 565 512 444 304 140 230 130 100 163 133837 3410 3234 1811 1423 1256
internal_count=137088 534 247 191 120 287 234 154 136554 2717 235 2482 757 707 653 565 512 444 304 140 230 130 100 163 133837 3410 3234 1811 1423 1256
is_linear=0
shrinkage=0.05


Tree=249
num_leaves=31
num_cat=0
split_feature=11 9 12 2 5 3 12 0 10 14 13 10 0 9 8 9 5 12 12 13 1 10 2 12 12 9 9 12 10 11
split_gain=1993.25 17131.9 25315.9 11736.2 11026.7 17219.4 10755.3 10724.6 15119.2 9839.88 8783.04 7890.29 9345.69 8325.46 8088.33 13067.9 11636.7 9091.98 7967.58 7597.98 6941.95 10111.7 7233.79 11530 6913.78 6865.72 24259.8 36749.3 44340.1 39819.5
threshold=58.129801629486948 47.500000000000007 -0.68355163169896438 -0.31733333333333241 220.5916666666667 250.77333333333337 -0.56457333468532422 150.69333333333336 60.233333333333341 3.5000000000000004 -0.58244304235731414 74.670833333333348 74.140000000000015 127.50000000000001 56.70000000000001 117.50000000000001 171.86833333333337 0.30070579950427329 0.4126824757997184 -0.77296446310592981 1.9022222222222231 57.504166666666677 -0.70799999999999996 -0.95032354012166598 -0.56457333468532422 1392.5000000000002 1047.5000000000002 0.76604444311897824 81.010000000000034 175.49545479292627
decision_type=2 2 2 10 2 2 2 2 10 2 2 10 2 2 2 2 2 2 2 2 8 10 10 2 2 2 2 2 8 2
left_child=1 2 7 -4 11 6 -6 8 -1 10 19 14 -13 -14 15 16 17 24 -16 -5 22 -22 23 -17 -3 26 -2 -28 -29 -30
right_child=25 4 3 9 5 -7 -8 -9 -10 -11 -12 12 13 -15 18 20 -18 -19 -20 -21 21 -23 -24 -25 -26 -27 27 28 29 -31
leaf_value=1.7040237450599669 0.0015399221619237205 -0.054923346165953013 -0.5715083917797501 0.14732784232497217 -1.2051592231943058 0.015069555355249531 -0.38617888656258587 0.17321612107753756 0.54753366510455426 -0.42680814429825431 -0.15024230229402472 0.55074722259713893 -0.46285620814658146 -0.078066094515317971 0.13246118022004763 -0.64984996550931384 -0.79005206044805187 0.11430772347023146 0.78214724241489808 0.96445784808108304 -0.03572933729372773 -0.87683505554090846 -0.0037450690050201563 0.11430772347023146 -0.56019679059780492 -0.081594188413033661 -0.08252980730815293 0.12518322390878753 1.1627328124762759 0.092330045358256535
leaf_weight=50 110459 145 67 50 52 274 175 50 65 51 56 57 147 3215 300 52 89 54 56 66 102 55 16424 726 127 2366 730 639 258 131
leaf_count=50 110459 145 67 50 52 274 175 50 65 51 56 57 147 3215 300 52 89 54 56 66 102 55 16424 726 127 2366 730 639 258 131
internal_value=2.36556e-05 -0.0135805 0.290111 0.00878884 -0.0198471 -0.251738 -0.573787 0.784556 1.05036 0.183138 0.363994 -0.0144558 -0.0841269 -0.0948906 -0.00131711 -0.00604354 -0.283324 -0.144984 0.234659 0.612247 0.000585378 -0.330384 0.00360609 0.114308 -0.290841 0.00269562 0.0044728 0.188752 0.381393 0.802263
internal_weight=137088 22505 455 290 22050 501 227 165 115 223 172 21549 3419 3362 18130 17774 415 326 356 116 17359 157 17202 778 272 114583 112217 1758 1028 389
internal_count=137088 22505 455 290 22050 501 227 165 115 223 172 21549 3419 3362 18130 17774 415 326 356 116 17359 157 17202 778 272 114583 112217 1758 1028 389
is_linear=0
shrinkage=0.05


Tree=250
num_leaves=31
num_cat=0
split_feature=2 5 4 1 13 1 4 11 9 12 1 14 12 6 13 10 0 9 9 14 13 12 10 11 6 10 9 12 9 12
split_gain=1986.66 7039.41 6817.02 20465.7 11979.2 11612.3 13288.5 13223.9 10499.4 15474.4 9962.87 9673.77 9351.51 11132.1 9011.02 8971.11 8387.21 17181 21233.5 33492 13026.3 22160.9 11980.3 11220.5 16201 8385.98 8365.49 12786.5 10218.7 20150.1
threshold=0.080000000000000446 46.57694444444445 9.3840289854636172 -0.94933333333333336 0.34202014332566844 -0.40799999999999975 2.3653047724656466 1.0000000180025095e-35 687.50000000000011 0.032717136199948427 -0.60799999999999998 2.5000000000000004 -0.99845357241023047 13.867321727975432 -0.42261826174069955 73.211111111111137 202.30000000000004 72.500000000000014 132.50000000000003 1.5000000000000002 -0.75894212529897775 -0.89194178735545504 98.279166666666683 86.67175470335421 28.894027378859501 79.944444444444471 302.50000000000006 -0.87137607974597275 12.500000000000002 0.81279832427823739
decision_type=10 2 2 8 2 10 2 2 2 2 10 2 2 2 2 10 2 2 2 2 2 2 10 2 2 10 2 2 2 2
left_child=2 -2 5 4 15 7 -7 8 9 -1 -11 14 13 -9 -10 -4 -17 -18 19 -19 22 -22 23 -20 25 -25 28 -28 29 -8
right_child=1 -3 3 -5 -6 6 26 12 11 10 -12 -13 -14 -15 -16 16 17 18 20 -21 21 -23 -24 24 -26 -27 27 -29 -30 -31
leaf_value=-0.30583677287588173 -0.54462521838360145 -0.0071779035363276804 0.096061160282418678 0.17109592214138303 0.10668866662267468 -0.0065011133321827485 0.079026443233939037 -0.16678433486819266 -1.0919672768659792 0.032207115265456117 0.96266779944885017 -0.2161913978538339 -0.020965167720160344 -0.97783557595312587 -0.35131858012384992 -0.098730179680261543 0.85244524605346461 0.61172596284976377 -0.30322111909476557 -0.70764916815467782 -0.039708596521190243 1.3547564520404256 -0.62950982782575826 -0.41517649020068348 1.1445343613040213 0.34360813732856693 0.24593179795553843 0.058791587222314617 0.0033504843134564352 0.76375765531265649
leaf_weight=174 61 50399 1052 2391 2039 37782 669 275 77 66 51 286 18156 50 88 3633 66 65 89 185 56 58 54 50 51 134 1044 7261 10598 128
leaf_count=174 61 50399 1052 2391 2039 37782 669 275 77 66 51 286 18156 50 88 3633 66 65 89 185 56 58 54 50 51 134 1044 7261 10598 128
internal_value=5.89518e-05 -0.00782761 0.0046528 0.0436496 0.00319227 -0.000392043 0.0108582 -0.0340334 -0.241 -0.00685179 0.437793 -0.39208 -0.0257238 -0.291561 -0.696955 -0.0352256 -0.0663252 0.0793767 0.0106132 -0.364612 0.201276 0.669756 0.0599886 0.174905 0.355983 0.137417 0.0441511 0.0823165 0.0163351 0.188996
internal_weight=137088 50460 86628 9923 7532 76705 57482 19223 742 291 117 451 18481 325 165 5493 4441 808 742 250 492 114 378 324 235 184 19700 8305 11395 797
internal_count=137088 50460 86628 9923 7532 76705 57482 19223 742 291 117 451 18481 325 165 5493 4441 808 742 250 492 114 378 324 235 184 19700 8305 11395 797
is_linear=0
shrinkage=0.05


Tree=251
num_leaves=31
num_cat=0
split_feature=9 9 10 11 10 12 3 10 12 10 6 5 5 8 4 12 11 14 5 12 4 14 11 10 10 13 1 10 11 6
split_gain=2003.87 18618.4 39547.1 18245 28062.7 24096.5 19514.5 19770 18601.2 36883.1 23561.7 24897.7 20732.9 24159 22478.3 22333.3 24554.3 19966.2 19667.1 24543 46473.1 21083.8 21149.8 23761.3 27440.4 19611 18876.1 17605.2 16593.3 15899.3
threshold=57.500000000000007 72.500000000000014 78.183333333333351 56.383576869964777 114.51666666666667 -0.49049438445969368 155.49000000000004 55.083333333333343 -0.86046863722869249 105.15000000000002 19.918911365069857 198.1866666666667 146.61833333333337 180.50000000000003 2.5533246301001076 -0.95032354012166598 83.812499821186051 3.5000000000000004 178.41166666666669 -0.20576496797711577 9.8213712382974219 3.5000000000000004 88.72707546179366 89.316666666666677 82.941666666666677 0.11969653353600802 -0.77333333333333421 90.277777777777786 116.16393151879311 8.0191962867779587
decision_type=2 2 10 2 8 2 2 10 2 10 2 2 2 2 2 2 2 2 2 2 2 2 2 10 10 2 10 10 2 2
left_child=3 2 -2 5 8 6 7 -1 9 10 11 12 14 15 -5 16 -14 -12 -10 20 -20 26 -23 24 -24 -11 -21 -18 -4 -17
right_child=1 -3 28 4 -6 -7 -8 -9 18 25 17 -13 13 -15 -16 29 27 -19 19 21 -22 22 23 -25 -26 -27 -28 -29 -30 -31
leaf_value=1.5540339717739506 -0.11836559234692903 -0.0013781632890203527 0.36531985830635461 0.09935784598966059 -0.36835983477683254 0.0016395472796859258 -0.14741907753780778 0.41728012399239978 -0.0012018773199728907 1.1219001582135326 -0.2106637304295873 -0.77563411468683297 -0.4929096974824605 1.0416677961616141 -0.20028540819971116 -1.1687680993676186 0.56160131327258911 -0.96917269846488685 0.44984931732443245 0.86402746100683481 -0.88725631525740034 -0.14107174665144046 0.57735441617476635 0.13774923836031269 1.7115257070095717 -0.028609103841647027 -0.0026592091442300724 -0.12873121474378854 0.11630183135861827 -0.04753769403973291
leaf_weight=76 1331 115505 1088 861 574 314 51 77 10856 92 216 129 76 76 2292 50 170 145 132 74 128 73 117 93 98 62 416 93 1737 86
leaf_count=76 1331 115505 1088 861 574 314 51 77 10856 92 216 129 76 76 2292 50 170 145 132 74 128 73 117 93 98 62 416 93 1737 86
internal_value=5.60043e-05 0.00236297 0.106338 -0.0157846 -0.024739 0.276513 0.699602 0.981942 -0.0126644 -0.101256 -0.129161 -0.092791 -0.0690095 0.213967 -0.118461 0.0815348 0.298689 -0.515328 0.0194701 0.217892 -0.208418 0.345148 0.624127 0.805489 1.09433 0.658708 0.128228 0.52744 0.212207 -0.459755
internal_weight=137088 119661 4156 17427 16909 518 204 153 16335 4348 4194 3833 3704 551 3153 475 339 361 11987 1131 260 871 381 308 215 154 490 263 2825 136
internal_count=137088 119661 4156 17427 16909 518 204 153 16335 4348 4194 3833 3704 551 3153 475 339 361 11987 1131 260 871 381 308 215 154 490 263 2825 136
is_linear=0
shrinkage=0.05


Tree=252
num_leaves=31
num_cat=0
split_feature=10 13 3 9 0 9 13 11 10 11 6 11 10 14 5 13 12 12 6 13 13 10 5 10 3 9 11 10 10 2
split_gain=1964.83 2730.29 3224.07 3530.86 2511.57 2152.36 9371.58 11391.8 7651.79 10083.9 7180.96 7058.08 17639.9 13801.8 23892.8 34268.5 20187.1 24869.6 22398.3 30866.1 19848.4 39154 29444.3 46545.2 37828.1 30685.7 29087.1 27802.1 21352.5 18066.6
threshold=51.350000000000016 0.82531082829576841 133.22333333333339 297.50000000000006 102.72666666666669 207.50000000000003 0.93585024503435366 56.585518416500015 60.516666666666673 79.859723976000012 12.969235158582876 92.693095237016749 85.012500000000031 4.5000000000000009 294.63333333333338 -0.93585024503435343 0.97381903846659756 0.78661891169205866 31.448249601831254 -0.6835516316989646 -0.92794370089704259 81.010000000000034 198.1866666666667 85.26944444444446 235.05000000000004 82.500000000000014 75.201361653904328 90.277777777777786 88.108333333333363 -1.7386666666666668
decision_type=8 2 2 2 2 2 2 2 10 2 2 2 8 2 2 2 2 2 2 2 2 10 2 10 2 2 2 10 10 10
left_child=1 2 3 -1 -5 6 11 -8 9 10 -9 13 -13 20 16 -16 17 18 -15 -20 27 -22 25 24 -24 26 28 29 -23 -2
right_child=5 -3 -4 4 -6 -7 7 8 -10 -11 -12 12 -14 14 15 -17 -18 -19 19 -21 21 22 23 -25 -26 -27 -28 -29 -30 -31
leaf_value=-0.40742187293944881 -0.68364504847456431 -0.17763350982615511 0.22716004633102096 0.16251907399733012 -0.059329454776343028 0.0059930954047353567 -0.22680969562799524 -0.052326477325636236 0.12264469142071299 0.52339248295690188 -0.51158466910993727 -0.067873819836439156 0.0039842349123623312 -0.091088265646195793 -0.28255879800274686 1.4489816696413103 0.84749716931375974 -0.63749502997695651 0.91733393358785342 -0.40905968509058455 0.016077908867759453 1.265766454253878 2.475345432643707 0.21374580121070297 0.71562043517022522 0.0060831298462717849 0.23148950696929466 -0.63446326652736695 0.28194541459555156 -0.00028036687458562218
leaf_weight=64 102 357 119 152 794 79483 303 365 3086 61 111 14321 21159 3934 53 62 58 199 127 67 7613 140 52 199 74 1156 703 215 91 1868
leaf_count=64 102 357 119 152 794 79483 303 365 3086 61 111 14321 21159 3934 53 62 58 199 127 67 7613 140 52 199 74 1156 703 215 91 1868
internal_value=7.33434e-05 -0.0571082 -0.018997 -0.0479997 -0.0236836 0.00069997 -0.00679684 0.0677025 0.0923333 -0.0818587 -0.159422 -0.0124007 -0.0250203 0.0143892 -0.0604649 0.650967 -0.0791228 -0.0915434 -0.0652245 0.45925 0.0419699 0.0717236 0.24714 0.689875 1.44186 0.178294 0.391436 -0.0945836 0.878201 -0.0356627
internal_weight=137088 1486 1129 1010 946 135602 56119 3926 3623 537 476 52193 35480 16713 4500 115 4385 4327 4128 194 12213 10028 2415 325 126 2090 934 2185 231 1970
internal_count=137088 1486 1129 1010 946 135602 56119 3926 3623 537 476 52193 35480 16713 4500 115 4385 4327 4128 194 12213 10028 2415 325 126 2090 934 2185 231 1970
is_linear=0
shrinkage=0.05


Tree=253
num_leaves=31
num_cat=0
split_feature=13 9 0 9 0 11 14 3 12 10 12 5 0 10 3 10 6 11 11 11 12 9 9 0 5 0 10 1 0 3
split_gain=2082.58 10314.3 13945.3 12532.7 13914.6 20339.4 17290.1 18676.8 10395.2 10180.4 9740.96 7802.49 10808 7550.84 14134.2 12725 14391.7 12481.5 12260.9 8910.79 8764.83 12813.7 7743.68 7499.41 9939.83 8198.91 7459.82 8321.71 7755.98 10558.2
threshold=0.80644460426748255 632.50000000000011 265.42000000000002 527.50000000000011 257.78000000000003 83.812499821186051 1.0000000180025095e-35 191.80666666666673 0.24825246871434695 80.604166666666686 -0.1196965335360084 129.12500000000003 105.12666666666669 88.436666666666682 117.90666666666668 79.944444444444471 8.6077213379299167 66.655650735736614 82.957348134000014 81.671068439500019 -0.26932402956675694 942.50000000000011 677.50000000000011 107.45333333333336 170.81833333333338 147.89000000000004 87.27500000000002 1.5151111111111117 257.78000000000003 149.80333333333337
decision_type=2 2 2 2 2 2 2 2 2 8 2 2 2 8 2 10 2 2 2 2 2 2 2 2 2 2 10 10 2 2
left_child=-1 3 8 26 5 9 -7 10 13 -5 11 12 -8 15 -15 17 -17 -3 19 23 21 -16 -20 -19 25 -25 28 -28 29 -2
right_child=1 2 -4 4 -6 6 7 -9 -10 -11 -12 -13 -14 14 20 16 -18 18 22 -21 -22 -23 -24 24 -26 -27 27 -29 -30 -31
leaf_value=0.00316362298557591 0.0010022780116724775 0.026473103030616868 -0.85071538902562238 0.13087449237835996 -0.47795369313366109 1.2389981136458819 0.67633858954906467 1.1420429780458412 0.026075290198065829 -0.25705880134309073 -0.20583604320331858 0.72415392860446293 -0.28333198453339054 -0.059587113804141903 -1.0168911542225192 -0.046346950970390544 0.7436726222841108 -0.91470555967092515 0.4920229281964047 -1.0109580749971054 -0.26061230426227361 -0.21115346605750338 -0.15968031932504811 -0.27943778178556178 -0.76312079322871884 0.44599034245076941 0.094345602737390288 -0.37620431055143783 0.24959649302487105 -0.081984648780210681
leaf_weight=109491 13358 725 58 852 87 61 50 60 1731 211 108 92 71 632 114 140 98 50 56 63 384 87 245 123 67 57 2279 98 265 5375
leaf_count=109491 13358 725 58 852 87 61 50 60 1731 211 108 92 71 632 114 140 98 50 56 63 384 87 245 123 67 57 2279 98 265 5375
internal_value=6.96762e-05 -0.0122055 -0.0802858 0.00151901 0.136858 0.172398 0.457452 0.332322 -0.0705122 0.0538717 0.180973 0.377101 0.113226 -0.129362 -0.223525 -0.0587981 0.278955 -0.116796 -0.273937 -0.470845 -0.400634 -0.668139 -0.0384332 -0.356275 -0.243233 -0.0497189 -0.00856095 0.0749456 -0.0190092 -0.0228089
internal_weight=137088 27597 4630 22967 1592 1505 442 381 4572 1063 321 213 121 2841 1217 1624 238 1386 661 360 585 201 301 297 247 180 21375 2377 18998 18733
internal_count=137088 27597 4630 22967 1592 1505 442 381 4572 1063 321 213 121 2841 1217 1624 238 1386 661 360 585 201 301 297 247 180 21375 2377 18998 18733
is_linear=0
shrinkage=0.05


Tree=254
num_leaves=31
num_cat=0
split_feature=2 0 12 11 12 12 10 10 6 5 9 13 5 13 14 13 13 9 2 0 12 10 13 10 2 11 10 10 1 10
split_gain=1951.12 5947.72 5448.26 4062.43 5320.52 3191.92 4827.43 2712.15 2650.72 11792.7 18757 23314.3 13866 13925.8 29285.1 28955.4 22044.3 25947.6 25055.3 14557.9 32076 14529.2 14013.9 19878.2 27109.1 25331.2 18330.7 13376 12872.1 11535
threshold=-2.3213333333333335 142.22000000000003 0.56457333468532445 95.128189086913906 -0.3007057995042734 0.4126824757997184 96.116666666666688 84.216666666666683 33.096442698950163 144.97000000000003 82.500000000000014 -0.77296446310592981 264.46333333333337 -0.84915165824291594 3.5000000000000004 -0.95688340256707749 -0.74455857214455057 67.500000000000014 2.4566666666666666 222.62000000000003 -0.03271713619994817 87.616666666666688 -0.6835516316989646 93.304166666666688 2.8933333333333349 165.68066578733058 90.277777777777786 88.273333333333355 1.9022222222222231 80.870833333333351
decision_type=8 2 2 2 2 2 8 10 2 2 2 2 2 2 2 2 2 2 10 2 2 10 2 10 10 2 8 8 10 8
left_child=1 5 3 -3 -5 6 7 -1 -2 10 11 -10 13 14 19 -16 17 18 -15 -11 -21 -17 26 24 28 -25 -18 -12 -24 -14
right_child=8 2 -4 4 -6 -7 -8 -9 9 12 27 -13 29 16 15 21 22 -19 -20 20 -22 -23 23 25 -26 -27 -28 -29 -30 -31
leaf_value=0.43564370511858552 0.00061858977321952802 -0.58803119263200854 0.37593628536982865 -0.48039439190544342 0.15388715215661425 -0.043328136312110084 0.64755606119316533 -0.021817926538211328 1.0908637477541152 -0.3656977600746506 -0.45031551691163491 -0.22732070652293226 0.70798950948934447 1.7590116268396381 0.76065998969926052 0.039813011922318529 -0.051459469588903288 -0.11622952995605247 0.27993732664122511 -2.0279797723889352 -0.48202430177845212 -0.94118605154703872 -0.17951293943953273 0.98733820499375813 -0.94177664685139961 -0.22273575866958875 -1.3855679713043514 0.30094803203591858 0.55548037928594673 0.0021885346815076179
leaf_weight=54 134186 51 51 51 94 70 82 81 98 241 119 51 87 50 97 99 52 129 67 50 102 61 370 86 109 87 51 118 71 173
leaf_count=54 134186 51 51 51 94 70 82 81 98 241 119 51 87 50 97 99 52 129 67 50 102 61 370 86 109 87 51 118 71 173
internal_value=6.61922e-05 0.0954543 -0.0844193 -0.204206 -0.069205 0.250258 0.344964 0.161167 -0.000306827 -0.0527468 0.200092 0.639673 -0.101988 -0.153376 -0.335978 0.0790395 -0.042657 0.372816 0.91202 -0.607376 -0.990562 -0.334193 -0.166394 -0.0886601 -0.235699 0.378804 -0.712037 -0.0762687 -0.0611807 0.23836
internal_weight=137088 534 247 196 145 287 217 135 136554 2368 386 149 1982 1722 650 257 1072 246 117 393 152 160 826 723 550 173 103 237 441 260
internal_count=137088 534 247 196 145 287 217 135 136554 2368 386 149 1982 1722 650 257 1072 246 117 393 152 160 826 723 550 173 103 237 441 260
is_linear=0
shrinkage=0.05


Tree=255
num_leaves=31
num_cat=0
split_feature=13 10 3 13 6 0 9 4 5 6 8 9 5 1 10 9 0 4 12 8 11 2 12 11 0 0 1 9 5 3
split_gain=1883.01 9876.17 10684 12201.5 19667.4 14859.9 34105.2 19254.2 15245.5 12186 10607.4 12815.6 12058.3 10333.2 10100.3 10017.2 9932.45 22202.1 10268.7 9117.66 9751.97 9079.47 9024.81 7890.32 7888.03 7629.84 7588.32 6818.87 7855.76 14256
threshold=0.80644460426748255 56.83611111111113 142.30333333333337 0.91080963307804863 11.632253488093225 237.02000000000004 437.50000000000006 18.655514287559061 277.32833333333338 26.042071671867902 1.0000000180025095e-35 282.50000000000006 95.201666666666682 0.33333333333333387 101.81666666666668 332.50000000000006 198.81333333333336 6.3780979400846558 0.24825246871434695 151.50000000000003 63.829710926000011 -0.37599999999999972 -0.18436924984152911 56.070489384742999 160.82000000000002 168.30000000000004 0.64000000000000024 42.500000000000007 121.20166666666668 121.43666666666668
decision_type=2 10 2 2 2 2 2 2 2 2 2 2 2 10 10 2 2 2 2 2 2 10 2 2 2 2 10 2 2 2
left_child=-1 16 9 4 23 6 7 -6 -7 10 12 27 26 -8 19 -16 18 -18 -2 20 21 -5 -19 -4 -23 -21 -3 -12 -29 -30
right_child=1 2 3 14 5 8 13 -9 -10 -11 11 -13 -14 -15 15 -17 17 22 -20 25 -22 24 -24 -25 -26 -27 -28 28 29 -31
leaf_value=0.0030048512340966659 -0.14958622711109981 -0.14446324370297561 0.24762176206482814 -0.10701684048378862 -0.50472188377752902 -1.281331327678384 0.12077334207725954 0.4861760398855916 -0.15777536315076493 0.72295125150121753 0.081216203663934255 0.9378568494915962 0.025219822668753545 0.95888042623346503 0.99161618258438866 -0.0043271721452474597 -0.10533179691859654 1.1726824627372257 -0.0088059707851597148 0.83147966064993417 -0.051367320957340472 -0.015842479958221588 0.34040043050129165 -0.069433261291159482 0.19791128043695241 0.19791128043695241 -0.69911990020896353 0.081216203663934255 1.0547839170750526 0.25710722860373042
leaf_weight=109491 2977 469 218 455 532 74 111 54 51 64 548 50 9935 55 51 50 245 57 2293 62 4698 494 76 1965 839 68 71 467 63 505
leaf_count=109491 2977 469 218 455 532 74 111 54 51 64 548 50 9935 55 51 50 245 57 2293 62 4698 494 76 1965 839 68 71 467 63 505
internal_value=6.28827e-05 -0.0116094 0.0035637 -0.0353595 -0.118116 -0.318106 -0.234195 -0.41341 -0.82292 0.0348282 0.031191 0.149719 0.012713 0.398459 0.00234104 0.498575 -0.0705742 0.177003 -0.0883321 -0.00523448 -0.0135444 0.085836 0.697093 -0.0377713 0.151663 0.409367 -0.21739 0.124826 0.220426 0.345582
internal_weight=137088 27597 21949 9777 3060 877 752 586 125 12172 12108 1633 10475 166 6717 101 5648 378 5270 6616 6486 1788 133 2183 1333 130 540 1583 1035 568
internal_count=137088 27597 21949 9777 3060 877 752 586 125 12172 12108 1633 10475 166 6717 101 5648 378 5270 6616 6486 1788 133 2183 1333 130 540 1583 1035 568
is_linear=0
shrinkage=0.05


Tree=256
num_leaves=31
num_cat=0
split_feature=11 9 13 12 12 14 13 6 10 12 1 0 3 9 0 5 10 3 2 1 10 2 9 0 12 2 9 5 12 2
split_gain=1923.46 18078.8 18957.6 19977 15204.8 32659.9 12646.9 18009.2 15580.1 17396.9 29242.4 16481.8 26515.2 23944.7 24309.5 15492.7 19170 27196.8 16877.4 15017.6 14450.2 14053.6 14130 27190.6 16723.3 14407.4 13515.6 15255.7 12764.5 21123.1
threshold=121.52027564747299 267.50000000000006 0.84915165824291627 0.98279651670771939 0.96863394805116498 3.5000000000000004 0.35222909080468506 33.096442698950163 87.108333333333348 -0.86046863722869249 -0.49599999999999839 146.02000000000004 117.90666666666668 57.500000000000007 187.65333333333336 127.08166666666668 100.51666666666667 157.87666666666669 -0.1786666666666652 3.5906666666666678 88.436666666666682 -1.5959999999999994 12.500000000000002 110.96666666666668 0.54643492068321309 -0.72933333333333261 37.500000000000007 119.29833333333336 -0.14132478920498429 0.011111111111111073
decision_type=2 2 2 2 2 2 2 2 8 2 10 2 2 2 2 2 8 2 10 10 10 10 2 2 2 10 2 2 2 10
left_child=-1 4 3 -3 6 -6 8 15 21 11 26 12 -10 14 -13 -8 18 -18 -17 28 -14 -2 23 -23 -24 -26 27 -11 29 -12
right_child=1 2 -4 -5 5 -7 7 -9 9 10 19 13 20 -15 -16 16 17 -19 -20 -21 -22 22 24 -25 25 -27 -28 -29 -30 -31
leaf_value=0.0038326779451078432 0.31706482110864886 0.080803771366756427 -0.16590535175207319 -0.22678486467516434 -0.19773237758540904 0.86719872438620738 0.1367740406526346 0.85494723782610549 -0.20057817184197502 0.26346348629278293 -0.016111619984700343 -0.38786909771560318 0.66133192256093032 -0.1293677631728811 -1.4104648250799914 0.052841319661291145 -0.0083143375564806478 0.88567404340832467 -0.22305724662035684 0.71196415933330415 0.073284648045353395 -0.22624576557009074 -0.096127907834285917 0.36771899991890505 0.18988533869228313 -0.34194188974978856 -0.087451191480064416 -0.72320016111142538 -0.0022210657555156543 0.22807225993162594
leaf_weight=97248 198 9777 980 558 145 143 1938 67 1236 51 1515 228 116 810 78 968 271 124 1297 89 1051 356 6887 420 142 1234 2797 169 4063 2132
leaf_count=97248 198 9777 980 558 145 143 1938 67 1236 51 1515 228 116 810 78 968 271 124 1297 89 1051 356 6887 420 142 1234 2797 169 4063 2132
internal_value=4.18772e-05 -0.00921133 0.0442674 0.0641967 -0.0304247 0.331035 -0.0341114 0.0411072 -0.0489975 -0.0163669 0.0150514 -0.112934 -0.0391918 -0.271719 -0.648531 0.0292483 -0.0490919 0.27233 -0.105146 0.0661856 0.131737 -0.0996371 -0.108765 0.09523 -0.127923 -0.287059 -0.117131 -0.494474 0.0587311 0.126636
internal_weight=137088 39840 11315 10335 28525 288 28237 4665 23572 14335 10816 3519 2403 1116 306 4598 2660 395 2265 7799 1167 9237 9039 776 8263 1376 3017 220 7710 3647
internal_count=137088 39840 11315 10335 28525 288 28237 4665 23572 14335 10816 3519 2403 1116 306 4598 2660 395 2265 7799 1167 9237 9039 776 8263 1376 3017 220 7710 3647
is_linear=0
shrinkage=0.05


Tree=257
num_leaves=31
num_cat=0
split_feature=11 10 9 9 9 6 12 13 5 10 14 12 2 12 0 0 1 0 1 10 9 9 9 14 11 12 3 11 10 8
split_gain=1956.44 11946.2 13098.3 9788.69 8283.61 12823.9 8195.12 8014.63 8629.67 7117.17 6594.23 5856.92 6209.34 5596.37 5480.86 14279.7 8610.9 5699.26 6125.19 4849.96 19368.1 30902.6 25495.6 23990.1 33069.5 17823.6 16521.1 13127.2 11317.8 17234.1
threshold=290.57915931616486 94.533333333333346 507.50000000000006 22.500000000000004 1182.5000000000002 8.350420622746844 -0.96863394805116465 0.66746801135786471 147.45444444444448 105.88333333333334 3.5000000000000004 0.72982064943493996 1.0600000000000003 -0.59130964836358257 158.82000000000002 183.18000000000004 -0.58355555555555527 152.78000000000003 0.73911111111111161 106.61666666666669 612.50000000000011 902.50000000000011 472.50000000000006 2.5000000000000004 119.25775998549425 -0.56457333468532422 133.93444444444449 147.93243581056589 112.40000000000002 70.250000000000014
decision_type=2 10 2 2 2 2 2 2 2 10 2 2 10 2 2 2 10 2 10 10 2 2 2 2 2 2 2 2 10 2
left_child=19 6 3 9 5 -4 -2 11 -9 -3 13 12 14 -8 17 16 -16 18 -5 -1 22 23 26 24 -22 -24 27 -21 29 -29
right_child=1 2 4 7 -6 -7 10 8 -10 -11 -12 -13 -14 -15 15 -17 -18 -19 -20 20 21 -23 25 -25 -26 -27 -28 28 -30 -31
leaf_value=-0.00040445251139186936 0.8284649546329792 -0.057668817341875504 -0.3316129926381246 -0.087222645972911836 0.036111996530257554 -1.2078298295203309 0.048931260334282391 0.080856044821947526 0.87614284835609735 -0.867394157499075 -0.23331260947510601 0.47757029621689412 -0.56901974678039557 0.65998597032781969 0.026318730997359929 -0.23609738303856417 0.85569871753730153 -0.59881648415327071 0.34248098752564854 -0.3330106992534661 0.33831327707166714 -0.24375800242938037 -1.0268027121142338 0.036996941246848179 1.896995816164889 0.068423246335787849 0.22861560479541795 0.089926262580041522 -0.22155590320204169 1.054628016110861
leaf_weight=132334 52 51 212 1056 97 52 82 103 51 58 80 54 56 69 51 110 81 50 90 324 63 109 95 69 74 61 850 366 235 53
leaf_count=132334 52 51 212 1056 97 52 82 103 51 58 80 54 56 69 51 110 81 50 90 324 63 109 95 69 74 61 850 366 235 53
internal_value=3.97831e-05 -0.0441939 -0.0840067 -0.0291863 -0.35902 -0.504201 0.261366 0.00023128 0.34423 -0.488532 0.133707 -0.0339908 -0.052481 0.328155 -0.0323654 0.184641 0.535256 -0.0762748 -0.0534763 0.000846373 0.0728459 0.437062 0.0150192 0.797302 1.18023 -0.598541 0.0673799 -0.0727534 0.0561814 0.211953
internal_weight=137088 2455 2172 1811 361 264 283 1702 154 109 231 1548 1494 151 1438 242 132 1196 1146 134633 2299 315 1984 206 137 156 1828 978 654 419
internal_count=137088 2455 2172 1811 361 264 283 1702 154 109 231 1548 1494 151 1438 242 132 1196 1146 134633 2299 315 1984 206 137 156 1828 978 654 419
is_linear=0
shrinkage=0.05


Tree=258
num_leaves=31
num_cat=0
split_feature=4 10 2 5 6 11 5 12 11 6 9 12 9 8 9 9 12 9 4 8 12 10 12 11 14 10 9 0 13 10
split_gain=1867.01 2228.58 1926.7 6377.53 6392.87 12459.8 10907.3 17236.3 16107.4 14134.4 15949.9 13993.9 19751.6 15321.2 15512.7 24204.4 13707.4 14909.6 20020.5 13507.2 13260.1 13063.1 18720.8 25347.3 12956.2 45447 23777.4 30621.1 18838.5 13476.2
threshold=1.0000000180025095e-35 79.508333333333354 0.080000000000000446 46.57694444444445 14.252405006820814 304.02921628952032 159.64833333333337 0.43245347597985045 46.902701516500009 26.042071671867902 77.500000000000014 0.44228869021900152 47.500000000000007 72.500000000000014 717.50000000000011 142.50000000000003 -0.89194178735545504 417.50000000000006 20.426772610008978 238.00000000000003 -0.91959550581536686 80.21250000000002 -0.94331137514050689 88.202871741500005 4.5000000000000009 78.97083333333336 92.500000000000014 228.90000000000003 0.73727733681012431 75.208333333333357
decision_type=2 8 10 2 2 2 2 2 2 2 2 2 2 2 2 2 2 2 2 2 2 8 2 2 2 10 2 2 2 10
left_child=1 -1 -2 -4 -5 6 7 19 -9 -10 -11 16 -13 14 15 -14 17 18 21 -6 -21 -8 23 -23 29 28 27 -27 -26 -18
right_child=2 -3 3 4 5 -7 11 8 9 10 -12 12 13 -15 -16 -17 24 -19 -20 20 -22 22 -24 -25 25 26 -28 -29 -30 -31
leaf_value=-0.43531898977579986 0.0047380845127811839 0.00083329159533604988 -0.51849406498377371 0.002612640200910149 -0.046052989091457081 -0.49279855685432755 -0.13813549249856311 -0.92863370370638521 -0.10424172277971798 -0.74788343058708984 0.12232290622260836 0.45927082034190758 -0.02651224309275535 0.66959177330136299 0.32942742325595659 -1.0600929621790278 -0.24022136049889015 0.73771028797677229 -0.68756408365920951 1.1013674183615618 0.23773861400397778 1.1258344930579078 0.98010701307754844 -0.092763130890724327 0.43169464895316445 -0.55282679569647941 -0.38438489806685744 -2.2042288019106939 -0.38052666684155145 0.067546128034591688
leaf_weight=54 86510 64 61 39142 5147 150 220 79 978 196 72 385 793 90 174 61 512 94 78 56 51 53 89 219 191 61 177 52 114 1165
leaf_count=54 86510 64 61 39142 5147 150 220 79 978 196 72 385 793 90 174 61 512 94 78 56 51 53 89 219 191 61 177 52 114 1165
internal_value=3.7794e-05 -0.198762 0.00020906 -0.00755562 -0.00693721 -0.0401432 -0.0340301 -0.0751359 -0.236293 -0.192397 -0.514097 0.0256949 0.150396 0.0440301 -0.0107369 -0.100339 -0.0362639 0.148617 0.0645885 -0.0344939 0.52153 0.165566 0.350647 0.144684 -0.0975383 -0.297991 -0.746133 -1.31276 0.12811 -0.0264175
internal_weight=137088 118 136970 50460 50399 11257 11107 6579 1325 1246 268 4528 1503 1118 1028 854 3025 753 659 5254 107 581 361 272 2272 595 290 113 305 1677
internal_count=137088 118 136970 50460 50399 11257 11107 6579 1325 1246 268 4528 1503 1118 1028 854 3025 753 659 5254 107 581 361 272 2272 595 290 113 305 1677
is_linear=0
shrinkage=0.05


Tree=259
num_leaves=31
num_cat=0
split_feature=1 12 10 12 4 5 0 2 13 13 9 11 13 10 10 0 10 8 0 6 5 14 13 10 13 10 9 12 9 13
split_gain=1916.72 7738.58 15409.9 14753.9 7977.66 15075.6 17222 11075.6 10951.4 18804.1 8016.98 7064.21 15689.3 11485.4 8311.63 16193.2 7485.72 9564.04 6931.97 9919.57 8061.24 8303.98 17038 16615.8 11868.4 16920.4 21241.1 18273.4 11275.6 12722.6
threshold=1.9022222222222231 0.92794370089704281 91.466666666666683 0.96298784033749862 18.655514287559061 214.30833333333334 182.07333333333335 1.413333333333334 0.74455857214455101 0.18436924984152961 87.500000000000014 134.96176945872546 -0.61734245059638992 89.716666666666697 75.904166666666683 162.82000000000002 82.012500000000031 25.750000000000004 159.41333333333338 16.987517342286768 117.47333333333334 2.5000000000000004 -0.91080963307804841 88.783333333333346 -0.81915204428899169 93.070833333333354 47.500000000000007 0.81279832427823739 437.50000000000006 -0.93585024503435343
decision_type=10 2 8 2 2 2 2 10 2 2 2 2 2 10 10 2 10 2 2 2 2 2 2 8 2 10 2 2 2 2
left_child=-1 4 3 -3 5 6 11 -6 9 10 -8 13 -13 14 -2 16 17 -16 -9 -20 -21 22 23 -22 -24 27 -27 -26 29 -23
right_child=1 2 -4 -5 7 -7 8 18 -10 -11 -12 12 -14 -15 15 -17 -18 -19 19 20 21 28 24 -25 25 26 -28 -29 -30 -31
leaf_value=-0.00092131130220731968 -0.10988298422760434 -0.55537900328636169 -1.0308611451387406 0.59756839850119181 -0.55484660227646987 -0.56002139071343648 0.63009406061222162 -0.2340792458673073 -0.11810259838987675 1.5017999261617661 -0.079548092050985855 0.70408424092090038 -0.045515113222983579 -0.4471035950809471 -0.10308443883009125 0.95346059071667055 -0.25606240276055242 0.82998008885473584 0.54242930933065026 0.52765595663090548 0.1360966446106894 0.23290152444274392 0.74132618255971472 -1.1061861762813494 0.10557336211204529 1.3464177393076713 -0.0014235143611828487 -0.92380800387263307 0.42944017260752876 -0.2771688966334972
leaf_weight=133588 261 55 50 56 89 71 144 243 56 52 55 127 155 121 57 68 97 53 97 75 57 154 96 51 313 57 60 50 87 593
leaf_count=133588 261 55 50 56 89 71 144 243 56 52 55 127 155 121 57 68 97 53 97 75 57 154 96 51 313 57 60 50 87 593
internal_value=3.56617e-05 0.0365614 -0.302019 0.0262882 0.0528871 0.14865 0.189032 -0.00948665 0.514131 0.655187 0.433962 0.0827426 0.29207 -0.00710593 0.0922219 0.284038 0.0641308 0.346483 0.015623 0.051527 0.0216353 -0.00336577 0.125766 -0.450537 0.233823 0.132322 0.655217 -0.0362147 -0.109272 -0.172014
internal_weight=137088 3500 161 111 3339 1317 1246 2022 307 251 199 939 282 657 536 275 207 110 1933 1690 1593 1518 684 108 576 480 117 363 834 747
internal_count=137088 3500 161 111 3339 1317 1246 2022 307 251 199 939 282 657 536 275 207 110 1933 1690 1593 1518 684 108 576 480 117 363 834 747
is_linear=0
shrinkage=0.05


Tree=260
num_leaves=31
num_cat=0
split_feature=4 11 14 13 3 13 9 11 10 5 13 13 11 9 12 13 10 0 9 5 12 5 5 6 13 9 14 12 11 14
split_gain=1848.7 4087.35 10696.1 14637.4 7373.95 4699.95 12332.4 4125.53 6671.87 10664.1 4506.46 4958.93 3903.83 17317.8 19282.8 21804.7 15482.7 14345.9 14199.9 16758.6 13913.7 42075.3 39336 37245.2 33940.3 29020.1 50949.4 19073.5 17555.9 17044.1
threshold=0.94375137969426259 155.54379045963285 1.0000000180025095e-35 -0.32143946530316164 95.466666666666683 -0.54643492068321275 252.50000000000003 344.42617326974874 92.346666666666678 134.04500000000002 -0.87137607974597309 -0.97854064376158167 106.79841173057153 272.50000000000006 0.98279651670771939 0.8604686372286926 87.777777777777786 208.02000000000004 612.50000000000011 177.22000000000006 -0.42261826174069955 173.92000000000002 190.33666666666673 7.1679683100847855 -0.46174861323503363 382.50000000000006 1.0000000180025095e-35 -0.10886687485196471 191.47040009213023 1.5000000000000002
decision_type=2 2 2 2 2 2 2 2 10 2 2 2 2 2 2 2 10 2 2 2 2 2 2 2 2 2 2 2 2 2
left_child=1 -1 3 -3 5 6 -4 8 9 10 11 -6 -2 -14 15 17 -17 20 19 -18 22 27 24 -23 25 26 -15 28 -22 -26
right_child=12 2 4 -5 7 -7 -8 -9 -10 -11 -12 -13 13 14 -16 16 18 -19 -20 -21 21 23 -24 -25 29 -27 -28 -29 -30 -31
leaf_value=-0.02406706778950176 0.009245690463202479 0.14078105947137373 0.046337614375263902 1.142484394603354 0.0029676085553671187 0.0079140558597985012 1.078175931818345 0.37991328965533866 -0.23266426033063517 0.61244390073796406 0.062336311177698861 -0.52437047190254649 -0.027877319393599661 1.4517959301327839 -0.23229408123256176 0.0017681169712892104 -0.36599776659901062 0.32695550108448967 -0.8370855078535776 0.51776176520838191 0.16693215540603287 1.7516110790627346 -0.6322668866303407 0.36203703448416724 -0.0470946892818562 -0.46353956346571074 -0.1203988283437181 0.052760046458919442 0.74432189145448557 0.16247499320068601
leaf_weight=14360 74436 128 67 51 95 87 51 55 370 71 361 84 33998 58 618 701 307 541 120 65 401 70 228 155 1405 561 462 3851 196 3135
leaf_count=14360 74436 128 67 51 95 87 51 55 370 71 361 84 33998 58 618 701 307 541 120 65 401 70 228 155 1405 561 462 3851 196 3135
internal_value=3.38785e-05 -0.016065 0.0648577 0.426183 0.0127408 0.286732 0.492302 -0.0414757 -0.065101 0.0363694 -0.0393737 -0.244498 0.00212805 -0.00917526 0.0402136 0.0539546 -0.149135 0.0758552 -0.36414 -0.211577 0.0629446 0.12727 0.0115521 0.794349 0.0376668 -0.214122 0.0549614 0.0935265 0.356494 0.0976192
internal_weight=137088 15780 1420 179 1241 205 118 1036 981 611 540 179 121308 46872 12874 12256 1193 11063 492 372 10522 4673 5849 225 5621 1081 520 4448 597 4540
internal_count=137088 15780 1420 179 1241 205 118 1036 981 611 540 179 121308 46872 12874 12256 1193 11063 492 372 10522 4673 5849 225 5621 1081 520 4448 597 4540
is_linear=0
shrinkage=0.05


Tree=261
num_leaves=31
num_cat=0
split_feature=14 5 6 12 9 13 11 11 13 10 1 12 9 12 2 11 10 2 3 5 9 5 9 9 13 11 9 2 10 5
split_gain=1785.33 20529.4 18343.9 17206.8 15065.9 23175.5 20313.8 19057.4 16114.9 11877.9 11497.5 11142.1 14141.4 11749 31087.5 25927.7 19186 16516.7 15533.4 13582.2 17641.7 30183 16325 13061.4 11082.6 17866.4 16809.6 11935.8 10714.4 9483.09
threshold=5.5000000000000009 220.5916666666667 37.345984246274824 0.021814885034561173 397.50000000000006 -0.15212338618991647 77.349602580070311 70.14998999114691 -0.58244304235731414 90.083333333333343 3.5906666666666678 0.92794370089704281 47.500000000000007 0.4126824757997184 1.292 104.09309995174402 92.605555555555569 1.9986666666666675 159.81000000000006 122.88500000000002 1032.5000000000002 139.66722222222225 17.500000000000004 337.50000000000006 -0.93585024503435343 78.805445641279206 132.50000000000003 0.60533333333333306 80.21250000000002 72.52166666666669
decision_type=2 2 2 2 2 2 2 2 2 10 8 2 2 2 8 2 10 10 2 2 2 2 2 2 2 2 2 10 10 2
left_child=-1 2 10 -4 5 9 -7 -6 -9 24 11 13 -13 17 16 -16 19 29 -18 -15 22 -22 -21 -24 -3 -26 27 -27 -28 -2
right_child=1 4 3 -5 7 6 -8 8 -10 -11 -12 12 -14 14 15 -17 18 -19 -20 20 21 -23 23 -25 25 26 28 -29 -30 -31
leaf_value=-0.0022558241260901947 -0.33878302142514799 -0.64567280845607034 1.1047691837345299 0.037261964201927185 -0.26193468148088728 -0.40000185953288137 -1.6146513896093506 0.0077120664151152599 1.1636901883702531 -0.73582563367558684 0.6901096050161869 0.72320818433419198 0.096680427654111611 -0.17026570664528867 0.09755775240962121 1.597428169488907 -0.25231665210168569 -0.7043633064941357 -1.0145354761826721 0.82410102985121991 -0.031114456400596843 1.1326000353982371 -0.26154882942474533 0.030059181706548605 0.87541675285859544 -0.97180942461110542 -0.10010985204329093 0.036924384388269164 0.85264825807511802 0.040807361561740668
leaf_weight=118099 167 68 76 75 177 79 61 64 57 82 64 94 2151 1545 68 50 278 76 88 55 139 93 528 1408 55 69 72 51 50 11149
leaf_count=118099 167 68 76 75 177 79 61 64 57 82 64 94 2151 1545 68 50 278 76 88 55 139 93 528 1408 55 69 72 51 50 11149
internal_value=3.21847e-05 0.0142621 0.0257566 0.57455 -0.220876 -0.367865 -0.929242 0.0686627 0.552264 -0.192042 0.0211408 0.0187475 0.122914 0.00379906 -0.0671261 0.733096 -0.0899675 0.0302715 -0.435582 -0.0563966 0.0227431 0.435375 -0.0253385 -0.0494703 -0.0698768 0.0619553 -0.122922 -0.543098 0.290365 0.0352054
internal_weight=137088 18989 18104 151 885 587 140 298 121 447 17953 17889 2245 15644 4252 118 4134 11392 366 3768 2223 232 1991 1936 365 297 242 120 122 11316
internal_count=137088 18989 18104 151 885 587 140 298 121 447 17953 17889 2245 15644 4252 118 4134 11392 366 3768 2223 232 1991 1936 365 297 242 120 122 11316
is_linear=0
shrinkage=0.05


Tree=262
num_leaves=31
num_cat=0
split_feature=2 1 4 9 10 10 12 6 1 4 10 9 12 5 5 10 13 10 4 12 6 13 5 11 10 9 9 10 12 9
split_gain=1826.81 9508.38 11320.5 7022.62 6566.42 8005.89 8313.26 7377.95 5318.74 9496.24 6046.88 4704.56 14509.6 19511 17821.5 15825.6 14293.5 10507.9 10033.3 8625.11 6925.93 6024.14 12763.2 9997.29 11872.6 15844.1 9099.54 10441.8 13866.8 8241
threshold=-0.72933333333333261 -0.65333333333333343 8.3339983734571579 442.50000000000006 71.263333333333335 91.680555555555557 -0.56457333468532422 19.193288441667402 -0.92000000000000015 10.317225725082693 56.20416666666668 82.500000000000014 -0.20576496797711577 151.59500000000003 160.95833333333337 93.53666666666669 -0.87137607974597309 96.726666666666688 19.488258786747057 0.49049438445969384 18.153278024367072 0.26932402956675644 208.80166666666668 104.09309995174402 87.27500000000002 317.50000000000006 507.50000000000006 76.746666666666684 0.1413247892049844 572.50000000000011
decision_type=8 10 2 2 8 10 2 2 10 2 8 2 2 2 2 8 2 10 2 2 2 2 2 2 8 2 2 8 2 2
left_child=1 2 3 4 -1 7 -7 -6 10 -10 -4 12 14 18 -12 19 -16 -17 -14 -15 -18 -13 26 24 25 -24 -23 28 -28 -27
right_child=-2 -3 8 -5 5 6 -8 -9 9 -11 11 21 13 15 16 17 20 -19 -20 -21 -22 22 23 -25 -26 29 27 -29 -30 -31
leaf_value=-0.41331912158339312 -0.0017937230226240386 0.099599590912527208 0.54542929791659123 -0.39434476318992373 -0.0095136244658503566 -0.71462884641399516 -0.033355185717617704 0.51115804762579509 -0.013537588781929314 0.2581123163299523 0.13204050560960812 -0.056706832977047622 -0.28409749500579756 0.51757290100116704 -1.0182690337714222 -0.37976129208292281 -0.46178788997316628 0.56927722939848902 0.48377436745379659 1.1589082322622601 0.2029701884303774 0.059392185220397589 -0.6339678047355265 -0.6918731745705009 0.50441438956579698 0.50318771740673363 -0.5713038239153948 0.61136652259832491 0.53685649969968308 -0.25641699988340988
leaf_weight=132 124637 2790 50 242 455 76 109 80 724 579 350 4238 177 169 72 70 89 50 56 76 70 1086 125 80 71 74 55 179 58 69
leaf_count=132 124637 2790 50 242 455 76 109 80 724 579 350 4238 177 169 72 70 89 50 56 76 70 1086 125 80 71 74 55 179 58 69
internal_value=3.05754e-05 0.0182922 -0.0051886 -0.156648 -0.0891334 -0.0296994 -0.31323 0.0683438 0.0141527 0.107173 -0.00253301 -0.00633092 0.0850222 0.257916 -0.0929301 0.486103 -0.433795 0.0156714 -0.0995446 0.716518 -0.169127 -0.0241777 0.0525382 -0.189115 -0.0704703 -0.222772 0.126016 0.373803 -0.00251357 0.136665
internal_weight=137088 12451 9661 1094 852 720 185 535 8567 1303 7264 7214 1179 598 581 365 231 120 233 245 159 6035 1797 419 339 268 1378 292 113 143
internal_count=137088 12451 9661 1094 852 720 185 535 8567 1303 7264 7214 1179 598 581 365 231 120 233 245 159 6035 1797 419 339 268 1378 292 113 143
is_linear=0
shrinkage=0.05


Tree=263
num_leaves=31
num_cat=0
split_feature=5 14 11 11 13 1 4 10 3 6 14 10 12 9 13 9 12 10 1 11 14 1 11 1 0 12 12 6 0 12
split_gain=1816.3 17551.6 12201.7 11300.1 12584.6 10020.8 16399.3 10575.9 16167.6 18705.3 18379 19197.6 16737.1 22378.3 15926.2 20067.3 12540.1 11794.5 10775.6 10401.8 14133.7 20539.3 16848.5 19745.4 14615.1 11419 10790.6 10397.6 14982.4 20899
threshold=228.3116666666667 5.5000000000000009 62.122620647500007 62.576381797000018 -0.87137607974597309 1.0266666666666682 21.565028257719671 93.53666666666669 235.05000000000004 7.3841911397012625 4.5000000000000009 68.125000000000014 0.15212338618991691 152.50000000000003 0.52803643325367278 362.50000000000006 -0.40274668985873679 73.802777777777791 0.16000000000000136 72.819825432500025 2.5000000000000004 -1.9599999999999997 120.00419992208474 0.03466666666666688 241.50000000000003 0.4126824757997184 -0.49049438445969368 28.894027378859501 335.52000000000004 -0.32143946530316164
decision_type=2 2 2 2 2 10 2 10 2 2 2 8 2 2 2 2 2 8 10 2 2 10 2 10 2 2 2 2 2 2
left_child=-1 2 -2 4 -4 7 -7 8 9 -5 19 -12 13 -13 18 -16 -15 -11 -9 -10 21 -21 27 -24 25 -22 -26 28 29 -23
right_child=1 -3 3 5 -6 6 -8 14 10 17 11 12 -14 16 15 -17 -18 -19 -20 20 24 22 23 -25 26 -27 -28 -29 -30 -31
leaf_value=-0.0011275969036691304 -0.19049559059143764 -0.20581523669448815 1.0646698314635479 1.006565741049616 0.16478459238657886 -0.343458573051659 0.37982481201489771 -0.30959433358093813 -0.22789504852254608 -0.19169997713839015 -0.43614285281071297 -0.73280234100187525 0.823885042819682 0.90155635055522498 1.0079190669690863 -0.24116050061143812 -0.015717108655666959 0.36606105027117347 0.26861445736704453 -0.53257646394724201 -0.036108732641300309 0.76655758908253269 0.18908163307186887 -0.88474492517820869 -0.8123219961418382 0.83509399996235456 -0.16138407008199976 1.0416999415825989 -0.36881300262533706 0.088918358338740455
leaf_weight=131766 428 694 61 95 107 309 105 433 377 120 65 51 193 81 68 61 69 451 99 88 107 238 156 59 79 58 328 59 65 218
leaf_count=131766 428 694 61 95 107 309 105 433 377 120 65 51 193 81 68 61 69 451 99 88 107 238 156 59 79 58 328 59 65 218
internal_value=2.90467e-05 0.0286661 0.0638281 0.0897449 0.491529 0.073004 -0.160017 0.0996681 0.140086 0.356927 0.0770491 0.359976 0.491316 0.171983 -0.0811404 0.417269 0.479611 0.248843 -0.201995 0.00616287 0.0668088 0.192234 0.272464 -0.105596 -0.12681 0.270132 -0.287733 0.412608 0.341367 0.442598
internal_weight=137088 5322 4628 4200 168 4032 414 3618 2957 666 2291 459 394 201 661 129 150 571 532 1832 1455 883 795 215 572 165 407 580 521 456
internal_count=137088 5322 4628 4200 168 4032 414 3618 2957 666 2291 459 394 201 661 129 150 571 532 1832 1455 883 795 215 572 165 407 580 521 456
is_linear=0
shrinkage=0.05


Tree=264
num_leaves=31
num_cat=0
split_feature=2 0 14 5 10 12 10 10 6 13 14 12 12 3 1 8 11 2 9 12 13 13 3 0 4 11 13 1 10 11
split_gain=1806.4 4906.67 5140.96 8149.35 5723.89 2873.22 4586.87 2648.73 2586.29 11237.7 12205.9 23528.8 34406.7 19778.2 12948.6 11287.6 18699 15090.3 13184 14019.8 9936.12 9616.5 9714.06 8891.5 8859.4 12913.5 10743.1 14336.7 7633.99 7283.19
threshold=-2.3213333333333335 142.22000000000003 1.5000000000000002 294.63333333333338 85.77500000000002 0.39271506111191362 96.116666666666688 84.216666666666683 33.096442698950163 0.95032354012166631 5.5000000000000009 -0.43245347597985068 1.0000000180025095e-35 298.72666666666674 1.3040000000000018 92.500000000000014 125.72013909050001 0.80000000000000038 47.500000000000007 -0.56457333468532422 -0.74455857214455057 -0.86046863722869238 134.30333333333337 202.30000000000004 24.927789040243905 102.16608048500002 -0.84915165824291594 0.88000000000000078 95.808333333333351 164.03665643519494
decision_type=8 2 2 2 8 2 8 10 2 2 2 2 2 2 10 2 2 8 2 2 2 2 2 2 2 2 2 10 8 2
left_child=1 5 -3 4 -4 6 7 -1 -2 10 13 -12 -13 15 23 17 -17 21 -19 28 -15 22 -10 -14 26 -26 27 -21 -20 -24
right_child=8 2 3 -5 -6 -7 -8 -9 9 -11 11 12 14 20 -16 16 -18 18 19 24 -22 -23 29 -25 25 -27 -28 -29 -30 -31
leaf_value=0.43194441384077076 0.00058277551078838306 -0.47875447631892509 0.27080996587499978 0.57479392444645916 -0.40487389419050451 -0.0265492605475279 0.62953998838798908 -0.031962141990661622 -0.016324056129914923 0.68203750603339253 -0.4346056872038615 1.3555712117751439 0.21548816704750062 0.79982063049151586 0.57592264704215224 -0.016324056129914923 0.86167589489003305 -0.016324056129914923 -0.016324056129914923 -1.1811762147167899 0.028126824733822848 -0.016324056129914923 -0.3142395750357363 -0.6980504492918651 -0.4157994634641165 -1.2564463181479981 -0.15837462274155215 -0.27009319368335938 -0.63990432258981933 -0.9688144148441783
leaf_weight=50 134186 59 50 54 84 78 79 80 111 51 105 75 50 81 78 137 71 219 160 83 86 271 167 57 88 95 184 90 52 57
leaf_count=50 134186 59 50 54 84 78 79 80 111 51 105 75 50 81 78 137 71 219 160 83 86 271 167 57 88 95 184 90 52 57
internal_value=2.75942e-05 0.09181 -0.071565 0.0562232 -0.152753 0.232415 0.329062 0.146463 -0.000331324 -0.0521301 -0.06829 0.197101 0.452213 -0.117915 0.0859865 -0.166596 0.179611 -0.212259 -0.334448 -0.434062 0.402421 -0.016476 -0.284214 -0.271163 -0.569333 -0.852201 -0.424333 -0.707202 -0.0895047 -0.480805
internal_weight=137088 534 247 188 134 287 209 130 136554 2368 2317 365 260 1952 185 1785 208 1577 971 752 167 606 335 107 540 183 357 173 212 224
internal_count=137088 534 247 188 134 287 209 130 136554 2368 2317 365 260 1952 185 1785 208 1577 971 752 167 606 335 107 540 183 357 173 212 224
is_linear=0
shrinkage=0.05


Tree=265
num_leaves=31
num_cat=0
split_feature=10 5 5 3 9 0 11 9 12 2 5 3 12 0 10 14 10 2 1 9 13 3 3 1 9 12 2 12 1 0
split_gain=1736.65 2333.87 2471.21 3977.39 2899.82 2533.48 1880.19 13940.7 20647.5 10109.3 9346.71 15398.9 9647.18 9145.8 12366.5 8396.5 7961.22 16357.9 15203.8 15141.8 25488.6 18625 18095.3 16120.6 15823.5 14261.6 13597 9306.8 18905.6 10324.6
threshold=51.350000000000016 167.19833333333338 138.89500000000004 133.22333333333339 297.50000000000006 102.72666666666669 58.129801629486948 47.500000000000007 -0.68355163169896438 -0.31733333333333241 220.5916666666667 250.77333333333337 -0.56457333468532422 150.69333333333336 76.237500000000011 3.5000000000000004 57.172222222222231 -1.3206666666666667 -1.2399999999999984 267.50000000000006 -0.66746801135786449 199.81666666666669 141.87000000000003 -0.33066666666666694 182.50000000000003 0.45201865172701788 0.80000000000000038 -0.84915165824291616 -0.70400000000000051 171.02000000000004
decision_type=8 2 2 2 2 2 2 2 2 10 2 2 2 2 8 2 10 10 10 2 2 2 2 10 2 2 8 2 10 2
left_child=1 2 3 4 -1 -6 7 8 13 -10 16 12 -12 14 -2 -11 17 18 -9 20 22 -22 24 25 -19 -21 27 28 -18 -30
right_child=6 -3 -4 -5 5 -7 -8 10 9 15 11 -13 -14 -15 -16 -17 26 19 -20 23 21 -23 -24 -25 -26 -27 -28 -29 29 -31
leaf_value=-0.26706066372571513 0.49849868921133189 0.27868942925158668 -0.30654509039125361 0.38104701039309685 0.15281508972463934 -0.066635324215692029 0.00325850186122285 0.15658718010220005 -0.53137975713210328 0.336075581120717 -1.1343589927428044 0.020464365766893557 -0.35871501803930317 0.14324178823828698 1.5444242110252382 -0.3944277490324834 -1.1516879112720491 0.52490247985127791 1.0921011187587724 -0.3159031934628494 0.10205789496936964 -0.72597934601240255 0.22442985186487011 0.01680848061375758 1.5561201486976879 0.048342604364540576 -0.32076392501913475 -0.019646226869662848 -0.20402428265116371 0.54866796970367437
leaf_weight=156 65 51 99 52 152 976 113401 127 67 172 52 274 175 50 50 51 50 93 66 743 638 76 209 6990 62 421 418 10789 513 50
leaf_count=156 65 51 99 52 152 976 113401 127 67 172 52 274 175 50 50 51 50 93 66 743 638 76 209 6990 62 421 418 10789 513 50
internal_value=6.43365e-05 -0.0536945 -0.0655074 -0.0476461 -0.0650075 -0.037064 0.000653455 -0.0126529 0.261258 0.00719566 -0.0183841 -0.231845 -0.536396 0.707792 0.953249 0.16901 -0.0133502 0.0209265 0.476504 0.0114024 0.187514 0.0139195 0.528025 -0.0118804 0.93739 -0.184161 -0.0406817 -0.0304138 -0.219927 -0.137178
internal_weight=137088 1486 1435 1336 1284 1128 135602 22201 455 290 21746 501 227 165 115 223 21245 9425 193 9232 1078 714 364 8154 155 1164 11820 11402 613 563
internal_count=137088 1486 1435 1336 1284 1128 135602 22201 455 290 21746 501 227 165 115 223 21245 9425 193 9232 1078 714 364 8154 155 1164 11820 11402 613 563
is_linear=0
shrinkage=0.05


Tree=266
num_leaves=31
num_cat=0
split_feature=2 4 1 1 6 4 12 3 13 0 9 4 9 12 10 9 11 2 4 13 13 5 13 6 14 13 1 9 14 9
split_gain=1768.16 6167.9 12063.6 11676.6 11790.4 11237.6 11098.2 9144.71 14571.3 12008.1 8913.6 8776.91 8591.54 12373.2 9565.13 9356.29 8377.91 8173.23 9272.7 8156.4 8054.48 7850.1 7838.7 27768.5 7808.15 7704.57 8594.14 8294.62 7691.43 7532.01
threshold=0.080000000000000446 7.8819174194405255 -0.92000000000000015 -0.40799999999999975 5.6259690073881936 2.3653047724656466 0.71473537162315171 126.9366666666667 -0.40274668985873718 133.90000000000006 667.50000000000011 11.915151138791087 647.50000000000011 0.21643961393810304 88.950000000000003 1372.5000000000002 162.48812430800004 -0.45066666666666672 5.1762420218159422 -0.46174861323503363 0.56457333468532445 109.09416666666669 -0.99512551815703254 11.508382978020178 3.5000000000000004 0.29026740676763269 -1.154666666666665 357.50000000000006 1.5000000000000002 302.50000000000006
decision_type=10 2 8 10 2 2 2 2 2 2 2 2 2 2 8 2 2 10 2 2 2 2 2 2 2 2 8 2 2 2
left_child=1 3 25 4 6 -5 17 -8 9 -9 -11 -4 16 14 15 -14 22 19 -19 21 -18 -1 23 -6 -22 -3 27 -27 -15 -7
right_child=-2 2 11 5 12 29 7 8 -10 10 -12 -13 13 28 -16 -17 20 18 -20 -21 24 -23 -24 -25 -26 26 -28 -29 -30 -31
leaf_value=0.14992693215608596 -0.0073791056301957319 -0.026408483717490463 0.070194003392905532 -0.0063733533560938471 -0.23256269198634644 0.013634911965855149 -0.0053272979202450554 1.212132330855419 0.12605132146444237 -0.14781523595253629 0.66475288503699836 0.25246907497139837 -0.32668860599624172 -0.28883386181983745 -0.56421534354095115 0.26844780024852644 -0.19027203126167302 -0.030190484160161707 0.18697683228363182 -0.03869065326889732 0.48941289189752646 -0.52763479788918299 -0.038331112479799 0.8152417722350821 -0.16558277174666688 0.057232766737365437 -0.075866189863584899 0.27372658629252955 0.031267882656077182 0.077192823439718394
leaf_weight=53 50460 6432 3360 37782 139 10940 754 58 747 54 90 822 256 265 286 89 1503 3254 579 380 91 221 6736 116 91 1404 715 646 643 8122
leaf_count=53 50460 6432 3360 37782 139 10940 754 58 747 54 90 822 256 265 286 89 1503 3254 579 380 91 221 6736 116 91 1404 715 646 643 8122
internal_value=6.11196e-05 0.00439498 0.0356125 -0.00130693 -0.0384675 0.00941749 0.0159853 0.124658 0.227934 0.6047 0.36004 0.106021 -0.0714644 -0.180339 -0.350406 -0.173161 -0.0521516 -0.0252605 0.00261408 -0.188629 -0.152232 -0.396574 -0.0280298 0.244086 0.161915 0.00359666 0.0733952 0.125455 -0.0621539 0.0407159
internal_weight=137088 86628 13379 73249 16405 56844 6190 1703 949 202 144 4182 10215 1539 631 345 8676 4487 3833 654 1685 274 6991 255 182 9197 2765 2050 908 19062
internal_count=137088 86628 13379 73249 16405 56844 6190 1703 949 202 144 4182 10215 1539 631 345 8676 4487 3833 654 1685 274 6991 255 182 9197 2765 2050 908 19062
is_linear=0
shrinkage=0.05


Tree=267
num_leaves=31
num_cat=0
split_feature=1 12 14 4 5 0 2 6 13 13 9 11 13 10 10 0 12 10 8 6 3 5 6 10 0 13 5 14 13 13
split_gain=1687.48 7154.11 13955.3 7823.1 13949.5 17279.7 10587.7 12889.7 10506.3 15965.2 8165.98 6453.21 14150.9 10764.9 7520.45 14639.9 6881.4 6704.29 8617.88 6676.16 6852.21 6103.18 7874.16 10686.4 5880.19 7127.83 7003.11 6584.94 12286 12205.9
threshold=1.9022222222222231 0.93585024503435366 3.5000000000000004 18.655514287559061 214.30833333333334 182.07333333333335 1.5666666666666667 16.987517342286768 0.74455857214455101 0.18436924984152961 87.500000000000014 134.96176945872546 -0.61734245059638992 89.716666666666697 75.904166666666683 162.82000000000002 0.13052619222005182 82.012500000000031 25.750000000000004 12.804017125254697 138.58333333333337 232.36000000000004 46.763647405331788 86.270833333333343 159.41333333333338 -0.6259234721840593 117.47333333333334 2.5000000000000004 -0.91080963307804841 -0.81915204428899169
decision_type=10 2 2 2 2 2 10 2 2 2 2 2 2 10 10 2 2 10 2 2 2 2 2 8 2 2 2 2 2 2
left_child=-1 3 -3 4 5 11 -5 -8 9 10 -7 13 16 14 19 17 -13 18 -16 -2 -21 22 24 -24 25 -9 -26 28 -28 -30
right_child=1 2 -4 6 -6 8 7 21 -10 -11 -12 12 -14 -15 15 -17 -18 -19 -20 20 -22 -23 23 -25 26 -27 27 -29 29 -31
leaf_value=-0.00083986168437816743 -0.44526128899506345 -0.8613595553673804 0.12649157779452244 -0.39261563198552252 -0.53301588040259151 0.63648387494363956 0.58919378846883774 0.0022817887707587774 -0.113445490279368 1.4244474291801454 -0.077699809399518108 1.0386340556636691 -0.043195472132319057 -0.43361849800424013 -0.099321212371190404 0.90582107340588291 0.30251195187447594 -0.24279949426190139 0.78638783153497949 0.28858379283998192 -0.40895793861150742 0.34354533384675567 0.042590044687191651 -0.96165424218544604 0.50168960734705137 -0.61267829020339326 -0.3941514818684051 -0.10061490674893003 0.80072381020738526 0.11951647786721409
leaf_weight=133588 93 64 81 168 72 147 95 109 56 52 55 63 156 122 57 68 64 97 53 119 50 115 54 52 75 83 95 688 78 419
leaf_count=133588 93 64 81 168 72 147 95 109 56 52 55 63 156 122 57 68 64 97 53 119 50 115 54 52 75 83 95 688 78 419
internal_value=5.80637e-05 0.0343301 -0.309525 0.0491912 0.143755 0.182675 -0.0124544 0.0218274 0.506477 0.643153 0.442028 0.0761152 0.275817 -0.00964439 0.0866775 0.269315 0.667675 0.0602207 0.32743 -0.105022 0.0822105 -0.00865888 -0.0331619 -0.450058 -0.00459628 -0.26356 0.0320983 0.00458314 0.12684 0.226426
internal_weight=137088 3500 145 3355 1324 1252 2031 1863 310 254 202 942 283 659 537 275 127 207 110 262 169 1768 1653 106 1547 192 1355 1280 592 497
internal_count=137088 3500 145 3355 1324 1252 2031 1863 310 254 202 942 283 659 537 275 127 207 110 262 169 1768 1653 106 1547 192 1355 1280 592 497
is_linear=0
shrinkage=0.05


Tree=268
num_leaves=31
num_cat=0
split_feature=14 5 6 13 9 9 10 12 11 10 9 9 12 6 12 0 12 9 12 11 5 10 13 11 9 4 9 5 9 12
split_gain=1667.13 17361.4 16160.1 21778.3 12673.7 22535.2 17173.2 15445 11181.5 10976.1 10530 17732.8 14881 13353.7 20419.6 10157.5 19330.9 23360.4 24482.1 17367.7 14502.2 13462 9920.77 9270.12 12287.8 9131.55 13020.4 8671.31 16768.7 8406.45
threshold=5.5000000000000009 217.49500000000003 35.076603748463448 -0.95032354012166609 397.50000000000006 257.50000000000006 83.335416666666688 0.19509032201612822 58.129801629486948 93.53666666666669 117.50000000000001 182.50000000000003 0.098011308799811389 14.4399515232636 0.35222909080468517 192.86000000000004 -0.40274668985873679 67.500000000000014 0.04361938736533582 76.917759348139825 208.80166666666668 84.483333333333363 -0.5 76.167910878156235 72.500000000000014 17.942623320917772 87.500000000000014 201.92833333333334 907.50000000000011 0.93585024503435366
decision_type=2 2 2 2 2 2 10 2 2 8 2 2 2 2 2 2 2 2 2 2 2 10 2 2 2 2 2 2 2 2
left_child=-1 2 15 -4 5 9 7 8 -6 10 23 13 -13 -12 -15 25 20 -18 19 -19 -17 27 -5 -3 -25 29 -27 28 -20 -2
right_child=1 4 3 22 6 -7 -8 -9 -10 -11 11 12 -14 14 -16 16 17 18 21 -21 -22 -23 -24 24 -26 26 -28 -29 -30 -31
leaf_value=-0.0021558123686782455 0.0029048649035993855 0.16584949708647201 1.3404800003429629 -0.20795046924954144 -0.082782721063612327 -1.3109203527277371 0.86280195106159552 -0.42933381151640787 0.86338787510077353 -0.77776240794686613 0.90096477389335627 0.133861169921902 -1.0566719876172452 -0.67956608599930446 0.72191643013673668 -0.27883287214024144 1.1023816595531322 0.31244418517901351 0.0022020753397017112 1.5384042237813658 0.54064315130461515 -0.58935944453721312 0.61560843614014715 -0.08126404830387661 -0.94862479523812626 0.15976644537715323 -0.51430542153582026 -0.090833706458179675 1.0197162524252907 0.11328601257322075
leaf_weight=118099 14599 54 53 82 76 53 55 160 53 80 70 53 52 53 51 278 88 65 98 52 67 71 66 70 98 115 190 162 69 1956
leaf_count=118099 14599 54 53 82 76 53 55 160 53 80 70 53 52 53 51 278 88 65 98 52 67 71 66 70 98 115 190 162 69 1956
internal_value=5.51605e-05 0.0138059 0.0249466 0.470764 -0.191363 -0.323946 0.0529906 -0.101126 0.305954 -0.233912 -0.14707 0.0574049 -0.455736 0.367059 0.00769938 0.0199152 0.178989 0.349309 0.221127 0.857315 -0.119688 0.0350416 0.159312 -0.404044 -0.587224 0.010952 -0.260147 0.169791 0.422612 0.0159466
internal_weight=137088 18989 18011 201 978 634 344 289 129 581 501 279 105 174 104 17810 950 605 517 117 345 400 148 222 168 16860 305 329 167 16555
internal_count=137088 18989 18011 201 978 634 344 289 129 581 501 279 105 174 104 17810 950 605 517 117 345 400 148 222 168 16860 305 329 167 16555
is_linear=0
shrinkage=0.05


Tree=269
num_leaves=31
num_cat=0
split_feature=5 14 11 11 14 10 13 1 4 10 3 6 14 10 5 13 9 10 1 11 11 3 5 11 10 12 9 9 10 9
split_gain=1799.17 15019.2 10619 10126.3 11402.5 10003.8 16443.4 9120.42 12653.6 9120.59 15307.6 16484.4 15748.8 17084.3 15980.2 14577.3 17645.7 11065.1 10402.9 10220.8 18209.8 14171.9 13517.1 18917.8 12112.3 11299 11207.9 10192.2 10187.4 12618.1
threshold=228.3116666666667 5.5000000000000009 62.122620647500007 62.576381797000018 4.5000000000000009 70.479166666666686 0.91531147911944732 0.90666666666666784 21.565028257719671 93.53666666666669 235.05000000000004 7.3841911397012625 4.5000000000000009 68.125000000000014 247.4316666666667 0.52803643325367278 362.50000000000006 73.802777777777791 0.16000000000000136 81.341673624500018 103.46342575864712 257.77666666666676 277.32833333333338 137.90122026205077 80.737500000000011 -0.25881904510252113 117.50000000000001 602.50000000000011 73.40833333333336 167.50000000000003
decision_type=2 2 2 2 2 8 2 10 2 10 2 2 2 8 2 2 2 8 10 2 2 2 2 2 8 2 2 2 10 2
left_child=-1 2 5 4 -4 -2 -7 9 -9 10 11 -5 19 -14 -15 18 -17 -13 -11 24 -21 -22 23 -23 28 -26 -24 -16 -12 -30
right_child=1 -3 3 7 -6 6 -8 8 -10 15 12 17 13 14 27 16 -18 -19 -20 20 21 22 26 -25 25 -27 -28 -29 29 -31
leaf_value=-0.0010987749947244893 -0.6765010396639507 -0.18835280544798211 0.18209745725126644 0.95573530080679225 1.0641131288061538 -0.25848627485334874 0.53563131401422381 -0.27353636408551041 0.3458988578252073 -0.29047951112188375 -0.019362705332276069 -0.18223413022855917 -0.41426948666286018 -0.14882763780298688 0.75873516316371648 0.95664115169373187 -0.22506932229813881 0.35864275458181116 0.30584349324080079 0.32309063334489263 0.19189286739093023 -1.2152667786466662 -0.574805338203907 0.036315580355186089 0.77318958980696539 -0.063010698592868342 0.15896355248549407 -0.022244634091854096 -0.95604759889344371 -0.23263914334921187
leaf_weight=131766 81 694 114 95 54 260 87 371 106 433 190 120 65 84 254 68 59 446 88 498 276 74 75 51 56 145 170 50 96 162
leaf_count=131766 81 694 114 95 54 260 87 371 106 433 190 120 65 84 254 68 59 446 88 498 276 74 75 51 56 145 170 50 96 162
internal_value=5.24024e-05 0.0285541 0.0610808 0.0852583 0.465602 -0.176175 -0.0593847 0.0694106 -0.135884 0.0969565 0.134768 0.346265 0.0725244 0.335933 0.461611 -0.0726711 0.407658 0.243969 -0.189757 0.00597455 0.0958893 -0.0792598 -0.281525 -0.704621 -0.152519 0.169961 -0.0656596 0.630285 -0.297203 -0.501814
internal_weight=137088 5322 4628 4200 168 428 347 4032 477 3555 2907 661 2246 453 388 648 127 566 521 1793 1144 646 370 125 649 201 245 304 448 258
internal_count=137088 5322 4628 4200 168 428 347 4032 477 3555 2907 661 2246 453 388 648 127 566 521 1793 1144 646 370 125 649 201 245 304 448 258
is_linear=0
shrinkage=0.05


Tree=270
num_leaves=31
num_cat=0
split_feature=9 9 10 8 2 11 11 11 10 5 13 11 10 13 2 14 12 6 8 4 3 12 12 14 12 10 0 9 14 12
split_gain=1703.33 16651.9 34989.5 15299.1 16427.2 15104.9 26252.3 23774.5 25925.5 25847.3 20393.4 18201.9 21325.4 28269.1 24483.8 32132 16889.9 16274.7 15948 18198 22498.9 16067 15500 14429.4 13932.5 25372.5 22949.4 21475 19442 40781.1
threshold=57.500000000000007 72.500000000000014 78.183333333333351 67.500000000000014 1.5666666666666667 56.383576869964777 68.114890873431975 66.09803581237793 66.916666666666686 172.88166666666669 -0.84915165824291594 97.009291887283155 87.441666666666677 -0.36243803828370164 -0.16799999999999946 2.5000000000000004 0.98990318592078563 9.9598122772413742 0.67500000000000016 2.0148993174028695 122.01000000000002 0.16288578192842371 -0.87137607974597275 2.5000000000000004 -0.72982064943493963 106.61666666666669 188.90000000000003 22.500000000000004 1.0000000180025095e-35 -0.40274668985873679
decision_type=2 2 10 2 10 2 2 2 10 2 2 2 10 2 10 2 2 2 2 2 2 2 2 2 2 8 2 2 2 2
left_child=5 2 -2 -4 -5 10 7 9 -9 -7 -1 12 16 14 -14 -16 18 -15 -8 20 21 -20 23 -21 25 26 -13 -27 29 -26
right_child=1 -3 3 4 -6 6 11 8 -10 -11 -12 24 13 17 15 -17 -18 -19 19 22 -22 -23 -24 -25 28 27 -28 -29 -30 -31
leaf_value=-0.28782193532341538 -0.11085187536996673 -0.0013613264716154433 0.12098221806714704 0.29508344276067139 0.97513375841081151 -0.22354310016137779 -0.50921145776907606 -1.0037188692547441 -0.025652824810573033 0.87111693967561254 0.43393057192885137 -0.11274475458542613 0.20511639983881091 0.51148725082866509 -1.3442844898962394 -0.16238595515800019 0.97466365224436713 -0.26098471287849961 0.07125260287054605 0.27961151758238817 -0.19232254331888132 1.0132980862878405 0.24556379014416813 -0.13784344582784597 0.86599912058542117 -0.11023377522274301 -0.61149657673017699 1.0149494398008572 -0.034368704233514819 0.053106598980944442
leaf_weight=131 1331 115505 1932 793 100 465 102 191 105 61 387 3483 84 153 123 108 57 123 310 311 221 53 2180 619 187 81 247 89 6674 882
leaf_count=131 1331 115505 1932 793 100 465 102 191 105 61 387 3483 84 153 123 108 57 123 310 311 221 53 2180 619 187 81 247 89 6674 882
internal_value=4.97823e-05 0.00217672 0.100507 0.200089 0.371237 -0.0145546 -0.0227021 -0.298313 -0.65677 -0.0965958 0.251402 -0.00861919 0.0774676 -0.202197 -0.525889 -0.791709 0.120365 0.167233 0.107537 0.124566 -0.131532 0.208796 0.172657 0.00175708 -0.0414775 -0.118546 -0.145772 0.478833 -0.00265981 0.195306
internal_weight=137088 119661 4156 2825 893 17427 16909 822 296 526 518 16087 4444 591 315 231 3853 276 3796 3694 584 363 3110 930 11643 3900 3730 170 7743 1069
internal_count=137088 119661 4156 2825 893 17427 16909 822 296 526 518 16087 4444 591 315 231 3853 276 3796 3694 584 363 3110 930 11643 3900 3730 170 7743 1069
is_linear=0
shrinkage=0.05


Tree=271
num_leaves=31
num_cat=0
split_feature=2 12 9 10 6 12 13 11 12 5 13 10 1 9 9 10 8 9 5 9 0 12 10 14 1 14 6 0 13 12
split_gain=1678.6 6074.74 15158.3 22309.9 26715.7 15267.6 13907.5 34425.4 13094.7 12826.6 15645.5 11865.3 11766.8 20343 25103.4 17633.5 19219.9 15854.2 21791.9 20437.3 16023.8 16006.9 28045 13019.9 16337 15648 12747.3 13350.6 38798.7 33445.8
threshold=0.080000000000000446 -0.50938662908026078 32.500000000000007 87.616666666666688 4.0697189240996812 -0.97854064376158167 0.054511258297739194 111.0185001492499 -0.93585024503435332 114.08333333333336 0.49049438445969418 70.883333333333354 0.67999999999999983 747.50000000000011 1437.5000000000002 85.612500000000026 168.50000000000003 562.50000000000011 180.79166666666669 77.500000000000014 222.62000000000003 -0.79335334029123528 103.31000000000002 2.5000000000000004 1.0933333333333348 4.5000000000000009 9.9598122772413742 191.58000000000001 0.22706275313213803 -0.72982064943493963
decision_type=10 2 2 10 2 2 2 2 2 2 2 8 10 2 2 8 2 2 2 2 2 2 10 2 10 2 2 2 2 2
left_child=-1 2 3 4 6 -5 -2 -8 11 -7 -11 -6 13 15 -15 16 -4 19 23 20 21 22 -14 24 -19 -25 -21 -28 -29 -30
right_child=1 -3 12 5 8 9 7 -9 -10 10 -12 -13 17 14 -16 -17 -18 18 -20 26 -22 -23 -24 25 -26 -27 27 28 29 -31
leaf_value=0.0042298135729235877 -0.0020241954195217827 -0.020320431613723516 -0.056610710666645414 -0.70291498633163974 0.38350271205776015 -0.52455745391589781 0.16526727499669328 1.5562797945099218 0.038614490550798297 0.2351370707702623 -0.59597338287087231 -0.42079582372536289 0.075198447417890432 -0.70591422538482806 -0.025064044060341219 0.091905133213338569 0.57297317100268219 0.23189774210017827 -0.59201522723716848 0.11184964882269313 -0.32375989438391722 0.46386905498603098 1.224231455714575 -0.2375184751885093 1.2702700750451339 0.60933239514480775 -0.1671096157457897 -0.25734718508128518 0.83793136447419725 -0.20140334160651194
leaf_weight=86628 127 32175 5412 209 52 177 122 70 561 214 77 388 1027 222 347 4363 124 63 51 1446 133 560 56 92 95 134 1449 371 225 118
leaf_count=86628 127 32175 5412 209 52 177 122 70 561 214 77 388 1027 222 347 4363 124 63 51 1446 133 560 56 92 95 134 1449 371 225 118
internal_value=7.13472e-06 -0.00724222 0.0157707 -0.114244 0.00544031 -0.347602 0.403903 0.672407 -0.121542 -0.188926 0.0152212 -0.325742 0.0317113 2.32539e-05 -0.290703 0.0167344 -0.0425088 0.0887061 0.37906 0.0652513 0.204106 0.246837 0.134613 0.508031 0.856236 0.264597 -0.00307955 -0.0799115 0.0970492 0.480376
internal_weight=137088 50460 18285 1997 1320 677 319 192 1001 468 291 440 16288 10468 569 9899 5536 5820 435 5385 1776 1643 1083 384 158 226 3609 2163 714 343
internal_count=137088 50460 18285 1997 1320 677 319 192 1001 468 291 440 16288 10468 569 9899 5536 5820 435 5385 1776 1643 1083 384 158 226 3609 2163 714 343
is_linear=0
shrinkage=0.05


Tree=272
num_leaves=31
num_cat=0
split_feature=14 5 0 6 13 9 9 10 12 11 10 9 9 11 6 12 12 12 10 2 3 9 5 13 9 5 5 9 10 9
split_gain=1660.35 14670.7 15017.4 12017 15447.4 11487.2 19951.5 16022 14084.4 10052.4 9931.95 9589.2 16023.7 14209.2 12017.2 18455.9 9065.88 12276.8 18782 17090.1 13369.6 12991.7 19078.2 49479.8 45726.3 20312.4 17299.9 12080 12026.6 19391.1
threshold=5.5000000000000009 217.49500000000003 241.50000000000003 37.345984246274824 -0.88186879444286459 402.50000000000006 257.50000000000006 83.335416666666688 0.19509032201612822 58.129801629486948 93.53666666666669 117.50000000000001 182.50000000000003 100.79178984150001 14.4399515232636 0.35222909080468517 0.92794370089704281 0.44228869021900152 95.036666666666676 1.5666666666666667 160.49000000000004 642.50000000000011 142.07166666666672 0.38268343236508956 787.50000000000011 150.66833333333335 177.22000000000006 47.500000000000007 84.608333333333363 27.500000000000004
decision_type=2 2 2 2 2 2 2 10 2 2 8 2 2 2 2 2 2 2 10 8 2 2 2 2 2 2 2 2 10 2
left_child=-1 2 3 16 -5 6 10 8 9 -7 11 -3 14 -14 -13 -16 17 -2 19 21 -20 26 -23 24 -24 -26 28 -18 -19 -30
right_child=1 5 -4 4 -6 7 -8 -9 -10 -11 -12 12 13 -15 15 -17 27 18 20 -21 -22 22 23 -25 25 -27 -28 -29 29 -31
leaf_value=-0.002199694151479008 0.03076141476387716 -0.3779877001570689 0.74463282078504567 1.1778899053440375 -0.046808637793247516 -0.069283411965558414 -1.2201227032993405 0.84884293305653125 -0.40285034757107496 0.82784766661670983 -0.73270601104944955 0.86320175554071155 -1.0354583881497383 0.12915974831039256 -0.63756470131986553 0.69482392423293171 0.66674628246654866 -0.13933986614760474 -0.26867711080763584 0.69258243487431459 -1.0606650739908219 -0.067545151661533881 -0.20928002379688562 -0.040210319285293221 0.98704490417339774 2.346493182480335 -0.63044989301666898 0.087676295042893482 1.0962897525114172 0.014671053863825842
leaf_weight=118099 11534 222 72 51 52 76 54 54 160 53 80 70 50 55 53 51 94 1792 234 78 69 966 51 324 61 50 161 2150 51 221
leaf_count=118099 11534 222 72 51 52 76 54 54 160 53 80 70 50 55 53 51 94 1792 234 78 69 966 51 324 61 50 161 2150 51 221
internal_value=6.77796e-06 0.0137296 0.0239706 0.0210782 0.559595 -0.174872 -0.300813 0.0582853 -0.0894314 0.299305 -0.215369 -0.132761 0.0623659 -0.42542 0.35672 0.0158182 0.0179683 0.00444492 -0.0703541 -0.0397978 -0.449031 -0.0553337 0.0610085 0.316529 1.03001 1.59941 -0.131257 0.111933 -0.0923178 0.217475
internal_weight=137088 18989 18011 17939 103 978 635 343 289 129 581 501 279 105 174 104 17836 15592 4058 3755 303 3677 1452 486 162 111 2225 2244 2064 272
internal_count=137088 18989 18011 17939 103 978 635 343 289 129 581 501 279 105 174 104 17836 15592 4058 3755 303 3677 1452 486 162 111 2225 2244 2064 272
is_linear=0
shrinkage=0.05


Tree=273
num_leaves=31
num_cat=0
split_feature=5 14 11 11 13 10 13 1 4 10 3 6 14 12 9 13 9 13 9 10 4 10 13 6 9 11 11 3 5 11
split_gain=1693.57 12758.1 9555.14 9044.71 10554.4 8862.41 14873.1 8446.6 13103.2 8460.36 13155.6 15230.9 14832.7 16255.1 19713.6 18885.7 18441.3 12786.5 20903.8 12639.9 10150.7 9601.91 9144.01 12106 11259.9 8937.05 16588.7 12749.5 11658.7 17717.2
threshold=228.3116666666667 5.5000000000000009 62.262162506580204 62.576381797000018 -0.87137607974597309 70.479166666666686 0.91531147911944732 1.0266666666666682 21.565028257719671 93.53666666666669 235.05000000000004 7.3841911397012625 4.5000000000000009 0.15212338618991691 397.50000000000006 0.076279435988900593 397.50000000000006 0.31107263240371752 472.50000000000006 97.016666666666666 7.9882079759275921 73.802777777777791 -0.95032354012166609 14.826284739953705 112.50000000000001 81.341673624500018 103.46342575864712 257.77666666666676 277.32833333333338 137.90122026205077
decision_type=2 2 2 2 2 8 2 10 2 10 2 2 2 2 2 2 2 2 2 10 2 8 2 2 2 2 2 2 2 2
left_child=-1 2 5 4 -4 -2 -7 9 -9 10 11 -5 25 14 15 -14 20 -11 19 -19 -15 -13 -23 -24 -25 -12 -27 -28 29 -29
right_child=1 -3 3 7 -6 6 -8 8 -10 17 12 21 13 16 -16 -17 -18 18 -20 -21 -22 22 23 24 -26 26 27 28 -30 -31
leaf_value=-0.0011104428003583656 -0.63446439195696902 -0.17225474884105518 0.9654081364879844 0.90817970202941645 0.13845306131101789 -0.24537787226410548 0.50950765671401188 -0.31217070698472871 0.33435400852135255 -0.19935853325946612 -0.14238778904282606 -0.17304977660998702 0.10549198955945348 0.3583556298887538 0.61445059790379475 -1.0794274674833946 -0.21786925758421424 0.15571747071527203 -0.53693361708930898 1.1995781742550176 1.155777513422072 0.0096811580477944963 0.15453627959571103 1.409812721014023 0.50358428432853941 0.299175219219178 0.17863144637655012 -1.1285321193627824 -0.064884691778570411 0.049644732737430822
leaf_weight=131766 82 694 61 95 105 261 87 309 105 494 654 120 92 62 90 53 50 58 51 58 112 149 143 50 109 520 278 78 248 54
leaf_count=131766 82 694 61 95 105 261 87 309 105 494 654 120 92 62 90 53 50 58 51 58 112 149 143 50 109 520 278 78 248 54
internal_value=6.43927e-06 0.027659 0.0576375 0.0806309 0.442334 -0.166843 -0.0566565 0.0657394 -0.148197 0.0902197 0.126369 0.321972 0.0695071 0.323677 0.0331752 -0.327617 0.628445 -0.0714971 0.306728 0.677648 0.871639 0.224442 0.330205 0.488344 0.788562 0.00582585 0.0881108 -0.0786878 -0.266937 -0.646551
internal_weight=137088 5322 4628 4198 166 430 348 4032 414 3618 2957 666 2291 459 235 145 224 661 167 116 174 571 451 302 159 1832 1178 658 380 132
internal_count=137088 5322 4628 4198 166 430 348 4032 414 3618 2957 666 2291 459 235 145 224 661 167 116 174 571 451 302 159 1832 1178 658 380 132
is_linear=0
shrinkage=0.05


Tree=274
num_leaves=31
num_cat=0
split_feature=9 9 10 11 3 10 5 11 11 13 0 13 6 11 10 0 13 6 0 5 11 13 14 5 9 11 13 8 2 10
split_gain=1674.48 14721.3 31653.1 14046.1 13973.5 14143.1 26454.3 25478.3 38366.2 27328.2 24064.5 23952.4 23072.4 21733 34350.5 20825.3 18962.4 17402.6 18181.2 22900.6 17735.3 17273.5 35613.6 18521.4 17760.2 19209.3 19177.1 21663.7 20681.3 20727.2
threshold=57.500000000000007 72.500000000000014 78.183333333333351 119.25775998549425 281.31666666666678 88.436666666666682 151.59500000000003 61.468149423599165 71.549480094500012 0.45201865172701733 191.58000000000001 -0.15212338618991647 12.192185771125517 133.08750027418139 84.483333333333363 80.180000000000021 -0.64278760968653914 25.301081297335561 225.62000000000003 203.91166666666666 103.46342575864712 0.48098876891938797 4.5000000000000009 97.668333333333365 12.500000000000002 105.45875114202489 0.21643961393810271 92.500000000000014 0.15866666666666709 76.40833333333336
decision_type=2 2 10 2 2 8 2 2 2 2 2 2 2 2 10 2 2 2 2 2 2 2 2 2 2 2 2 2 10 10
left_child=4 2 -2 -4 5 6 21 11 12 15 -8 -7 -9 14 -12 -10 -16 18 19 -17 -19 24 -23 -24 -1 26 27 -26 -29 -30
right_child=1 -3 3 -5 -6 7 10 8 9 -11 13 -13 -14 -15 16 17 -18 20 -20 -21 -22 22 23 -25 25 -27 -28 28 29 -31
leaf_value=0.067554185001996572 -0.10646012301606096 -0.0012116631582883956 0.32034958194160734 0.094445059438366188 0.62504290784106542 0.080044388412856146 0.33472592217669278 -0.31782614739911103 0.87443812750353822 -0.36712501455779767 -0.051704955415109013 1.0249962556354226 -1.1817281722769899 -0.52200139363606768 1.339199485531763 -0.0097630483192993108 0.22227354382998066 -0.99062470013187043 0.79542331618891249 -1.0555991528257025 -0.18624589124353985 -0.016266290484467049 1.3636148885419628 0.37373912167530338 -0.014960317963291395 -0.1978825259908206 -0.34626856896663383 0.2091815881925809 0.25504862640689063 1.3482849108338681
leaf_weight=2061 1331 115505 1186 1639 85 234 1117 224 63 680 671 94 118 168 76 4223 76 84 69 53 372 1365 53 436 1737 2700 349 145 82 92
leaf_count=2061 1331 115505 1186 1639 85 234 1117 224 63 680 671 94 118 168 76 4223 76 84 69 53 372 1365 53 436 1737 2700 349 145 82 92
internal_value=6.11709e-06 0.00211496 0.0945697 0.189285 -0.0144741 -0.0176086 0.0161333 -0.0780335 -0.101933 -0.0702279 0.175603 0.350854 -0.615898 -0.00375208 0.102039 -0.0287209 0.780737 -0.0405723 -0.00973346 -0.0227259 -0.334421 -0.0211351 0.114897 0.481026 -0.0563295 -0.106344 -0.00357738 0.0545934 0.433323 0.833082
internal_weight=137088 119661 4156 2825 17427 17342 11128 6214 5886 5544 2108 328 342 991 823 4864 152 4801 4345 4276 456 9020 1854 489 7166 5105 2405 2056 319 174
internal_count=137088 119661 4156 2825 17427 17342 11128 6214 5886 5544 2108 328 342 991 823 4864 152 4801 4345 4276 456 9020 1854 489 7166 5105 2405 2056 319 174
is_linear=0
shrinkage=0.05


Tree=275
num_leaves=31
num_cat=0
split_feature=9 1 10 6 10 13 9 10 9 2 12 2 4 10 10 14 2 9 1 12 0 6 1 6 10 9 5 4 12 14
split_gain=1657.89 6623.53 6291.11 6162.89 5753.82 5735.1 23069.5 21101.3 21488.7 17999.8 15351.4 14725.7 17369.1 16235.5 17643.8 14152.7 13346 10418.8 9131.48 14360.6 8454.32 8066.83 8509.11 16465.5 24049.1 8825.83 11172.1 10882.8 8009.81 18955.7
threshold=172.50000000000003 3.0226666666666655 54.233333333333341 0.67330032921645366 81.308333333333351 -0.98658463173998423 402.50000000000006 67.538888888888906 337.50000000000006 0.2760000000000003 0.021814885034561173 -1.3999999999999995 6.0655310292373592 70.883333333333354 65.770000000000024 1.5000000000000002 -0.60177777777777797 932.50000000000011 0.074666666666667922 1.0000000180025095e-35 139.82000000000002 46.763647405331788 0.80800000000000083 25.301081297335561 73.802777777777791 602.50000000000011 158.98666666666671 17.942623320917772 -0.96863394805116465 4.5000000000000009
decision_type=2 10 8 2 10 2 2 10 2 10 2 8 2 8 10 2 10 2 10 2 2 2 10 2 8 2 2 2 2 2
left_child=2 5 -1 -4 -3 6 7 16 9 -9 -10 -8 13 14 -13 -14 -2 -15 -18 -20 -19 22 -7 28 -25 26 27 -26 29 -24
right_child=1 4 3 -5 -6 21 11 8 10 -11 -12 12 15 17 -16 -17 18 20 19 -21 -22 -23 23 24 25 -27 -28 -29 -30 -31
leaf_value=-0.35486695346350855 1.2234804519034665 -0.74084977746975644 0.42919572242248211 -0.0073083481623640563 -0.095699059963226321 -0.0015164306166544929 0.6981973213381043 0.10469293333281436 1.3905202433759092 -0.36778361980520591 0.29323703886831509 -0.15532879687168383 -0.98253964615218781 -0.65746471354331104 1.0796196059125369 -0.23157529464345769 0.096469561947652938 -0.0054606138222770611 0.11010435441881419 1.2809107791564682 -0.67539651777881848 -0.55063834944457724 0.0013654542395510772 1.0935890611923405 0.52276728340983392 -0.1822407635787259 0.75833565697858207 -0.52043729823827745 0.015304361846077287 0.65257519356971394
leaf_weight=130 58 54 81 47665 96 80435 51 2014 51 224 85 55 102 87 61 163 130 499 50 55 52 66 319 90 50 115 95 50 3933 172
leaf_count=130 58 54 81 47665 96 80435 51 2014 51 224 85 55 102 87 61 163 130 499 50 55 52 66 319 90 50 115 95 50 3933 172
internal_value=-7.7046e-06 0.00402036 -0.00751358 -0.00656783 -0.327953 0.00457947 0.0652071 0.143895 0.094486 0.0574031 0.704718 -0.130924 -0.172421 -0.0500414 0.494084 -0.520626 0.544226 -0.148973 0.37658 0.723384 -0.0686851 0.00192415 0.00235189 0.066852 0.374059 0.165164 0.370043 0.00116499 0.0390756 0.229488
internal_weight=137088 89212 47876 47746 150 89062 3737 2667 2374 2238 136 1070 1019 754 116 265 293 638 235 105 551 85325 85259 4824 400 310 195 100 4424 491
internal_count=137088 89212 47876 47746 150 89062 3737 2667 2374 2238 136 1070 1019 754 116 265 293 638 235 105 551 85325 85259 4824 400 310 195 100 4424 491
is_linear=0
shrinkage=0.05


Tree=276
num_leaves=31
num_cat=0
split_feature=4 3 0 9 0 13 12 13 9 10 11 11 13 13 12 10 6 13 3 11 1 12 10 14 14 9 0 5 9 14
split_gain=1662.12 3192.32 3180.23 2967.62 4648.99 8766.27 8489.73 3259.64 3981.37 3706.9 3173.5 2922.61 2965.73 2790.78 2608.85 2117.07 2059.81 15238.8 15193.3 10605.9 13914.8 11733.6 11771.3 24373.5 24808.3 11280 11054.8 13693.5 13703.9 10210.7
threshold=0.39533948058013263 155.49000000000004 171.98000000000002 842.50000000000011 89.420000000000016 -0.17364817766693072 0.71473537162315171 -0.47136869107721074 237.50000000000003 69.483333333333363 42.864251603500009 65.297298437028857 0.043619387365335889 -0.66746801135786449 0.49049438445969384 68.125000000000014 2.2174992740089565 -0.77296446310592981 150.27000000000004 132.17175120000005 0.30666666666666659 0.27982901403099242 67.538888888888906 2.5000000000000004 3.5000000000000004 272.50000000000006 100.25333333333336 105.67694444444446 252.50000000000003 2.5000000000000004
decision_type=2 2 2 2 2 2 2 2 2 8 2 2 2 2 2 10 2 2 2 2 10 2 10 2 2 2 2 2 2 2
left_child=1 3 -3 7 13 6 -6 -1 9 -9 -7 -10 -13 -5 -4 -14 17 18 19 20 21 26 -23 -24 -25 -26 29 28 -28 -2
right_child=16 2 14 4 5 10 -8 8 11 -11 -12 12 15 -15 -16 -17 -18 -19 -20 -21 -22 22 23 24 25 -27 27 -29 -30 -31
leaf_value=-0.2298127496799639 0.15704327711144334 0.37247737600253178 0.23553417763816051 -0.35257357453758065 -0.016937471345319585 0.10293824650286659 0.75145926190459211 -0.060599426944451085 -0.033561165716945333 0.50229714500196909 -0.30802839920905078 -0.45675599171451353 -0.00077436401988520767 -0.022612925299994299 -0.24648782295770333 -0.26217041011797648 -0.0018498664869587456 -0.0005588760088004733 0.98561330669760405 -0.012176785324986521 0.87289621454395661 0.071962381769636916 -0.09283689767122269 1.8118195974302513 0.13933270289500554 1.0922610395359544 0.25242362073927282 0.034078571150282851 1.2122327365373311 -0.36987397176888559
leaf_weight=333 159 91 52 77 59 123 92 58 959 59 76 85 165 382 61 146 113620 18168 51 992 73 196 90 54 75 53 107 357 57 218
leaf_count=333 159 91 52 77 59 123 92 58 959 59 76 85 165 382 61 146 113620 18168 51 992 73 196 90 54 75 53 107 357 57 218
internal_value=-7.31946e-06 -0.0380105 0.152488 -0.0528772 0.0266995 0.163961 0.451225 -0.0885435 -0.0565851 0.223254 -0.0540138 -0.0807484 -0.195022 -0.0779658 -0.0246724 -0.123488 0.000790275 0.0153168 0.131525 0.113607 0.200319 0.164376 0.367366 0.580231 0.913066 0.533905 0.0585857 0.207817 0.586016 -0.147646
internal_weight=137088 2818 204 2614 809 350 151 1805 1472 117 199 1355 396 459 113 311 134270 20650 2482 2431 1439 1366 468 272 182 128 898 521 164 377
internal_count=137088 2818 204 2614 809 350 151 1805 1472 117 199 1355 396 459 113 311 134270 20650 2482 2431 1439 1366 468 272 182 128 898 521 164 377
is_linear=0
shrinkage=0.05


Tree=277
num_leaves=31
num_cat=0
split_feature=4 12 2 10 14 11 0 5 13 14 11 12 14 6 13 14 12 12 3 4 10 8 11 2 9 12 13 13 3 10
split_gain=1623.96 1861.94 1591.38 10283.9 7216.65 10311.4 8969.64 6518.92 6240.55 4327.25 4549.11 4148.93 2711.87 2280.1 10065.2 10031.8 20437.6 27339.9 16315.8 12308.7 15493.5 9608.73 17000.2 13470.7 12138.2 12460.2 8863.46 8689.37 8923.8 7791.58
threshold=1.0000000180025095e-35 0.71473537162315171 -2.3213333333333335 101.81666666666668 3.5000000000000004 155.54379045963285 131.42000000000004 150.19166666666669 -0.93585024503435343 5.5000000000000009 104.78408625731805 0.18436924984152928 3.5000000000000004 33.096442698950163 0.95032354012166631 5.5000000000000009 -0.43245347597985068 1.0000000180025095e-35 298.72666666666674 15.729852721031733 85.941666666666677 92.500000000000014 125.72013909050001 0.80000000000000038 47.500000000000007 -0.56457333468532422 -0.61734245059638992 -0.86046863722869238 134.30333333333337 99.316666666666677
decision_type=2 2 10 8 2 2 2 2 2 2 2 2 2 2 2 2 2 2 2 2 10 2 2 10 2 2 2 2 2 10
left_child=1 -1 3 4 5 6 11 -5 -8 10 -6 -2 -9 -4 15 18 -17 -18 21 -19 -21 23 -23 27 -25 -26 -20 28 -15 -27
right_child=2 -3 13 7 9 -7 8 12 -10 -11 -12 -13 -14 14 -16 16 17 19 26 20 -22 22 -24 24 25 29 -28 -29 -30 -31
leaf_value=-0.38742571479544563 0.22619176270632912 0.0098606855918963749 0.00061071580217900384 0.73510658517479899 0.55109379960393368 0.32424061630453382 -0.30946663117408751 -0.085962526866647071 -1.0846713061685918 -0.13551098206463982 0.033475554098443293 -0.35345413621627925 0.37819766903152835 -0.014893347252504952 0.64587582929753795 -0.41243747711181644 1.2193379881978037 -0.44118414175683179 0.60466029317728409 -0.12784465158742572 1.0321773396910361 -0.014893347252504952 0.81838961046346492 -0.014893347252504952 -0.082964941240706538 -0.6044873489510072 -0.19170374155044556 -0.014893347252504952 -0.45831311667903463 -0.014893347252504952
leaf_weight=58 58 60 133849 78 88 70 50 61 54 85 82 66 65 111 51 105 75 69 116 63 53 137 71 219 212 475 50 271 224 62
leaf_count=58 58 60 133849 78 88 70 50 61 54 85 82 66 65 111 51 105 75 69 116 63 53 137 71 219 212 475 50 271 224 62
internal_value=-6.95323e-06 -0.185416 0.000152777 0.0724474 -0.0394842 -0.206569 -0.369537 0.37587 -0.711977 0.155776 0.301419 -0.0823294 0.153485 -0.000248998 -0.0489258 -0.0642457 0.176312 0.414076 -0.109319 0.0876188 0.402165 -0.153485 0.165904 -0.195691 -0.311443 -0.407537 0.364792 -0.0148933 -0.269602 -0.535674
internal_weight=137088 118 136970 757 553 298 228 204 104 255 170 124 126 136213 2364 2313 365 260 1948 185 116 1782 208 1574 968 749 166 606 335 537
internal_count=137088 118 136970 757 553 298 228 204 104 255 170 124 126 136213 2364 2313 365 260 1948 185 116 1782 208 1574 968 749 166 606 335 537
is_linear=0
shrinkage=0.05


Tree=278
num_leaves=31
num_cat=0
split_feature=4 13 14 13 11 14 6 0 11 6 3 5 0 12 9 4 0 9 11 6 2 9 8 3 3 5 13 10 9 3
split_gain=1588.02 6706.42 7357.58 12422.4 12476.5 11378.2 16002.8 15789.8 9286.77 9961.59 9032.61 8616.34 8604.45 8854.77 8060.04 14704.9 18062.9 14208.8 11353.5 10194.7 7010.73 6894.92 6688.88 6131.08 6048.46 9273.15 5931.41 12748.9 15839.6 25453.2
threshold=1.5241522233889551 -0.61734245059638992 4.5000000000000009 -0.99845357241023047 120.76154976300002 3.5000000000000004 3.8995096816848034 113.98 201.40593045750003 5.3979092471740264 106.28333333333335 93.766666666666694 77.620000000000019 -0.043619387365335778 727.50000000000011 1.2520809341307266 137.02000000000004 97.500000000000014 125.72013909050001 1.6727531289141619 -0.046666666666666613 57.500000000000007 56.20000000000001 97.702222222222233 78.896666666666675 113.00500000000001 -0.40274668985873718 104.51666666666668 22.500000000000004 119.82333333333335
decision_type=2 2 2 2 2 2 2 2 2 2 2 2 2 2 2 2 2 2 2 2 10 2 2 2 2 2 2 8 2 2
left_child=1 2 5 4 -4 6 7 12 9 21 -10 22 13 -1 17 16 19 18 -9 -16 -14 -7 -5 -13 -23 -26 27 28 29 -3
right_child=-2 26 3 11 -6 8 -8 14 10 -11 -12 23 20 -15 15 -17 -18 -19 -20 -21 -22 24 -24 -25 25 -27 -28 -29 -30 -31
leaf_value=0.92703393110457599 0.0029283271707932004 -0.049665578128246783 1.1930799357171329 -0.24836730344235436 0.14028816742201647 -0.65661517130035285 -0.12644536398634224 0.93461909319764824 0.73687619517246894 0.22475586820830099 -0.19575797551870347 0.56039879769963385 -0.18618587760031866 0.012404591874642806 0.85960576115974363 1.1277669816357749 -0.48041725978255273 0.024637061117357726 0.088120587126932284 0.062841689987824509 0.05574986541297075 -0.71090967218790746 0.37829152512017128 0.11994542244669751 -0.0057878039428384646 -0.44932061338115264 -0.013526937548262594 0.17858452102443004 -0.10463720242589772 -1.3046082963411874
leaf_weight=51 106188 89 53 258 60 106 974 93 54 111 50 85 421 55 105 70 56 430 69 65 1037 56 51 1121 331 183 22641 354 1797 74
leaf_count=51 106188 89 53 258 60 106 974 93 54 111 50 85 421 55 105 70 56 430 69 65 1037 56 51 1121 331 183 22641 354 1797 74
internal_value=2.53744e-05 -0.00995064 0.0377736 0.128352 0.634075 0.00361519 0.0450114 0.113119 -0.155558 -0.214238 0.288494 0.0906316 0.0175124 0.452462 0.281506 0.494539 0.298407 0.17499 0.574073 0.554961 -0.0141095 -0.286322 -0.144938 0.150989 -0.21746 -0.163699 -0.0213199 -0.0975693 -0.147446 -0.619394
internal_weight=137088 30900 5945 1628 113 4317 3426 2452 891 787 104 1515 1564 106 888 296 226 592 162 170 1458 676 309 1206 570 514 24955 2314 1960 163
internal_count=137088 30900 5945 1628 113 4317 3426 2452 891 787 104 1515 1564 106 888 296 226 592 162 170 1458 676 309 1206 570 514 24955 2314 1960 163
is_linear=0
shrinkage=0.05


Tree=279
num_leaves=31
num_cat=0
split_feature=11 10 9 9 12 9 6 12 13 5 14 12 5 2 6 10 13 0 5 1 11 9 9 0 10 12 5 12 5 11
split_gain=1588.33 10769.6 11944.8 8209.76 7264.14 7164.39 11171.1 6825.58 6763.07 7103.45 5923.17 5665.37 5460.55 4977.26 5570.62 10375.9 12641.3 16038.6 7087.01 6595.01 7946.18 5915.56 5773.75 5435.96 4393.92 11824.1 16118.5 21567.9 19131.4 16260.4
threshold=290.57915931616486 94.533333333333346 507.50000000000006 22.500000000000004 -0.96863394805116465 1182.5000000000002 8.350420622746844 0.065403129230143103 0.66746801135786471 147.45444444444448 3.5000000000000004 0.72982064943493996 134.75166666666669 1.0600000000000003 10.770015334366217 105.15000000000002 -0.82531082829576841 145.18000000000004 142.90833333333336 0.76000000000000145 386.69843977750008 212.50000000000003 232.50000000000003 157.02000000000004 103.90000000000002 -0.35222909080468484 150.66833333333335 -0.22706275313213778 247.4316666666667 138.93320906000005
decision_type=2 10 2 2 2 2 2 2 2 2 2 2 2 10 2 10 2 2 2 10 2 2 2 2 10 2 2 2 2 2
left_child=24 4 3 7 -2 6 -4 -3 11 -10 12 13 -6 14 19 18 17 -17 -16 20 22 -22 -5 -18 -1 -26 27 -27 -28 -29
right_child=1 2 5 8 10 -7 -8 -9 9 -11 -12 -13 -14 -15 15 16 23 -19 -20 -21 21 -23 -24 -25 25 26 28 29 -30 -31
leaf_value=-0.00075868670448884362 0.78420723418776817 -0.81697336147571442 -0.31419162804717726 -0.11164809136145706 0.58654446777809099 0.027212750439330476 -1.1319984329721102 -0.024008464258091125 0.078706537856205003 0.80024791324839883 -0.21774200834333898 0.47334823360045752 -0.017798187649425336 -0.51042455893808181 0.03922431714702071 -0.0095089469518926419 0.018528138901009881 -1.1193406206720016 0.76330866526212005 0.39777611127642337 -0.053925075827636448 0.56631341268618907 -0.41793890922558152 0.52176521934568887 -0.028732145350365709 0.68555084727039306 0.44426941146424115 -0.45093093977657833 -0.40975993754895956 0.059574359096143219
leaf_weight=130975 52 58 212 453 83 97 52 51 103 51 80 54 68 56 57 90 163 51 83 61 107 60 233 80 1963 112 576 198 74 735
leaf_count=130975 52 58 212 453 83 97 52 51 103 51 80 54 68 56 57 90 163 51 83 61 107 60 233 80 1963 112 576 198 74 735
internal_value=2.41057e-05 -0.0398316 -0.0776331 -0.0252822 0.250291 -0.340257 -0.475275 -0.445953 0.00165851 0.317659 0.130102 -0.0297782 0.31439 -0.0479635 -0.0299539 0.100018 -0.0343252 -0.410937 0.468503 -0.104467 -0.140384 0.168915 -0.21568 0.184203 0.000750866 0.0548005 0.151541 0.0299373 0.347041 -0.0487644
internal_weight=137088 2455 2172 1811 283 361 264 109 1702 154 231 1548 151 1494 1438 524 384 141 140 914 853 167 686 243 134633 3658 1695 1045 650 933
internal_count=137088 2455 2172 1811 283 361 264 109 1702 154 231 1548 151 1494 1438 524 384 141 140 914 853 167 686 243 134633 3658 1695 1045 650 933
is_linear=0
shrinkage=0.05


Tree=280
num_leaves=31
num_cat=0
split_feature=9 1 10 11 12 1 11 13 3 5 8 6 3 10 11 10 11 2 4 8 3 3 13 5 11 10 3 10 3 12
split_gain=1547.82 5985.77 5801.31 25031 37819.6 33992.8 47641.6 27231.3 56709 18203 35637 21385.9 17956.5 17025.2 16018.4 21103.9 18128.1 23785.5 20405.4 16156.1 16420.9 15969.9 22474.7 15072.4 16206.4 14741.6 13821.9 14790.6 13988.4 18574.7
threshold=172.50000000000003 3.0226666666666655 67.116666666666688 78.313761562500019 0.04361938736533582 -0.066666666666666888 59.449920643000013 0.11969653353600802 235.05000000000004 164.70666666666671 23.450000000000003 7.6966340536626054 164.94333333333338 74.670833333333348 56.995561657668084 56.20416666666668 67.153079342667027 0.68133333333333412 19.488258786747057 0.7250000000000002 130.90333333333336 201.8366666666667 -0.91080963307804841 264.46333333333337 71.096237003803211 99.316666666666677 197.95000000000005 78.508333333333354 143.54333333333338 -0.72982064943493963
decision_type=2 10 10 2 2 10 2 2 2 2 2 2 2 10 2 10 2 10 2 2 2 2 2 2 2 10 2 10 2 2
left_child=2 -2 12 4 7 21 -7 26 25 10 13 -12 14 -8 15 19 17 -16 -18 -1 -21 -6 -23 24 -14 -9 28 -28 -4 -30
right_child=1 -3 3 -5 5 6 9 8 -10 -11 11 -13 23 -15 16 -17 18 -19 -20 20 -22 22 -24 -25 -26 -27 27 -29 29 -31
leaf_value=0.050306276973775203 0.0044464610688593883 -0.31167194728056591 -0.053824211293332549 -0.015637047619073082 -0.10091280222346409 -0.1783040958725236 -0.27539213815448332 0.21107763665942159 -1.3581954594029755 0.42234619597323464 2.1146758028119801 1.0129199835870948 -0.35437792582546795 0.83472290612130529 -0.10389131803761337 -0.057696480629586634 0.012634911787902723 -0.70083166628087668 0.81298917690404215 1.2335822229358284 0.40531101386177354 -0.16231398498866617 0.94946595624673602 0.48794710116508688 -0.032221285006544545 -0.55359761224343229 -0.026378756724822691 0.85747378520982365 -0.68243313253521931 -0.12077632949651121
leaf_weight=170 89062 150 1120 36468 439 163 51 2077 61 202 80 98 962 107 1123 430 1966 196 83 88 187 82 102 78 657 65 142 71 250 358
leaf_count=170 89062 150 1120 36468 439 163 51 2077 61 202 80 98 962 107 1123 430 1966 196 83 88 187 82 102 78 657 65 142 71 250 358
internal_value=2.29004e-05 0.00391494 -0.00722952 -0.000679031 0.0990812 0.331719 0.570558 0.0247539 0.145063 0.797443 1.02295 1.50809 -0.0534755 0.476395 0.00150279 0.192104 -0.048015 -0.192595 0.0450553 0.433484 0.670358 0.0629776 0.453999 -0.190938 -0.223645 0.187873 -0.111795 0.268239 -0.15864 -0.351721
internal_weight=137088 89212 47876 41936 5468 1324 701 4144 2203 538 336 178 5940 158 4243 875 3368 1319 2049 445 275 623 184 1697 1619 2142 1941 213 1728 608
internal_count=137088 89212 47876 41936 5468 1324 701 4144 2203 538 336 178 5940 158 4243 875 3368 1319 2049 445 275 623 184 1697 1619 2142 1941 213 1728 608
is_linear=0
shrinkage=0.05


Tree=281
num_leaves=31
num_cat=0
split_feature=10 13 14 9 9 1 5 11 12 8 2 3 14 13 5 9 0 1 11 1 10 4 9 12 9 2 10 12 5 14
split_gain=1527.77 9221.73 17304.8 20663.6 18870.2 39828.1 24763.7 48845.1 45786.1 32182.3 37446 23578.7 22098.7 21152.5 20143 18073.2 25896.5 20860 16505.4 15950.6 24155.3 18380.9 15730.8 15482.2 17815.4 28138.8 22519.4 21943.8 15025.6 14769.4
threshold=84.069444444444471 -0.043619387365336 1.0000000180025095e-35 1112.5000000000002 782.50000000000011 1.3502222222222222 169.94666666666669 57.853358954191371 0.9195955058153672 92.500000000000014 1.8666666666666667 140.65000000000003 2.5000000000000004 -0.9970268106651744 151.59500000000003 967.50000000000011 69.940000000000012 0.48800000000000104 64.458361268043305 0.90666666666666784 78.836666666666687 4.2425408159978799 302.50000000000006 0.63435554093529933 822.50000000000011 -0.026666666666666332 81.010000000000034 0.88186879444286481 322.5533333333334 3.5000000000000004
decision_type=8 2 2 2 2 8 2 2 2 2 10 2 2 2 2 2 2 10 2 10 10 2 2 2 2 10 10 2 2 2
left_child=1 2 3 23 6 15 9 12 18 11 13 -4 -8 -11 -13 17 -17 -6 -9 21 29 22 -20 -1 26 27 -25 -26 -23 -21
right_child=-2 -3 4 -5 5 -7 7 8 -10 10 -12 14 -14 -15 -16 16 -18 -19 19 20 -22 28 -24 24 25 -27 -28 -29 -30 -31
leaf_value=-0.15769867641443855 0.0063468730231140587 0.0094993247623313768 -0.034386052619572283 -0.56776567405684852 0.20197780663085363 -0.70455780449193839 -1.6779312334808649 -0.46823175923796151 1.1137754367252366 1.0127477481029927 1.2274056394086328 -0.27284513420509876 -0.3360070971312461 0.084064368307543963 -0.051443330754744956 1.0399824558467161 -0.0057343036168028454 0.95385323995534255 -0.10684347609291776 -0.23578095235254454 -0.52233110829256479 0.25949671877516683 0.76893545107408012 -0.12623563882673261 1.7048758758787526 -0.16017440095057955 0.49059468688210472 0.28451144460302136 -0.38355335086584091 0.530188603313278
leaf_weight=2800 56277 48230 15401 241 1572 151 51 127 113 64 86 2190 77 829 1935 61 2011 98 757 115 232 2075 55 929 57 92 176 52 95 139
leaf_count=2800 56277 48230 15401 241 1572 151 51 127 113 64 86 2190 77 829 1935 61 2011 98 757 115 232 2075 55 929 57 92 176 52 95 139
internal_value=2.17553e-05 -0.00438307 -0.0249333 -0.117801 -0.0106352 0.0915761 -0.0269824 0.0896178 0.122767 -0.0487956 0.23095 -0.0628215 -0.87068 0.134987 -0.168988 0.123702 0.0250518 0.2461 0.0916173 0.112119 -0.153497 0.155409 -0.0475235 -0.0913902 0.050772 0.483764 -0.0279894 1.02727 0.231345 0.183391
internal_weight=137088 80811 32581 4347 28234 3893 24341 3836 3708 20505 979 19526 128 893 4125 3742 2072 1670 3595 3468 486 2982 812 4106 1306 201 1105 109 2170 254
internal_count=137088 80811 32581 4347 28234 3893 24341 3836 3708 20505 979 19526 128 893 4125 3742 2072 1670 3595 3468 486 2982 812 4106 1306 201 1105 109 2170 254
is_linear=0
shrinkage=0.05


Tree=282
num_leaves=31
num_cat=0
split_feature=13 10 5 10 6 9 12 9 14 9 9 6 5 10 12 10 0 3 9 14 10 8 9 5 9 9 14 9 11 9
split_gain=1624.6 8428.7 11587.3 16135 25433.8 23022.2 19003.4 22669.5 14248.7 14755.7 14642.7 10915.5 10630.6 10980.8 10425 9412.54 9241.94 9076.26 13102.6 10501 13944.5 8188.2 8008.5 8897.21 10648.7 12757.8 16816.5 25771.9 9939.4 8726.97
threshold=0.80644460426748255 69.270833333333357 208.80166666666668 88.108333333333363 4.4173926212965995 557.50000000000011 0.23768589232617301 162.50000000000003 2.5000000000000004 572.50000000000011 367.50000000000006 23.359382248871373 264.46333333333337 80.737500000000011 0.26932402956675655 95.304166666666688 228.90000000000003 211.30000000000004 117.50000000000001 3.5000000000000004 65.770000000000024 183.50000000000003 237.50000000000003 102.83666666666669 417.50000000000006 642.50000000000011 1.5000000000000002 587.50000000000011 201.40593045750003 42.500000000000007
decision_type=2 10 2 10 2 2 2 2 2 2 2 2 2 10 2 10 2 2 2 2 8 2 2 2 2 2 2 2 2 2
left_child=-1 14 11 4 -4 15 7 16 12 10 -10 22 -9 -14 17 -5 -6 21 -19 -20 -21 -2 29 -24 -25 26 27 -26 -28 -3
right_child=1 2 3 5 6 -7 -8 8 9 -11 -12 -13 13 -15 -16 -17 -18 18 19 20 -22 -23 23 24 25 -27 28 -29 -30 -31
leaf_value=0.0027482304950109263 -0.09056377183063799 -0.11957018314710832 0.75627147702725384 -0.52771828823592049 -0.22254831780467119 -1.4373593859228435 -0.58524602157148453 -0.44790961350265307 0.32894337425855075 -0.057920962285536982 1.2999734350914758 0.28560498077606805 -0.31767680862987485 0.6539799999268282 0.018108020684146929 0.16868978753501987 -1.14903858730606 -0.61916590428577278 0.4271053418922981 0.38883612443711246 -0.40481783679940486 0.51087244192236347 -0.21706638870829786 -0.048998208067424082 0.23265927923825858 -0.046490425468899969 0.097533078188081157 1.1430127139624797 -0.48101984545871429 0.095879105068647358
leaf_weight=109491 7892 528 91 121 57 51 176 133 110 117 60 404 54 63 5010 81 51 53 257 102 121 57 486 4110 428 1299 1231 95 79 4280
leaf_count=109491 7892 528 91 121 57 51 176 133 110 117 60 404 54 63 5010 81 51 53 257 102 121 57 486 4110 428 1299 1231 95 79 4280
internal_value=1.55753e-05 -0.0108262 0.0161991 -0.134837 -0.0368302 -0.488124 -0.124738 0.000920025 0.133854 0.374235 0.67166 0.029797 -0.142103 0.205523 -0.0390794 -0.248466 -0.660058 -0.0728579 0.126883 0.209259 -0.0418012 -0.086251 0.021553 -0.00996906 0.00392893 0.0733831 0.158334 0.39802 0.0626432 0.0722191
internal_weight=137088 27597 14105 1165 912 253 821 645 537 287 170 12940 250 117 13492 202 108 8482 533 480 223 7949 12536 7728 7242 3132 1833 523 1310 4808
internal_count=137088 27597 14105 1165 912 253 821 645 537 287 170 12940 250 117 13492 202 108 8482 533 480 223 7949 12536 7728 7242 3132 1833 523 1310 4808
is_linear=0
shrinkage=0.05


Tree=283
num_leaves=31
num_cat=0
split_feature=9 9 10 8 2 3 3 10 5 0 11 11 6 13 13 11 10 4 0 5 12 6 14 5 13 2 0 10 12 11
split_gain=1479.26 13521.8 27841.4 13531 14435.9 13469.9 12238 12644.4 23702.1 21587.6 21536.6 33622.9 32934.8 28317.9 20826 20275.3 33732.3 19903.4 19095.9 15917.6 41794 42989.4 22275.4 24211.7 19424.5 26065.2 18202.8 20360.7 26869.4 24823.4
threshold=57.500000000000007 72.500000000000014 78.183333333333351 67.500000000000014 1.486666666666667 96.070000000000022 281.31666666666678 88.436666666666682 151.59500000000003 197.26000000000002 61.468149423599165 88.72707546179366 9.4646042349099506 0.45201865172701733 -0.15212338618991647 133.08750027418139 84.483333333333363 1.6699540911870085 80.180000000000021 155.40833333333336 0.82531082829576852 7.1679683100847855 1.5000000000000002 178.41166666666669 -0.95032354012166609 0.43999999999999978 119.90000000000002 103.90000000000002 0.37256073532439576 217.02995961883815
decision_type=2 2 10 2 10 2 2 8 2 2 2 2 2 2 2 2 10 2 2 2 2 2 2 2 2 10 2 8 2 2
left_child=6 2 -2 -4 5 -5 7 8 -1 17 14 12 -12 18 -9 16 -11 -10 -13 26 21 -21 -22 -24 25 -23 -20 -28 29 -29
right_child=1 -3 3 4 -6 -7 -8 10 9 15 11 13 -14 -15 -16 -17 -18 -19 19 20 22 24 23 -25 -26 -27 27 28 -30 -31
leaf_value=-0.019901135408429499 -0.097932440799204074 -0.0011913187853865176 0.10503913020289948 0.98557990081608304 0.86068159384845666 0.2227140992581155 0.58489079734858351 0.068137874982805338 -0.47022825666727164 -0.079300579050974138 -0.098613730892967225 0.90647773380790442 -0.80727725321036437 -0.37551735672322883 0.94926366725976163 -0.54512306354039053 0.77665496598652384 0.35525669910288843 -0.096580180968185506 -1.3420151747763158 1.0238748457105389 -0.22880529484798001 -0.6470783638457458 0.6588275798303741 -0.062627913521920542 -1.5913649463653565 0.052580609924198898 1.0798108774593898 -0.16054199265431515 -0.091502449026361843
leaf_weight=9020 1331 115505 1932 60 116 717 85 234 78 590 348 56 310 603 94 153 143 1144 1690 104 84 97 72 70 422 55 1626 175 113 61
leaf_count=9020 1331 115505 1932 60 116 717 85 234 78 590 348 56 310 603 94 153 143 1144 1690 104 84 97 72 70 422 55 1626 175 113 61
internal_value=1.47965e-05 0.00199691 0.0906051 0.179435 0.340389 0.262713 -0.0135952 -0.0165286 0.0153755 0.166322 -0.0736622 -0.0956358 -0.432483 -0.05324 0.320656 -0.0215909 0.0876867 0.302566 -0.011222 -0.0224698 -0.21038 -0.406663 0.378468 -0.00332191 -0.237192 -0.721837 0.0238798 0.126957 0.473479 0.777056
internal_weight=137088 119661 4156 2825 893 777 17427 17342 11128 2108 6214 5886 658 5228 328 886 733 1222 4625 4569 904 678 226 142 574 152 3665 1975 349 236
internal_count=137088 119661 4156 2825 893 777 17427 17342 11128 2108 6214 5886 658 5228 328 886 733 1222 4625 4569 904 678 226 142 574 152 3665 1975 349 236
is_linear=0
shrinkage=0.05


Tree=284
num_leaves=31
num_cat=0
split_feature=5 6 9 11 3 10 2 1 11 13 3 6 6 13 5 2 0 13 13 9 6 11 14 5 0 13 9 0 10 6
split_gain=1485.48 7856.57 5055.21 8013.62 6851.6 10535.8 4548.79 4436.06 3447.08 4611.05 5471.88 4264.81 3326.87 2707.16 15161.3 2557.57 1860.69 8444.21 12101.2 10661.6 5554.97 2267.66 1894.75 13101.6 12764.7 11331.7 25054.2 29871.6 24131 24318.3
threshold=72.52166666666669 18.153278024367072 962.50000000000011 64.104761061000019 70.963333333333352 89.141666666666694 0.31866666666666749 -0.13333333333333283 113.20953613432755 -0.87137607974597309 64.737777777777794 3.5156360689887305 5.1876091688181853 -0.64278760968653914 46.57694444444445 0.072000000000000133 69.940000000000012 -0.98279651670771917 -0.6259234721840593 192.50000000000003 9.4646042349099506 70.613968670367996 5.5000000000000009 217.49500000000003 241.50000000000003 -0.95688340256707749 1012.5000000000001 190.22000000000003 97.316666666666691 27.86885607764982
decision_type=2 2 2 2 2 8 8 10 2 2 2 2 2 2 2 10 2 2 2 2 2 2 2 2 2 2 2 2 10 2
left_child=1 2 4 6 8 -6 7 -4 9 12 15 -12 -1 14 -9 -11 17 -2 19 -19 -20 -22 -18 24 25 26 27 28 29 -24
right_child=16 -3 3 -5 5 -7 -8 13 -10 10 11 -13 -14 -15 -16 -17 22 18 20 -21 21 -23 23 -25 -26 -27 -28 -29 -30 -31
leaf_value=-0.27219168762736895 -0.38815341549723048 -0.64055007563696975 -0.35906068385085643 0.5843321831568199 0.75375298305794047 -0.19457527111517267 0.45098743763836951 -0.29738498584878065 0.13642809290438893 0.04611765452033699 -0.5945175401323165 -0.035739076221888925 -0.7928619358177279 -0.029660013173728902 0.83759756689625131 -0.26888555505118056 -0.0021068506148643243 0.031869615241885189 -0.42774430938786079 0.95380636832759347 0.36453884666965858 -0.083188790584412919 0.2285610236803963 -0.16313347427063984 0.689240359597736 0.0091500288506022095 -0.29486924277625398 1.372312441630797 -0.2818440311624632 1.3459572377742506
leaf_weight=77 69 54 85 68 54 64 55 62 80 257 96 53 51 422 56 86 116364 52 62 79 62 52 1076 978 72 15994 271 55 231 51
leaf_count=77 69 54 85 68 54 64 55 62 80 257 96 53 51 422 56 86 116364 52 62 79 62 52 1076 978 72 15994 271 55 231 51
internal_value=8.69789e-06 -0.0475866 -0.0271396 0.0668046 -0.113045 0.239405 0.0150518 -0.0233105 -0.172457 -0.212314 -0.142764 -0.395757 -0.479646 0.029539 0.241251 -0.0328627 0.000577868 0.111651 0.223985 0.587847 -0.0468441 0.160312 0.00026872 0.015029 0.0248455 0.0221395 0.145509 0.229969 0.183704 0.279126
internal_weight=137088 1620 1566 748 818 118 680 625 700 620 492 149 128 540 118 343 135468 376 307 131 176 114 135092 18728 17750 17678 1684 1413 1358 1127
internal_count=137088 1620 1566 748 818 118 680 625 700 620 492 149 128 540 118 343 135468 376 307 131 176 114 135092 18728 17750 17678 1684 1413 1358 1127
is_linear=0
shrinkage=0.05


Tree=285
num_leaves=31
num_cat=0
split_feature=2 12 9 12 11 5 6 0 13 5 3 14 10 1 9 9 10 8 9 5 9 10 12 5 6 6 14 14 9 12
split_gain=1520.21 5761.78 14267 21513.8 15407.7 15846.1 14855 13592.3 13758 12620 12152.1 13748.2 11532.8 10908.4 19742.1 24794.4 16177.7 18110.5 15135.3 19791.4 18273.1 15412.6 18536.3 18799.3 17354.4 12324.7 12193.4 14822.6 14638.6 19127.8
threshold=0.10844444444444436 -0.50938662908026078 32.500000000000007 -0.92794370089704248 130.15404149515322 136.9366666666667 12.337187440352707 161.45333333333335 -0.20576496797711571 159.64833333333337 114.96666666666668 2.5000000000000004 73.802777777777791 0.67999999999999983 747.50000000000011 1432.5000000000002 85.612500000000026 168.50000000000003 562.50000000000011 180.79166666666669 82.500000000000014 103.31000000000002 -0.79335334029123528 107.91083333333336 30.012527826301667 9.9598122772413742 2.5000000000000004 4.5000000000000009 837.50000000000011 -0.88186879444286459
decision_type=8 2 2 2 2 2 2 2 2 2 2 2 10 8 2 2 8 2 2 2 2 10 2 2 2 2 2 2 2 2
left_child=-1 2 3 4 5 10 -7 8 -6 -5 12 -12 -2 14 16 -16 17 -4 20 26 21 22 24 -24 -15 -22 28 -28 29 -20
right_child=1 -3 13 9 7 6 -8 -9 -10 -11 11 -13 -14 18 15 -17 -18 -19 19 -21 25 -23 23 -25 -26 -27 27 -29 -30 -31
leaf_value=0.0037853506128329539 0.6724879970550538 -0.020836220045821943 -0.058117558075118481 0.1036519561785107 0.23750770345725344 0.80452347657619383 -0.29950293099880215 -1.286016653689976 -0.56608201773648248 -0.5848875591324435 0.0089778799462962803 -0.84475052086206581 -0.21214934156143239 0.1021382004287667 -0.73863513964344163 -0.035159196792798636 0.090979279114259196 0.56355067264831937 0.51200850594502234 -0.56105951000662413 0.10911826925251478 0.87595724223706972 0.89715522745693177 0.23388328134471978 -0.54770429566698642 -0.083047707561356821 -0.231965298411694 0.58454752650851494 0.20921963054927126 1.8816785426288842
leaf_weight=90511 50 29299 4938 879 66 78 50 51 276 72 74 130 140 1040 199 338 4023 120 52 51 1396 78 135 512 114 2074 94 136 62 50
leaf_count=90511 50 29299 4938 879 66 78 50 51 276 72 74 130 140 1040 199 338 4023 120 52 51 1396 78 135 512 114 2074 94 136 62 50
internal_value=8.26309e-06 -0.00733158 0.0155688 -0.115007 -0.28809 -0.110061 0.373263 -0.524555 -0.411003 0.0515228 -0.26708 -0.535065 0.02065 0.0313782 -0.00127064 -0.295851 0.0161492 -0.0433686 0.0855751 0.365752 0.0622663 0.187852 0.158051 0.372279 0.0379423 -0.00573828 0.48572 0.250842 0.815122 1.18342
internal_weight=137088 46577 17278 1866 915 522 128 393 342 951 394 204 190 15412 9618 537 9081 5058 5794 445 5349 1879 1801 647 1154 3470 394 230 164 102
internal_count=137088 46577 17278 1866 915 522 128 393 342 951 394 204 190 15412 9618 537 9081 5058 5794 445 5349 1879 1801 647 1154 3470 394 230 164 102
is_linear=0
shrinkage=0.05


Tree=286
num_leaves=31
num_cat=0
split_feature=9 6 5 13 9 1 10 9 14 13 13 14 11 3 11 11 13 6 14 9 14 14 5 6 1 14 14 14 14 11
split_gain=1553.64 5646.02 5305.5 11286.3 8001.87 10362 7675.8 10437.7 17644.4 15398.1 13690.9 17466.3 14337.2 7415.74 20183.3 24479.3 16321.6 15465.2 18619.9 17920.5 14820.3 16058.8 14314 12103.9 11717 7310.78 7078.13 7811.74 10629.8 8475.02
threshold=172.50000000000003 0.67330032921645366 264.46333333333337 0.41268247579971845 67.500000000000014 1.0933333333333348 75.208333333333357 132.50000000000003 5.5000000000000009 -0.95688340256707749 -0.78661891169205833 4.5000000000000009 109.65531015560161 244.57000000000005 178.95372528020729 73.914641523000014 -0.86046863722869238 30.012527826301667 2.5000000000000004 82.500000000000014 1.5000000000000002 3.5000000000000004 224.25500000000002 12.337187440352707 -0.3600000000000001 2.5000000000000004 4.5000000000000009 1.5000000000000002 1.0000000180025095e-35 98.379749567500014
decision_type=2 2 2 2 2 10 8 2 2 2 2 2 2 2 2 2 2 2 2 2 2 2 2 2 10 2 2 2 2 2
left_child=1 -1 13 4 -4 6 -6 8 9 -8 11 12 -9 -3 15 24 20 18 23 -20 -17 -22 -19 -18 -15 -16 27 28 -11 -29
right_child=-2 2 3 -5 5 -7 7 10 -10 26 -12 -13 -14 14 25 16 17 22 19 -21 21 -23 -24 -25 -26 -27 -28 29 -30 -31
leaf_value=0.40983295142650605 0.0039072089279372996 -0.0076628130041935241 0.43165633121362101 0.8124163079233665 0.51923242449760443 -0.48483416910501237 -0.73525912032045171 -0.83610089154079048 -0.79011661304933278 -0.034243012803146643 1.0139350857436658 0.7111029527187348 0.19107528107195368 -1.2684461454550426 -0.36069441129421365 0.35274052903056147 -0.14399625997651708 -0.0051327437162399297 0.18366835523469777 -1.0863339908298899 -1.165017977404216 -0.14385111443322116 0.87366262813600215 0.7787533912178759 -0.31792313181952148 -1.1479274328549705 0.67737297096623572 0.25098722578989247 0.8721690462726468 -0.52899758870329927
leaf_weight=81 89212 45753 130 53 85 94 58 58 82 83 50 75 82 51 58 65 66 72 51 61 63 99 130 77 89 60 53 59 53 85
leaf_count=81 89212 45753 130 53 85 94 58 58 82 83 50 75 82 51 58 65 66 72 51 61 63 99 130 77 89 60 53 59 53 85
internal_value=7.84982e-06 -0.0072582 -0.00796506 0.100573 0.0645386 0.0124935 0.0692964 0.0174745 -0.123272 0.016578 0.268694 0.0953816 -0.234469 -0.0105219 -0.149388 -0.0618054 0.0614887 0.233627 -0.0252511 -0.508029 -0.285063 -0.540972 0.560429 0.352869 -0.664185 -0.760982 0.147529 0.0472366 0.318991 -0.20942
internal_weight=137088 47876 47795 1100 1047 917 823 738 473 391 265 215 140 46695 942 824 684 457 255 112 227 162 202 143 140 118 333 280 136 144
internal_count=137088 47876 47795 1100 1047 917 823 738 473 391 265 215 140 46695 942 824 684 457 255 112 227 162 202 143 140 118 333 280 136 144
is_linear=0
shrinkage=0.05


Tree=287
num_leaves=31
num_cat=0
split_feature=4 11 10 3 5 3 14 9 13 12 6 11 4 10 9 0 5 9 11 11 10 3 9 9 13 13 5 11 13 3
split_gain=1476.55 3777.46 7053.75 10827.7 10040 19940.5 16714.9 9652.59 11378 8158.52 7675.36 13281.3 8359.71 7595.54 6903.53 6647.25 5996.63 10329.8 8809.49 8467.38 6192.47 5964.73 10704.9 5720.82 10136 15165.8 11825 4727.06 4350.85 4243.81
threshold=1.0013590765082685 86.248798527000005 88.612500000000026 163.34333333333336 158.98666666666671 146.96333333333337 4.5000000000000009 47.500000000000007 0.66746801135786471 0.88186879444286481 1.875634841866036 102.16608048500002 0.61135914158738169 81.606250000000017 992.50000000000011 111.85333333333334 125.39083333333335 507.50000000000006 141.08471977710721 123.97882544994347 82.805555555555586 98.736666666666693 12.500000000000002 57.500000000000007 0.35222909080468506 -0.88186879444286459 108.22500000000001 118.44557940800001 -0.66746801135786449 90.170000000000016
decision_type=2 2 8 2 2 2 2 2 2 2 2 2 2 10 2 2 2 2 2 2 10 2 2 2 2 2 2 2 2 2
left_child=1 23 3 7 5 14 -6 8 10 16 11 -3 -13 -12 21 -11 -9 18 20 -19 -18 29 -23 24 25 -1 -27 -15 -14 -4
right_child=-2 2 4 -5 6 -7 -8 9 -10 15 13 12 28 27 -16 -17 17 19 -20 -21 -22 22 -24 -25 -26 26 -28 -29 -30 -31
leaf_value=-0.78869522110773971 0.0019859906744401977 1.0905834861651615 -0.14108364531868384 -0.42199898467709618 0.9597239804267883 -1.0319297394582205 -0.21564566010578734 0.037559626881528974 1.0005771716727929 0.20178992441067331 -0.39950143441180641 -0.2669081336803853 0.14660923645964691 -0.11451208912858778 0.36774581267553219 -0.39080598785103055 0.056075608576166218 1.0190218022895547 0.48695568413370194 0.22651020990950721 -0.58448594855327229 -0.68411415659568531 -0.10206263588845171 -0.022872210301979938 -0.90782564741373073 0.80143148349780668 -0.26022246187483827 0.53775356182309453 0.77562606758610519 0.2876969436785447
leaf_weight=52 119688 54 95 108 60 56 61 1762 51 65 79 63 56 51 85 174 145 65 90 70 51 88 772 12830 50 51 54 61 54 147
leaf_count=52 119688 54 95 108 60 56 61 1762 51 65 79 63 56 51 85 174 145 65 90 70 51 88 772 12830 50 51 54 61 54 147
internal_value=7.45748e-06 -0.0136021 0.0266688 0.069544 -0.0676001 -0.109924 0.367182 0.0879067 0.295526 0.0477029 0.209503 0.406036 0.192362 -0.0240721 -0.0664259 -0.22964 0.0780671 0.247602 0.0774412 0.60809 -0.110601 -0.0999146 -0.161621 -0.0270793 -0.287838 -0.0903895 0.255438 0.24074 0.455399 0.119374
internal_weight=137088 17400 4363 2999 1364 1243 121 2891 469 2422 418 227 173 191 1187 239 2183 421 286 135 196 1102 860 13037 207 157 105 112 110 242
internal_count=137088 17400 4363 2999 1364 1243 121 2891 469 2422 418 227 173 191 1187 239 2183 421 286 135 196 1102 860 13037 207 157 105 112 110 242
is_linear=0
shrinkage=0.05


Tree=288
num_leaves=31
num_cat=0
split_feature=11 9 13 12 12 14 2 12 5 13 6 11 9 5 2 10 3 9 12 14 0 3 6 9 3 3 11 14 9 6
split_gain=1507.88 13797.4 15077.6 16282.2 13495 28345.5 11554.8 10825.4 41454.1 35800 28797.4 60285 24075.2 23652.8 23287 22152.1 17775.9 17234.9 16673.1 15376.3 26883.7 46335.1 21738.4 20922.2 21055.5 27357.8 13627.9 16499.8 20589.3 16313.5
threshold=121.52027564747299 267.50000000000006 0.84339144581288539 0.98279651670771939 0.96863394805116498 3.5000000000000004 0.065333333333333368 -0.45201865172701744 160.3016666666667 -0.50938662908026078 5.6259690073881936 204.19011014900005 702.50000000000011 236.86833333333337 1.5666666666666667 91.90000000000002 150.77000000000004 432.50000000000006 -0.098011308799811112 1.5000000000000002 175.82000000000002 154.93666666666672 4.7836533520991171 572.50000000000011 117.10333333333337 104.35500000000003 191.47040009213023 5.5000000000000009 292.50000000000006 11.508382978020178
decision_type=2 2 2 2 2 2 10 2 2 2 2 2 2 2 10 10 2 2 2 2 2 2 2 2 2 2 2 2 2 2
left_child=-1 4 3 7 -2 -6 -7 9 18 16 12 13 -10 15 19 -12 17 -3 26 20 21 22 23 24 25 -11 29 28 -28 -9
right_child=1 2 -4 -5 5 6 -8 8 10 14 11 -13 -14 -15 -16 -17 -18 -19 -20 -21 -22 -23 -24 -25 -26 -27 27 -29 -30 -31
leaf_value=0.0033634818131957293 -0.030191031859079454 0.040655662321103611 -0.14806931182481098 -0.20630618495395991 -0.17879279990327257 0.20033837889879946 1.1428625583808909 0.004995986893773079 2.0157175866040316 -0.047121073989524642 0.58140702136163791 -0.76654662450154631 0.57867016426978579 -0.15137941478912176 -0.95092375620647707 1.6671938691876438 -0.69428524324515217 -0.4805237608730793 0.031903419952232316 0.15369053787449749 0.83197873253258869 -1.4570075039339603 -0.23463597576456233 1.181260308623314 -0.28043226114265168 1.0574148210563832 0.0026318954648794951 -0.15768290860070425 1.1590654373391351 0.88311491685528909
leaf_weight=97248 28237 434 988 558 145 50 93 360 55 131 123 90 62 58 54 76 192 250 3383 3084 80 61 627 50 196 98 54 55 134 62
leaf_count=97248 28237 434 988 558 145 50 93 360 55 131 123 90 62 58 54 76 192 250 3383 3084 80 61 627 50 196 98 54 55 134 62
internal_value=7.08458e-06 -0.00818576 0.0385334 0.056386 -0.0267178 0.313813 0.813309 0.0713908 0.128204 0.0226286 0.575846 0.34712 1.25421 0.73712 0.0809742 0.996079 -0.269166 -0.149834 0.0768936 0.093852 -0.0546129 -0.115599 -0.0413473 0.213794 0.0999743 0.425562 0.305768 0.604051 0.826898 0.134009
internal_weight=137088 39840 11315 10327 28525 288 143 9769 4512 5257 464 347 117 257 4381 199 876 684 4048 4327 1243 1163 1102 475 425 229 665 243 188 422
internal_count=137088 39840 11315 10327 28525 288 143 9769 4512 5257 464 347 117 257 4381 199 876 684 4048 4327 1243 1163 1102 475 425 229 665 243 188 422
is_linear=0
shrinkage=0.05


Tree=289
num_leaves=31
num_cat=0
split_feature=5 1 14 9 12 4 12 14 13 10 12 0 9 6 13 1 12 9 9 11 9 10 11 13 9 10 12 14 10 1
split_gain=1470.71 4799 7421.7 11792.2 12207 10802.8 8676.58 10333.1 7068.84 8519.67 7301.23 5315.16 5159.33 5002.76 15706.4 6491.39 7812.44 12344.1 6663.55 12146.8 10913.9 11382.5 7173.37 6106.89 5902.42 6273.92 5879.75 8757 7496.69 6243.15
threshold=101.66833333333335 1.3040000000000018 1.5000000000000002 282.50000000000006 -0.26932402956675694 14.519474731935199 -0.03271713619994817 5.5000000000000009 -0.29026740676763257 85.012500000000031 -0.48098876891938752 103.45333333333336 327.50000000000006 10.770015334366217 -0.99512551815703254 -0.11555555555555418 0.010907442517280623 757.50000000000011 257.50000000000006 56.070489384742999 872.50000000000011 80.604166666666686 53.052450127624887 -0.9927505997980649 542.50000000000011 105.88333333333334 -0.98658463173998423 1.5000000000000002 104.51666666666668 0.08311111111111133
decision_type=2 10 2 2 2 2 2 2 2 8 2 2 2 2 2 10 2 2 2 2 2 8 2 2 2 10 2 2 8 10
left_child=1 11 3 5 -5 -3 7 8 10 -10 -4 13 -13 15 -15 16 17 24 -18 22 -21 -22 -20 -17 25 -1 27 -25 29 -29
right_child=-2 2 6 4 -6 -7 -8 -9 9 -11 -12 12 -14 14 -16 23 18 -19 19 20 21 -23 -24 26 -26 -27 -28 28 -30 -31
leaf_value=-0.083665675870013126 0.0019418999961814676 -0.056451106462026807 1.1750127255916596 0.72886108297910268 -0.20274330142482713 -0.91698144221057509 -0.067090264231286542 -0.26219040608176819 0.61805114103644565 -0.27149967928143109 0.46465817875407567 -0.034493512654599129 -0.19820804338759901 -0.51983481675994647 0.13989211990675088 0.14741861478557075 -0.17044076530345353 -0.43653115427014905 -0.013876470659363869 0.11492341733074676 1.1830445132873677 0.21984218530829103 -0.45971112349951593 -0.096795775823455346 0.37212122327356201 -0.51260339258445631 -0.017085164189200815 0.57854964876094384 0.84187929571295772 0.0085993068360716764
leaf_weight=1615 120292 93 57 67 74 60 163 52 57 51 99 1315 759 98 1136 694 395 297 482 513 54 71 111 186 67 90 7869 74 60 137
leaf_count=1615 120292 93 57 67 74 60 163 52 57 51 99 1315 759 98 1136 694 395 297 482 513 54 71 111 186 67 90 7869 74 60 137
internal_value=6.73031e-06 -0.0138528 0.107829 -0.0899257 0.239934 -0.393914 0.229206 0.382042 0.508937 0.197985 0.724211 -0.0197231 -0.0944064 -0.0086189 0.0874989 -0.0179472 -0.0737655 -0.138217 0.00824626 0.0655829 0.217005 0.635946 -0.0973295 0.0049185 -0.088218 -0.106308 -0.00695936 0.167395 0.348722 0.208487
internal_weight=137088 16796 773 294 141 153 479 316 264 108 156 16023 2074 13949 1234 12715 3695 2069 1626 1231 638 125 593 9020 1772 1705 8326 457 271 211
internal_count=137088 16796 773 294 141 153 479 316 264 108 156 16023 2074 13949 1234 12715 3695 2069 1626 1231 638 125 593 9020 1772 1705 8326 457 271 211
is_linear=0
shrinkage=0.05


Tree=290
num_leaves=31
num_cat=0
split_feature=9 12 6 0 10 12 10 3 10 11 2 5 0 12 13 10 5 0 3 6 6 13 10 3 3 5 5 2 5 4
split_gain=1482.28 23952.5 22261.3 25424.9 21701.3 16385.1 14919.6 16910.6 14427.3 16788.9 13683.1 11610 14203.4 11523.4 10690.1 20211.7 13440.9 11994.5 11440.8 10403.6 9076.95 8771.09 14486.8 14555.4 8187.45 18033 13390.5 6774.66 6695.39 7436.92
threshold=7.5000000000000009 0.33172980431441529 4.0697189240996812 129.13333333333335 87.777777777777786 0.87137607974597331 94.533333333333346 151.73666666666671 88.273333333333355 170.30572372350005 0.32666666666666683 158.98666666666671 143.42000000000004 0.82531082829576852 -0.010907442517280496 75.037500000000023 174.9677777777778 122.20666666666669 128.74333333333337 1.5709560879280813 4.1969671586312201 -0.36243803828370164 81.010000000000034 117.10333333333337 113.90333333333335 136.5516666666667 110.28000000000002 -0.12133333333333239 96.53666666666669 1.336662510377822
decision_type=2 2 2 2 10 2 10 2 10 2 10 2 2 2 2 10 2 2 2 2 2 2 8 2 2 2 2 10 2 2
left_child=1 8 6 5 13 -4 7 19 9 10 14 12 28 -5 15 17 18 20 -17 -3 -1 22 -21 -24 26 27 -16 -26 -10 -30
right_child=-2 2 3 4 -6 -7 -8 -9 11 -11 -12 -13 -14 -15 24 16 -18 -19 -20 21 -22 -23 23 -25 25 -27 -28 -29 29 -31
leaf_value=0.29311262068267052 -0.00077551614461739853 0.57802916793938142 0.63169090766459712 0.94594970182427829 0.19466784213855864 -0.3128615264907818 0.78414608610173075 -0.73367711811473502 0.14657510538895926 0.53236329174704022 -0.43828616879052584 -0.82676224199930837 0.54348441513757861 1.9987704291428423 0.21815027189413472 -0.25371335831915109 0.4122979687727415 -0.12063445393200761 -0.98748289585834559 -0.51467909388469923 1.1561161900684238 -0.60094978478184702 -0.16581193118814441 0.87485618243614827 -0.013817158699035645 0.51446226568961595 1.1043710350206024 -0.70293987857944829 -0.78059566148122161 -0.23737755136063257
leaf_weight=78 134056 83 96 53 50 88 60 76 90 153 171 75 63 51 169 371 65 91 62 66 50 59 63 72 75 108 57 68 75 394
leaf_count=78 134056 83 96 53 50 88 60 76 90 153 171 75 63 51 169 371 65 91 62 66 50 59 63 72 75 108 57 68 75 394
internal_value=6.39392e-06 0.0345775 0.265974 0.576676 1.05069 0.179948 0.0467314 -0.0588649 -0.0507728 0.0356954 -0.0199751 -0.239092 -0.168232 1.46224 0.0399338 -0.082094 -0.258137 0.318223 -0.35878 0.0906561 0.630223 -0.0649283 0.0924113 0.389211 0.223359 0.0267957 0.441666 -0.341512 -0.248443 -0.324246
internal_weight=137088 3032 817 338 154 184 479 419 2215 1518 1365 697 622 104 1194 717 498 219 433 343 128 260 201 135 477 251 226 143 559 469
internal_count=137088 3032 817 338 154 184 479 419 2215 1518 1365 697 622 104 1194 717 498 219 433 343 128 260 201 135 477 251 226 143 559 469
is_linear=0
shrinkage=0.05


Tree=291
num_leaves=31
num_cat=0
split_feature=10 13 9 9 2 0 12 8 12 2 1 11 12 9 5 14 0 0 9 13 13 6 1 12 11 2 11 9 13 3
split_gain=1480.98 10783.7 19158.8 19746.4 20612 19414.4 17256.3 16808.6 14792.2 13880.6 13761.4 12907.9 12266.3 13739.9 17139.4 11603.9 24164.9 11453.4 11380.1 21090 15474.9 16655 14386.1 14011.2 12878.7 20843.1 11883.5 17063.2 14656.1 19009.5
threshold=85.136666666666699 0.44228869021900119 32.500000000000007 272.50000000000006 1.8666666666666667 241.50000000000003 -0.45201865172701744 491.50000000000006 -0.74455857214455057 -0.77266666666666672 -0.65333333333333343 110.31822510900001 0.99275059979806513 302.50000000000006 103.90166666666669 4.5000000000000009 127.38000000000001 125.38000000000001 357.50000000000006 -0.82531082829576841 -0.49049438445969407 1.2729493312746045 0.85466666666666635 -0.35222909080468484 112.43085139989846 0.080000000000000446 182.9497047695057 697.50000000000011 -0.35222909080468495 128.12333333333336
decision_type=8 2 2 2 10 2 2 2 2 10 8 2 2 2 2 2 2 2 2 2 2 2 10 2 2 10 2 2 2 2
left_child=-1 7 8 5 9 -4 -7 10 -3 17 -2 -10 13 -12 -15 -11 -17 -5 19 -16 21 -20 23 -23 -21 -26 28 -28 29 -22
right_child=1 2 3 4 -6 6 -8 -9 11 15 12 -13 -14 14 18 16 -18 -19 20 24 26 22 -24 -25 25 -27 27 -29 -30 -31
leaf_value=-0.0040899728426621309 -0.045665118605306962 -0.53347081418933306 0.042514339300470959 0.44617286546419621 -1.0609754549769255 1.1717496032584203 0.072992244671498036 0.87025699228176789 0.3708932039311581 -0.037879533552163516 0.014975404762286133 -0.30761678818162985 -0.12798199198116747 -0.015297451166641019 0.44435304831619749 -0.035910025675267618 -0.37132010442728014 -0.016514894455392507 0.44435304831619749 0.44435304831619749 -0.0046422963358461857 -0.29700158038677865 0.30096660372582612 0.0045198498474017801 0.27601424457574336 -0.38043558353464624 0.44435304831619749 0.016024658252270178 0.068680751178644042 0.44435304831619749
leaf_weight=84559 6900 329 4703 233 52 73 70 58 114 4892 21072 182 1154 2972 198 1286 922 314 153 197 250 497 309 1714 270 219 552 286 2312 246
leaf_count=84559 6900 329 4703 233 52 73 70 58 114 4892 21072 182 1154 2972 198 1286 922 314 153 197 250 497 309 1714 270 219 552 286 2312 246
internal_value=6.0742e-06 0.00659972 -0.0325639 -0.0191032 -0.0688716 0.0599654 0.633896 0.0197043 -0.302746 -0.0621252 0.0184491 -0.0462988 0.0321026 0.0380148 0.0857285 -0.0808231 -0.175968 0.180571 0.127412 0.295442 0.103906 0.0125222 -0.0185969 -0.0632577 0.119648 -0.0179786 0.170902 0.33614 0.121589 0.368212
internal_weight=137088 52529 13170 12545 7699 4846 143 39359 625 7647 39301 296 32401 31247 10175 7100 2208 547 7203 884 6319 2673 2520 2211 686 489 3646 838 2808 496
internal_count=137088 52529 13170 12545 7699 4846 143 39359 625 7647 39301 296 32401 31247 10175 7100 2208 547 7203 884 6319 2673 2520 2211 686 489 3646 838 2808 496
is_linear=0
shrinkage=0.05


Tree=292
num_leaves=31
num_cat=0
split_feature=11 9 13 12 12 14 2 12 1 12 2 10 2 10 2 9 10 9 5 6 11 2 12 3 2 14 9 5 9 12
split_gain=1459.31 12239.7 12991.8 14373.4 12235.8 25414.1 10632.3 10330.8 16669.8 15846.6 15304 16704.9 13687.3 13461.2 12533.1 19684.3 11612.5 26667.9 53398.6 41912.6 31808.1 26470.8 22885.2 21474.5 20539.7 17647.6 19023.4 15230 21333 14080.8
threshold=121.52027564747299 267.50000000000006 0.8604686372286926 0.97854064376158201 0.96863394805116498 3.5000000000000004 0.065333333333333368 -0.90159026428466904 3.5906666666666678 0.098011308799811389 0.98399999999999999 100.51666666666667 2.4566666666666666 89.516666666666694 1.6499999999999997 102.50000000000001 84.754166666666677 67.500000000000014 130.40500000000003 4.3712892487083321 201.40593045750003 -0.74933333333333307 0.87137607974597331 116.83333333333336 0.074666666666667228 1.0000000180025095e-35 52.500000000000007 161.6816666666667 102.50000000000001 0.76604444311897824
decision_type=2 2 2 2 2 2 10 2 10 2 10 8 10 10 10 2 8 2 2 2 2 10 2 2 10 2 2 2 2 2
left_child=-1 4 3 -3 7 -6 -7 10 9 14 -2 -12 16 -14 -9 -16 21 18 22 24 29 27 -18 -24 -20 -23 -27 -11 -29 -21
right_child=1 2 -4 -5 5 6 -8 8 -10 12 11 -13 13 -15 15 -17 17 -19 19 20 -22 25 23 -25 -26 26 -28 28 -30 -31
leaf_value=0.0033853883803879777 -0.065088937313506554 0.066932394018971081 -0.14300896063346857 -0.18058950634452653 -0.16761561580773057 0.18379428651928903 1.0879111657540004 0.0079698667156433388 0.52819509736612336 -0.14850017915014177 -0.49752159739144491 0.34233551876885548 -1.1496390244698731 -0.109201068431139 0.58334504880688409 -0.4311389687320879 -0.045188597331085406 -0.10434885170328508 0.6865902142890965 0.64426805909600238 -0.20382372985648761 0.13094439120047061 -0.27403026642277839 -1.5452393327768033 1.9324997923590921 -0.52415807940457293 -0.17341104770750224 1.3252286772606736 0.20295848868787292 0.15805842030556905
leaf_weight=97248 5102 9761 930 624 145 50 93 14102 141 144 384 70 58 67 209 62 754 3616 83 364 272 307 92 52 55 552 1290 59 150 252
leaf_count=97248 5102 9761 930 624 145 50 93 14102 141 144 384 70 58 67 209 62 754 3616 83 364 272 307 92 52 55 552 1290 59 150 252
internal_value=8.34924e-05 -0.00797632 0.0360266 0.0520596 -0.0254309 0.298824 0.771786 -0.0287381 -0.0137697 -0.01716 -0.0898432 -0.368028 -0.0727764 -0.591964 0.0144423 0.351249 -0.0647065 -0.0243289 0.126062 0.372494 0.246514 -0.154112 -0.155496 -0.733078 1.18315 -0.220026 -0.278521 0.247162 0.519772 0.445364
internal_weight=137088 39840 11315 10385 28525 288 143 28237 22681 22540 5556 454 8167 125 14373 271 8042 5540 1924 1026 888 2502 898 144 138 2149 1842 353 209 616
internal_count=137088 39840 11315 10385 28525 288 143 28237 22681 22540 5556 454 8167 125 14373 271 8042 5540 1924 1026 888 2502 898 144 138 2149 1842 353 209 616
is_linear=0
shrinkage=0.05


Tree=293
num_leaves=31
num_cat=0
split_feature=2 13 10 8 0 10 11 9 14 11 0 5 13 10 14 2 10 10 6 5 10 10 10 11 13 4 1 1 5 0
split_gain=1462.46 7924.99 14238.8 16791.4 12862.4 23726.3 20567.1 18423 17551 24573.2 21233.3 13025 12706.8 11566.9 22721.5 8971.62 8601.34 8500.57 9002.25 8156.64 10657 17309.3 12370.5 9629.99 6122.86 5168.41 4048.84 3919.67 9350.16 10168.7
threshold=1.9986666666666675 -0.75894212529897775 74.310000000000016 92.500000000000014 210.26000000000005 97.616666666666688 161.08231949749691 452.50000000000006 1.0000000180025095e-35 121.52027564747299 232.82000000000002 208.80166666666668 -0.91959550581536675 74.503333333333345 4.5000000000000009 2.8933333333333349 86.270833333333343 87.941666666666677 27.86885607764982 224.25500000000002 76.40833333333336 84.483333333333363 95.808333333333351 144.41860821625019 -0.43245347597985045 23.001537915455398 2.4546666666666668 1.5768888888888892 214.30833333333334 163.53333333333339
decision_type=10 2 8 2 2 10 2 2 2 2 2 2 2 8 2 10 10 8 2 2 10 10 10 2 2 2 10 10 2 2
left_child=27 2 12 19 13 6 7 8 -6 10 -10 15 -2 -3 17 -12 -11 18 -15 20 -4 -22 26 -24 -19 -5 -23 -1 29 -29
right_child=1 4 3 25 5 -7 -8 -9 9 16 11 -13 -14 14 -16 -17 -18 24 -20 -21 21 22 23 -25 -26 -27 -28 28 -30 -31
leaf_value=-0.00076147706461896685 -0.91953680421556205 0.22471693471858376 0.40365274805019119 0.40365274805019119 0.75150442350994462 0.95980647961298637 -0.88164564248856525 0.86563294571021521 0.15556056601332224 0.0062903221558641507 -0.6837135562816492 -0.28521636101202325 0.12958286614329725 -0.15428759393947467 -1.1985214702878149 -1.6217481009960175 0.91174300862293622 0.38292492627506219 -0.98163467890793277 0.40365274805019119 -0.67096635929175796 0.016879858231389679 -0.84993092953957916 0.071062966331373906 -0.25276268417897979 1.096643618367753 0.40365274805019119 -0.0065791786111031592 -0.27085282821820378 0.16323383486248855
leaf_weight=131485 62 76 57 52 55 60 71 58 94 54 52 78 54 70 80 50 51 63 62 72 105 77 51 64 95 53 115 1950 213 1609
leaf_count=131485 62 76 57 52 55 60 71 58 94 54 52 78 54 70 80 50 51 63 62 72 105 77 51 64 95 53 115 1950 213 1609
internal_value=7.93179e-05 -0.0443069 0.0789005 0.170489 -0.132131 0.0146146 -0.0861164 0.0286856 -0.0831645 -0.204291 -0.453521 -0.771597 -0.431154 -0.337114 -0.452517 -1.14353 0.446082 -0.246723 -0.54289 0.0581856 -0.0219627 -0.116805 0.072729 -0.337378 0.000707692 0.74912 0.318366 0.000680182 0.0509338 0.0701921
internal_weight=137088 1831 762 646 1069 623 563 492 434 379 274 180 116 446 370 102 105 290 132 541 469 412 307 115 158 105 192 135257 3772 3559
internal_count=137088 1831 762 646 1069 623 563 492 434 379 274 180 116 446 370 102 105 290 132 541 469 412 307 115 158 105 192 135257 3772 3559
is_linear=0
shrinkage=0.05


Tree=294
num_leaves=31
num_cat=0
split_feature=4 10 5 14 11 11 11 13 10 3 6 12 11 9 14 12 12 5 11 14 11 14 10 13 11 9 1 2 12 12
split_gain=1458.23 1652.89 1558.74 10706.3 8186.25 8697.13 11431.7 9760.78 8832.49 13924.2 19959.6 13028.5 17658.6 22865.1 16308.9 14815.9 9668.47 14828 9318.32 9308.36 8809.27 11221.5 8267.29 12186.2 8108.53 8059.84 9380.54 7990.98 15088 7739.06
threshold=1.0000000180025095e-35 79.508333333333354 228.3116666666667 5.5000000000000009 62.122620647500007 63.444751175549726 66.408199812500001 -0.87137607974597309 94.058333333333351 235.05000000000004 7.6966340536626054 -0.69151305578226929 182.9497047695057 117.50000000000001 1.5000000000000002 -0.84915165824291616 -0.9629878403374984 247.4316666666667 70.613968670367996 2.5000000000000004 102.16608048500002 3.5000000000000004 70.479166666666686 0.92794370089704281 220.42636984350005 97.500000000000014 -1.3999999999999992 0.12800000000000036 -0.17364817766693016 -0.18436924984152911
decision_type=2 8 2 2 2 2 2 2 10 2 2 2 2 2 2 2 2 2 2 2 2 2 8 2 2 2 10 10 2 2
left_child=1 -1 -2 4 22 7 27 -6 9 10 -8 15 13 -13 24 19 17 -11 -12 -10 25 -22 -4 -24 -14 -20 -27 28 -7 -15
right_child=2 -3 3 -5 5 6 8 -9 11 16 18 12 14 29 -16 -17 -18 -19 20 -21 21 -23 23 -25 -26 26 -28 -29 -30 -31
leaf_value=-0.37932805948097403 -0.00083002308275623735 -0.0037101944035384804 -0.60910966162696301 -0.15631711188880246 0.89284099503642045 0.31532095847112179 1.0856211841694619 0.18551883940774672 0.40550876619486975 -0.77000104572091788 0.87024134085699922 0.69448524307418658 -0.58421512006648946 -0.80302238976955431 -1.026344892859459 0.88131381692293176 0.086486531273302136 0.22320523617022181 0.48999923878120932 -0.4690368073759601 0.6537365163925668 -0.037711357176303861 -0.20974269127823356 0.49748559685400395 0.25576681545225244 -0.78028098018123559 0.0046634574147748015 -0.7907355101606488 -0.60745158943246658 -0.079026263439697583
leaf_weight=54 131657 64 81 694 63 95 76 216 58 84 50 91 56 50 100 65 2227 68 53 64 142 100 266 79 59 52 142 58 83 141
leaf_count=54 131657 64 81 694 63 95 76 216 58 84 50 91 56 50 100 65 2227 68 53 64 142 100 266 79 59 52 142 58 83 141
internal_value=9.01172e-05 -0.175603 0.000241477 0.0267934 0.0543056 0.0755225 0.0562965 0.345237 0.0779419 0.114977 0.327051 -0.0841658 -0.21802 0.042214 -0.55935 0.271586 0.0601527 -0.325672 0.220091 -0.0532692 0.153614 0.368014 -0.154526 -0.0477977 -0.153268 -0.0564471 -0.205734 -0.281041 -0.114961 -0.268554
internal_weight=137088 118 136970 5313 4619 4193 3914 279 3678 2994 615 684 497 282 215 187 2379 152 539 122 489 242 426 345 115 247 194 236 178 191
internal_count=137088 118 136970 5313 4619 4193 3914 279 3678 2994 615 684 497 282 215 187 2379 152 539 122 489 242 426 345 115 247 194 236 178 191
is_linear=0
shrinkage=0.05


Tree=295
num_leaves=31
num_cat=0
split_feature=10 5 5 1 11 6 2 9 11 10 12 0 9 11 12 10 0 10 5 6 3 5 11 14 4 13 9 11 14 9
split_gain=1454.45 2220.46 3264.52 2091.43 1897.33 1598.58 17202.7 9341.84 15840 15731 16389.9 32174.9 15693.2 28014.2 16145.3 16225.6 16194.9 13964.9 11981.4 10528.8 10213.3 19066.4 15117.5 10291.9 9367.33 10907.7 9567.65 9361.64 9234.1 12009.8
threshold=51.350000000000016 159.64833333333337 144.58500000000004 -0.54666666666666475 49.308840209500012 7.0953023277710567 0.66000000000000092 907.50000000000011 66.653520950736606 99.316666666666677 0.81279832427823739 162.82000000000002 837.50000000000011 141.08471977710721 0.54643492068321309 78.681666666666686 156.38000000000002 73.802777777777791 66.465000000000018 26.903303259931374 196.32000000000005 158.33500000000004 129.22461916250003 1.0000000180025095e-35 7.378261761550859 -0.93585024503435343 1437.5000000000002 64.56656578183167 1.0000000180025095e-35 1102.5000000000002
decision_type=8 2 2 8 2 2 10 2 2 8 2 2 2 2 2 10 2 10 2 2 2 2 2 2 2 2 2 2 2 2
left_child=1 2 3 -1 -5 6 -2 12 28 10 17 -12 18 14 -14 16 27 24 -7 20 21 23 -23 -19 26 -26 -10 -16 -9 -30
right_child=5 -3 -4 4 -6 7 -8 8 9 -11 11 -13 13 -15 15 -17 -18 19 -20 -21 -22 22 -24 -25 25 -27 -28 -29 29 -31
leaf_value=0.2634043092051378 0.0038093665036778145 0.23216623326958119 -0.45123305177459355 0.14293323341089362 -0.077683390670153063 -0.45547009856019155 0.38634664745906655 -0.36918944473819515 -0.19930050146737788 -0.59109403961084106 -0.18495589236741605 1.0676940845726413 -0.20225312990691743 1.211194650434396 0.16358905966375389 1.0395062958848651 -0.19350719525576085 -0.76559178550273943 -0.0018915591553303802 0.1921893989867581 -0.78310862916802604 -0.21763613626763628 0.87122295493526125 -0.28506255113304807 -0.75967021286487579 0.16323524989187718 0.54085510784197 1.1216121365626655 0.2432419888591448 -0.035137898880954629
leaf_weight=52 78359 67 52 106 1209 146 295 152 66 220 146 79 213 68 51 69 134 156 52337 93 126 74 56 390 59 70 129 51 517 1546
leaf_count=52 78359 67 52 106 1209 146 295 152 66 220 146 79 213 68 51 69 134 156 52337 93 126 74 56 390 59 70 129 51 517 1546
internal_value=8.56112e-05 -0.0491119 -0.0623928 -0.0476015 -0.0598998 0.000624744 0.00524411 -0.00575532 -0.0806598 -0.197233 -0.137226 0.254863 -0.000280288 0.257035 0.131779 0.365053 0.167861 -0.209597 -0.00315335 -0.311421 -0.369819 -0.292786 0.251411 -0.422357 0.0716741 -0.258869 0.290341 0.642601 0.00691473 0.0346257
internal_weight=137088 1486 1419 1367 1315 135602 78654 56948 3879 1664 1444 225 53069 586 518 305 236 1219 52483 895 802 676 130 546 324 129 195 102 2215 2063
internal_count=137088 1486 1419 1367 1315 135602 78654 56948 3879 1664 1444 225 53069 586 518 305 236 1219 52483 895 802 676 130 546 324 129 195 102 2215 2063
is_linear=0
shrinkage=0.05


Tree=296
num_leaves=31
num_cat=0
split_feature=2 6 11 0 10 14 12 13 10 9 13 10 2 10 11 11 12 9 9 4 6 8 11 11 9 13 8 12 0 6
split_gain=1484.9 5790.6 10125.1 9142.91 13608.9 13872.2 21326 40536.3 21662.8 14411.2 20228 12419.7 13712.3 12752 14198.1 25587.7 26019.2 19480.3 17859.8 16492 14907.6 12207.4 11868 11696.5 11939.8 11400.8 10689.5 9832.94 9744.74 15266.5
threshold=0.080000000000000446 14.252405006820814 304.02921628952032 191.58000000000001 70.075000000000017 1.0000000180025095e-35 -0.68355163169896438 0.22706275313213803 82.805555555555586 47.500000000000007 -0.89194178735545482 72.00277777777778 1.3466666666666673 101.81666666666668 84.292559318500011 69.467834820000022 0.66746801135786471 82.500000000000014 117.50000000000001 12.378459785414783 27.86885607764982 65.550000000000011 90.37004077434527 121.52027564747299 77.500000000000014 -0.69930991848440816 238.00000000000003 -0.94331137514050689 288.90000000000003 26.042071671867902
decision_type=8 2 2 2 10 2 2 2 10 2 2 10 10 10 2 2 2 2 2 2 2 2 2 2 2 2 2 2 2 2
left_child=-1 -2 3 26 21 6 7 -6 -9 -8 -11 12 -7 14 15 18 17 -17 -13 -19 -21 22 -5 25 -25 -12 -3 -28 -16 -30
right_child=1 2 -4 4 5 11 9 8 -10 10 23 13 -14 -15 28 16 -18 19 -20 20 -22 -23 -24 24 -26 -27 27 -29 29 -31
leaf_value=0.0040697486775919519 0.0023170637560766864 -0.080115156294623124 -0.44637641581396265 -0.18165540499114755 -0.33094595630687701 -0.12337882214901495 0.68132456861160418 0.61582859859747052 2.0527719162128593 0.69083921331078268 -0.47880865469061096 -1.0510906094552153 0.9392834595652918 0.33435242031525853 -0.12686243702895103 0.13852566671821306 -0.65202700711932837 0.40278057518232729 0.030293799929010375 1.8566680872649479 0.67997375469581756 0.13354899149195132 -0.77295387654620062 -0.15831793065254507 -1.2350318450553746 0.48550960799822446 0.9595862657725811 0.16736517658628514 -0.47627941862493756 0.32665745954085607
leaf_weight=86358 39465 6314 150 505 54 51 81 51 54 67 58 56 75 266 1960 159 51 97 120 57 51 251 102 52 51 65 50 61 75 281
leaf_count=86358 39465 6314 150 505 54 51 81 51 54 67 58 56 75 266 1960 159 51 97 120 57 51 251 102 52 51 65 50 61 75 281
internal_value=8.13308e-05 -0.00670818 -0.0383266 -0.0328198 0.0202573 0.0605593 0.297237 0.782301 1.35483 0.0910203 -0.0721696 0.0223207 0.509158 0.00298834 -0.0273326 0.191413 0.405664 0.553857 -0.313783 0.875992 1.30101 -0.159739 -0.281017 -0.298371 -0.691448 0.0307904 -0.0715641 0.414846 -0.0831522 0.157499
internal_weight=137088 50730 11265 11115 4690 3832 533 159 105 374 293 3299 126 3173 2907 591 415 364 176 205 108 858 607 226 103 123 6425 111 2316 356
internal_count=137088 50730 11265 11115 4690 3832 533 159 105 374 293 3299 126 3173 2907 591 415 364 176 205 108 858 607 226 103 123 6425 111 2316 356
is_linear=0
shrinkage=0.05


Tree=297
num_leaves=31
num_cat=0
split_feature=4 13 3 5 9 11 3 13 0 11 11 3 3 6 11 13 5 5 10 6 10 11 0 13 1 9 11 8 13 6
split_gain=1437.58 5853 6721.16 12556.1 23869.5 18403.6 16849.5 10520.3 7891.11 7951.67 14927.3 19395.5 14480.9 11961.3 16194 10113.1 8051.24 15542 8223.9 6946.45 6452.69 6399.99 7735.35 6061.23 5879.9 11549.9 6078.39 5888.48 5648.84 5485.07
threshold=1.5241522233889551 -0.61734245059638992 161.17000000000004 150.66833333333335 727.50000000000011 120.00419992208474 149.80333333333337 -0.79989897227935869 100.78000000000002 121.52027564747299 107.47991512450001 131.90333333333336 126.9366666666667 1.6380106188266101 71.096237003803211 -0.91080963307804841 131.98500000000004 138.13500000000005 73.969444444444463 11.375292204038724 81.170833333333348 171.99330086050006 85.206666666666692 -0.97381903846659723 0.066666666666666208 52.500000000000007 171.99330086050006 46.500000000000007 -0.98990318592078541 2.7916512135657912
decision_type=2 2 2 2 2 2 2 2 2 2 2 2 2 2 2 2 2 2 10 2 8 2 2 2 10 2 2 2 2 2
left_child=1 2 3 6 5 -5 8 19 21 10 11 13 -12 14 -10 -16 18 -18 -11 -4 23 -1 -23 -15 25 26 -20 -26 -24 -2
right_child=29 -3 7 4 -6 -7 -8 -9 9 16 12 -13 -14 20 15 -17 17 -19 24 -21 -22 22 28 -25 27 -27 -28 -29 -30 -31
leaf_value=-0.080411222244994404 0.035145722124871881 -0.020040178693199514 -0.63392733144573876 0.59918272193376121 1.3363387321984328 -0.58012842077376514 -0.87120003243543076 0.17814334162420273 0.17371785351563068 0.38580125722758196 0.27332450820616 -0.38033515621215747 1.0644371885098989 0.24168420402241533 0.32840854603301495 1.1768882610731655 0.76952740735513103 -0.13730963953525613 -0.87445654726028443 0.061051243901252751 0.21468651779787484 0.69110385248703621 0.49049018121014037 -0.16377771095247984 0.0057344217683992001 -0.069385349404199298 -0.16694456163574667 0.53277307846507094 -0.048321756526305985 -0.0011618081652428655
leaf_weight=1616 11689 24955 128 77 54 58 51 113 336 108 216 187 79 122 62 81 94 95 75 50 353 56 60 377 404 724 51 61 257 94499
leaf_count=1616 11689 24955 128 77 54 58 51 113 336 108 216 187 79 122 62 81 94 95 75 50 353 56 60 377 404 724 51 61 257 94499
internal_value=7.28361e-05 -0.00941889 0.0351655 0.0472266 0.447894 0.0925157 0.03337 -0.199175 0.0418911 0.087892 0.15973 0.0964831 0.485182 0.163474 0.363379 0.809016 0.00709687 0.31371 -0.0336268 -0.438709 0.0510864 -0.0373213 0.149363 -0.0646467 -0.0680742 -0.146275 -0.588083 0.0748728 0.0536616 0.00283486
internal_weight=137088 30900 5945 5654 189 135 5465 291 5414 3425 1813 1518 295 1331 479 143 1612 189 1423 178 852 1989 373 499 1315 850 126 465 317 106188
internal_count=137088 30900 5945 5654 189 135 5465 291 5414 3425 1813 1518 295 1331 479 143 1612 189 1423 178 852 1989 373 499 1315 850 126 465 317 106188
is_linear=0
shrinkage=0.05


Tree=298
num_leaves=31
num_cat=0
split_feature=4 12 2 10 14 11 0 1 5 9 14 11 12 6 5 9 13 5 13 13 9 2 14 13 6 10 10 11 11 10
split_gain=1389.49 1635.56 1455.25 9083.08 6535.69 9313.74 7967.81 6010.53 5994.97 4515.25 3812.42 4083.03 3621 1992.43 8993.17 14641.9 18835.8 10608.8 11081.7 20573.7 20173.3 21411.7 19767.1 21195.7 13200.1 12208.8 11341.3 12637.5 16640.8 14179.9
threshold=1.0000000180025095e-35 0.71473537162315171 -2.3213333333333335 101.81666666666668 3.5000000000000004 155.54379045963285 133.12666666666669 -1.5333333333333325 241.53 192.50000000000003 5.5000000000000009 104.78408625731805 0.18436924984152928 33.096442698950163 144.97000000000003 82.500000000000014 -0.77296446310592981 277.32833333333338 -0.84915165824291594 -0.74455857214455057 67.500000000000014 2.4566666666666666 3.5000000000000004 -0.95032354012166609 40.754162567321679 87.616666666666688 63.733333333333341 165.68066578733058 198.71864921000005 91.072222222222237
decision_type=2 2 10 8 2 2 2 10 2 2 2 2 2 2 2 2 2 2 2 2 2 10 2 2 2 10 10 2 2 10
left_child=1 -1 3 4 5 6 12 9 -8 -5 11 -6 -2 -4 15 16 -15 18 22 20 21 -20 -16 24 -24 -25 -21 29 -29 -28
right_child=2 -3 13 7 10 -7 8 -9 -10 -11 -12 -13 -14 14 17 -17 -18 -19 19 26 -22 -23 23 25 -26 -27 27 28 -30 -31
leaf_value=-0.36076471404782656 0.20320178644131809 0.011587526854127646 0.00063639076261463531 0.43476242170129953 0.52321990061212664 0.3096276683519994 -1.0531227257389288 0.76053148569568751 -0.29017415397307456 -0.13285679389651006 -0.12343493276659182 0.032834269706068973 -0.33586371387496139 0.9690172734309217 -0.50528069648955443 -0.069079645009483479 -0.21581670787988927 0.25746915802434461 1.6264358453601599 -0.69888718239076086 -0.059560551573381283 0.27170633754559925 0.0075301559862949079 0.014996993694115768 1.0564880853579914 -0.91939289713728023 -0.1105114184437862 -1.0319536706885777 -0.011965418469974365 0.47372156480201205
leaf_weight=58 59 60 133849 76 88 70 52 63 51 65 85 82 66 98 409 237 51 199 50 84 132 70 59 88 61 58 474 74 87 133
leaf_count=58 59 60 133849 76 88 70 52 63 51 65 85 82 66 98 409 237 51 199 50 84 132 70 59 88 61 58 474 74 87 133
internal_value=6.91943e-05 -0.171433 0.000216944 0.0693502 -0.0358438 -0.19485 -0.349734 0.354509 -0.675352 0.173094 0.149976 0.286681 -0.0814248 -0.000167262 -0.0456699 0.175091 0.56347 -0.0887506 -0.127479 -0.0299006 0.366981 0.836177 -0.287074 0.0484398 0.54075 -0.356199 -0.147288 -0.086957 -0.48078 0.0175001
internal_weight=137088 118 136970 757 553 298 228 204 103 141 255 170 125 136213 2364 386 149 1978 1779 1104 252 120 675 266 120 146 852 768 161 607
internal_count=137088 118 136970 757 553 298 228 204 103 141 255 170 125 136213 2364 386 149 1978 1779 1104 252 120 675 266 120 146 852 768 161 607
is_linear=0
shrinkage=0.05


Tree=299
num_leaves=31
num_cat=0
split_feature=14 12 9 12 2 10 0 13 10 0 0 5 4 13 11 10 13 8 6 9 9 0 5 11 12 9 11 0 9 11
split_gain=1369.6 10975.1 15215.9 12053 18119.5 17612.1 15837.3 22058.2 14525.7 14756 12420.6 12008.3 11620.2 25382.2 16955.4 11343 10817.2 22688.8 14868 14775.8 28206 16114.6 11815.4 11140.4 12325.4 23601 27759.5 18367.9 15397.7 23326.4
threshold=5.5000000000000009 0.9195955058153672 62.500000000000007 0.44228869021900152 1.292 91.466666666666683 137.02000000000004 -0.54643492068321275 84.216666666666683 276.64000000000004 306.10000000000008 166.35333333333335 3.1854167698352334 -0.23768589232617329 70.14998999114691 86.108333333333363 -0.95688340256707749 39.500000000000007 27.86885607764982 212.50000000000003 1012.5000000000001 122.20666666666669 147.91333333333336 61.807323038578168 -0.9629878403374984 512.50000000000011 124.87383490263664 212.42000000000004 272.50000000000006 77.349602580070311
decision_type=2 2 2 2 8 10 2 2 8 2 2 2 2 2 2 8 2 2 2 2 2 2 2 2 2 2 2 2 2 2
left_child=-1 3 15 10 5 -5 -7 11 -6 -10 16 -8 -4 14 -14 -3 17 19 22 -2 -21 -22 -19 -18 25 27 -27 28 29 -25
right_child=1 2 12 4 8 6 7 -9 9 -11 -12 -13 13 -15 -16 -17 23 18 -20 20 21 -23 -24 24 -26 26 -28 -29 -30 -31
leaf_value=-0.0019382516277143904 -0.13146830063044757 1.0648826582540929 0.015499693493580375 -0.063144946370993812 -0.15776919908378095 -0.12026960117567015 -0.60467133265275219 0.0748416956899495 1.0697644477540798 0.013713848478389239 -0.76319438081979751 -1.5517417861067733 0.20965669733636522 0.10512874332884913 1.3978518922035008 0.10833141140237622 0.12541627353157475 0.23755052498472506 1.2046213233045169 0.23755052498472506 0.12853105612155188 -0.63353470602169126 0.8442602527010572 0.79925693395106423 -0.042449705392674814 1.6740322094337614 0.039965507500576529 -0.76682696645002579 0.31186739975330602 -0.12036191411015969
leaf_weight=118099 666 71 1677 3653 84 223 65 58 88 53 50 69 51 471 73 55 1670 318 56 380 133 145 91 76 7277 51 53 64 524 744
leaf_count=118099 666 71 1677 3653 84 223 65 58 88 53 50 69 51 471 73 55 1670 318 56 380 133 145 91 76 7277 51 53 64 524 744
internal_value=6.57346e-05 0.0125292 0.112514 -0.00192226 -0.0740527 -0.0982108 -0.406875 -0.739755 0.362727 0.672809 0.0232571 -1.09234 0.082854 0.272691 0.909159 0.64734 0.0264676 0.140082 0.440543 0.034558 0.202603 -0.268949 0.335926 0.00703397 -0.0154599 0.114438 0.841287 0.0607499 0.100158 -0.0351289
internal_weight=137088 18989 2398 16591 4293 4068 415 192 225 141 12298 134 2272 595 124 126 12248 1789 465 1324 658 278 409 10459 8789 1512 104 1408 1344 820
internal_count=137088 18989 2398 16591 4293 4068 415 192 225 141 12298 134 2272 595 124 126 12248 1789 465 1324 658 278 409 10459 8789 1512 104 1408 1344 820
is_linear=0
shrinkage=0.05


end of trees

feature_importances:
Column_9=1296
Column_12=971
Column_10=896
Column_13=889
Column_11=827
Column_0=742
Column_5=688
Column_6=549
Column_1=465
Column_14=430
Column_2=319
Column_3=269
Column_8=255
Column_4=250
Column_7=154

parameters:
[boosting: gbdt]
[objective: regression]
[metric: l2]
[tree_learner: serial]
[device_type: cpu]
[data_sample_strategy: bagging]
[data: ]
[valid: ]
[num_iterations: 300]
[learning_rate: 0.05]
[num_leaves: 31]
[num_threads: 8]
[seed: 0]
[deterministic: 0]
[force_col_wise: 0]
[force_row_wise: 0]
[histogram_pool_size: -1]
[max_depth: -1]
[min_data_in_leaf: 50]
[min_sum_hessian_in_leaf: 0.001]
[bagging_fraction: 1]
[pos_bagging_fraction: 1]
[neg_bagging_fraction: 1]
[bagging_freq: 0]
[bagging_seed: 3]
[bagging_by_query: 0]
[feature_fraction: 1]
[feature_fraction_bynode: 1]
[feature_fraction_seed: 2]
[extra_trees: 0]
[extra_seed: 6]
[early_stopping_round: 0]
[early_stopping_min_delta: 0]
[first_metric_only: 0]
[max_delta_step: 0]
[lambda_l1: 0]
[lambda_l2: 0]
[linear_lambda: 0]
[min_gain_to_split: 0]
[drop_rate: 0.1]
[max_drop: 50]
[skip_drop: 0.5]
[xgboost_dart_mode: 0]
[uniform_drop: 0]
[drop_seed: 4]
[top_rate: 0.2]
[other_rate: 0.1]
[min_data_per_group: 100]
[max_cat_threshold: 32]
[cat_l2: 10]
[cat_smooth: 10]
[max_cat_to_onehot: 4]
[top_k: 20]
[monotone_constraints: 0,0,0,0,0,0,0,1,1,0,0,0,0,0,0]
[monotone_constraints_method: basic]
[monotone_penalty: 0]
[feature_contri: ]
[forcedsplits_filename: ]
[refit_decay_rate: 0.9]
[cegb_tradeoff: 1]
[cegb_penalty_split: 0]
[cegb_penalty_feature_lazy: ]
[cegb_penalty_feature_coupled: ]
[path_smooth: 0]
[interaction_constraints: ]
[verbosity: -1]
[saved_feature_importance_type: 0]
[use_quantized_grad: 0]
[num_grad_quant_bins: 4]
[quant_train_renew_leaf: 0]
[stochastic_rounding: 1]
[linear_tree: 0]
[max_bin: 255]
[max_bin_by_feature: ]
[min_data_in_bin: 3]
[bin_construct_sample_cnt: 200000]
[data_random_seed: 1]
[is_enable_sparse: 1]
[enable_bundle: 1]
[use_missing: 1]
[zero_as_missing: 0]
[feature_pre_filter: 1]
[pre_partition: 0]
[two_round: 0]
[header: 0]
[label_column: ]
[weight_column: ]
[group_column: ]
[ignore_column: ]
[categorical_feature: ]
[forcedbins_filename: ]
[precise_float_parser: 0]
[parser_config_file: ]
[objective_seed: 5]
[num_class: 1]
[is_unbalance: 0]
[scale_pos_weight: 1]
[sigmoid: 1]
[boost_from_average: 1]
[reg_sqrt: 0]
[alpha: 0.9]
[fair_c: 1]
[poisson_max_delta_step: 0.7]
[tweedie_variance_power: 1.5]
[lambdarank_truncation_level: 30]
[lambdarank_norm: 1]
[label_gain: ]
[lambdarank_position_bias_regularization: 0]
[eval_at: ]
[multi_error_top_k: 1]
[auc_mu_weights: ]
[num_machines: 1]
[local_listen_port: 12400]
[time_out: 120]
[machine_list_filename: ]
[machines: ]
[gpu_platform_id: -1]
[gpu_device_id: -1]
[gpu_device_id_list: ]
[gpu_use_dp: 0]
[num_gpu: 1]

end of parameters

pandas_categorical:null
